公司代號,年度,月份,加權(A/B)平均價,year_quarter
1101,105,3,30.46,2016Q1
1101,105,6,31.41,2016Q2
1101,105,9,35.64,2016Q3
1101,105,12,36.25,2016Q4
1101,106,3,37.81,2017Q1
1101,106,6,34.44,2017Q2
1101,106,9,33.97,2017Q3
1101,106,12,34.84,2017Q4
1101,107,3,36.98,2018Q1
1101,107,6,44.18,2018Q2
1101,107,9,39.95,2018Q3
1101,107,12,35.38,2018Q4
1101,108,3,39.33,2019Q1
1101,108,6,44.47,2019Q2
1101,108,9,39.58,2019Q3
1101,108,12,42.62,2019Q4
1101,109,3,38.93,2020Q1
1101,109,6,43.13,2020Q2
1101,109,9,41.92,2020Q3
1101,109,12,43.16,2020Q4
1101,110,3,44.35,2021Q1
1101,110,6,51.28,2021Q2
1101,110,9,50.22,2021Q3
1101,110,12,47.18,2021Q4
1101,111,3,48.52,2022Q1
1101,111,6,40.27,2022Q2
1101,111,9,37.4,2022Q3
1101,111,12,33.88,2022Q4
1101,112,3,37.1,2023Q1
1101,112,6,38.48,2023Q2
1101,112,9,34.17,2023Q3
1101,112,12,34.48,2023Q4
1101,113,3,31.67,2024Q1
1101,113,6,33.81,2024Q2
1101,113,9,32.39,2024Q3
1101,113,12,32.73,2024Q4
1101,114,3,33.81,2025Q1
1102,105,3,29.24,2016Q1
1102,105,6,26.61,2016Q2
1102,105,9,27.23,2016Q3
1102,105,12,27.37,2016Q4
1102,106,3,30.64,2017Q1
1102,106,6,26.46,2017Q2
1102,106,9,27.21,2017Q3
1102,106,12,26.96,2017Q4
1102,107,3,28.61,2018Q1
1102,107,6,33.36,2018Q2
1102,107,9,38.67,2018Q3
1102,107,12,33.96,2018Q4
1102,108,3,38.82,2019Q1
1102,108,6,46.74,2019Q2
1102,108,9,43.83,2019Q3
1102,108,12,47.15,2019Q4
1102,109,3,40.37,2020Q1
1102,109,6,44.01,2020Q2
1102,109,9,41.87,2020Q3
1102,109,12,43.2,2020Q4
1102,110,3,45.01,2021Q1
1102,110,6,50.86,2021Q2
1102,110,9,45.5,2021Q3
1102,110,12,43.29,2021Q4
1102,111,3,47.11,2022Q1
1102,111,6,43.39,2022Q2
1102,111,9,42.77,2022Q3
1102,111,12,41.04,2022Q4
1102,112,3,43.2,2023Q1
1102,112,6,44.3,2023Q2
1102,112,9,39.83,2023Q3
1102,112,12,41.37,2023Q4
1102,113,3,40.76,2024Q1
1102,113,6,43.11,2024Q2
1102,113,9,45.35,2024Q3
1102,113,12,41.68,2024Q4
1102,114,3,45.08,2025Q1
1103,105,3,9.51,2016Q1
1103,105,6,8.32,2016Q2
1103,105,9,8.87,2016Q3
1103,105,12,8.88,2016Q4
1103,106,3,11.52,2017Q1
1103,106,6,10.9,2017Q2
1103,106,9,12.34,2017Q3
1103,106,12,12.74,2017Q4
1103,107,3,11.64,2018Q1
1103,107,6,13.32,2018Q2
1103,107,9,13.43,2018Q3
1103,107,12,13.91,2018Q4
1103,108,3,14.56,2019Q1
1103,108,6,16.83,2019Q2
1103,108,9,17.41,2019Q3
1103,108,12,20.9,2019Q4
1103,109,3,15.66,2020Q1
1103,109,6,17.36,2020Q2
1103,109,9,16.4,2020Q3
1103,109,12,18.48,2020Q4
1103,110,3,19.27,2021Q1
1103,110,6,22.31,2021Q2
1103,110,9,21.45,2021Q3
1103,110,12,20.13,2021Q4
1103,111,3,20.66,2022Q1
1103,111,6,18.24,2022Q2
1103,111,9,17.55,2022Q3
1103,111,12,17.71,2022Q4
1103,112,3,19.32,2023Q1
1103,112,6,22.19,2023Q2
1103,112,9,18.87,2023Q3
1103,112,12,19.06,2023Q4
1103,113,3,17.32,2024Q1
1103,113,6,18.34,2024Q2
1103,113,9,17.74,2024Q3
1103,113,12,17.4,2024Q4
1103,114,3,16.41,2025Q1
1104,105,3,21.6,2016Q1
1104,105,6,20.81,2016Q2
1104,105,9,24.12,2016Q3
1104,105,12,24.68,2016Q4
1104,106,3,26.54,2017Q1
1104,106,6,24.9,2017Q2
1104,106,9,23.45,2017Q3
1104,106,12,22.86,2017Q4
1104,107,3,22.1,2018Q1
1104,107,6,20.62,2018Q2
1104,107,9,20.23,2018Q3
1104,107,12,18.96,2018Q4
1104,108,3,19.76,2019Q1
1104,108,6,19.69,2019Q2
1104,108,9,18.79,2019Q3
1104,108,12,19.29,2019Q4
1104,109,3,15.91,2020Q1
1104,109,6,17.95,2020Q2
1104,109,9,19.91,2020Q3
1104,109,12,22.75,2020Q4
1104,110,3,22.21,2021Q1
1104,110,6,22.99,2021Q2
1104,110,9,21.2,2021Q3
1104,110,12,21.48,2021Q4
1104,111,3,21.12,2022Q1
1104,111,6,21.88,2022Q2
1104,111,9,21.53,2022Q3
1104,111,12,22.43,2022Q4
1104,112,3,25.3,2023Q1
1104,112,6,30.26,2023Q2
1104,112,9,26.98,2023Q3
1104,112,12,29.58,2023Q4
1104,113,3,31.44,2024Q1
1104,113,6,34.39,2024Q2
1104,113,9,30.06,2024Q3
1104,113,12,28.79,2024Q4
1104,114,3,30.15,2025Q1
1108,105,3,10.09,2016Q1
1108,105,6,10.13,2016Q2
1108,105,9,9.24,2016Q3
1108,105,12,9.18,2016Q4
1108,106,3,10.04,2017Q1
1108,106,6,9.48,2017Q2
1108,106,9,8.76,2017Q3
1108,106,12,8.38,2017Q4
1108,107,3,8.16,2018Q1
1108,107,6,8.03,2018Q2
1108,107,9,7.82,2018Q3
1108,107,12,7.29,2018Q4
1108,108,3,7.43,2019Q1
1108,108,6,6.9,2019Q2
1108,108,9,6.95,2019Q3
1108,108,12,8.23,2019Q4
1108,109,3,6.52,2020Q1
1108,109,6,10.05,2020Q2
1108,109,9,11.48,2020Q3
1108,109,12,12.19,2020Q4
1108,110,3,12.79,2021Q1
1108,110,6,13.97,2021Q2
1108,110,9,11.98,2021Q3
1108,110,12,11.63,2021Q4
1108,111,3,11.61,2022Q1
1108,111,6,10.88,2022Q2
1108,111,9,10.62,2022Q3
1108,111,12,10.84,2022Q4
1108,112,3,13.88,2023Q1
1108,112,6,16.39,2023Q2
1108,112,9,15.07,2023Q3
1108,112,12,15.68,2023Q4
1108,113,3,15.85,2024Q1
1108,113,6,16.87,2024Q2
1108,113,9,14.8,2024Q3
1108,113,12,14.54,2024Q4
1108,114,3,15.04,2025Q1
1109,105,3,10.01,2016Q1
1109,105,6,10.1,2016Q2
1109,105,9,10.28,2016Q3
1109,105,12,10.0,2016Q4
1109,106,3,10.38,2017Q1
1109,106,6,10.33,2017Q2
1109,106,9,11.86,2017Q3
1109,106,12,12.68,2017Q4
1109,107,3,14.09,2018Q1
1109,107,6,15.39,2018Q2
1109,107,9,15.24,2018Q3
1109,107,12,14.22,2018Q4
1109,108,3,14.01,2019Q1
1109,108,6,19.05,2019Q2
1109,108,9,17.24,2019Q3
1109,108,12,19.76,2019Q4
1109,109,3,15.51,2020Q1
1109,109,6,18.08,2020Q2
1109,109,9,19.81,2020Q3
1109,109,12,20.34,2020Q4
1109,110,3,21.22,2021Q1
1109,110,6,25.91,2021Q2
1109,110,9,22.95,2021Q3
1109,110,12,20.19,2021Q4
1109,111,3,20.35,2022Q1
1109,111,6,19.9,2022Q2
1109,111,9,16.44,2022Q3
1109,111,12,16.14,2022Q4
1109,112,3,16.96,2023Q1
1109,112,6,18.59,2023Q2
1109,112,9,17.97,2023Q3
1109,112,12,18.22,2023Q4
1109,113,3,18.49,2024Q1
1109,113,6,19.46,2024Q2
1109,113,9,18.35,2024Q3
1109,113,12,18.5,2024Q4
1109,114,3,17.82,2025Q1
1110,105,3,14.97,2016Q1
1110,105,6,15.28,2016Q2
1110,105,9,15.47,2016Q3
1110,105,12,15.44,2016Q4
1110,106,3,16.26,2017Q1
1110,106,6,15.48,2017Q2
1110,106,9,14.97,2017Q3
1110,106,12,14.24,2017Q4
1110,107,3,13.94,2018Q1
1110,107,6,14.05,2018Q2
1110,107,9,13.85,2018Q3
1110,107,12,15.33,2018Q4
1110,108,3,16.31,2019Q1
1110,108,6,16.76,2019Q2
1110,108,9,16.56,2019Q3
1110,108,12,17.16,2019Q4
1110,109,3,15.59,2020Q1
1110,109,6,16.24,2020Q2
1110,109,9,16.36,2020Q3
1110,109,12,17.65,2020Q4
1110,110,3,16.16,2021Q1
1110,110,6,15.55,2021Q2
1110,110,9,20.54,2021Q3
1110,110,12,20.02,2021Q4
1110,111,3,20.71,2022Q1
1110,111,6,19.76,2022Q2
1110,111,9,18.15,2022Q3
1110,111,12,17.89,2022Q4
1110,112,3,17.73,2023Q1
1110,112,6,19.11,2023Q2
1110,112,9,18.86,2023Q3
1110,112,12,18.87,2023Q4
1110,113,3,17.83,2024Q1
1110,113,6,22.93,2024Q2
1110,113,9,22.0,2024Q3
1110,113,12,20.77,2024Q4
1110,114,3,19.18,2025Q1
1201,105,3,20.93,2016Q1
1201,105,6,21.3,2016Q2
1201,105,9,18.5,2016Q3
1201,105,12,17.69,2016Q4
1201,106,3,18.7,2017Q1
1201,106,6,18.95,2017Q2
1201,106,9,18.83,2017Q3
1201,106,12,20.26,2017Q4
1201,107,3,23.3,2018Q1
1201,107,6,24.12,2018Q2
1201,107,9,22.38,2018Q3
1201,107,12,22.85,2018Q4
1201,108,3,23.77,2019Q1
1201,108,6,32.79,2019Q2
1201,108,9,26.39,2019Q3
1201,108,12,24.73,2019Q4
1201,109,3,18.67,2020Q1
1201,109,6,22.68,2020Q2
1201,109,9,20.18,2020Q3
1201,109,12,21.77,2020Q4
1201,110,3,21.36,2021Q1
1201,110,6,21.67,2021Q2
1201,110,9,21.39,2021Q3
1201,110,12,22.09,2021Q4
1201,111,3,21.58,2022Q1
1201,111,6,20.57,2022Q2
1201,111,9,19.91,2022Q3
1201,111,12,19.07,2022Q4
1201,112,3,20.65,2023Q1
1201,112,6,20.34,2023Q2
1201,112,9,18.73,2023Q3
1201,112,12,19.27,2023Q4
1201,113,3,18.94,2024Q1
1201,113,6,18.86,2024Q2
1201,113,9,18.11,2024Q3
1201,113,12,18.0,2024Q4
1201,114,3,17.93,2025Q1
1203,105,3,22.18,2016Q1
1203,105,6,21.63,2016Q2
1203,105,9,21.64,2016Q3
1203,105,12,22.77,2016Q4
1203,106,3,23.89,2017Q1
1203,106,6,24.95,2017Q2
1203,106,9,23.84,2017Q3
1203,106,12,24.97,2017Q4
1203,107,3,26.58,2018Q1
1203,107,6,25.78,2018Q2
1203,107,9,25.37,2018Q3
1203,107,12,25.76,2018Q4
1203,108,3,26.09,2019Q1
1203,108,6,26.5,2019Q2
1203,108,9,26.6,2019Q3
1203,108,12,26.99,2019Q4
1203,109,3,25.89,2020Q1
1203,109,6,28.81,2020Q2
1203,109,9,32.65,2020Q3
1203,109,12,36.95,2020Q4
1203,110,3,37.42,2021Q1
1203,110,6,35.07,2021Q2
1203,110,9,32.61,2021Q3
1203,110,12,32.61,2021Q4
1203,111,3,33.2,2022Q1
1203,111,6,33.79,2022Q2
1203,111,9,32.21,2022Q3
1203,111,12,34.94,2022Q4
1203,112,3,37.5,2023Q1
1203,112,6,43.81,2023Q2
1203,112,9,41.09,2023Q3
1203,112,12,52.93,2023Q4
1203,113,3,51.92,2024Q1
1203,113,6,51.09,2024Q2
1203,113,9,49.94,2024Q3
1203,113,12,40.95,2024Q4
1203,114,3,37.61,2025Q1
1210,105,3,22.7,2016Q1
1210,105,6,28.42,2016Q2
1210,105,9,26.97,2016Q3
1210,105,12,28.72,2016Q4
1210,106,3,29.51,2017Q1
1210,106,6,32.15,2017Q2
1210,106,9,31.76,2017Q3
1210,106,12,33.13,2017Q4
1210,107,3,35.45,2018Q1
1210,107,6,40.29,2018Q2
1210,107,9,38.08,2018Q3
1210,107,12,33.69,2018Q4
1210,108,3,34.46,2019Q1
1210,108,6,39.73,2019Q2
1210,108,9,38.11,2019Q3
1210,108,12,42.82,2019Q4
1210,109,3,36.4,2020Q1
1210,109,6,43.39,2020Q2
1210,109,9,43.44,2020Q3
1210,109,12,48.2,2020Q4
1210,110,3,52.62,2021Q1
1210,110,6,59.0,2021Q2
1210,110,9,55.15,2021Q3
1210,110,12,52.6,2021Q4
1210,111,3,53.67,2022Q1
1210,111,6,47.89,2022Q2
1210,111,9,47.24,2022Q3
1210,111,12,45.09,2022Q4
1210,112,3,51.39,2023Q1
1210,112,6,52.67,2023Q2
1210,112,9,54.85,2023Q3
1210,112,12,57.74,2023Q4
1210,113,3,58.58,2024Q1
1210,113,6,56.94,2024Q2
1210,113,9,51.4,2024Q3
1210,113,12,52.2,2024Q4
1210,114,3,57.07,2025Q1
1213,105,3,17.09,2016Q1
1213,105,6,20.09,2016Q2
1213,105,9,15.43,2016Q3
1213,105,12,16.73,2016Q4
1213,106,3,17.92,2017Q1
1213,106,6,17.12,2017Q2
1213,106,9,15.32,2017Q3
1213,106,12,15.7,2017Q4
1213,107,3,15.37,2018Q1
1213,107,6,14.74,2018Q2
1213,107,9,12.49,2018Q3
1213,107,12,10.53,2018Q4
1213,108,3,11.07,2019Q1
1213,108,9,6.76,2019Q3
1213,108,12,6.05,2019Q4
1213,109,3,5.53,2020Q1
1213,109,6,6.01,2020Q2
1213,109,9,9.82,2020Q3
1213,109,12,7.58,2020Q4
1213,110,3,8.64,2021Q1
1213,110,6,8.9,2021Q2
1213,110,9,8.45,2021Q3
1213,110,12,8.19,2021Q4
1213,111,3,7.78,2022Q1
1213,111,6,7.99,2022Q2
1213,111,9,7.4,2022Q3
1213,111,12,7.15,2022Q4
1213,112,3,7.09,2023Q1
1213,112,6,6.64,2023Q2
1213,112,9,6.46,2023Q3
1213,112,12,7.25,2023Q4
1213,113,3,7.15,2024Q1
1213,113,6,7.2,2024Q2
1213,113,9,11.83,2024Q3
1213,113,12,16.02,2024Q4
1213,114,3,14.35,2025Q1
1215,105,3,25.05,2016Q1
1215,105,6,35.93,2016Q2
1215,105,9,38.19,2016Q3
1215,105,12,45.24,2016Q4
1215,106,3,53.21,2017Q1
1215,106,6,71.63,2017Q2
1215,106,9,65.6,2017Q3
1215,106,12,61.16,2017Q4
1215,107,3,68.02,2018Q1
1215,107,6,60.33,2018Q2
1215,107,9,51.38,2018Q3
1215,107,12,53.39,2018Q4
1215,108,3,52.17,2019Q1
1215,108,6,67.77,2019Q2
1215,108,9,66.0,2019Q3
1215,108,12,66.19,2019Q4
1215,109,3,55.84,2020Q1
1215,109,6,72.42,2020Q2
1215,109,9,66.99,2020Q3
1215,109,12,71.57,2020Q4
1215,110,3,74.89,2021Q1
1215,110,6,82.96,2021Q2
1215,110,9,80.42,2021Q3
1215,110,12,80.25,2021Q4
1215,111,3,82.47,2022Q1
1215,111,6,81.58,2022Q2
1215,111,9,79.88,2022Q3
1215,111,12,77.95,2022Q4
1215,112,3,84.41,2023Q1
1215,112,6,94.24,2023Q2
1215,112,9,97.78,2023Q3
1215,112,12,95.72,2023Q4
1215,113,3,103.11,2024Q1
1215,113,6,108.99,2024Q2
1215,113,9,98.07,2024Q3
1215,113,12,94.07,2024Q4
1215,114,3,102.14,2025Q1
1216,105,3,57.26,2016Q1
1216,105,6,63.3,2016Q2
1216,105,9,58.38,2016Q3
1216,105,12,53.99,2016Q4
1216,106,3,56.49,2017Q1
1216,106,6,59.72,2017Q2
1216,106,9,64.18,2017Q3
1216,106,12,64.8,2017Q4
1216,107,3,68.68,2018Q1
1216,107,6,75.13,2018Q2
1216,107,9,77.15,2018Q3
1216,107,12,69.6,2018Q4
1216,108,3,73.29,2019Q1
1216,108,6,81.46,2019Q2
1216,108,9,76.92,2019Q3
1216,108,12,73.02,2019Q4
1216,109,3,67.47,2020Q1
1216,109,6,72.57,2020Q2
1216,109,9,64.39,2020Q3
1216,109,12,65.95,2020Q4
1216,110,3,69.83,2021Q1
1216,110,6,73.34,2021Q2
1216,110,9,69.36,2021Q3
1216,110,12,68.14,2021Q4
1216,111,3,65.82,2022Q1
1216,111,6,65.16,2022Q2
1216,111,9,66.19,2022Q3
1216,111,12,65.5,2022Q4
1216,112,3,69.45,2023Q1
1216,112,6,76.5,2023Q2
1216,112,9,70.51,2023Q3
1216,112,12,74.0,2023Q4
1216,113,3,76.44,2024Q1
1216,113,6,80.91,2024Q2
1216,113,9,86.09,2024Q3
1216,113,12,83.78,2024Q4
1216,114,3,82.15,2025Q1
1217,105,3,8.31,2016Q1
1217,105,6,8.14,2016Q2
1217,105,9,7.87,2016Q3
1217,105,12,7.38,2016Q4
1217,106,3,7.58,2017Q1
1217,106,6,7.6,2017Q2
1217,106,9,7.88,2017Q3
1217,106,12,7.49,2017Q4
1217,107,3,7.4,2018Q1
1217,107,6,8.13,2018Q2
1217,107,9,7.59,2018Q3
1217,107,12,6.97,2018Q4
1217,108,3,7.2,2019Q1
1217,108,6,7.13,2019Q2
1217,108,9,7.02,2019Q3
1217,108,12,7.09,2019Q4
1217,109,3,7.19,2020Q1
1217,109,6,7.61,2020Q2
1217,109,9,7.82,2020Q3
1217,109,12,9.23,2020Q4
1217,110,3,9.0,2021Q1
1217,110,6,12.31,2021Q2
1217,110,9,10.63,2021Q3
1217,110,12,10.52,2021Q4
1217,111,3,11.27,2022Q1
1217,111,6,10.91,2022Q2
1217,111,9,9.54,2022Q3
1217,111,12,10.82,2022Q4
1217,112,3,11.59,2023Q1
1217,112,6,12.26,2023Q2
1217,112,9,12.57,2023Q3
1217,112,12,11.82,2023Q4
1217,113,3,11.77,2024Q1
1217,113,6,12.53,2024Q2
1217,113,9,12.33,2024Q3
1217,113,12,11.79,2024Q4
1217,114,3,11.97,2025Q1
1219,105,3,15.11,2016Q1
1219,105,6,15.31,2016Q2
1219,105,9,15.26,2016Q3
1219,105,12,15.49,2016Q4
1219,106,3,17.07,2017Q1
1219,106,6,16.83,2017Q2
1219,106,9,17.71,2017Q3
1219,106,12,17.82,2017Q4
1219,107,3,18.3,2018Q1
1219,107,6,18.57,2018Q2
1219,107,9,19.83,2018Q3
1219,107,12,18.22,2018Q4
1219,108,3,18.4,2019Q1
1219,108,6,18.02,2019Q2
1219,108,9,18.71,2019Q3
1219,108,12,18.03,2019Q4
1219,109,3,17.84,2020Q1
1219,109,6,22.56,2020Q2
1219,109,9,19.4,2020Q3
1219,109,12,21.31,2020Q4
1219,110,3,20.81,2021Q1
1219,110,6,24.17,2021Q2
1219,110,9,20.15,2021Q3
1219,110,12,19.98,2021Q4
1219,111,3,20.51,2022Q1
1219,111,6,21.52,2022Q2
1219,111,9,20.52,2022Q3
1219,111,12,19.06,2022Q4
1219,112,3,21.95,2023Q1
1219,112,6,21.15,2023Q2
1219,112,9,20.15,2023Q3
1219,112,12,19.38,2023Q4
1219,113,3,18.59,2024Q1
1219,113,6,18.93,2024Q2
1219,113,9,17.11,2024Q3
1219,113,12,16.06,2024Q4
1219,114,3,14.89,2025Q1
1220,105,3,10.59,2016Q1
1220,105,6,11.71,2016Q2
1220,105,9,10.96,2016Q3
1220,105,12,10.84,2016Q4
1220,106,3,11.17,2017Q1
1220,106,6,10.79,2017Q2
1220,106,9,10.57,2017Q3
1220,106,12,10.33,2017Q4
1220,107,3,10.93,2018Q1
1220,107,6,12.19,2018Q2
1220,107,9,11.86,2018Q3
1220,107,12,11.12,2018Q4
1220,108,3,11.05,2019Q1
1220,108,6,11.18,2019Q2
1220,108,9,9.99,2019Q3
1220,108,12,10.55,2019Q4
1220,109,3,9.84,2020Q1
1220,109,6,10.99,2020Q2
1220,109,9,11.48,2020Q3
1220,109,12,12.51,2020Q4
1220,110,3,13.42,2021Q1
1220,110,6,17.1,2021Q2
1220,110,9,15.21,2021Q3
1220,110,12,15.41,2021Q4
1220,111,3,17.21,2022Q1
1220,111,6,16.95,2022Q2
1220,111,9,15.14,2022Q3
1220,111,12,15.19,2022Q4
1220,112,3,17.61,2023Q1
1220,112,6,15.02,2023Q2
1220,112,9,14.11,2023Q3
1220,112,12,14.41,2023Q4
1220,113,3,14.8,2024Q1
1220,113,6,15.54,2024Q2
1220,113,9,16.47,2024Q3
1220,113,12,18.52,2024Q4
1220,114,3,15.89,2025Q1
1225,105,3,29.67,2016Q1
1225,105,6,39.06,2016Q2
1225,105,9,51.52,2016Q3
1225,105,12,46.45,2016Q4
1225,106,3,50.4,2017Q1
1225,106,6,51.94,2017Q2
1225,106,9,60.39,2017Q3
1225,106,12,64.66,2017Q4
1225,107,3,70.53,2018Q1
1225,107,6,80.31,2018Q2
1225,107,9,83.22,2018Q3
1225,107,12,75.53,2018Q4
1225,108,3,66.31,2019Q1
1225,108,6,72.66,2019Q2
1225,108,9,45.91,2019Q3
1225,108,12,34.86,2019Q4
1225,109,3,30.45,2020Q1
1225,109,6,37.72,2020Q2
1225,109,9,32.72,2020Q3
1225,109,12,36.22,2020Q4
1225,110,3,46.78,2021Q1
1225,110,6,46.18,2021Q2
1225,110,9,44.01,2021Q3
1225,110,12,51.42,2021Q4
1225,111,3,59.42,2022Q1
1225,111,6,49.32,2022Q2
1225,111,9,51.82,2022Q3
1225,111,12,56.89,2022Q4
1225,112,3,59.59,2023Q1
1225,112,6,60.08,2023Q2
1225,112,9,53.33,2023Q3
1225,112,12,54.22,2023Q4
1225,113,3,55.81,2024Q1
1225,113,6,94.96,2024Q2
1225,113,9,165.53,2024Q3
1225,113,12,49.24,2024Q4
1225,114,3,39.59,2025Q1
1227,105,3,80.63,2016Q1
1227,105,6,79.12,2016Q2
1227,105,9,79.25,2016Q3
1227,105,12,76.38,2016Q4
1227,106,3,75.84,2017Q1
1227,106,6,80.4,2017Q2
1227,106,9,74.96,2017Q3
1227,106,12,72.96,2017Q4
1227,107,3,67.67,2018Q1
1227,107,6,62.32,2018Q2
1227,107,9,51.6,2018Q3
1227,107,12,49.33,2018Q4
1227,108,3,52.13,2019Q1
1227,108,6,59.95,2019Q2
1227,108,9,63.72,2019Q3
1227,108,12,69.8,2019Q4
1227,109,3,58.57,2020Q1
1227,109,6,64.47,2020Q2
1227,109,9,62.53,2020Q3
1227,109,12,60.79,2020Q4
1227,110,3,57.26,2021Q1
1227,110,6,53.86,2021Q2
1227,110,9,51.56,2021Q3
1227,110,12,52.8,2021Q4
1227,111,3,49.14,2022Q1
1227,111,6,46.16,2022Q2
1227,111,9,39.39,2022Q3
1227,111,12,39.72,2022Q4
1227,112,3,41.09,2023Q1
1227,112,6,40.58,2023Q2
1227,112,9,37.88,2023Q3
1227,112,12,39.05,2023Q4
1227,113,3,37.56,2024Q1
1227,113,6,42.37,2024Q2
1227,113,9,38.57,2024Q3
1227,113,12,37.27,2024Q4
1227,114,3,35.82,2025Q1
1229,105,3,19.95,2016Q1
1229,105,6,20.81,2016Q2
1229,105,9,20.94,2016Q3
1229,105,12,22.2,2016Q4
1229,106,3,24.46,2017Q1
1229,106,6,27.49,2017Q2
1229,106,9,28.26,2017Q3
1229,106,12,34.32,2017Q4
1229,107,3,37.42,2018Q1
1229,107,6,38.12,2018Q2
1229,107,9,35.15,2018Q3
1229,107,12,30.19,2018Q4
1229,108,3,32.46,2019Q1
1229,108,6,36.96,2019Q2
1229,108,9,34.12,2019Q3
1229,108,12,36.19,2019Q4
1229,109,3,33.86,2020Q1
1229,109,6,42.44,2020Q2
1229,109,9,40.81,2020Q3
1229,109,12,41.66,2020Q4
1229,110,3,44.68,2021Q1
1229,110,6,49.16,2021Q2
1229,110,9,57.66,2021Q3
1229,110,12,59.21,2021Q4
1229,111,3,66.17,2022Q1
1229,111,6,56.22,2022Q2
1229,111,9,53.76,2022Q3
1229,111,12,49.82,2022Q4
1229,112,3,55.11,2023Q1
1229,112,6,65.38,2023Q2
1229,112,9,61.62,2023Q3
1229,112,12,67.19,2023Q4
1229,113,3,67.59,2024Q1
1229,113,6,67.22,2024Q2
1229,113,9,60.75,2024Q3
1229,113,12,53.6,2024Q4
1229,114,3,50.9,2025Q1
1231,105,3,29.72,2016Q1
1231,105,6,31.39,2016Q2
1231,105,9,29.56,2016Q3
1231,105,12,31.02,2016Q4
1231,106,3,33.56,2017Q1
1231,106,6,35.62,2017Q2
1231,106,9,33.73,2017Q3
1231,106,12,33.48,2017Q4
1231,107,3,35.01,2018Q1
1231,107,6,38.02,2018Q2
1231,107,9,36.08,2018Q3
1231,107,12,36.65,2018Q4
1231,108,3,41.62,2019Q1
1231,108,6,45.57,2019Q2
1231,108,9,42.59,2019Q3
1231,108,12,41.54,2019Q4
1231,109,3,36.79,2020Q1
1231,109,6,42.55,2020Q2
1231,109,9,41.67,2020Q3
1231,109,12,45.42,2020Q4
1231,110,3,52.74,2021Q1
1231,110,6,62.24,2021Q2
1231,110,9,68.96,2021Q3
1231,110,12,68.75,2021Q4
1231,111,3,79.74,2022Q1
1231,111,6,85.99,2022Q2
1231,111,9,72.38,2022Q3
1231,111,12,73.73,2022Q4
1231,112,3,87.67,2023Q1
1231,112,6,91.67,2023Q2
1231,112,9,88.27,2023Q3
1231,112,12,88.24,2023Q4
1231,113,3,93.85,2024Q1
1231,113,6,105.42,2024Q2
1231,113,9,106.51,2024Q3
1231,113,12,130.14,2024Q4
1231,114,3,134.49,2025Q1
1232,105,3,78.03,2016Q1
1232,105,6,79.52,2016Q2
1232,105,9,82.08,2016Q3
1232,105,12,84.07,2016Q4
1232,106,3,90.6,2017Q1
1232,106,6,93.63,2017Q2
1232,106,9,89.93,2017Q3
1232,106,12,90.58,2017Q4
1232,107,3,91.64,2018Q1
1232,107,6,94.35,2018Q2
1232,107,9,98.35,2018Q3
1232,107,12,97.83,2018Q4
1232,108,3,101.13,2019Q1
1232,108,6,122.01,2019Q2
1232,108,9,120.25,2019Q3
1232,108,12,121.29,2019Q4
1232,109,3,105.44,2020Q1
1232,109,6,122.15,2020Q2
1232,109,9,118.87,2020Q3
1232,109,12,130.86,2020Q4
1232,110,3,138.48,2021Q1
1232,110,6,167.23,2021Q2
1232,110,9,157.7,2021Q3
1232,110,12,157.61,2021Q4
1232,111,3,156.87,2022Q1
1232,111,6,159.07,2022Q2
1232,111,9,157.49,2022Q3
1232,111,12,143.48,2022Q4
1232,112,3,147.58,2023Q1
1232,112,6,150.77,2023Q2
1232,112,9,142.85,2023Q3
1232,112,12,143.13,2023Q4
1232,113,3,144.59,2024Q1
1232,113,6,145.15,2024Q2
1232,113,9,146.72,2024Q3
1232,113,12,145.65,2024Q4
1232,114,3,152.69,2025Q1
1233,105,3,38.99,2016Q1
1233,105,6,37.24,2016Q2
1233,105,9,37.3,2016Q3
1233,105,12,36.71,2016Q4
1233,106,3,37.8,2017Q1
1233,106,6,36.95,2017Q2
1233,106,9,34.79,2017Q3
1233,106,12,35.08,2017Q4
1233,107,3,37.98,2018Q1
1233,107,6,38.14,2018Q2
1233,107,9,38.6,2018Q3
1233,107,12,38.0,2018Q4
1233,108,3,38.72,2019Q1
1233,108,6,38.86,2019Q2
1233,108,9,38.4,2019Q3
1233,108,12,39.32,2019Q4
1233,109,3,34.75,2020Q1
1233,109,6,36.32,2020Q2
1233,109,9,36.52,2020Q3
1233,109,12,35.77,2020Q4
1233,110,3,35.01,2021Q1
1233,110,6,34.79,2021Q2
1233,110,9,33.21,2021Q3
1233,110,12,34.23,2021Q4
1233,111,3,33.92,2022Q1
1233,111,6,33.35,2022Q2
1233,111,9,33.1,2022Q3
1233,111,12,32.44,2022Q4
1233,112,3,34.26,2023Q1
1233,112,6,36.85,2023Q2
1233,112,9,35.49,2023Q3
1233,112,12,34.79,2023Q4
1233,113,3,33.99,2024Q1
1233,113,6,34.08,2024Q2
1233,113,9,32.47,2024Q3
1233,113,12,30.77,2024Q4
1233,114,3,34.08,2025Q1
1234,105,3,35.69,2016Q1
1234,105,6,32.07,2016Q2
1234,105,9,32.73,2016Q3
1234,105,12,32.41,2016Q4
1234,106,3,33.71,2017Q1
1234,106,6,33.49,2017Q2
1234,106,9,31.21,2017Q3
1234,106,12,31.19,2017Q4
1234,107,3,31.19,2018Q1
1234,107,6,31.78,2018Q2
1234,107,9,30.94,2018Q3
1234,107,12,29.6,2018Q4
1234,108,3,31.48,2019Q1
1234,108,6,32.86,2019Q2
1234,108,9,31.5,2019Q3
1234,108,12,32.43,2019Q4
1234,109,3,30.23,2020Q1
1234,109,6,32.78,2020Q2
1234,109,9,32.36,2020Q3
1234,109,12,33.0,2020Q4
1234,110,3,33.43,2021Q1
1234,110,6,35.2,2021Q2
1234,110,9,34.2,2021Q3
1234,110,12,35.19,2021Q4
1234,111,3,35.25,2022Q1
1234,111,6,34.69,2022Q2
1234,111,9,33.43,2022Q3
1234,111,12,32.84,2022Q4
1234,112,3,35.5,2023Q1
1234,112,6,40.37,2023Q2
1234,112,9,38.48,2023Q3
1234,112,12,39.97,2023Q4
1234,113,3,40.69,2024Q1
1234,113,6,44.27,2024Q2
1234,113,9,41.71,2024Q3
1234,113,12,41.32,2024Q4
1234,114,3,40.79,2025Q1
1235,105,3,22.83,2016Q1
1235,105,6,23.52,2016Q2
1235,105,9,29.25,2016Q3
1235,105,12,28.95,2016Q4
1235,106,3,29.73,2017Q1
1235,106,6,28.73,2017Q2
1235,106,9,33.48,2017Q3
1235,106,12,37.52,2017Q4
1235,107,3,34.1,2018Q1
1235,107,6,38.58,2018Q2
1235,107,9,44.03,2018Q3
1235,107,12,26.41,2018Q4
1235,108,3,28.48,2019Q1
1235,108,6,27.97,2019Q2
1235,108,9,28.18,2019Q3
1235,108,12,20.81,2019Q4
1235,109,3,23.13,2020Q1
1235,109,6,25.6,2020Q2
1235,109,9,25.05,2020Q3
1235,109,12,25.75,2020Q4
1235,110,3,27.65,2021Q1
1235,110,6,33.16,2021Q2
1235,110,9,34.23,2021Q3
1235,110,12,47.53,2021Q4
1235,111,3,43.82,2022Q1
1235,111,6,59.95,2022Q2
1235,111,9,58.21,2022Q3
1235,111,12,69.08,2022Q4
1235,112,3,69.2,2023Q1
1235,112,6,83.25,2023Q2
1235,112,9,76.87,2023Q3
1235,112,12,83.78,2023Q4
1235,113,3,82.14,2024Q1
1235,113,6,91.99,2024Q2
1235,113,9,131.98,2024Q3
1235,113,12,97.06,2024Q4
1235,114,3,95.68,2025Q1
1236,105,3,20.91,2016Q1
1236,105,6,20.1,2016Q2
1236,105,9,19.33,2016Q3
1236,105,12,18.38,2016Q4
1236,106,3,18.35,2017Q1
1236,106,6,17.34,2017Q2
1236,106,9,17.01,2017Q3
1236,106,12,17.02,2017Q4
1236,107,3,17.85,2018Q1
1236,107,6,17.1,2018Q2
1236,107,9,16.19,2018Q3
1236,107,12,13.7,2018Q4
1236,108,3,14.26,2019Q1
1236,108,6,13.52,2019Q2
1236,108,9,12.95,2019Q3
1236,108,12,13.37,2019Q4
1236,109,3,11.13,2020Q1
1236,109,6,12.31,2020Q2
1236,109,9,13.29,2020Q3
1236,109,12,14.02,2020Q4
1236,110,3,13.92,2021Q1
1236,110,6,16.26,2021Q2
1236,110,9,13.98,2021Q3
1236,110,12,29.11,2021Q4
1236,111,3,28.48,2022Q1
1236,111,6,29.18,2022Q2
1236,111,9,23.54,2022Q3
1236,111,12,22.61,2022Q4
1236,112,3,24.05,2023Q1
1236,112,6,22.04,2023Q2
1236,112,9,19.99,2023Q3
1236,112,12,23.88,2023Q4
1236,113,3,23.62,2024Q1
1236,113,6,24.45,2024Q2
1236,113,9,23.54,2024Q3
1236,113,12,23.12,2024Q4
1236,114,3,23.0,2025Q1
1256,105,3,130.07,2016Q1
1256,105,6,111.31,2016Q2
1256,105,9,158.27,2016Q3
1256,105,12,125.33,2016Q4
1256,106,3,147.43,2017Q1
1256,106,6,140.38,2017Q2
1256,106,9,159.74,2017Q3
1256,106,12,140.68,2017Q4
1256,107,3,169.05,2018Q1
1256,107,6,181.35,2018Q2
1256,107,9,161.47,2018Q3
1256,107,12,140.59,2018Q4
1256,108,3,171.51,2019Q1
1256,108,6,186.71,2019Q2
1256,108,9,194.12,2019Q3
1256,108,12,219.48,2019Q4
1256,109,3,182.05,2020Q1
1256,109,6,211.68,2020Q2
1256,109,9,256.62,2020Q3
1256,109,12,296.98,2020Q4
1256,110,3,430.74,2021Q1
1256,110,6,443.87,2021Q2
1256,110,9,402.43,2021Q3
1256,110,12,325.69,2021Q4
1256,111,3,297.22,2022Q1
1256,111,6,282.74,2022Q2
1256,111,9,231.42,2022Q3
1256,111,12,272.81,2022Q4
1256,112,3,338.53,2023Q1
1256,112,6,313.21,2023Q2
1256,112,9,272.51,2023Q3
1256,112,12,246.3,2023Q4
1256,113,3,238.09,2024Q1
1256,113,6,199.87,2024Q2
1256,113,9,143.59,2024Q3
1256,113,12,138.49,2024Q4
1256,114,3,144.59,2025Q1
1301,105,3,79.62,2016Q1
1301,105,6,78.05,2016Q2
1301,105,9,77.83,2016Q3
1301,105,12,89.7,2016Q4
1301,106,3,90.65,2017Q1
1301,106,6,91.05,2017Q2
1301,106,9,94.49,2017Q3
1301,106,12,94.84,2017Q4
1301,107,3,103.08,2018Q1
1301,107,6,108.51,2018Q2
1301,107,9,114.0,2018Q3
1301,107,12,99.39,2018Q4
1301,108,3,105.15,2019Q1
1301,108,6,112.39,2019Q2
1301,108,9,96.43,2019Q3
1301,108,12,98.64,2019Q4
1301,109,3,76.99,2020Q1
1301,109,6,86.81,2020Q2
1301,109,9,79.94,2020Q3
1301,109,12,91.07,2020Q4
1301,110,3,101.23,2021Q1
1301,110,6,103.64,2021Q2
1301,110,9,106.94,2021Q3
1301,110,12,103.51,2021Q4
1301,111,3,106.51,2022Q1
1301,111,6,107.72,2022Q2
1301,111,9,87.12,2022Q3
1301,111,12,87.31,2022Q4
1301,112,3,90.59,2023Q1
1301,112,6,91.59,2023Q2
1301,112,9,81.65,2023Q3
1301,112,12,79.7,2023Q4
1301,113,3,68.76,2024Q1
1301,113,6,60.21,2024Q2
1301,113,9,48.71,2024Q3
1301,113,12,38.51,2024Q4
1301,114,3,38.91,2025Q1
1303,105,3,66.19,2016Q1
1303,105,6,60.82,2016Q2
1303,105,9,61.07,2016Q3
1303,105,12,70.87,2016Q4
1303,106,3,71.37,2017Q1
1303,106,6,72.8,2017Q2
1303,106,9,75.66,2017Q3
1303,106,12,75.64,2017Q4
1303,107,3,80.83,2018Q1
1303,107,6,85.1,2018Q2
1303,107,9,84.25,2018Q3
1303,107,12,73.54,2018Q4
1303,108,3,76.46,2019Q1
1303,108,6,78.45,2019Q2
1303,108,9,69.95,2019Q3
1303,108,12,72.29,2019Q4
1303,109,3,57.14,2020Q1
1303,109,6,64.93,2020Q2
1303,109,9,60.43,2020Q3
1303,109,12,68.31,2020Q4
1303,110,3,76.16,2021Q1
1303,110,6,83.9,2021Q2
1303,110,9,89.69,2021Q3
1303,110,12,84.24,2021Q4
1303,111,3,90.84,2022Q1
1303,111,6,83.96,2022Q2
1303,111,9,67.06,2022Q3
1303,111,12,73.06,2022Q4
1303,112,3,75.72,2023Q1
1303,112,6,77.84,2023Q2
1303,112,9,67.87,2023Q3
1303,112,12,67.18,2023Q4
1303,113,3,55.67,2024Q1
1303,113,6,50.49,2024Q2
1303,113,9,42.12,2024Q3
1303,113,12,33.77,2024Q4
1303,114,3,33.14,2025Q1
1304,105,3,13.53,2016Q1
1304,105,6,12.47,2016Q2
1304,105,9,14.2,2016Q3
1304,105,12,16.36,2016Q4
1304,106,3,16.2,2017Q1
1304,106,6,15.23,2017Q2
1304,106,9,15.17,2017Q3
1304,106,12,16.13,2017Q4
1304,107,3,14.89,2018Q1
1304,107,6,14.54,2018Q2
1304,107,9,13.85,2018Q3
1304,107,12,11.95,2018Q4
1304,108,3,12.09,2019Q1
1304,108,6,11.77,2019Q2
1304,108,9,13.23,2019Q3
1304,108,12,14.07,2019Q4
1304,109,3,9.91,2020Q1
1304,109,6,12.37,2020Q2
1304,109,9,16.36,2020Q3
1304,109,12,21.5,2020Q4
1304,110,3,23.95,2021Q1
1304,110,6,37.32,2021Q2
1304,110,9,38.12,2021Q3
1304,110,12,31.52,2021Q4
1304,111,3,30.05,2022Q1
1304,111,6,25.59,2022Q2
1304,111,9,21.91,2022Q3
1304,111,12,21.63,2022Q4
1304,112,3,25.97,2023Q1
1304,112,6,23.27,2023Q2
1304,112,9,21.55,2023Q3
1304,112,12,19.92,2023Q4
1304,113,3,16.7,2024Q1
1304,113,6,15.4,2024Q2
1304,113,9,15.05,2024Q3
1304,113,12,11.61,2024Q4
1304,114,3,11.86,2025Q1
1305,105,3,15.48,2016Q1
1305,105,6,14.84,2016Q2
1305,105,9,19.58,2016Q3
1305,105,12,25.63,2016Q4
1305,106,3,28.0,2017Q1
1305,106,6,28.39,2017Q2
1305,106,9,33.34,2017Q3
1305,106,12,31.12,2017Q4
1305,107,3,32.41,2018Q1
1305,107,6,29.76,2018Q2
1305,107,9,25.92,2018Q3
1305,107,12,22.65,2018Q4
1305,108,3,23.0,2019Q1
1305,108,6,23.02,2019Q2
1305,108,9,20.01,2019Q3
1305,108,12,20.92,2019Q4
1305,109,3,14.79,2020Q1
1305,109,6,19.21,2020Q2
1305,109,9,21.03,2020Q3
1305,109,12,24.21,2020Q4
1305,110,3,32.83,2021Q1
1305,110,6,36.94,2021Q2
1305,110,9,42.35,2021Q3
1305,110,12,34.27,2021Q4
1305,111,3,35.24,2022Q1
1305,111,6,31.69,2022Q2
1305,111,9,21.72,2022Q3
1305,111,12,25.23,2022Q4
1305,112,3,26.91,2023Q1
1305,112,6,23.98,2023Q2
1305,112,9,25.69,2023Q3
1305,112,12,23.04,2023Q4
1305,113,3,18.86,2024Q1
1305,113,6,17.06,2024Q2
1305,113,9,16.44,2024Q3
1305,113,12,12.75,2024Q4
1305,114,3,13.25,2025Q1
1307,105,3,39.27,2016Q1
1307,105,6,38.07,2016Q2
1307,105,9,36.49,2016Q3
1307,105,12,35.4,2016Q4
1307,106,3,37.76,2017Q1
1307,106,6,37.48,2017Q2
1307,106,9,35.47,2017Q3
1307,106,12,33.7,2017Q4
1307,107,3,32.89,2018Q1
1307,107,6,30.17,2018Q2
1307,107,9,26.81,2018Q3
1307,107,12,22.95,2018Q4
1307,108,3,24.04,2019Q1
1307,108,6,24.59,2019Q2
1307,108,9,23.79,2019Q3
1307,108,12,23.71,2019Q4
1307,109,3,18.36,2020Q1
1307,109,6,22.45,2020Q2
1307,109,9,21.29,2020Q3
1307,109,12,22.69,2020Q4
1307,110,3,21.45,2021Q1
1307,110,6,23.01,2021Q2
1307,110,9,21.51,2021Q3
1307,110,12,20.67,2021Q4
1307,111,3,20.21,2022Q1
1307,111,6,20.18,2022Q2
1307,111,9,21.58,2022Q3
1307,111,12,21.32,2022Q4
1307,112,3,21.07,2023Q1
1307,112,6,25.94,2023Q2
1307,112,9,26.67,2023Q3
1307,112,12,26.61,2023Q4
1307,113,3,28.08,2024Q1
1307,113,6,31.42,2024Q2
1307,113,9,37.11,2024Q3
1307,113,12,38.6,2024Q4
1307,114,3,49.08,2025Q1
1308,105,3,19.06,2016Q1
1308,105,6,17.19,2016Q2
1308,105,9,17.82,2016Q3
1308,105,12,19.7,2016Q4
1308,106,3,18.6,2017Q1
1308,106,6,18.76,2017Q2
1308,106,9,19.23,2017Q3
1308,106,12,19.08,2017Q4
1308,107,3,17.84,2018Q1
1308,107,6,17.79,2018Q2
1308,107,9,16.4,2018Q3
1308,107,12,13.61,2018Q4
1308,108,3,14.25,2019Q1
1308,108,6,13.79,2019Q2
1308,108,9,15.32,2019Q3
1308,108,12,15.81,2019Q4
1308,109,3,13.95,2020Q1
1308,109,6,18.94,2020Q2
1308,109,9,19.63,2020Q3
1308,109,12,20.85,2020Q4
1308,110,3,23.81,2021Q1
1308,110,6,33.49,2021Q2
1308,110,9,44.9,2021Q3
1308,110,12,37.17,2021Q4
1308,111,3,38.16,2022Q1
1308,111,6,29.42,2022Q2
1308,111,9,28.34,2022Q3
1308,111,12,28.27,2022Q4
1308,112,3,28.88,2023Q1
1308,112,6,26.59,2023Q2
1308,112,9,25.48,2023Q3
1308,112,12,23.91,2023Q4
1308,113,3,20.25,2024Q1
1308,113,6,17.57,2024Q2
1308,113,9,17.96,2024Q3
1308,113,12,14.74,2024Q4
1308,114,3,14.47,2025Q1
1309,105,3,8.05,2016Q1
1309,105,6,7.25,2016Q2
1309,105,9,7.69,2016Q3
1309,105,12,10.45,2016Q4
1309,106,3,10.5,2017Q1
1309,106,6,9.63,2017Q2
1309,106,9,11.46,2017Q3
1309,106,12,14.09,2017Q4
1309,107,3,12.08,2018Q1
1309,107,6,15.88,2018Q2
1309,107,9,14.16,2018Q3
1309,107,12,10.53,2018Q4
1309,108,3,10.28,2019Q1
1309,108,6,10.44,2019Q2
1309,108,9,11.82,2019Q3
1309,108,12,11.1,2019Q4
1309,109,3,8.05,2020Q1
1309,109,6,14.76,2020Q2
1309,109,9,28.87,2020Q3
1309,109,12,34.76,2020Q4
1309,110,3,40.82,2021Q1
1309,110,6,42.91,2021Q2
1309,110,9,39.35,2021Q3
1309,110,12,33.88,2021Q4
1309,111,3,33.66,2022Q1
1309,111,6,29.2,2022Q2
1309,111,9,21.51,2022Q3
1309,111,12,22.12,2022Q4
1309,112,3,22.11,2023Q1
1309,112,6,20.21,2023Q2
1309,112,9,17.97,2023Q3
1309,112,12,16.84,2023Q4
1309,113,3,15.6,2024Q1
1309,113,6,17.66,2024Q2
1309,113,9,20.06,2024Q3
1309,113,12,15.15,2024Q4
1309,114,3,14.47,2025Q1
1310,105,3,17.81,2016Q1
1310,105,6,15.41,2016Q2
1310,105,9,16.08,2016Q3
1310,105,12,20.9,2016Q4
1310,106,3,24.02,2017Q1
1310,106,6,23.56,2017Q2
1310,106,9,20.98,2017Q3
1310,106,12,22.05,2017Q4
1310,107,3,21.48,2018Q1
1310,107,6,24.02,2018Q2
1310,107,9,23.17,2018Q3
1310,107,12,25.47,2018Q4
1310,108,3,24.33,2019Q1
1310,108,6,24.28,2019Q2
1310,108,9,22.4,2019Q3
1310,108,12,20.81,2019Q4
1310,109,3,15.22,2020Q1
1310,109,6,16.52,2020Q2
1310,109,9,16.73,2020Q3
1310,109,12,18.85,2020Q4
1310,110,3,18.74,2021Q1
1310,110,6,20.8,2021Q2
1310,110,9,20.65,2021Q3
1310,110,12,17.27,2021Q4
1310,111,3,17.17,2022Q1
1310,111,6,15.08,2022Q2
1310,111,9,13.87,2022Q3
1310,111,12,13.74,2022Q4
1310,112,3,13.94,2023Q1
1310,112,6,16.81,2023Q2
1310,112,9,16.12,2023Q3
1310,112,12,16.02,2023Q4
1310,113,3,13.68,2024Q1
1310,113,6,13.12,2024Q2
1310,113,9,12.52,2024Q3
1310,113,12,10.35,2024Q4
1310,114,3,10.43,2025Q1
1312,105,3,17.47,2016Q1
1312,105,6,15.21,2016Q2
1312,105,9,15.96,2016Q3
1312,105,12,21.75,2016Q4
1312,106,3,21.34,2017Q1
1312,106,6,20.75,2017Q2
1312,106,9,25.4,2017Q3
1312,106,12,29.68,2017Q4
1312,107,3,29.36,2018Q1
1312,107,6,30.26,2018Q2
1312,107,9,28.94,2018Q3
1312,107,12,23.25,2018Q4
1312,108,3,23.89,2019Q1
1312,108,6,20.22,2019Q2
1312,108,9,19.1,2019Q3
1312,108,12,18.4,2019Q4
1312,109,3,13.17,2020Q1
1312,109,6,14.93,2020Q2
1312,109,9,20.02,2020Q3
1312,109,12,22.78,2020Q4
1312,110,3,25.59,2021Q1
1312,110,6,29.3,2021Q2
1312,110,9,29.68,2021Q3
1312,110,12,28.47,2021Q4
1312,111,3,27.49,2022Q1
1312,111,6,23.5,2022Q2
1312,111,9,18.12,2022Q3
1312,111,12,19.49,2022Q4
1312,112,3,19.67,2023Q1
1312,112,6,19.37,2023Q2
1312,112,9,17.17,2023Q3
1312,112,12,15.24,2023Q4
1312,113,3,13.54,2024Q1
1312,113,6,14.07,2024Q2
1312,113,9,12.87,2024Q3
1312,113,12,10.9,2024Q4
1312,114,3,11.14,2025Q1
1313,105,3,9.39,2016Q1
1313,105,6,8.94,2016Q2
1313,105,9,9.93,2016Q3
1313,105,12,13.04,2016Q4
1313,106,3,13.42,2017Q1
1313,106,6,13.3,2017Q2
1313,106,9,16.09,2017Q3
1313,106,12,18.71,2017Q4
1313,107,3,18.67,2018Q1
1313,107,6,20.48,2018Q2
1313,107,9,15.04,2018Q3
1313,107,12,12.05,2018Q4
1313,108,3,12.95,2019Q1
1313,108,6,11.25,2019Q2
1313,108,9,10.64,2019Q3
1313,108,12,10.99,2019Q4
1313,109,3,8.39,2020Q1
1313,109,6,9.9,2020Q2
1313,109,9,13.44,2020Q3
1313,109,12,18.05,2020Q4
1313,110,3,19.13,2021Q1
1313,110,6,27.61,2021Q2
1313,110,9,25.19,2021Q3
1313,110,12,21.26,2021Q4
1313,111,3,19.63,2022Q1
1313,111,6,16.59,2022Q2
1313,111,9,12.96,2022Q3
1313,111,12,13.86,2022Q4
1313,112,3,14.88,2023Q1
1313,112,6,14.73,2023Q2
1313,112,9,15.44,2023Q3
1313,112,12,15.71,2023Q4
1313,113,3,13.58,2024Q1
1313,113,6,12.51,2024Q2
1313,113,9,11.69,2024Q3
1313,113,12,9.61,2024Q4
1313,114,3,9.21,2025Q1
1314,105,3,8.41,2016Q1
1314,105,6,7.36,2016Q2
1314,105,9,7.59,2016Q3
1314,105,12,10.15,2016Q4
1314,106,3,12.13,2017Q1
1314,106,6,11.42,2017Q2
1314,106,9,14.26,2017Q3
1314,106,12,15.55,2017Q4
1314,107,3,12.89,2018Q1
1314,107,6,13.27,2018Q2
1314,107,9,13.64,2018Q3
1314,107,12,11.67,2018Q4
1314,108,3,11.56,2019Q1
1314,108,6,11.33,2019Q2
1314,108,9,10.55,2019Q3
1314,108,12,9.82,2019Q4
1314,109,3,7.25,2020Q1
1314,109,6,8.42,2020Q2
1314,109,9,8.84,2020Q3
1314,109,12,10.7,2020Q4
1314,110,3,11.05,2021Q1
1314,110,6,13.73,2021Q2
1314,110,9,12.8,2021Q3
1314,110,12,12.66,2021Q4
1314,111,3,12.14,2022Q1
1314,111,6,10.57,2022Q2
1314,111,9,9.87,2022Q3
1314,111,12,10.08,2022Q4
1314,112,3,10.04,2023Q1
1314,112,6,9.88,2023Q2
1314,112,9,9.61,2023Q3
1314,112,12,9.82,2023Q4
1314,113,3,9.32,2024Q1
1314,113,6,10.23,2024Q2
1314,113,9,9.27,2024Q3
1314,113,12,7.75,2024Q4
1314,114,3,7.97,2025Q1
1315,105,3,22.6,2016Q1
1315,105,6,24.55,2016Q2
1315,105,9,24.47,2016Q3
1315,105,12,25.18,2016Q4
1315,106,3,26.08,2017Q1
1315,106,6,26.0,2017Q2
1315,106,9,25.41,2017Q3
1315,106,12,25.4,2017Q4
1315,107,3,26.43,2018Q1
1315,107,6,26.69,2018Q2
1315,107,9,26.44,2018Q3
1315,107,12,26.49,2018Q4
1315,108,3,30.05,2019Q1
1315,108,6,31.44,2019Q2
1315,108,9,31.64,2019Q3
1315,108,12,46.86,2019Q4
1315,109,3,45.42,2020Q1
1315,109,6,57.99,2020Q2
1315,109,9,52.7,2020Q3
1315,109,12,71.42,2020Q4
1315,110,3,76.59,2021Q1
1315,110,6,75.88,2021Q2
1315,110,9,64.36,2021Q3
1315,110,12,75.98,2021Q4
1315,111,3,83.57,2022Q1
1315,111,6,76.59,2022Q2
1315,111,9,68.3,2022Q3
1315,111,12,71.07,2022Q4
1315,112,3,71.42,2023Q1
1315,112,6,70.78,2023Q2
1315,112,9,71.17,2023Q3
1315,112,12,71.85,2023Q4
1315,113,3,72.12,2024Q1
1315,113,6,72.06,2024Q2
1315,113,9,70.27,2024Q3
1315,113,12,70.06,2024Q4
1315,114,3,69.67,2025Q1
1316,105,3,11.39,2016Q1
1316,105,6,11.37,2016Q2
1316,105,9,11.03,2016Q3
1316,105,12,10.96,2016Q4
1316,106,3,26.58,2017Q1
1316,106,6,25.28,2017Q2
1316,106,9,27.6,2017Q3
1316,106,12,24.57,2017Q4
1316,107,3,21.27,2018Q1
1316,107,6,22.28,2018Q2
1316,107,9,18.45,2018Q3
1316,107,12,12.44,2018Q4
1316,108,3,15.68,2019Q1
1316,108,6,15.32,2019Q2
1316,108,9,12.97,2019Q3
1316,108,12,14.05,2019Q4
1316,109,3,9.44,2020Q1
1316,109,6,11.91,2020Q2
1316,109,9,11.69,2020Q3
1316,109,12,12.28,2020Q4
1316,110,3,11.9,2021Q1
1316,110,6,11.91,2021Q2
1316,110,9,14.16,2021Q3
1316,110,12,20.68,2021Q4
1316,111,3,19.92,2022Q1
1316,111,6,17.67,2022Q2
1316,111,9,13.29,2022Q3
1316,111,12,12.54,2022Q4
1316,112,3,13.14,2023Q1
1316,112,6,12.42,2023Q2
1316,112,9,10.54,2023Q3
1316,112,12,12.81,2023Q4
1316,113,3,22.56,2024Q1
1316,113,6,19.96,2024Q2
1316,113,9,18.25,2024Q3
1316,113,12,14.5,2024Q4
1316,114,3,17.49,2025Q1
1319,105,3,47.08,2016Q1
1319,105,6,48.37,2016Q2
1319,105,9,68.15,2016Q3
1319,105,12,63.62,2016Q4
1319,106,3,57.1,2017Q1
1319,106,6,54.88,2017Q2
1319,106,9,61.49,2017Q3
1319,106,12,56.83,2017Q4
1319,107,3,52.93,2018Q1
1319,107,6,49.58,2018Q2
1319,107,9,42.46,2018Q3
1319,107,12,38.66,2018Q4
1319,108,3,40.39,2019Q1
1319,108,6,43.12,2019Q2
1319,108,9,48.11,2019Q3
1319,108,12,46.23,2019Q4
1319,109,3,31.87,2020Q1
1319,109,6,39.06,2020Q2
1319,109,9,37.82,2020Q3
1319,109,12,38.43,2020Q4
1319,110,3,36.42,2021Q1
1319,110,6,34.16,2021Q2
1319,110,9,34.09,2021Q3
1319,110,12,32.95,2021Q4
1319,111,3,31.51,2022Q1
1319,111,6,44.54,2022Q2
1319,111,9,53.86,2022Q3
1319,111,12,45.69,2022Q4
1319,112,3,45.3,2023Q1
1319,112,6,52.95,2023Q2
1319,112,9,75.11,2023Q3
1319,112,12,82.78,2023Q4
1319,113,3,115.33,2024Q1
1319,113,6,115.63,2024Q2
1319,113,9,105.71,2024Q3
1319,113,12,114.38,2024Q4
1319,114,3,127.86,2025Q1
1321,105,3,27.1,2016Q1
1321,105,6,25.35,2016Q2
1321,105,9,25.7,2016Q3
1321,105,12,24.98,2016Q4
1321,106,3,26.61,2017Q1
1321,106,6,25.83,2017Q2
1321,106,9,29.48,2017Q3
1321,106,12,28.33,2017Q4
1321,107,3,27.75,2018Q1
1321,107,6,27.9,2018Q2
1321,107,9,27.22,2018Q3
1321,107,12,26.6,2018Q4
1321,108,3,26.18,2019Q1
1321,108,6,28.17,2019Q2
1321,108,9,30.12,2019Q3
1321,108,12,38.16,2019Q4
1321,109,3,26.78,2020Q1
1321,109,6,32.06,2020Q2
1321,109,9,35.9,2020Q3
1321,109,12,35.32,2020Q4
1321,110,3,35.66,2021Q1
1321,110,6,37.05,2021Q2
1321,110,9,32.76,2021Q3
1321,110,12,35.05,2021Q4
1321,111,3,33.96,2022Q1
1321,111,6,32.71,2022Q2
1321,111,9,36.14,2022Q3
1321,111,12,33.61,2022Q4
1321,112,3,36.95,2023Q1
1321,112,6,34.66,2023Q2
1321,112,9,35.5,2023Q3
1321,112,12,39.03,2023Q4
1321,113,3,35.25,2024Q1
1321,113,6,38.22,2024Q2
1321,113,9,37.94,2024Q3
1321,113,12,33.07,2024Q4
1321,114,3,37.21,2025Q1
1323,105,3,32.58,2016Q1
1323,105,6,33.32,2016Q2
1323,105,9,32.6,2016Q3
1323,105,12,34.64,2016Q4
1323,106,3,33.99,2017Q1
1323,106,6,33.14,2017Q2
1323,106,9,33.38,2017Q3
1323,106,12,38.11,2017Q4
1323,107,3,35.82,2018Q1
1323,107,6,37.94,2018Q2
1323,107,9,36.04,2018Q3
1323,107,12,35.55,2018Q4
1323,108,3,36.88,2019Q1
1323,108,6,34.11,2019Q2
1323,108,9,33.69,2019Q3
1323,108,12,33.84,2019Q4
1323,109,3,29.66,2020Q1
1323,109,6,33.15,2020Q2
1323,109,9,33.48,2020Q3
1323,109,12,32.9,2020Q4
1323,110,3,34.07,2021Q1
1323,110,6,34.25,2021Q2
1323,110,9,34.46,2021Q3
1323,110,12,34.8,2021Q4
1323,111,3,35.98,2022Q1
1323,111,6,34.29,2022Q2
1323,111,9,33.23,2022Q3
1323,111,12,32.94,2022Q4
1323,112,3,33.11,2023Q1
1323,112,6,32.12,2023Q2
1323,112,9,31.6,2023Q3
1323,112,12,31.12,2023Q4
1323,113,3,30.9,2024Q1
1323,113,6,30.56,2024Q2
1323,113,9,28.23,2024Q3
1323,113,12,25.13,2024Q4
1323,114,3,24.02,2025Q1
1324,105,3,11.39,2016Q1
1324,105,6,11.06,2016Q2
1324,105,9,12.54,2016Q3
1324,105,12,13.02,2016Q4
1324,106,3,13.17,2017Q1
1324,106,6,13.14,2017Q2
1324,106,9,12.59,2017Q3
1324,106,12,12.47,2017Q4
1324,107,3,14.79,2018Q1
1324,107,6,12.57,2018Q2
1324,107,9,12.42,2018Q3
1324,107,12,11.14,2018Q4
1324,108,3,11.0,2019Q1
1324,108,6,11.26,2019Q2
1324,108,9,9.92,2019Q3
1324,108,12,9.66,2019Q4
1324,109,3,8.12,2020Q1
1324,109,6,9.83,2020Q2
1324,109,9,10.06,2020Q3
1324,109,12,10.38,2020Q4
1324,110,3,10.27,2021Q1
1324,110,6,11.43,2021Q2
1324,110,9,11.06,2021Q3
1324,110,12,11.66,2021Q4
1324,111,3,11.06,2022Q1
1324,111,6,10.7,2022Q2
1324,111,9,10.78,2022Q3
1324,111,12,10.63,2022Q4
1324,112,3,11.3,2023Q1
1324,112,6,11.77,2023Q2
1324,112,9,13.67,2023Q3
1324,112,12,19.42,2023Q4
1324,113,3,15.45,2024Q1
1324,113,6,13.44,2024Q2
1324,113,9,13.04,2024Q3
1324,113,12,12.56,2024Q4
1324,114,3,12.45,2025Q1
1325,105,3,20.64,2016Q1
1325,105,6,19.56,2016Q2
1325,105,9,19.43,2016Q3
1325,105,12,21.06,2016Q4
1325,106,3,21.71,2017Q1
1325,106,6,21.02,2017Q2
1325,106,9,19.56,2017Q3
1325,106,12,19.36,2017Q4
1325,107,3,18.1,2018Q1
1325,107,6,18.04,2018Q2
1325,107,9,17.57,2018Q3
1325,107,12,16.66,2018Q4
1325,108,3,16.3,2019Q1
1325,108,6,16.02,2019Q2
1325,108,9,15.56,2019Q3
1325,108,12,16.39,2019Q4
1325,109,3,38.13,2020Q1
1325,109,6,183.76,2020Q2
1325,109,9,137.37,2020Q3
1325,109,12,96.26,2020Q4
1325,110,3,90.44,2021Q1
1325,110,6,90.61,2021Q2
1325,110,9,57.31,2021Q3
1325,110,12,46.49,2021Q4
1325,111,3,42.58,2022Q1
1325,111,6,30.49,2022Q2
1325,111,9,25.47,2022Q3
1325,111,12,27.65,2022Q4
1325,112,3,23.92,2023Q1
1325,112,6,24.9,2023Q2
1325,112,9,22.69,2023Q3
1325,112,12,41.5,2023Q4
1325,113,3,31.33,2024Q1
1325,113,6,33.61,2024Q2
1325,113,9,27.64,2024Q3
1325,113,12,28.58,2024Q4
1325,114,3,29.27,2025Q1
1326,105,3,78.25,2016Q1
1326,105,6,81.66,2016Q2
1326,105,9,83.45,2016Q3
1326,105,12,97.14,2016Q4
1326,106,3,94.09,2017Q1
1326,106,6,91.85,2017Q2
1326,106,9,94.07,2017Q3
1326,106,12,97.47,2017Q4
1326,107,3,107.84,2018Q1
1326,107,6,115.53,2018Q2
1326,107,9,123.23,2018Q3
1326,107,12,104.81,2018Q4
1326,108,3,108.59,2019Q1
1326,108,6,108.12,2019Q2
1326,108,9,89.25,2019Q3
1326,108,12,87.84,2019Q4
1326,109,3,69.59,2020Q1
1326,109,6,74.83,2020Q2
1326,109,9,68.65,2020Q3
1326,109,12,80.35,2020Q4
1326,110,3,87.47,2021Q1
1326,110,6,85.65,2021Q2
1326,110,9,82.65,2021Q3
1326,110,12,79.88,2021Q4
1326,111,3,79.78,2022Q1
1326,111,6,80.25,2022Q2
1326,111,9,67.84,2022Q3
1326,111,12,71.59,2022Q4
1326,112,3,69.24,2023Q1
1326,112,6,68.28,2023Q2
1326,112,9,64.01,2023Q3
1326,112,12,62.92,2023Q4
1326,113,3,55.01,2024Q1
1326,113,6,51.44,2024Q2
1326,113,9,40.23,2024Q3
1326,113,12,30.67,2024Q4
1326,114,3,28.64,2025Q1
1337,105,3,19.72,2016Q1
1337,105,6,18.78,2016Q2
1337,105,9,18.9,2016Q3
1337,105,12,16.93,2016Q4
1337,106,3,16.54,2017Q1
1337,106,6,13.62,2017Q2
1337,106,9,13.18,2017Q3
1337,106,12,12.43,2017Q4
1337,107,3,11.36,2018Q1
1337,107,6,10.62,2018Q2
1337,107,9,8.06,2018Q3
1337,107,12,6.94,2018Q4
1337,108,3,7.07,2019Q1
1337,108,6,6.68,2019Q2
1337,108,9,6.02,2019Q3
1337,108,12,6.04,2019Q4
1337,109,3,4.02,2020Q1
1337,109,6,5.15,2020Q2
1337,109,9,8.16,2020Q3
1337,109,12,9.81,2020Q4
1337,110,3,8.78,2021Q1
1337,110,6,7.93,2021Q2
1337,110,9,7.37,2021Q3
1337,110,12,7.19,2021Q4
1337,111,3,6.78,2022Q1
1337,111,6,6.61,2022Q2
1337,111,9,7.43,2022Q3
1337,111,12,7.08,2022Q4
1337,112,3,7.08,2023Q1
1337,112,6,8.76,2023Q2
1337,112,9,7.42,2023Q3
1337,112,12,7.59,2023Q4
1337,113,3,7.35,2024Q1
1337,113,6,7.5,2024Q2
1337,113,9,7.11,2024Q3
1337,113,12,6.76,2024Q4
1337,114,3,6.54,2025Q1
1338,105,3,129.53,2016Q1
1338,105,6,115.64,2016Q2
1338,105,9,118.89,2016Q3
1338,105,12,94.74,2016Q4
1338,106,3,98.36,2017Q1
1338,106,6,106.47,2017Q2
1338,106,9,115.41,2017Q3
1338,106,12,113.35,2017Q4
1338,107,3,107.37,2018Q1
1338,107,6,103.76,2018Q2
1338,107,9,86.47,2018Q3
1338,107,12,76.94,2018Q4
1338,108,3,77.65,2019Q1
1338,108,6,65.22,2019Q2
1338,108,9,68.13,2019Q3
1338,108,12,65.7,2019Q4
1338,109,3,41.47,2020Q1
1338,109,6,56.78,2020Q2
1338,109,9,57.66,2020Q3
1338,109,12,58.13,2020Q4
1338,110,3,67.33,2021Q1
1338,110,6,64.87,2021Q2
1338,110,9,49.79,2021Q3
1338,110,12,55.13,2021Q4
1338,111,3,57.39,2022Q1
1338,111,6,57.65,2022Q2
1338,111,9,55.64,2022Q3
1338,111,12,45.08,2022Q4
1338,112,3,46.36,2023Q1
1338,112,6,44.78,2023Q2
1338,112,9,37.14,2023Q3
1338,112,12,43.61,2023Q4
1338,113,3,36.5,2024Q1
1338,113,6,32.98,2024Q2
1338,113,9,31.58,2024Q3
1338,113,12,28.05,2024Q4
1338,114,3,29.92,2025Q1
1339,105,3,59.61,2016Q1
1339,105,6,44.37,2016Q2
1339,105,9,43.41,2016Q3
1339,105,12,37.99,2016Q4
1339,106,3,41.98,2017Q1
1339,106,6,45.53,2017Q2
1339,106,9,47.49,2017Q3
1339,106,12,42.25,2017Q4
1339,107,3,40.09,2018Q1
1339,107,6,41.88,2018Q2
1339,107,9,39.47,2018Q3
1339,107,12,35.03,2018Q4
1339,108,3,36.09,2019Q1
1339,108,6,35.75,2019Q2
1339,108,9,44.96,2019Q3
1339,108,12,50.58,2019Q4
1339,109,3,38.39,2020Q1
1339,109,6,45.17,2020Q2
1339,109,9,44.93,2020Q3
1339,109,12,42.39,2020Q4
1339,110,3,40.4,2021Q1
1339,110,6,38.49,2021Q2
1339,110,9,35.18,2021Q3
1339,110,12,34.68,2021Q4
1339,111,3,34.4,2022Q1
1339,111,6,41.81,2022Q2
1339,111,9,42.73,2022Q3
1339,111,12,42.4,2022Q4
1339,112,3,46.4,2023Q1
1339,112,6,45.46,2023Q2
1339,112,9,56.65,2023Q3
1339,112,12,70.52,2023Q4
1339,113,3,70.74,2024Q1
1339,113,6,68.14,2024Q2
1339,113,9,58.33,2024Q3
1339,113,12,55.32,2024Q4
1339,114,3,57.86,2025Q1
1340,105,3,72.07,2016Q1
1340,105,6,63.19,2016Q2
1340,105,9,61.02,2016Q3
1340,105,12,56.8,2016Q4
1340,106,3,57.24,2017Q1
1340,106,6,51.71,2017Q2
1340,106,9,49.88,2017Q3
1340,106,12,46.2,2017Q4
1340,107,3,46.29,2018Q1
1340,107,6,41.08,2018Q2
1340,107,9,27.98,2018Q3
1340,107,12,18.12,2018Q4
1340,108,3,18.14,2019Q1
1340,108,6,18.19,2019Q2
1340,108,9,16.81,2019Q3
1340,108,12,16.03,2019Q4
1340,109,3,9.98,2020Q1
1340,109,6,10.29,2020Q2
1340,109,9,12.94,2020Q3
1340,109,12,12.77,2020Q4
1340,110,3,10.71,2021Q1
1340,110,6,11.55,2021Q2
1340,110,9,10.37,2021Q3
1340,110,12,11.34,2021Q4
1340,111,3,10.53,2022Q1
1340,111,6,10.34,2022Q2
1340,111,9,10.1,2022Q3
1340,111,12,10.06,2022Q4
1340,112,3,10.81,2023Q1
1340,112,6,13.82,2023Q2
1340,112,9,11.78,2023Q3
1340,112,12,11.38,2023Q4
1340,113,3,10.4,2024Q1
1340,113,6,10.01,2024Q2
1340,113,9,10.18,2024Q3
1340,113,12,9.51,2024Q4
1340,114,3,8.82,2025Q1
1402,105,3,27.0,2016Q1
1402,105,6,23.13,2016Q2
1402,105,9,23.84,2016Q3
1402,105,12,24.4,2016Q4
1402,106,3,26.91,2017Q1
1402,106,6,24.17,2017Q2
1402,106,9,24.49,2017Q3
1402,106,12,25.81,2017Q4
1402,107,3,26.01,2018Q1
1402,107,6,29.06,2018Q2
1402,107,9,35.67,2018Q3
1402,107,12,28.33,2018Q4
1402,108,3,30.39,2019Q1
1402,108,6,33.17,2019Q2
1402,108,9,28.97,2019Q3
1402,108,12,29.78,2019Q4
1402,109,3,23.63,2020Q1
1402,109,6,27.77,2020Q2
1402,109,9,26.19,2020Q3
1402,109,12,27.94,2020Q4
1402,110,3,29.35,2021Q1
1402,110,6,31.67,2021Q2
1402,110,9,29.47,2021Q3
1402,110,12,28.46,2021Q4
1402,111,3,30.23,2022Q1
1402,111,6,31.23,2022Q2
1402,111,9,32.31,2022Q3
1402,111,12,32.25,2022Q4
1402,112,3,31.44,2023Q1
1402,112,6,32.83,2023Q2
1402,112,9,28.97,2023Q3
1402,112,12,31.15,2023Q4
1402,113,3,32.46,2024Q1
1402,113,6,35.19,2024Q2
1402,113,9,36.49,2024Q3
1402,113,12,32.18,2024Q4
1402,114,3,33.41,2025Q1
1410,105,3,24.3,2016Q1
1410,105,6,24.38,2016Q2
1410,105,9,24.34,2016Q3
1410,105,12,24.43,2016Q4
1410,106,3,26.1,2017Q1
1410,106,6,24.62,2017Q2
1410,106,9,24.26,2017Q3
1410,106,12,23.47,2017Q4
1410,107,3,23.45,2018Q1
1410,107,6,24.22,2018Q2
1410,107,9,24.12,2018Q3
1410,107,12,24.12,2018Q4
1410,108,3,25.31,2019Q1
1410,108,6,27.33,2019Q2
1410,108,9,26.31,2019Q3
1410,108,12,31.4,2019Q4
1410,109,3,28.01,2020Q1
1410,109,6,32.13,2020Q2
1410,109,9,34.16,2020Q3
1410,109,12,33.86,2020Q4
1410,110,3,33.84,2021Q1
1410,110,6,34.92,2021Q2
1410,110,9,34.84,2021Q3
1410,110,12,37.31,2021Q4
1410,111,3,37.04,2022Q1
1410,111,6,35.25,2022Q2
1410,111,9,41.48,2022Q3
1410,111,12,43.22,2022Q4
1410,112,3,39.32,2023Q1
1410,112,6,39.42,2023Q2
1410,112,9,37.6,2023Q3
1410,112,12,37.69,2023Q4
1410,113,3,36.42,2024Q1
1410,113,6,37.62,2024Q2
1410,113,9,36.97,2024Q3
1410,113,12,36.34,2024Q4
1410,114,3,35.89,2025Q1
1413,105,3,7.17,2016Q1
1413,105,6,6.55,2016Q2
1413,105,9,6.32,2016Q3
1413,105,12,5.92,2016Q4
1413,106,3,5.91,2017Q1
1413,106,6,6.34,2017Q2
1413,106,9,7.92,2017Q3
1413,106,12,9.26,2017Q4
1413,107,3,10.1,2018Q1
1413,107,6,13.53,2018Q2
1413,107,9,13.09,2018Q3
1413,107,12,11.25,2018Q4
1413,108,3,12.84,2019Q1
1413,108,6,12.27,2019Q2
1413,108,9,11.06,2019Q3
1413,108,12,9.59,2019Q4
1413,109,3,7.24,2020Q1
1413,109,6,8.53,2020Q2
1413,109,9,8.99,2020Q3
1413,109,12,8.84,2020Q4
1413,110,3,8.49,2021Q1
1413,110,6,11.99,2021Q2
1413,110,9,10.31,2021Q3
1413,110,12,10.47,2021Q4
1413,111,3,10.69,2022Q1
1413,111,6,9.95,2022Q2
1413,111,9,11.09,2022Q3
1413,111,12,9.57,2022Q4
1413,106,3,5.91,2017Q1
1413,106,6,6.34,2017Q2
1413,106,9,7.92,2017Q3
1413,106,12,9.26,2017Q4
1413,113,3,9.01,2024Q1
1413,113,6,10.96,2024Q2
1413,113,9,9.96,2024Q3
1413,113,12,11.14,2024Q4
1413,114,3,12.07,2025Q1
1414,105,3,6.42,2016Q1
1414,105,6,5.94,2016Q2
1414,105,9,5.98,2016Q3
1414,105,12,6.32,2016Q4
1414,106,3,6.6,2017Q1
1414,106,6,6.63,2017Q2
1414,106,9,6.33,2017Q3
1414,106,12,7.33,2017Q4
1414,107,3,7.67,2018Q1
1414,107,6,7.96,2018Q2
1414,107,9,7.73,2018Q3
1414,107,12,7.15,2018Q4
1414,108,3,7.25,2019Q1
1414,108,6,6.86,2019Q2
1414,108,9,7.03,2019Q3
1414,108,12,7.15,2019Q4
1414,109,3,5.78,2020Q1
1414,109,6,7.24,2020Q2
1414,109,9,8.58,2020Q3
1414,109,12,14.49,2020Q4
1414,110,3,14.1,2021Q1
1414,110,6,18.54,2021Q2
1414,110,9,16.29,2021Q3
1414,110,12,19.46,2021Q4
1414,111,3,17.93,2022Q1
1414,111,6,17.53,2022Q2
1414,111,9,17.51,2022Q3
1414,111,12,17.48,2022Q4
1414,112,3,17.79,2023Q1
1414,112,6,17.58,2023Q2
1414,112,9,17.58,2023Q3
1414,112,12,17.63,2023Q4
1414,113,3,19.07,2024Q1
1414,113,6,22.05,2024Q2
1414,113,9,22.73,2024Q3
1414,113,12,24.39,2024Q4
1414,114,3,21.72,2025Q1
1416,105,3,18.69,2016Q1
1416,105,6,19.28,2016Q2
1416,105,9,22.46,2016Q3
1416,105,12,25.13,2016Q4
1416,106,3,28.49,2017Q1
1416,106,6,27.91,2017Q2
1416,106,9,21.44,2017Q3
1416,106,12,16.73,2017Q4
1416,107,3,16.15,2018Q1
1416,107,6,17.78,2018Q2
1416,107,9,15.1,2018Q3
1416,107,12,14.37,2018Q4
1416,108,3,14.97,2019Q1
1416,108,6,15.48,2019Q2
1416,108,9,14.01,2019Q3
1416,108,12,13.46,2019Q4
1416,109,3,12.25,2020Q1
1416,109,6,13.62,2020Q2
1416,109,9,14.11,2020Q3
1416,109,12,11.84,2020Q4
1416,110,3,11.08,2021Q1
1416,110,6,11.24,2021Q2
1416,110,9,10.71,2021Q3
1416,110,12,11.18,2021Q4
1416,111,3,11.65,2022Q1
1416,111,6,11.06,2022Q2
1416,111,9,10.65,2022Q3
1416,111,12,10.35,2022Q4
1416,112,3,10.97,2023Q1
1416,112,6,11.94,2023Q2
1416,112,9,10.29,2023Q3
1416,112,12,11.64,2023Q4
1416,113,3,12.95,2024Q1
1416,113,6,12.58,2024Q2
1416,113,9,12.67,2024Q3
1416,113,12,13.13,2024Q4
1416,114,3,12.66,2025Q1
1417,105,3,5.48,2016Q1
1417,105,6,4.51,2016Q2
1417,105,9,5.39,2016Q3
1417,105,12,5.34,2016Q4
1417,106,3,5.64,2017Q1
1417,106,6,4.89,2017Q2
1417,106,9,4.89,2017Q3
1417,106,12,4.69,2017Q4
1417,107,3,4.61,2018Q1
1417,107,6,6.53,2018Q2
1417,107,9,5.0,2018Q3
1417,107,12,5.28,2018Q4
1417,108,3,5.65,2019Q1
1417,108,6,6.09,2019Q2
1417,108,9,9.34,2019Q3
1417,108,12,10.34,2019Q4
1417,109,3,8.26,2020Q1
1417,109,6,9.44,2020Q2
1417,109,9,11.94,2020Q3
1417,109,12,11.2,2020Q4
1417,110,3,11.86,2021Q1
1417,110,6,16.22,2021Q2
1417,110,9,14.16,2021Q3
1417,110,12,14.58,2021Q4
1417,111,3,13.64,2022Q1
1417,111,6,10.83,2022Q2
1417,111,9,10.64,2022Q3
1417,111,12,14.86,2022Q4
1417,112,3,13.68,2023Q1
1417,112,6,13.96,2023Q2
1417,112,9,13.31,2023Q3
1417,112,12,11.99,2023Q4
1417,113,3,11.52,2024Q1
1417,113,6,11.32,2024Q2
1417,113,9,10.43,2024Q3
1417,113,12,9.87,2024Q4
1417,114,3,9.27,2025Q1
1418,105,3,5.57,2016Q1
1418,105,6,4.48,2016Q2
1418,105,9,4.46,2016Q3
1418,105,12,5.74,2016Q4
1418,106,3,6.28,2017Q1
1418,106,6,6.03,2017Q2
1418,106,9,4.7,2017Q3
1418,106,12,7.89,2017Q4
1418,107,3,9.47,2018Q1
1418,107,6,10.26,2018Q2
1418,107,9,7.97,2018Q3
1418,107,12,6.76,2018Q4
1418,108,3,8.46,2019Q1
1418,108,6,7.51,2019Q2
1418,108,9,6.8,2019Q3
1418,108,12,5.82,2019Q4
1418,109,3,6.02,2020Q1
1418,109,6,5.76,2020Q2
1418,109,9,7.88,2020Q3
1418,109,12,7.21,2020Q4
1418,110,3,7.09,2021Q1
1418,110,6,11.03,2021Q2
1418,110,9,11.07,2021Q3
1418,110,12,11.34,2021Q4
1418,111,3,15.76,2022Q1
1418,111,6,16.85,2022Q2
1418,111,9,15.03,2022Q3
1418,111,12,14.17,2022Q4
1418,112,3,14.07,2023Q1
1418,112,6,21.06,2023Q2
1418,112,9,23.51,2023Q3
1418,112,12,20.78,2023Q4
1418,113,3,32.92,2024Q1
1418,113,6,35.71,2024Q2
1418,113,9,33.14,2024Q3
1418,113,12,28.92,2024Q4
1418,114,3,26.89,2025Q1
1419,105,3,36.2,2016Q1
1419,105,6,41.76,2016Q2
1419,105,9,39.82,2016Q3
1419,105,12,39.49,2016Q4
1419,106,3,40.01,2017Q1
1419,106,6,40.73,2017Q2
1419,106,9,41.79,2017Q3
1419,106,12,44.09,2017Q4
1419,107,3,47.6,2018Q1
1419,107,6,47.45,2018Q2
1419,107,9,44.06,2018Q3
1419,107,12,42.28,2018Q4
1419,108,3,42.27,2019Q1
1419,108,6,42.79,2019Q2
1419,108,9,41.84,2019Q3
1419,108,12,42.31,2019Q4
1419,109,3,38.41,2020Q1
1419,109,6,44.72,2020Q2
1419,109,9,44.48,2020Q3
1419,109,12,42.31,2020Q4
1419,110,3,40.63,2021Q1
1419,110,6,40.58,2021Q2
1419,110,9,41.35,2021Q3
1419,110,12,42.93,2021Q4
1419,111,3,42.33,2022Q1
1419,111,6,41.7,2022Q2
1419,111,9,39.67,2022Q3
1419,111,12,40.07,2022Q4
1419,112,3,41.37,2023Q1
1419,112,6,44.72,2023Q2
1419,112,9,43.0,2023Q3
1419,112,12,46.97,2023Q4
1419,113,3,45.19,2024Q1
1419,113,6,48.26,2024Q2
1419,113,9,47.06,2024Q3
1419,113,12,44.68,2024Q4
1419,114,3,43.67,2025Q1
1423,105,3,6.71,2016Q1
1423,105,6,6.29,2016Q2
1423,105,9,6.64,2016Q3
1423,105,12,6.84,2016Q4
1423,106,3,7.44,2017Q1
1423,106,6,6.95,2017Q2
1423,106,9,7.4,2017Q3
1423,106,12,8.35,2017Q4
1423,107,3,9.45,2018Q1
1423,107,6,10.08,2018Q2
1423,107,9,10.21,2018Q3
1423,107,12,10.44,2018Q4
1423,108,3,10.3,2019Q1
1423,108,6,10.35,2019Q2
1423,108,9,10.42,2019Q3
1423,108,12,10.36,2019Q4
1423,109,3,9.62,2020Q1
1423,109,6,14.93,2020Q2
1423,109,9,14.85,2020Q3
1423,109,12,15.43,2020Q4
1423,110,3,21.19,2021Q1
1423,110,6,21.79,2021Q2
1423,110,9,18.14,2021Q3
1423,110,12,19.72,2021Q4
1423,111,3,19.87,2022Q1
1423,111,6,19.54,2022Q2
1423,111,9,19.4,2022Q3
1423,111,12,20.11,2022Q4
1423,112,3,20.67,2023Q1
1423,112,6,22.98,2023Q2
1423,112,9,23.64,2023Q3
1423,112,12,31.01,2023Q4
1423,113,3,31.07,2024Q1
1423,113,6,41.52,2024Q2
1423,113,9,44.89,2024Q3
1423,113,12,36.87,2024Q4
1423,114,3,37.05,2025Q1
1432,105,3,22.61,2016Q1
1432,105,6,21.44,2016Q2
1432,105,9,18.73,2016Q3
1432,105,12,16.84,2016Q4
1432,106,3,15.49,2017Q1
1432,106,6,14.88,2017Q2
1432,106,9,14.38,2017Q3
1432,106,12,13.35,2017Q4
1432,107,3,11.67,2018Q1
1432,107,6,10.23,2018Q2
1432,107,9,8.8,2018Q3
1432,107,12,10.11,2018Q4
1432,108,3,9.07,2019Q1
1432,108,6,7.23,2019Q2
1432,108,9,7.13,2019Q3
1432,108,12,6.72,2019Q4
1432,109,3,4.55,2020Q1
1432,109,6,6.27,2020Q2
1432,109,9,11.26,2020Q3
1432,109,12,15.22,2020Q4
1432,110,3,15.52,2021Q1
1432,110,6,13.77,2021Q2
1432,110,9,13.6,2021Q3
1432,110,12,12.08,2021Q4
1432,111,3,15.8,2022Q1
1432,111,6,12.87,2022Q2
1432,111,9,12.55,2022Q3
1432,111,12,12.02,2022Q4
1432,112,3,18.69,2023Q1
1432,112,6,18.73,2023Q2
1432,112,9,16.74,2023Q3
1432,112,12,18.17,2023Q4
1432,113,3,20.86,2024Q1
1432,113,6,17.73,2024Q2
1432,113,9,18.21,2024Q3
1432,113,12,20.08,2024Q4
1432,114,3,19.12,2025Q1
1434,105,3,31.47,2016Q1
1434,105,6,31.02,2016Q2
1434,105,9,29.93,2016Q3
1434,105,12,29.58,2016Q4
1434,106,3,31.78,2017Q1
1434,106,6,30.61,2017Q2
1434,106,9,30.66,2017Q3
1434,106,12,30.66,2017Q4
1434,107,3,31.55,2018Q1
1434,107,6,34.31,2018Q2
1434,107,9,35.95,2018Q3
1434,107,12,34.64,2018Q4
1434,108,3,36.29,2019Q1
1434,108,6,38.93,2019Q2
1434,108,9,34.42,2019Q3
1434,108,12,34.08,2019Q4
1434,109,3,30.42,2020Q1
1434,109,6,38.08,2020Q2
1434,109,9,32.33,2020Q3
1434,109,12,30.6,2020Q4
1434,110,3,30.62,2021Q1
1434,110,6,31.83,2021Q2
1434,110,9,29.83,2021Q3
1434,110,12,28.58,2021Q4
1434,111,3,28.16,2022Q1
1434,111,6,26.48,2022Q2
1434,111,9,27.16,2022Q3
1434,111,12,26.49,2022Q4
1434,112,3,27.83,2023Q1
1434,112,6,28.03,2023Q2
1434,112,9,25.58,2023Q3
1434,112,12,25.33,2023Q4
1434,113,3,22.6,2024Q1
1434,113,6,22.62,2024Q2
1434,113,9,19.91,2024Q3
1434,113,12,19.25,2024Q4
1434,114,3,19.15,2025Q1
1435,105,3,4.83,2016Q1
1435,105,6,4.17,2016Q2
1435,105,9,4.4,2016Q3
1435,105,12,4.19,2016Q4
1435,106,3,6.21,2017Q1
1435,106,6,5.5,2017Q2
1435,106,9,5.48,2017Q3
1435,106,12,5.32,2017Q4
1435,107,3,5.58,2018Q1
1435,107,6,5.54,2018Q2
1435,107,9,5.45,2018Q3
1435,107,12,5.51,2018Q4
1435,108,3,5.5,2019Q1
1435,108,6,5.35,2019Q2
1435,108,9,5.72,2019Q3
1435,108,12,7.07,2019Q4
1435,109,3,8.15,2020Q1
1435,109,6,8.62,2020Q2
1435,109,9,12.64,2020Q3
1435,109,12,23.29,2020Q4
1435,110,3,25.23,2021Q1
1435,110,6,19.86,2021Q2
1435,110,9,22.09,2021Q3
1435,110,12,28.69,2021Q4
1435,111,3,59.05,2022Q1
1435,111,6,54.47,2022Q2
1435,112,3,34.39,2023Q1
1435,112,9,40.24,2023Q3
1435,112,12,44.35,2023Q4
1435,113,3,49.54,2024Q1
1435,113,6,47.54,2024Q2
1435,113,9,45.45,2024Q3
1435,113,12,34.18,2024Q4
1435,114,3,40.56,2025Q1
1436,105,3,40.03,2016Q1
1436,105,6,39.79,2016Q2
1436,105,9,40.25,2016Q3
1436,105,12,39.27,2016Q4
1436,106,3,38.38,2017Q1
1436,106,6,38.11,2017Q2
1436,106,9,37.92,2017Q3
1436,106,12,39.95,2017Q4
1436,107,3,39.93,2018Q1
1436,107,6,39.61,2018Q2
1436,107,9,37.3,2018Q3
1436,107,12,36.93,2018Q4
1436,108,3,39.95,2019Q1
1436,108,6,40.81,2019Q2
1436,108,9,35.87,2019Q3
1436,108,12,38.49,2019Q4
1436,109,3,37.39,2020Q1
1436,109,6,38.49,2020Q2
1436,109,9,37.23,2020Q3
1436,109,12,38.74,2020Q4
1436,110,3,39.22,2021Q1
1436,110,6,39.74,2021Q2
1436,110,9,48.31,2021Q3
1436,110,12,53.8,2021Q4
1436,111,3,60.21,2022Q1
1436,111,6,65.96,2022Q2
1436,111,9,56.33,2022Q3
1436,111,12,56.27,2022Q4
1436,112,3,56.34,2023Q1
1436,112,6,60.78,2023Q2
1436,112,9,65.42,2023Q3
1436,112,12,78.9,2023Q4
1436,113,3,104.15,2024Q1
1436,113,6,155.81,2024Q2
1436,113,9,146.08,2024Q3
1436,113,12,123.8,2024Q4
1436,114,3,138.23,2025Q1
1437,105,3,12.38,2016Q1
1437,105,6,14.42,2016Q2
1437,105,9,15.01,2016Q3
1437,105,12,16.16,2016Q4
1437,106,3,18.81,2017Q1
1437,106,6,18.01,2017Q2
1437,106,9,17.44,2017Q3
1437,106,12,17.45,2017Q4
1437,107,3,17.83,2018Q1
1437,107,6,20.1,2018Q2
1437,107,9,18.43,2018Q3
1437,107,12,17.92,2018Q4
1437,108,3,18.71,2019Q1
1437,108,6,21.04,2019Q2
1437,108,9,22.77,2019Q3
1437,108,12,25.22,2019Q4
1437,109,3,19.37,2020Q1
1437,109,6,21.89,2020Q2
1437,109,9,22.93,2020Q3
1437,109,12,24.08,2020Q4
1437,110,3,23.82,2021Q1
1437,110,6,25.16,2021Q2
1437,110,9,24.8,2021Q3
1437,110,12,25.56,2021Q4
1437,111,3,28.33,2022Q1
1437,111,6,25.13,2022Q2
1437,111,9,24.92,2022Q3
1437,111,12,26.27,2022Q4
1437,112,3,29.3,2023Q1
1437,112,6,29.09,2023Q2
1437,112,9,28.41,2023Q3
1437,112,12,30.14,2023Q4
1437,113,3,31.65,2024Q1
1437,113,6,37.99,2024Q2
1437,113,9,35.33,2024Q3
1437,113,12,33.67,2024Q4
1437,114,3,34.25,2025Q1
1438,105,3,4.39,2016Q1
1438,105,6,4.06,2016Q2
1438,105,9,4.13,2016Q3
1438,105,12,3.95,2016Q4
1438,106,3,4.93,2017Q1
1438,106,6,5.01,2017Q2
1438,106,9,4.99,2017Q3
1438,106,12,5.05,2017Q4
1438,107,3,6.97,2018Q1
1438,107,6,7.59,2018Q2
1438,107,9,7.62,2018Q3
1438,107,12,7.64,2018Q4
1438,108,3,9.51,2019Q1
1438,108,6,10.55,2019Q2
1438,108,9,12.95,2019Q3
1438,108,12,13.19,2019Q4
1438,109,3,10.69,2020Q1
1438,109,6,12.51,2020Q2
1438,109,9,14.06,2020Q3
1438,109,12,12.35,2020Q4
1438,110,3,19.11,2021Q1
1438,110,6,30.36,2021Q2
1438,110,9,31.22,2021Q3
1438,110,12,30.37,2021Q4
1438,111,3,30.53,2022Q1
1438,111,6,31.34,2022Q2
1438,111,9,32.25,2022Q3
1438,111,12,31.76,2022Q4
1438,112,3,35.17,2023Q1
1438,112,6,30.51,2023Q2
1438,112,9,30.06,2023Q3
1438,112,12,31.6,2023Q4
1438,113,3,44.41,2024Q1
1438,113,6,60.99,2024Q2
1438,113,9,69.66,2024Q3
1438,113,12,55.87,2024Q4
1438,114,3,49.08,2025Q1
1439,105,3,13.54,2016Q1
1439,105,6,13.02,2016Q2
1439,105,9,17.75,2016Q3
1439,105,12,16.13,2016Q4
1439,106,3,24.08,2017Q1
1439,106,6,22.05,2017Q2
1439,106,9,20.27,2017Q3
1439,106,12,20.13,2017Q4
1439,107,3,26.07,2018Q1
1439,107,6,41.58,2018Q2
1439,107,9,28.27,2018Q3
1439,107,12,35.16,2018Q4
1439,108,3,30.3,2019Q1
1439,108,6,31.44,2019Q2
1439,108,9,29.66,2019Q3
1439,108,12,33.3,2019Q4
1439,109,3,31.08,2020Q1
1439,109,6,37.2,2020Q2
1439,109,9,28.88,2020Q3
1439,109,12,28.25,2020Q4
1439,110,3,25.92,2021Q1
1439,110,6,24.87,2021Q2
1439,110,9,22.57,2021Q3
1439,110,12,23.76,2021Q4
1439,111,3,22.83,2022Q1
1439,111,6,19.94,2022Q2
1439,111,9,19.75,2022Q3
1439,111,12,21.48,2022Q4
1439,112,3,24.99,2023Q1
1439,112,6,22.47,2023Q2
1439,112,9,23.3,2023Q3
1439,112,12,24.68,2023Q4
1439,113,3,26.59,2024Q1
1439,113,6,28.93,2024Q2
1439,113,9,32.6,2024Q3
1439,113,12,31.76,2024Q4
1439,114,3,32.21,2025Q1
1440,105,3,13.94,2016Q1
1440,105,6,12.4,2016Q2
1440,105,9,12.5,2016Q3
1440,105,12,12.41,2016Q4
1440,106,3,14.99,2017Q1
1440,106,6,13.22,2017Q2
1440,106,9,13.78,2017Q3
1440,106,12,13.58,2017Q4
1440,107,3,13.27,2018Q1
1440,107,6,14.63,2018Q2
1440,107,9,13.34,2018Q3
1440,107,12,12.27,2018Q4
1440,108,3,12.27,2019Q1
1440,108,6,12.18,2019Q2
1440,108,9,11.45,2019Q3
1440,108,12,10.52,2019Q4
1440,109,3,8.49,2020Q1
1440,109,6,12.53,2020Q2
1440,109,9,12.3,2020Q3
1440,109,12,15.06,2020Q4
1440,110,3,17.95,2021Q1
1440,110,6,28.98,2021Q2
1440,110,9,23.7,2021Q3
1440,110,12,25.84,2021Q4
1440,111,3,23.19,2022Q1
1440,111,6,20.11,2022Q2
1440,111,9,17.7,2022Q3
1440,111,12,17.3,2022Q4
1440,112,3,17.29,2023Q1
1440,112,6,16.45,2023Q2
1440,112,9,14.96,2023Q3
1440,112,12,16.39,2023Q4
1440,113,3,15.21,2024Q1
1440,113,6,18.0,2024Q2
1440,113,9,15.81,2024Q3
1440,113,12,14.76,2024Q4
1440,114,3,14.33,2025Q1
1441,105,3,7.17,2016Q1
1441,105,6,7.77,2016Q2
1441,105,9,7.36,2016Q3
1441,105,12,6.23,2016Q4
1441,106,3,7.16,2017Q1
1441,106,6,7.92,2017Q2
1441,106,9,7.38,2017Q3
1441,106,12,6.83,2017Q4
1441,107,3,13.01,2018Q1
1441,107,6,15.34,2018Q2
1441,107,9,13.21,2018Q3
1441,107,12,13.16,2018Q4
1441,108,3,14.32,2019Q1
1441,108,6,14.66,2019Q2
1441,108,9,9.5,2019Q3
1441,108,12,9.6,2019Q4
1441,109,3,6.71,2020Q1
1441,109,6,7.98,2020Q2
1441,109,9,9.09,2020Q3
1441,109,12,8.42,2020Q4
1441,110,3,8.24,2021Q1
1441,110,6,11.78,2021Q2
1441,110,9,9.51,2021Q3
1441,110,12,9.34,2021Q4
1441,111,3,8.52,2022Q1
1441,111,6,8.13,2022Q2
1441,111,9,8.07,2022Q3
1441,111,12,7.91,2022Q4
1441,112,3,8.13,2023Q1
1441,112,6,8.11,2023Q2
1441,112,9,13.1,2023Q3
1441,112,12,13.99,2023Q4
1441,113,3,13.77,2024Q1
1441,113,6,13.5,2024Q2
1441,113,9,16.21,2024Q3
1441,113,12,14.11,2024Q4
1441,114,3,13.59,2025Q1
1442,105,3,18.65,2016Q1
1442,105,6,20.38,2016Q2
1442,105,9,19.95,2016Q3
1442,105,12,17.86,2016Q4
1442,106,3,19.39,2017Q1
1442,106,6,22.02,2017Q2
1442,106,9,19.97,2017Q3
1442,106,12,18.43,2017Q4
1442,107,3,19.17,2018Q1
1442,107,6,19.82,2018Q2
1442,107,9,16.75,2018Q3
1442,107,12,15.66,2018Q4
1442,108,3,15.51,2019Q1
1442,108,6,16.59,2019Q2
1442,108,9,16.11,2019Q3
1442,108,12,19.05,2019Q4
1442,109,3,15.45,2020Q1
1442,109,6,17.79,2020Q2
1442,109,9,19.28,2020Q3
1442,109,12,17.9,2020Q4
1442,110,3,18.2,2021Q1
1442,110,6,18.9,2021Q2
1442,110,9,22.01,2021Q3
1442,110,12,22.69,2021Q4
1442,111,3,22.99,2022Q1
1442,111,6,22.27,2022Q2
1442,111,9,28.63,2022Q3
1442,111,12,36.37,2022Q4
1442,112,3,32.71,2023Q1
1442,112,6,32.16,2023Q2
1442,112,9,35.3,2023Q3
1442,112,12,38.25,2023Q4
1442,113,3,41.69,2024Q1
1442,113,6,62.1,2024Q2
1442,113,9,68.77,2024Q3
1442,113,12,75.27,2024Q4
1442,114,3,80.73,2025Q1
1443,105,3,5.19,2016Q1
1443,105,6,4.78,2016Q2
1443,105,9,4.7,2016Q3
1443,105,12,4.51,2016Q4
1443,106,3,6.14,2017Q1
1443,106,6,5.71,2017Q2
1443,106,9,5.87,2017Q3
1443,106,12,5.2,2017Q4
1443,107,3,5.75,2018Q1
1443,107,6,6.16,2018Q2
1443,107,9,7.0,2018Q3
1443,107,12,6.79,2018Q4
1443,108,3,7.04,2019Q1
1443,108,6,7.93,2019Q2
1443,108,9,9.44,2019Q3
1443,108,12,9.73,2019Q4
1443,109,3,8.76,2020Q1
1443,109,6,9.07,2020Q2
1443,109,9,8.85,2020Q3
1443,109,12,10.86,2020Q4
1443,110,3,11.11,2021Q1
1443,110,6,16.06,2021Q2
1443,110,9,15.06,2021Q3
1443,110,12,16.8,2021Q4
1443,111,3,15.88,2022Q1
1443,111,6,16.6,2022Q2
1443,111,9,20.11,2022Q3
1443,111,12,21.04,2022Q4
1443,112,3,30.23,2023Q1
1443,112,6,28.94,2023Q2
1443,112,9,28.26,2023Q3
1443,112,12,28.57,2023Q4
1443,113,3,28.46,2024Q1
1443,113,6,31.53,2024Q2
1443,113,9,32.09,2024Q3
1443,113,12,31.85,2024Q4
1443,114,3,30.35,2025Q1
1444,105,3,9.76,2016Q1
1444,105,6,8.74,2016Q2
1444,105,9,8.51,2016Q3
1444,105,12,8.44,2016Q4
1444,106,3,8.43,2017Q1
1444,106,6,8.04,2017Q2
1444,106,9,10.99,2017Q3
1444,106,12,11.69,2017Q4
1444,107,3,11.18,2018Q1
1444,107,6,11.28,2018Q2
1444,107,9,11.08,2018Q3
1444,107,12,10.31,2018Q4
1444,108,3,10.04,2019Q1
1444,108,6,9.99,2019Q2
1444,108,9,9.25,2019Q3
1444,108,12,9.44,2019Q4
1444,109,3,7.26,2020Q1
1444,109,6,7.69,2020Q2
1444,109,9,12.07,2020Q3
1444,109,12,13.1,2020Q4
1444,110,3,12.04,2021Q1
1444,110,6,12.85,2021Q2
1444,110,9,11.88,2021Q3
1444,110,12,11.12,2021Q4
1444,111,3,10.47,2022Q1
1444,111,6,10.56,2022Q2
1444,111,9,11.52,2022Q3
1444,111,12,10.45,2022Q4
1444,112,3,10.55,2023Q1
1444,112,6,11.1,2023Q2
1444,112,9,10.75,2023Q3
1444,112,12,10.52,2023Q4
1444,113,3,9.6,2024Q1
1444,113,6,9.78,2024Q2
1444,113,9,9.23,2024Q3
1444,113,12,9.2,2024Q4
1444,114,3,8.31,2025Q1
1445,105,3,9.53,2016Q1
1445,105,6,9.64,2016Q2
1445,105,9,9.42,2016Q3
1445,105,12,9.33,2016Q4
1445,106,3,9.25,2017Q1
1445,106,6,8.79,2017Q2
1445,106,9,8.54,2017Q3
1445,106,12,8.32,2017Q4
1445,107,3,8.42,2018Q1
1445,107,6,8.18,2018Q2
1445,107,9,7.89,2018Q3
1445,107,12,8.02,2018Q4
1445,108,3,7.84,2019Q1
1445,108,6,7.64,2019Q2
1445,108,9,7.07,2019Q3
1445,108,12,7.04,2019Q4
1445,109,3,6.73,2020Q1
1445,109,6,9.12,2020Q2
1445,109,9,9.25,2020Q3
1445,109,12,11.56,2020Q4
1445,110,3,13.07,2021Q1
1445,110,6,12.25,2021Q2
1445,110,9,12.28,2021Q3
1445,110,12,15.56,2021Q4
1445,111,3,15.99,2022Q1
1445,111,6,15.48,2022Q2
1445,111,9,16.07,2022Q3
1445,111,12,16.04,2022Q4
1445,112,3,16.13,2023Q1
1445,112,6,21.15,2023Q2
1445,112,9,21.1,2023Q3
1445,112,12,21.15,2023Q4
1445,113,3,23.42,2024Q1
1445,113,6,22.23,2024Q2
1445,113,9,19.16,2024Q3
1445,113,12,16.96,2024Q4
1445,114,3,16.83,2025Q1
1446,105,3,20.93,2016Q1
1446,105,6,18.51,2016Q2
1446,105,9,18.14,2016Q3
1446,105,12,17.76,2016Q4
1446,106,3,21.27,2017Q1
1446,106,6,24.01,2017Q2
1446,106,9,21.63,2017Q3
1446,106,12,21.36,2017Q4
1446,107,3,22.89,2018Q1
1446,107,6,24.81,2018Q2
1446,107,9,26.25,2018Q3
1446,107,12,24.04,2018Q4
1446,108,3,25.88,2019Q1
1446,108,6,29.63,2019Q2
1446,108,9,31.38,2019Q3
1446,108,12,36.05,2019Q4
1446,109,3,24.52,2020Q1
1446,109,6,29.52,2020Q2
1446,109,9,32.49,2020Q3
1446,109,12,30.64,2020Q4
1446,110,3,30.19,2021Q1
1446,110,6,33.69,2021Q2
1446,110,9,31.9,2021Q3
1446,110,12,33.89,2021Q4
1446,111,3,31.49,2022Q1
1446,111,6,32.77,2022Q2
1446,111,9,36.26,2022Q3
1446,111,12,30.33,2022Q4
1446,112,3,32.03,2023Q1
1446,112,6,35.36,2023Q2
1446,112,9,38.6,2023Q3
1446,112,12,37.6,2023Q4
1446,113,3,34.59,2024Q1
1446,113,6,55.64,2024Q2
1446,113,9,47.28,2024Q3
1446,113,12,48.7,2024Q4
1446,114,3,36.92,2025Q1
1447,105,3,8.78,2016Q1
1447,105,6,6.95,2016Q2
1447,105,9,7.64,2016Q3
1447,105,12,8.39,2016Q4
1447,106,3,8.59,2017Q1
1447,106,6,7.99,2017Q2
1447,106,9,8.3,2017Q3
1447,106,12,8.89,2017Q4
1447,107,3,8.12,2018Q1
1447,107,6,8.45,2018Q2
1447,107,9,9.29,2018Q3
1447,107,12,8.12,2018Q4
1447,108,3,7.81,2019Q1
1447,108,6,7.49,2019Q2
1447,108,9,7.03,2019Q3
1447,108,12,7.04,2019Q4
1447,109,3,5.48,2020Q1
1447,109,6,6.7,2020Q2
1447,109,9,7.11,2020Q3
1447,109,12,8.85,2020Q4
1447,110,3,9.75,2021Q1
1447,110,6,12.9,2021Q2
1447,110,9,11.0,2021Q3
1447,110,12,10.21,2021Q4
1447,111,3,9.28,2022Q1
1447,111,6,8.12,2022Q2
1447,111,9,8.89,2022Q3
1447,111,12,7.87,2022Q4
1447,112,3,8.17,2023Q1
1447,112,6,7.97,2023Q2
1447,112,9,7.52,2023Q3
1447,112,12,8.06,2023Q4
1447,113,3,8.21,2024Q1
1447,113,6,10.1,2024Q2
1447,113,9,8.59,2024Q3
1447,113,12,7.47,2024Q4
1447,114,3,7.12,2025Q1
1449,105,3,5.15,2016Q1
1449,105,6,3.8,2016Q2
1449,105,9,4.47,2016Q3
1449,105,12,4.1,2016Q4
1449,106,3,5.4,2017Q1
1449,106,6,5.5,2017Q2
1449,106,9,5.31,2017Q3
1449,106,12,5.46,2017Q4
1449,107,3,6.12,2018Q1
1449,107,6,5.57,2018Q2
1449,107,9,4.86,2018Q3
1449,107,12,4.99,2018Q4
1449,108,3,4.73,2019Q1
1449,108,6,4.5,2019Q2
1449,108,9,4.64,2019Q3
1449,108,12,11.97,2019Q4
1449,109,3,11.57,2020Q1
1449,109,6,18.02,2020Q2
1449,109,9,17.65,2020Q3
1449,109,12,29.41,2020Q4
1449,110,3,22.19,2021Q1
1449,110,6,16.71,2021Q2
1449,110,9,15.7,2021Q3
1449,110,12,15.05,2021Q4
1449,111,3,13.49,2022Q1
1449,111,6,10.96,2022Q2
1449,111,9,14.18,2022Q3
1449,111,12,16.28,2022Q4
1449,112,3,15.8,2023Q1
1449,112,6,20.5,2023Q2
1449,112,9,18.32,2023Q3
1449,112,12,22.03,2023Q4
1449,113,3,20.38,2024Q1
1449,113,6,18.99,2024Q2
1449,113,9,18.96,2024Q3
1449,113,12,25.36,2024Q4
1449,114,3,17.93,2025Q1
1451,105,3,24.06,2016Q1
1451,105,6,24.58,2016Q2
1451,105,9,23.69,2016Q3
1451,105,12,24.17,2016Q4
1451,106,3,27.04,2017Q1
1451,106,6,25.42,2017Q2
1451,106,9,23.37,2017Q3
1451,106,12,27.74,2017Q4
1451,107,3,24.22,2018Q1
1451,107,6,25.83,2018Q2
1451,107,9,24.35,2018Q3
1451,107,12,25.87,2018Q4
1451,108,3,27.87,2019Q1
1451,108,6,28.0,2019Q2
1451,108,9,23.17,2019Q3
1451,108,12,21.07,2019Q4
1451,109,3,16.56,2020Q1
1451,109,6,16.99,2020Q2
1451,109,9,16.65,2020Q3
1451,109,12,17.05,2020Q4
1451,110,3,16.64,2021Q1
1451,110,6,21.37,2021Q2
1451,110,9,20.69,2021Q3
1451,110,12,20.88,2021Q4
1451,111,3,20.17,2022Q1
1451,111,6,23.1,2022Q2
1451,111,9,24.89,2022Q3
1451,111,12,21.31,2022Q4
1451,112,3,23.0,2023Q1
1451,112,6,21.9,2023Q2
1451,112,9,18.98,2023Q3
1451,112,12,18.97,2023Q4
1451,113,3,19.05,2024Q1
1451,113,6,20.66,2024Q2
1451,113,9,19.94,2024Q3
1451,113,12,20.56,2024Q4
1451,114,3,22.02,2025Q1
1452,105,3,24.89,2016Q1
1452,105,6,19.7,2016Q2
1452,105,9,21.16,2016Q3
1452,105,12,21.72,2016Q4
1452,106,3,21.82,2017Q1
1452,106,6,25.15,2017Q2
1452,106,9,24.07,2017Q3
1452,106,12,22.0,2017Q4
1452,107,3,21.57,2018Q1
1452,107,6,20.61,2018Q2
1452,107,9,19.38,2018Q3
1452,107,12,17.29,2018Q4
1452,108,3,20.03,2019Q1
1452,108,6,20.83,2019Q2
1452,108,9,18.14,2019Q3
1452,108,12,18.46,2019Q4
1452,109,3,16.81,2020Q1
1452,109,6,17.46,2020Q2
1452,109,9,15.74,2020Q3
1452,109,12,17.37,2020Q4
1452,110,3,17.99,2021Q1
1452,110,6,26.4,2021Q2
1452,110,9,25.05,2021Q3
1452,110,12,24.02,2021Q4
1452,111,3,24.38,2022Q1
1452,111,6,21.92,2022Q2
1452,111,9,18.26,2022Q3
1452,111,12,17.63,2022Q4
1452,112,3,17.88,2023Q1
1452,112,6,17.62,2023Q2
1452,112,9,16.4,2023Q3
1452,112,12,17.13,2023Q4
1452,113,3,16.43,2024Q1
1452,113,6,17.09,2024Q2
1452,113,9,16.84,2024Q3
1452,113,12,15.75,2024Q4
1452,114,3,15.03,2025Q1
1453,105,3,8.67,2016Q1
1453,105,6,8.33,2016Q2
1453,105,9,8.07,2016Q3
1453,105,12,7.89,2016Q4
1453,106,3,7.95,2017Q1
1453,106,6,9.02,2017Q2
1453,106,9,8.24,2017Q3
1453,106,12,9.62,2017Q4
1453,107,3,10.14,2018Q1
1453,107,6,9.95,2018Q2
1453,107,9,8.99,2018Q3
1453,107,12,9.04,2018Q4
1453,108,3,9.39,2019Q1
1453,108,6,9.09,2019Q2
1453,108,9,7.98,2019Q3
1453,108,12,8.03,2019Q4
1453,109,3,6.67,2020Q1
1453,109,6,7.91,2020Q2
1453,109,9,8.73,2020Q3
1453,109,12,8.86,2020Q4
1453,110,3,8.45,2021Q1
1453,110,6,9.27,2021Q2
1453,110,9,8.61,2021Q3
1453,110,12,9.0,2021Q4
1453,111,3,9.55,2022Q1
1453,111,6,26.1,2022Q2
1453,111,9,19.14,2022Q3
1453,111,12,16.76,2022Q4
1453,112,3,16.5,2023Q1
1453,112,6,14.77,2023Q2
1453,112,9,13.37,2023Q3
1453,112,12,15.62,2023Q4
1453,113,3,15.13,2024Q1
1453,113,6,28.94,2024Q2
1453,113,9,18.95,2024Q3
1453,113,12,15.26,2024Q4
1453,114,3,17.4,2025Q1
1454,105,3,9.37,2016Q1
1454,105,6,8.56,2016Q2
1454,105,9,8.74,2016Q3
1454,105,12,8.5,2016Q4
1454,106,3,8.69,2017Q1
1454,106,6,8.39,2017Q2
1454,106,9,8.52,2017Q3
1454,106,12,8.42,2017Q4
1454,107,3,8.34,2018Q1
1454,107,6,8.2,2018Q2
1454,107,9,8.01,2018Q3
1454,107,12,8.31,2018Q4
1454,108,3,8.25,2019Q1
1454,108,6,7.96,2019Q2
1454,108,9,8.02,2019Q3
1454,108,12,7.79,2019Q4
1454,109,3,7.35,2020Q1
1454,109,6,8.39,2020Q2
1454,109,9,8.37,2020Q3
1454,109,12,8.74,2020Q4
1454,110,3,8.76,2021Q1
1454,110,6,10.38,2021Q2
1454,110,9,10.26,2021Q3
1454,110,12,13.85,2021Q4
1454,111,3,14.49,2022Q1
1454,111,6,16.99,2022Q2
1454,111,9,12.93,2022Q3
1454,111,12,13.14,2022Q4
1454,112,3,12.79,2023Q1
1454,112,6,16.8,2023Q2
1454,112,9,17.86,2023Q3
1454,112,12,16.81,2023Q4
1454,113,3,16.09,2024Q1
1454,113,6,16.85,2024Q2
1454,113,9,18.43,2024Q3
1454,113,12,15.53,2024Q4
1454,114,3,16.19,2025Q1
1218,105,3,13.7,2016Q1
1218,105,6,13.22,2016Q2
1218,105,9,15.53,2016Q3
1218,105,12,15.36,2016Q4
1218,106,3,15.22,2017Q1
1218,106,6,16.81,2017Q2
1218,106,9,18.16,2017Q3
1218,106,12,17.02,2017Q4
1218,107,3,17.32,2018Q1
1218,107,6,20.06,2018Q2
1218,107,9,19.54,2018Q3
1218,107,12,17.85,2018Q4
1218,108,3,18.36,2019Q1
1218,108,6,21.16,2019Q2
1218,108,9,19.91,2019Q3
1218,108,12,22.28,2019Q4
1218,109,3,22.66,2020Q1
1218,109,6,24.08,2020Q2
1218,109,9,21.36,2020Q3
1218,109,12,26.19,2020Q4
1218,110,3,29.49,2021Q1
1218,110,6,29.25,2021Q2
1218,110,9,28.61,2021Q3
1218,110,12,27.14,2021Q4
1218,111,3,27.67,2022Q1
1218,111,6,29.56,2022Q2
1218,111,9,34.6,2022Q3
1218,111,12,38.87,2022Q4
1218,112,3,29.38,2023Q1
1218,112,6,29.57,2023Q2
1218,112,9,23.37,2023Q3
1218,112,12,22.06,2023Q4
1218,113,3,22.0,2024Q1
1218,113,6,22.56,2024Q2
1218,113,9,20.29,2024Q3
1218,113,12,20.36,2024Q4
1218,114,3,20.96,2025Q1
1455,105,3,9.42,2016Q1
1455,105,6,8.04,2016Q2
1455,105,9,8.4,2016Q3
1455,105,12,9.72,2016Q4
1455,106,3,11.24,2017Q1
1455,106,6,9.14,2017Q2
1455,106,9,9.88,2017Q3
1455,106,12,12.46,2017Q4
1455,107,3,10.67,2018Q1
1455,107,6,10.83,2018Q2
1455,107,9,10.52,2018Q3
1455,107,12,9.14,2018Q4
1455,108,3,9.23,2019Q1
1455,108,6,8.88,2019Q2
1455,108,9,8.62,2019Q3
1455,108,12,8.0,2019Q4
1455,109,3,5.55,2020Q1
1455,109,6,7.57,2020Q2
1455,109,9,9.0,2020Q3
1455,109,12,11.21,2020Q4
1455,110,3,11.79,2021Q1
1455,110,6,26.04,2021Q2
1455,110,9,19.61,2021Q3
1455,110,12,16.78,2021Q4
1455,111,3,16.16,2022Q1
1455,111,6,12.22,2022Q2
1455,111,9,10.02,2022Q3
1455,111,12,10.56,2022Q4
1455,112,3,10.98,2023Q1
1455,112,6,10.46,2023Q2
1455,112,9,9.77,2023Q3
1455,112,12,11.38,2023Q4
1455,113,3,14.33,2024Q1
1455,113,6,14.55,2024Q2
1455,113,9,11.06,2024Q3
1455,113,12,9.8,2024Q4
1455,114,3,9.82,2025Q1
1456,105,3,8.17,2016Q1
1456,105,6,9.14,2016Q2
1456,105,9,9.16,2016Q3
1456,105,12,8.3,2016Q4
1456,106,3,12.56,2017Q1
1456,106,6,11.7,2017Q2
1456,106,9,10.78,2017Q3
1456,106,12,10.78,2017Q4
1456,107,3,10.1,2018Q1
1456,107,6,9.16,2018Q2
1456,107,9,8.64,2018Q3
1456,107,12,7.15,2018Q4
1456,108,3,8.56,2019Q1
1456,108,6,9.03,2019Q2
1456,108,9,8.61,2019Q3
1456,108,12,12.46,2019Q4
1456,109,3,7.86,2020Q1
1456,109,6,10.7,2020Q2
1456,109,9,10.46,2020Q3
1456,109,12,16.89,2020Q4
1456,110,3,18.99,2021Q1
1456,110,6,19.61,2021Q2
1456,110,9,26.81,2021Q3
1456,110,12,22.67,2021Q4
1456,111,3,20.54,2022Q1
1456,111,6,17.5,2022Q2
1456,111,9,16.89,2022Q3
1456,111,12,15.82,2022Q4
1456,112,3,15.75,2023Q1
1456,112,6,16.78,2023Q2
1456,112,9,16.14,2023Q3
1456,112,12,16.84,2023Q4
1456,113,3,22.14,2024Q1
1456,113,6,20.11,2024Q2
1456,113,9,19.2,2024Q3
1456,113,12,16.07,2024Q4
1456,114,3,16.28,2025Q1
1457,105,3,12.25,2016Q1
1457,105,6,10.23,2016Q2
1457,105,9,10.18,2016Q3
1457,105,12,10.45,2016Q4
1457,106,3,12.0,2017Q1
1457,106,6,10.81,2017Q2
1457,106,9,10.87,2017Q3
1457,106,12,14.32,2017Q4
1457,107,3,14.04,2018Q1
1457,107,6,14.74,2018Q2
1457,107,9,13.66,2018Q3
1457,107,12,12.75,2018Q4
1457,108,3,13.31,2019Q1
1457,108,6,14.62,2019Q2
1457,108,9,13.91,2019Q3
1457,108,12,14.18,2019Q4
1457,109,3,11.51,2020Q1
1457,109,6,12.73,2020Q2
1457,109,9,13.89,2020Q3
1457,109,12,15.98,2020Q4
1457,110,3,16.75,2021Q1
1457,110,6,20.03,2021Q2
1457,110,9,17.69,2021Q3
1457,110,12,19.11,2021Q4
1457,111,3,18.87,2022Q1
1457,111,6,19.19,2022Q2
1457,111,9,18.04,2022Q3
1457,111,12,18.86,2022Q4
1457,112,3,19.28,2023Q1
1457,112,6,18.36,2023Q2
1457,112,9,17.6,2023Q3
1457,112,12,18.98,2023Q4
1457,113,3,20.09,2024Q1
1457,113,6,22.16,2024Q2
1457,113,9,20.26,2024Q3
1457,113,12,19.83,2024Q4
1457,114,3,20.3,2025Q1
1459,105,3,10.46,2016Q1
1459,105,6,8.17,2016Q2
1459,105,9,8.24,2016Q3
1459,105,12,9.02,2016Q4
1459,106,3,8.91,2017Q1
1459,106,6,8.26,2017Q2
1459,106,9,8.22,2017Q3
1459,106,12,9.68,2017Q4
1459,107,3,8.64,2018Q1
1459,107,6,9.11,2018Q2
1459,107,9,9.75,2018Q3
1459,107,12,8.14,2018Q4
1459,108,3,8.11,2019Q1
1459,108,6,7.8,2019Q2
1459,108,9,7.02,2019Q3
1459,108,12,7.11,2019Q4
1459,109,3,5.89,2020Q1
1459,109,6,8.58,2020Q2
1459,109,9,8.79,2020Q3
1459,109,12,8.96,2020Q4
1459,110,3,8.62,2021Q1
1459,110,6,14.96,2021Q2
1459,110,9,12.38,2021Q3
1459,110,12,13.1,2021Q4
1459,111,3,11.74,2022Q1
1459,111,6,11.41,2022Q2
1459,111,9,9.12,2022Q3
1459,111,12,8.48,2022Q4
1459,112,3,8.89,2023Q1
1459,112,6,9.08,2023Q2
1459,112,9,9.82,2023Q3
1459,112,12,10.01,2023Q4
1459,113,3,9.64,2024Q1
1459,113,6,10.85,2024Q2
1459,113,9,10.07,2024Q3
1459,113,12,9.71,2024Q4
1459,114,3,12.56,2025Q1
1460,105,3,16.22,2016Q1
1460,105,6,15.5,2016Q2
1460,105,9,15.42,2016Q3
1460,105,12,17.48,2016Q4
1460,106,3,16.96,2017Q1
1460,106,6,16.22,2017Q2
1460,106,9,15.07,2017Q3
1460,106,12,14.04,2017Q4
1460,107,3,13.41,2018Q1
1460,107,6,13.17,2018Q2
1460,107,9,14.19,2018Q3
1460,107,12,12.05,2018Q4
1460,108,3,11.57,2019Q1
1460,108,6,11.46,2019Q2
1460,108,9,10.27,2019Q3
1460,108,12,9.24,2019Q4
1460,109,3,6.23,2020Q1
1460,109,6,10.31,2020Q2
1460,109,9,9.57,2020Q3
1460,109,12,9.78,2020Q4
1460,110,3,8.25,2021Q1
1460,110,6,11.27,2021Q2
1460,110,9,10.62,2021Q3
1460,110,12,9.53,2021Q4
1460,111,3,8.33,2022Q1
1460,111,6,7.69,2022Q2
1460,111,9,7.98,2022Q3
1460,111,12,7.17,2022Q4
1460,112,3,7.58,2023Q1
1460,112,6,9.04,2023Q2
1460,112,9,7.84,2023Q3
1460,112,12,7.52,2023Q4
1460,113,3,7.82,2024Q1
1460,113,6,8.08,2024Q2
1460,113,9,7.16,2024Q3
1460,113,12,7.03,2024Q4
1460,114,3,7.47,2025Q1
1463,105,3,17.96,2016Q1
1463,105,6,17.65,2016Q2
1463,105,9,18.15,2016Q3
1463,105,12,20.63,2016Q4
1463,106,3,23.89,2017Q1
1463,106,6,29.25,2017Q2
1463,106,9,26.34,2017Q3
1463,106,12,25.18,2017Q4
1463,107,3,23.72,2018Q1
1463,107,6,23.0,2018Q2
1463,107,9,15.9,2018Q3
1463,107,12,13.02,2018Q4
1463,108,3,15.13,2019Q1
1463,108,6,15.87,2019Q2
1463,108,9,13.42,2019Q3
1463,108,12,13.15,2019Q4
1463,109,3,10.78,2020Q1
1463,109,6,12.22,2020Q2
1463,109,9,13.01,2020Q3
1463,109,12,12.91,2020Q4
1463,110,3,12.77,2021Q1
1463,110,6,16.89,2021Q2
1463,110,9,14.25,2021Q3
1463,110,12,14.64,2021Q4
1463,111,3,13.57,2022Q1
1463,111,6,13.85,2022Q2
1463,111,9,14.1,2022Q3
1463,111,12,14.38,2022Q4
1463,112,3,14.56,2023Q1
1463,112,6,14.58,2023Q2
1463,112,9,15.7,2023Q3
1463,112,12,17.57,2023Q4
1463,113,3,17.78,2024Q1
1463,113,6,20.65,2024Q2
1463,113,9,23.88,2024Q3
1463,113,12,24.9,2024Q4
1463,114,3,29.21,2025Q1
1464,105,3,37.18,2016Q1
1464,105,6,29.88,2016Q2
1464,105,9,27.83,2016Q3
1464,105,12,26.58,2016Q4
1464,106,3,27.86,2017Q1
1464,106,6,29.27,2017Q2
1464,106,9,26.55,2017Q3
1464,106,12,25.0,2017Q4
1464,107,3,25.25,2018Q1
1464,107,6,24.62,2018Q2
1464,107,9,22.2,2018Q3
1464,107,12,20.1,2018Q4
1464,108,3,21.13,2019Q1
1464,108,6,26.58,2019Q2
1464,108,9,24.27,2019Q3
1464,108,12,26.28,2019Q4
1464,109,3,18.83,2020Q1
1464,109,6,21.45,2020Q2
1464,109,9,17.96,2020Q3
1464,109,12,18.6,2020Q4
1464,110,3,17.86,2021Q1
1464,110,6,17.66,2021Q2
1464,110,9,16.22,2021Q3
1464,110,12,15.51,2021Q4
1464,111,3,15.3,2022Q1
1464,111,6,13.89,2022Q2
1464,111,9,15.22,2022Q3
1464,111,12,14.22,2022Q4
1464,112,3,14.95,2023Q1
1464,112,6,15.46,2023Q2
1464,112,9,13.78,2023Q3
1464,112,12,13.26,2023Q4
1464,113,3,13.09,2024Q1
1464,113,6,14.53,2024Q2
1464,113,9,13.92,2024Q3
1464,113,12,17.05,2024Q4
1464,114,3,18.61,2025Q1
1465,105,3,14.64,2016Q1
1465,105,6,14.01,2016Q2
1465,105,9,13.71,2016Q3
1465,105,12,12.63,2016Q4
1465,106,3,12.95,2017Q1
1465,106,6,12.83,2017Q2
1465,106,9,17.7,2017Q3
1465,106,12,15.16,2017Q4
1465,107,3,15.07,2018Q1
1465,107,6,14.65,2018Q2
1465,107,9,14.51,2018Q3
1465,107,12,14.12,2018Q4
1465,108,3,13.82,2019Q1
1465,108,6,15.03,2019Q2
1465,108,9,14.44,2019Q3
1465,108,12,15.0,2019Q4
1465,109,3,14.46,2020Q1
1465,109,6,15.58,2020Q2
1465,109,9,14.5,2020Q3
1465,109,12,13.1,2020Q4
1465,110,3,12.88,2021Q1
1465,110,6,13.19,2021Q2
1465,110,9,13.0,2021Q3
1465,110,12,12.48,2021Q4
1465,111,3,12.36,2022Q1
1465,111,6,12.9,2022Q2
1465,111,9,13.41,2022Q3
1465,111,12,13.97,2022Q4
1465,112,3,14.23,2023Q1
1465,112,6,14.35,2023Q2
1465,112,9,13.1,2023Q3
1465,112,12,13.96,2023Q4
1465,113,3,14.97,2024Q1
1465,113,6,15.28,2024Q2
1465,113,9,15.13,2024Q3
1465,113,12,14.61,2024Q4
1465,114,3,14.45,2025Q1
1466,105,3,15.8,2016Q1
1466,105,6,13.32,2016Q2
1466,105,9,13.26,2016Q3
1466,105,12,13.76,2016Q4
1466,106,3,12.69,2017Q1
1466,106,6,12.47,2017Q2
1466,106,9,11.85,2017Q3
1466,106,12,11.88,2017Q4
1466,107,3,10.92,2018Q1
1466,107,6,10.59,2018Q2
1466,107,9,10.71,2018Q3
1466,107,12,9.87,2018Q4
1466,108,3,9.5,2019Q1
1466,108,6,8.99,2019Q2
1466,108,9,7.96,2019Q3
1466,108,12,7.58,2019Q4
1466,109,3,6.5,2020Q1
1466,109,6,16.53,2020Q2
1466,109,9,21.83,2020Q3
1466,109,12,18.91,2020Q4
1466,110,3,16.67,2021Q1
1466,110,6,19.64,2021Q2
1466,110,9,16.9,2021Q3
1466,110,12,15.19,2021Q4
1466,111,3,14.83,2022Q1
1466,111,6,13.19,2022Q2
1466,111,9,11.47,2022Q3
1466,111,12,12.0,2022Q4
1466,112,3,11.7,2023Q1
1466,112,6,11.51,2023Q2
1466,112,9,11.15,2023Q3
1466,112,12,14.58,2023Q4
1466,113,3,13.76,2024Q1
1466,113,6,12.66,2024Q2
1466,113,9,12.58,2024Q3
1466,113,12,13.17,2024Q4
1466,114,3,17.09,2025Q1
1467,105,3,15.35,2016Q1
1467,105,6,13.37,2016Q2
1467,105,9,13.09,2016Q3
1467,105,12,10.91,2016Q4
1467,106,3,11.23,2017Q1
1467,106,6,10.09,2017Q2
1467,106,9,10.45,2017Q3
1467,106,12,11.94,2017Q4
1467,107,3,12.04,2018Q1
1467,107,6,12.54,2018Q2
1467,107,9,10.8,2018Q3
1467,107,12,9.57,2018Q4
1467,108,3,9.31,2019Q1
1467,108,6,9.35,2019Q2
1467,108,9,8.6,2019Q3
1467,108,12,8.49,2019Q4
1467,109,3,7.04,2020Q1
1467,109,6,22.42,2020Q2
1467,109,9,20.07,2020Q3
1467,109,12,19.79,2020Q4
1467,110,3,19.22,2021Q1
1467,110,6,17.24,2021Q2
1467,110,9,14.41,2021Q3
1467,110,12,13.96,2021Q4
1467,111,3,14.48,2022Q1
1467,111,6,13.69,2022Q2
1467,111,9,12.15,2022Q3
1467,111,12,12.08,2022Q4
1467,112,3,11.81,2023Q1
1467,112,6,12.01,2023Q2
1467,112,9,11.59,2023Q3
1467,112,12,11.4,2023Q4
1467,113,3,11.06,2024Q1
1467,113,6,11.38,2024Q2
1467,113,9,10.22,2024Q3
1467,113,12,10.6,2024Q4
1467,114,3,10.18,2025Q1
1468,105,3,10.03,2016Q1
1468,105,6,9.96,2016Q2
1468,105,9,10.51,2016Q3
1468,105,12,9.88,2016Q4
1468,106,3,10.49,2017Q1
1468,106,6,10.69,2017Q2
1468,106,9,10.15,2017Q3
1468,106,12,10.26,2017Q4
1468,107,3,9.83,2018Q1
1468,107,6,10.02,2018Q2
1468,107,9,11.26,2018Q3
1468,107,12,9.88,2018Q4
1468,108,3,9.93,2019Q1
1468,108,6,10.07,2019Q2
1468,108,9,10.02,2019Q3
1468,108,12,9.98,2019Q4
1468,109,3,9.45,2020Q1
1468,109,6,15.34,2020Q2
1468,109,9,11.83,2020Q3
1468,109,12,13.92,2020Q4
1468,110,3,14.44,2021Q1
1468,110,6,12.22,2021Q2
1468,110,9,11.7,2021Q3
1468,110,12,12.86,2021Q4
1468,111,3,11.92,2022Q1
1468,111,6,12.22,2022Q2
1468,111,9,12.33,2022Q3
1468,111,12,13.3,2022Q4
1468,112,3,15.36,2023Q1
1468,112,6,15.91,2023Q2
1468,112,9,13.15,2023Q3
1468,112,12,14.72,2023Q4
1468,113,3,14.19,2024Q1
1468,113,6,14.66,2024Q2
1468,113,9,13.83,2024Q3
1468,113,12,13.91,2024Q4
1468,114,3,14.13,2025Q1
1470,105,3,18.42,2016Q1
1470,105,6,18.21,2016Q2
1470,105,9,18.92,2016Q3
1470,105,12,19.34,2016Q4
1470,106,3,19.14,2017Q1
1470,106,6,17.92,2017Q2
1470,106,9,18.08,2017Q3
1470,106,12,18.44,2017Q4
1470,107,3,17.68,2018Q1
1470,107,6,19.05,2018Q2
1470,107,9,18.51,2018Q3
1470,107,12,17.77,2018Q4
1470,108,3,21.4,2019Q1
1470,108,6,22.51,2019Q2
1470,108,9,21.88,2019Q3
1470,108,12,22.1,2019Q4
1470,109,3,19.46,2020Q1
1470,109,6,19.12,2020Q2
1470,109,9,18.04,2020Q3
1470,109,12,18.18,2020Q4
1470,110,3,18.03,2021Q1
1470,110,6,16.35,2021Q2
1470,110,9,17.63,2021Q3
1470,110,12,18.13,2021Q4
1470,111,3,22.78,2022Q1
1470,111,6,23.75,2022Q2
1470,111,9,19.19,2022Q3
1470,111,12,18.46,2022Q4
1470,112,3,20.38,2023Q1
1470,112,6,20.33,2023Q2
1470,112,9,19.26,2023Q3
1470,112,12,19.21,2023Q4
1470,113,3,20.32,2024Q1
1470,113,6,20.68,2024Q2
1470,113,9,22.11,2024Q3
1470,113,12,21.42,2024Q4
1470,114,3,22.63,2025Q1
1471,105,3,6.01,2016Q1
1471,105,6,5.99,2016Q2
1471,105,9,5.25,2016Q3
1471,105,12,4.43,2016Q4
1471,106,3,5.66,2017Q1
1471,106,6,5.23,2017Q2
1471,106,9,5.27,2017Q3
1471,106,12,5.1,2017Q4
1471,107,3,7.46,2018Q1
1471,107,6,7.06,2018Q2
1471,107,9,6.1,2018Q3
1471,107,12,5.35,2018Q4
1471,108,3,5.8,2019Q1
1471,108,6,4.43,2019Q2
1471,108,9,3.81,2019Q3
1471,108,12,2.2,2019Q4
1471,109,3,1.73,2020Q1
1471,109,6,2.32,2020Q2
1471,109,9,6.9,2020Q3
1471,109,12,5.65,2020Q4
1471,110,3,6.64,2021Q1
1471,110,6,10.71,2021Q2
1471,110,9,7.6,2021Q3
1471,110,12,8.71,2021Q4
1471,111,3,7.41,2022Q1
1471,111,6,8.12,2022Q2
1471,111,9,8.55,2022Q3
1471,111,12,8.03,2022Q4
1471,112,3,7.98,2023Q1
1471,112,6,12.55,2023Q2
1471,112,9,20.39,2023Q3
1471,112,12,17.86,2023Q4
1471,113,3,17.34,2024Q1
1471,113,6,16.05,2024Q2
1471,113,9,13.35,2024Q3
1471,113,12,14.94,2024Q4
1471,114,3,11.96,2025Q1
1472,105,3,11.56,2016Q1
1472,105,6,9.45,2016Q2
1472,105,9,14.24,2016Q3
1472,105,12,12.52,2016Q4
1472,106,3,11.07,2017Q1
1472,106,6,15.21,2017Q2
1472,106,9,20.91,2017Q3
1472,106,12,43.32,2017Q4
1472,107,3,28.43,2018Q1
1472,107,6,37.0,2018Q2
1472,107,9,27.25,2018Q3
1472,107,12,28.53,2018Q4
1472,108,3,32.69,2019Q1
1472,108,6,34.52,2019Q2
1472,108,9,33.45,2019Q3
1472,108,12,27.52,2019Q4
1472,109,3,9.39,2020Q1
1472,109,6,14.86,2020Q2
1472,109,9,12.67,2020Q3
1472,109,12,10.38,2020Q4
1472,110,3,9.8,2021Q1
1472,110,6,10.32,2021Q2
1472,110,9,9.8,2021Q3
1472,110,12,31.02,2021Q4
1472,111,3,23.23,2022Q1
1472,111,6,25.16,2022Q2
1472,111,9,24.34,2022Q3
1472,111,12,22.01,2022Q4
1472,112,3,31.57,2023Q1
1472,112,6,38.98,2023Q2
1472,112,9,43.27,2023Q3
1472,112,12,65.78,2023Q4
1472,113,3,77.28,2024Q1
1472,113,6,71.41,2024Q2
1472,113,9,60.17,2024Q3
1472,113,12,65.43,2024Q4
1472,114,3,88.55,2025Q1
1473,105,3,39.38,2016Q1
1473,105,6,39.32,2016Q2
1473,105,9,29.65,2016Q3
1473,105,12,30.3,2016Q4
1473,106,3,28.3,2017Q1
1473,106,6,26.07,2017Q2
1473,106,9,24.45,2017Q3
1473,106,12,23.58,2017Q4
1473,107,3,23.61,2018Q1
1473,107,6,21.17,2018Q2
1473,107,9,19.86,2018Q3
1473,107,12,17.59,2018Q4
1473,108,3,19.66,2019Q1
1473,108,6,28.96,2019Q2
1473,108,9,26.48,2019Q3
1473,108,12,23.89,2019Q4
1473,109,3,27.56,2020Q1
1473,109,6,20.62,2020Q2
1473,109,9,18.42,2020Q3
1473,109,12,18.35,2020Q4
1473,110,3,17.97,2021Q1
1473,110,6,18.07,2021Q2
1473,110,9,17.61,2021Q3
1473,110,12,17.94,2021Q4
1473,111,3,18.66,2022Q1
1473,111,6,19.14,2022Q2
1473,111,9,20.5,2022Q3
1473,111,12,20.93,2022Q4
1473,112,3,25.2,2023Q1
1473,112,6,24.36,2023Q2
1473,112,9,26.55,2023Q3
1473,112,12,29.29,2023Q4
1473,113,3,30.84,2024Q1
1473,113,6,50.59,2024Q2
1473,113,9,37.12,2024Q3
1473,113,12,35.2,2024Q4
1473,114,3,37.23,2025Q1
1474,105,3,10.73,2016Q1
1474,105,6,10.39,2016Q2
1474,105,9,10.32,2016Q3
1474,105,12,11.2,2016Q4
1474,106,3,11.48,2017Q1
1474,106,6,11.52,2017Q2
1474,106,9,11.56,2017Q3
1474,106,12,11.28,2017Q4
1474,107,3,11.62,2018Q1
1474,107,6,12.23,2018Q2
1474,107,9,11.1,2018Q3
1474,107,12,10.57,2018Q4
1474,108,3,10.67,2019Q1
1474,108,6,10.01,2019Q2
1474,108,9,8.98,2019Q3
1474,108,12,9.58,2019Q4
1474,109,3,9.25,2020Q1
1474,109,6,16.24,2020Q2
1474,109,9,12.86,2020Q3
1474,109,12,13.13,2020Q4
1474,110,3,12.67,2021Q1
1474,110,6,17.34,2021Q2
1474,110,9,15.86,2021Q3
1474,110,12,15.23,2021Q4
1474,111,3,15.34,2022Q1
1474,111,6,12.66,2022Q2
1474,111,9,13.05,2022Q3
1474,111,12,12.24,2022Q4
1474,112,3,12.29,2023Q1
1474,112,6,13.0,2023Q2
1474,112,9,11.55,2023Q3
1474,112,12,11.92,2023Q4
1474,113,3,12.57,2024Q1
1474,113,6,14.08,2024Q2
1474,113,9,12.21,2024Q3
1474,113,12,12.91,2024Q4
1474,114,3,13.93,2025Q1
1475,105,3,8.71,2016Q1
1475,105,6,8.69,2016Q2
1475,105,9,10.15,2016Q3
1475,105,12,7.78,2016Q4
1475,106,3,10.08,2017Q1
1475,106,6,19.92,2017Q2
1475,106,9,38.48,2017Q3
1475,106,12,92.03,2017Q4
1475,107,3,45.6,2018Q1
1475,107,6,25.82,2018Q2
1475,107,9,11.63,2018Q3
1475,107,12,11.06,2018Q4
1475,108,3,7.93,2019Q1
1475,108,6,6.44,2019Q2
1475,108,9,5.42,2019Q3
1475,108,12,4.43,2019Q4
1475,109,3,7.3,2020Q1
1475,109,6,16.57,2020Q2
1475,109,9,24.75,2020Q3
1475,109,12,32.7,2020Q4
1475,110,3,38.93,2021Q1
1475,110,6,39.79,2021Q2
1475,110,9,44.92,2021Q3
1475,110,12,49.8,2021Q4
1475,111,3,63.36,2022Q1
1475,111,6,64.01,2022Q2
1475,111,9,54.99,2022Q3
1475,111,12,66.65,2022Q4
1475,112,3,62.97,2023Q1
1475,112,6,57.45,2023Q2
1475,112,9,52.46,2023Q3
1475,112,12,43.45,2023Q4
1475,113,3,49.45,2024Q1
1475,113,6,62.1,2024Q2
1475,113,9,60.78,2024Q3
1475,113,12,57.11,2024Q4
1475,114,3,58.23,2025Q1
1476,105,3,422.22,2016Q1
1476,105,6,308.44,2016Q2
1476,105,9,372.65,2016Q3
1476,105,12,335.75,2016Q4
1476,106,3,309.26,2017Q1
1476,106,6,345.29,2017Q2
1476,106,9,362.32,2017Q3
1476,106,12,288.47,2017Q4
1476,107,3,331.01,2018Q1
1476,107,6,362.61,2018Q2
1476,107,9,389.12,2018Q3
1476,107,12,342.2,2018Q4
1476,108,3,404.39,2019Q1
1476,108,6,404.59,2019Q2
1476,108,9,402.19,2019Q3
1476,108,12,400.64,2019Q4
1476,109,3,272.19,2020Q1
1476,109,6,335.59,2020Q2
1476,109,9,367.7,2020Q3
1476,109,12,399.69,2020Q4
1476,110,3,463.59,2021Q1
1476,110,6,635.23,2021Q2
1476,110,9,597.38,2021Q3
1476,110,12,610.59,2021Q4
1476,111,3,473.57,2022Q1
1476,111,6,466.46,2022Q2
1476,111,9,443.48,2022Q3
1476,111,12,474.43,2022Q4
1476,112,3,472.34,2023Q1
1476,112,6,492.59,2023Q2
1476,112,9,507.78,2023Q3
1476,112,12,570.67,2023Q4
1476,113,3,556.33,2024Q1
1476,113,6,529.42,2024Q2
1476,113,9,544.54,2024Q3
1476,113,12,520.35,2024Q4
1476,114,3,499.85,2025Q1
1477,105,3,198.88,2016Q1
1477,105,6,151.92,2016Q2
1477,105,9,148.37,2016Q3
1477,105,12,126.02,2016Q4
1477,106,3,126.87,2017Q1
1477,106,6,142.17,2017Q2
1477,106,9,137.76,2017Q3
1477,106,12,121.93,2017Q4
1477,107,3,134.9,2018Q1
1477,107,6,135.02,2018Q2
1477,107,9,151.76,2018Q3
1477,107,12,164.46,2018Q4
1477,108,3,201.84,2019Q1
1477,108,6,206.35,2019Q2
1477,108,9,174.74,2019Q3
1477,108,12,155.34,2019Q4
1477,109,3,118.64,2020Q1
1477,109,6,157.2,2020Q2
1477,109,9,183.58,2020Q3
1477,109,12,191.14,2020Q4
1477,110,3,226.03,2021Q1
1477,110,6,268.49,2021Q2
1477,110,9,249.16,2021Q3
1477,110,12,244.56,2021Q4
1477,111,3,204.05,2022Q1
1477,111,6,155.82,2022Q2
1477,111,9,195.59,2022Q3
1477,111,12,239.16,2022Q4
1477,112,3,223.08,2023Q1
1477,112,6,263.89,2023Q2
1477,112,9,333.1,2023Q3
1477,112,12,347.85,2023Q4
1477,113,3,383.84,2024Q1
1477,113,6,398.91,2024Q2
1477,113,9,373.2,2024Q3
1477,113,12,314.79,2024Q4
1477,114,3,348.01,2025Q1
1503,105,3,39.54,2016Q1
1503,105,6,39.97,2016Q2
1503,105,9,39.67,2016Q3
1503,105,12,39.99,2016Q4
1503,106,3,40.86,2017Q1
1503,106,6,41.26,2017Q2
1503,106,9,41.83,2017Q3
1503,106,12,41.7,2017Q4
1503,107,3,41.39,2018Q1
1503,107,6,41.07,2018Q2
1503,107,9,49.69,2018Q3
1503,107,12,40.33,2018Q4
1503,108,3,42.0,2019Q1
1503,108,6,46.33,2019Q2
1503,108,9,45.39,2019Q3
1503,108,12,45.21,2019Q4
1503,109,3,40.27,2020Q1
1503,109,6,45.83,2020Q2
1503,109,9,50.33,2020Q3
1503,109,12,50.29,2020Q4
1503,110,3,48.92,2021Q1
1503,110,6,52.81,2021Q2
1503,110,9,51.23,2021Q3
1503,110,12,53.37,2021Q4
1503,111,3,51.68,2022Q1
1503,111,6,60.86,2022Q2
1503,111,9,60.81,2022Q3
1503,111,12,60.35,2022Q4
1503,112,3,82.88,2023Q1
1503,112,6,152.98,2023Q2
1503,112,9,115.12,2023Q3
1503,112,12,126.08,2023Q4
1503,113,3,220.12,2024Q1
1503,113,6,274.03,2024Q2
1503,113,9,218.57,2024Q3
1503,113,12,195.63,2024Q4
1503,114,3,171.48,2025Q1
1504,105,3,27.35,2016Q1
1504,105,6,26.55,2016Q2
1504,105,9,26.98,2016Q3
1504,105,12,27.61,2016Q4
1504,106,3,30.0,2017Q1
1504,106,6,28.92,2017Q2
1504,106,9,28.16,2017Q3
1504,106,12,28.23,2017Q4
1504,107,3,24.18,2018Q1
1504,107,6,23.63,2018Q2
1504,107,9,21.69,2018Q3
1504,107,12,18.04,2018Q4
1504,108,3,20.03,2019Q1
1504,108,6,22.78,2019Q2
1504,108,9,24.93,2019Q3
1504,108,12,26.58,2019Q4
1504,109,3,24.94,2020Q1
1504,109,6,27.63,2020Q2
1504,109,9,30.04,2020Q3
1504,109,12,28.26,2020Q4
1504,110,3,31.45,2021Q1
1504,110,6,33.21,2021Q2
1504,110,9,30.92,2021Q3
1504,110,12,30.8,2021Q4
1504,111,3,30.81,2022Q1
1504,111,6,29.36,2022Q2
1504,111,9,28.67,2022Q3
1504,111,12,27.83,2022Q4
1504,112,3,38.7,2023Q1
1504,112,6,55.12,2023Q2
1504,112,9,50.04,2023Q3
1504,112,12,46.12,2023Q4
1504,113,3,54.45,2024Q1
1504,113,6,56.11,2024Q2
1504,113,9,48.23,2024Q3
1504,113,12,52.48,2024Q4
1504,114,3,51.95,2025Q1
1506,105,3,17.07,2016Q1
1506,105,6,16.07,2016Q2
1506,105,9,14.46,2016Q3
1506,105,12,15.17,2016Q4
1506,106,3,20.1,2017Q1
1506,106,6,25.7,2017Q2
1506,106,9,21.67,2017Q3
1506,106,12,21.01,2017Q4
1506,107,3,20.88,2018Q1
1506,107,6,20.66,2018Q2
1506,107,9,22.49,2018Q3
1506,107,12,20.85,2018Q4
1506,108,3,20.58,2019Q1
1506,108,6,17.96,2019Q2
1506,108,9,15.1,2019Q3
1506,108,12,14.69,2019Q4
1506,109,3,11.32,2020Q1
1506,109,6,12.11,2020Q2
1506,109,9,11.65,2020Q3
1506,109,12,11.15,2020Q4
1506,110,3,9.82,2021Q1
1506,110,6,10.47,2021Q2
1506,110,9,9.92,2021Q3
1506,110,12,14.63,2021Q4
1506,111,3,13.85,2022Q1
1506,111,6,16.93,2022Q2
1506,111,9,16.48,2022Q3
1506,111,12,17.63,2022Q4
1506,112,3,21.71,2023Q1
1506,112,6,18.98,2023Q2
1506,112,9,16.88,2023Q3
1506,112,12,17.5,2023Q4
1506,113,3,16.14,2024Q1
1506,113,6,16.86,2024Q2
1506,113,9,15.29,2024Q3
1506,113,12,13.01,2024Q4
1506,114,3,13.31,2025Q1
1512,105,3,5.7,2016Q1
1512,105,6,4.57,2016Q2
1512,105,9,5.35,2016Q3
1512,105,12,5.6,2016Q4
1512,106,3,7.67,2017Q1
1512,106,6,11.64,2017Q2
1512,106,9,13.52,2017Q3
1512,106,12,12.44,2017Q4
1512,107,3,12.64,2018Q1
1512,107,6,10.64,2018Q2
1512,107,9,9.95,2018Q3
1512,107,12,7.83,2018Q4
1512,108,3,7.0,2019Q1
1512,108,6,5.13,2019Q2
1512,108,9,5.09,2019Q3
1512,108,12,3.87,2019Q4
1512,109,3,3.16,2020Q1
1512,109,6,5.49,2020Q2
1512,109,9,4.85,2020Q3
1512,109,12,4.49,2020Q4
1512,110,3,4.86,2021Q1
1512,110,6,4.46,2021Q2
1512,110,9,4.05,2021Q3
1512,110,12,3.79,2021Q4
1512,111,3,4.36,2022Q1
1512,111,6,3.64,2022Q2
1512,111,9,3.38,2022Q3
1512,111,12,4.76,2022Q4
1512,112,3,12.87,2023Q1
1512,112,6,14.28,2023Q2
1512,112,9,12.26,2023Q3
1512,112,12,12.28,2023Q4
1512,113,3,10.77,2024Q1
1512,113,6,8.74,2024Q2
1512,113,9,7.27,2024Q3
1512,113,12,6.77,2024Q4
1512,114,3,7.01,2025Q1
1513,105,3,18.86,2016Q1
1513,105,6,18.37,2016Q2
1513,105,9,17.61,2016Q3
1513,105,12,18.94,2016Q4
1513,106,3,20.53,2017Q1
1513,106,6,20.75,2017Q2
1513,106,9,22.64,2017Q3
1513,106,12,22.28,2017Q4
1513,107,3,21.65,2018Q1
1513,107,6,21.01,2018Q2
1513,107,9,20.46,2018Q3
1513,107,12,19.71,2018Q4
1513,108,3,20.43,2019Q1
1513,108,6,21.09,2019Q2
1513,108,9,20.33,2019Q3
1513,108,12,22.73,2019Q4
1513,109,3,22.76,2020Q1
1513,109,6,28.19,2020Q2
1513,109,9,47.67,2020Q3
1513,109,12,57.37,2020Q4
1513,110,3,53.65,2021Q1
1513,110,6,51.39,2021Q2
1513,110,9,47.85,2021Q3
1513,110,12,44.46,2021Q4
1513,111,3,52.15,2022Q1
1513,111,6,53.19,2022Q2
1513,111,9,64.22,2022Q3
1513,111,12,65.37,2022Q4
1513,112,3,96.98,2023Q1
1513,112,6,125.86,2023Q2
1513,112,9,105.85,2023Q3
1513,112,12,124.68,2023Q4
1513,113,3,176.25,2024Q1
1513,113,6,183.84,2024Q2
1513,113,9,168.06,2024Q3
1513,113,12,155.92,2024Q4
1513,114,3,145.38,2025Q1
1514,105,3,9.32,2016Q1
1514,105,6,10.14,2016Q2
1514,105,9,10.55,2016Q3
1514,105,12,9.39,2016Q4
1514,106,3,10.36,2017Q1
1514,106,6,10.31,2017Q2
1514,106,9,10.34,2017Q3
1514,106,12,11.74,2017Q4
1514,107,3,12.44,2018Q1
1514,107,6,17.15,2018Q2
1514,107,9,14.58,2018Q3
1514,107,12,13.26,2018Q4
1514,108,3,14.79,2019Q1
1514,108,6,16.63,2019Q2
1514,108,9,17.5,2019Q3
1514,108,12,17.51,2019Q4
1514,109,3,16.82,2020Q1
1514,109,6,22.87,2020Q2
1514,109,9,28.64,2020Q3
1514,109,12,26.97,2020Q4
1514,110,3,25.34,2021Q1
1514,110,6,25.26,2021Q2
1514,110,9,23.74,2021Q3
1514,110,12,25.06,2021Q4
1514,111,3,27.81,2022Q1
1514,111,6,29.43,2022Q2
1514,111,9,30.73,2022Q3
1514,111,12,30.55,2022Q4
1514,112,3,40.05,2023Q1
1514,112,6,59.36,2023Q2
1514,112,9,50.92,2023Q3
1514,112,12,82.59,2023Q4
1514,113,3,110.23,2024Q1
1514,113,6,137.65,2024Q2
1514,113,9,125.91,2024Q3
1514,113,12,103.9,2024Q4
1514,114,3,110.61,2025Q1
1515,105,3,10.91,2016Q1
1515,105,6,13.08,2016Q2
1515,105,9,16.32,2016Q3
1515,105,12,14.5,2016Q4
1515,106,3,17.32,2017Q1
1515,106,6,23.35,2017Q2
1515,106,9,41.74,2017Q3
1515,106,12,56.11,2017Q4
1515,107,3,45.13,2018Q1
1515,107,6,39.83,2018Q2
1515,107,9,52.82,2018Q3
1515,107,12,69.11,2018Q4
1515,108,3,88.64,2019Q1
1515,108,6,84.36,2019Q2
1515,108,9,92.47,2019Q3
1515,108,12,73.76,2019Q4
1515,109,3,47.52,2020Q1
1515,109,6,82.57,2020Q2
1515,109,9,93.11,2020Q3
1515,109,12,75.54,2020Q4
1515,110,3,91.28,2021Q1
1515,110,6,79.24,2021Q2
1515,110,9,70.44,2021Q3
1515,110,12,58.27,2021Q4
1515,111,3,44.13,2022Q1
1515,111,6,32.59,2022Q2
1515,111,9,33.24,2022Q3
1515,111,12,32.49,2022Q4
1515,112,3,29.59,2023Q1
1515,112,6,34.28,2023Q2
1515,112,9,42.63,2023Q3
1515,112,12,54.76,2023Q4
1515,113,3,49.46,2024Q1
1515,113,6,45.8,2024Q2
1515,113,9,36.65,2024Q3
1515,113,12,30.77,2024Q4
1515,114,3,35.21,2025Q1
1516,105,3,27.69,2016Q1
1516,105,6,23.62,2016Q2
1516,105,9,23.85,2016Q3
1516,105,12,16.92,2016Q4
1516,106,3,22.43,2017Q1
1516,106,6,16.57,2017Q2
1516,106,9,14.7,2017Q3
1516,106,12,15.23,2017Q4
1516,107,3,25.54,2018Q1
1516,107,6,22.57,2018Q2
1516,107,9,19.24,2018Q3
1516,107,12,16.22,2018Q4
1516,108,3,16.06,2019Q1
1516,108,6,15.31,2019Q2
1516,108,9,16.08,2019Q3
1516,108,12,16.46,2019Q4
1516,109,3,15.69,2020Q1
1516,109,6,13.57,2020Q2
1516,109,9,18.03,2020Q3
1516,109,12,23.49,2020Q4
1516,110,3,25.05,2021Q1
1516,110,6,21.75,2021Q2
1516,110,9,19.54,2021Q3
1516,110,12,24.29,2021Q4
1516,111,3,29.91,2022Q1
1516,111,6,26.52,2022Q2
1516,111,9,24.12,2022Q3
1516,111,12,21.0,2022Q4
1516,112,3,20.38,2023Q1
1516,112,6,21.09,2023Q2
1516,112,9,17.25,2023Q3
1516,112,12,19.2,2023Q4
1516,113,3,16.84,2024Q1
1516,113,6,23.97,2024Q2
1516,113,9,19.14,2024Q3
1516,113,12,18.49,2024Q4
1516,114,3,16.36,2025Q1
1517,105,3,11.45,2016Q1
1517,105,6,10.82,2016Q2
1517,105,9,10.54,2016Q3
1517,105,12,10.4,2016Q4
1517,106,3,11.46,2017Q1
1517,106,6,10.32,2017Q2
1517,106,9,11.14,2017Q3
1517,106,12,11.65,2017Q4
1517,107,3,10.85,2018Q1
1517,107,6,10.4,2018Q2
1517,107,9,10.41,2018Q3
1517,107,12,9.88,2018Q4
1517,108,3,10.4,2019Q1
1517,108,6,9.64,2019Q2
1517,108,9,9.27,2019Q3
1517,108,12,9.05,2019Q4
1517,109,3,7.38,2020Q1
1517,109,6,9.31,2020Q2
1517,109,9,12.12,2020Q3
1517,109,12,14.33,2020Q4
1517,110,3,17.06,2021Q1
1517,110,6,26.75,2021Q2
1517,110,9,28.33,2021Q3
1517,110,12,27.71,2021Q4
1517,111,3,24.08,2022Q1
1517,111,6,22.97,2022Q2
1517,111,9,24.71,2022Q3
1517,111,12,21.67,2022Q4
1517,112,3,20.26,2023Q1
1517,112,6,18.94,2023Q2
1517,112,9,15.75,2023Q3
1517,112,12,15.61,2023Q4
1517,113,3,17.46,2024Q1
1517,113,6,16.88,2024Q2
1517,113,9,15.69,2024Q3
1517,113,12,14.97,2024Q4
1517,114,3,14.22,2025Q1
1519,105,3,16.35,2016Q1
1519,105,6,15.37,2016Q2
1519,105,9,18.58,2016Q3
1519,105,12,18.08,2016Q4
1519,106,3,17.22,2017Q1
1519,106,6,17.25,2017Q2
1519,106,9,22.43,2017Q3
1519,106,12,20.24,2017Q4
1519,107,3,24.92,2018Q1
1519,107,6,23.04,2018Q2
1519,107,9,24.16,2018Q3
1519,107,12,18.99,2018Q4
1519,108,3,23.15,2019Q1
1519,108,6,26.37,2019Q2
1519,108,9,25.0,2019Q3
1519,108,12,29.21,2019Q4
1519,109,3,25.77,2020Q1
1519,109,6,27.83,2020Q2
1519,109,9,44.32,2020Q3
1519,109,12,52.88,2020Q4
1519,110,3,45.42,2021Q1
1519,110,6,42.99,2021Q2
1519,110,9,38.3,2021Q3
1519,110,12,36.37,2021Q4
1519,111,3,41.03,2022Q1
1519,111,6,35.44,2022Q2
1519,111,9,42.68,2022Q3
1519,111,12,48.53,2022Q4
1519,112,3,69.73,2023Q1
1519,112,6,157.35,2023Q2
1519,112,9,268.67,2023Q3
1519,112,12,337.65,2023Q4
1519,113,3,611.16,2024Q1
1519,113,6,828.09,2024Q2
1519,113,9,615.13,2024Q3
1519,113,12,551.8,2024Q4
1519,114,3,565.01,2025Q1
1521,105,3,84.6,2016Q1
1521,105,6,80.11,2016Q2
1521,105,9,82.44,2016Q3
1521,105,12,82.26,2016Q4
1521,106,3,80.79,2017Q1
1521,106,6,84.93,2017Q2
1521,106,9,82.05,2017Q3
1521,106,12,78.51,2017Q4
1521,107,3,78.96,2018Q1
1521,107,6,80.74,2018Q2
1521,107,9,68.81,2018Q3
1521,107,12,54.59,2018Q4
1521,108,3,62.32,2019Q1
1521,108,6,63.12,2019Q2
1521,108,9,66.64,2019Q3
1521,108,12,64.92,2019Q4
1521,109,3,54.27,2020Q1
1521,109,6,60.86,2020Q2
1521,109,9,53.43,2020Q3
1521,109,12,55.79,2020Q4
1521,110,3,54.17,2021Q1
1521,110,6,45.97,2021Q2
1521,110,9,42.62,2021Q3
1521,110,12,40.76,2021Q4
1521,111,3,39.22,2022Q1
1521,111,6,39.39,2022Q2
1521,111,9,35.33,2022Q3
1521,111,12,35.67,2022Q4
1521,112,3,38.62,2023Q1
1521,112,6,41.32,2023Q2
1521,112,9,39.15,2023Q3
1521,112,12,45.88,2023Q4
1521,113,3,41.76,2024Q1
1521,113,6,39.73,2024Q2
1521,113,9,38.56,2024Q3
1521,113,12,31.76,2024Q4
1521,114,3,28.67,2025Q1
1522,105,3,26.78,2016Q1
1522,105,6,26.01,2016Q2
1522,105,9,37.49,2016Q3
1522,105,12,35.7,2016Q4
1522,106,3,35.07,2017Q1
1522,106,6,32.34,2017Q2
1522,106,9,33.34,2017Q3
1522,106,12,33.04,2017Q4
1522,107,3,30.63,2018Q1
1522,107,6,32.71,2018Q2
1522,107,9,28.52,2018Q3
1522,107,12,25.64,2018Q4
1522,108,3,26.5,2019Q1
1522,108,6,27.27,2019Q2
1522,108,9,31.42,2019Q3
1522,108,12,29.23,2019Q4
1522,109,3,19.97,2020Q1
1522,109,6,24.85,2020Q2
1522,109,9,21.73,2020Q3
1522,109,12,23.11,2020Q4
1522,110,3,23.86,2021Q1
1522,110,6,21.85,2021Q2
1522,110,9,19.91,2021Q3
1522,110,12,19.11,2021Q4
1522,111,3,18.22,2022Q1
1522,111,6,28.78,2022Q2
1522,111,9,28.88,2022Q3
1522,111,12,28.3,2022Q4
1522,112,3,29.24,2023Q1
1522,112,6,35.64,2023Q2
1522,112,9,41.78,2023Q3
1522,112,12,43.1,2023Q4
1522,113,3,49.67,2024Q1
1522,113,6,69.0,2024Q2
1522,113,9,64.49,2024Q3
1522,113,12,64.15,2024Q4
1522,114,3,59.79,2025Q1
1524,105,3,7.19,2016Q1
1524,105,6,8.64,2016Q2
1524,105,9,12.07,2016Q3
1524,105,12,11.23,2016Q4
1524,106,3,13.08,2017Q1
1524,106,6,11.57,2017Q2
1524,106,9,11.8,2017Q3
1524,106,12,12.0,2017Q4
1524,107,3,10.58,2018Q1
1524,107,6,11.06,2018Q2
1524,107,9,10.22,2018Q3
1524,107,12,10.43,2018Q4
1524,108,3,10.49,2019Q1
1524,108,6,10.43,2019Q2
1524,108,9,9.95,2019Q3
1524,108,12,9.95,2019Q4
1524,109,3,8.33,2020Q1
1524,109,6,8.89,2020Q2
1524,109,9,9.82,2020Q3
1524,109,12,10.16,2020Q4
1524,110,3,11.26,2021Q1
1524,110,6,10.33,2021Q2
1524,110,9,9.95,2021Q3
1524,110,12,11.14,2021Q4
1524,111,3,10.38,2022Q1
1524,111,6,21.11,2022Q2
1524,111,9,27.23,2022Q3
1524,111,12,25.35,2022Q4
1524,112,3,26.25,2023Q1
1524,112,6,24.55,2023Q2
1524,112,9,25.74,2023Q3
1524,112,12,35.75,2023Q4
1524,113,3,35.85,2024Q1
1524,113,6,36.73,2024Q2
1524,113,9,34.17,2024Q3
1524,113,12,39.82,2024Q4
1524,114,3,41.87,2025Q1
1525,105,3,101.01,2016Q1
1525,105,6,129.01,2016Q2
1525,105,9,143.33,2016Q3
1525,105,12,115.98,2016Q4
1525,106,3,111.21,2017Q1
1525,106,6,119.43,2017Q2
1525,106,9,105.32,2017Q3
1525,106,12,94.11,2017Q4
1525,107,3,80.26,2018Q1
1525,107,6,75.92,2018Q2
1525,107,9,66.48,2018Q3
1525,107,12,57.02,2018Q4
1525,108,3,65.0,2019Q1
1525,108,6,56.13,2019Q2
1525,108,9,56.7,2019Q3
1525,108,12,55.45,2019Q4
1525,109,3,42.36,2020Q1
1525,109,6,49.27,2020Q2
1525,109,9,70.59,2020Q3
1525,109,12,66.66,2020Q4
1525,110,3,77.71,2021Q1
1525,110,6,71.58,2021Q2
1525,110,9,62.67,2021Q3
1525,110,12,60.12,2021Q4
1525,111,3,59.94,2022Q1
1525,111,6,59.05,2022Q2
1525,111,9,62.07,2022Q3
1525,111,12,58.43,2022Q4
1525,112,3,63.07,2023Q1
1525,112,6,115.55,2023Q2
1525,112,9,81.63,2023Q3
1525,112,12,81.73,2023Q4
1525,113,3,73.46,2024Q1
1525,113,6,76.98,2024Q2
1525,113,9,67.98,2024Q3
1525,113,12,62.03,2024Q4
1525,114,3,63.92,2025Q1
1526,105,3,14.05,2016Q1
1526,105,6,12.66,2016Q2
1526,105,9,15.1,2016Q3
1526,105,12,14.51,2016Q4
1526,106,3,15.48,2017Q1
1526,106,6,18.64,2017Q2
1526,106,9,34.89,2017Q3
1526,106,12,57.76,2017Q4
1526,107,3,79.81,2018Q1
1526,107,6,44.08,2018Q2
1526,107,9,25.59,2018Q3
1526,107,12,34.23,2018Q4
1526,108,3,37.9,2019Q1
1526,108,6,29.87,2019Q2
1526,108,9,29.29,2019Q3
1526,108,12,24.23,2019Q4
1526,109,3,16.3,2020Q1
1526,109,6,33.12,2020Q2
1526,109,9,49.28,2020Q3
1526,109,12,49.41,2020Q4
1526,110,3,46.09,2021Q1
1526,110,6,52.76,2021Q2
1526,110,9,50.88,2021Q3
1526,110,12,48.94,2021Q4
1526,111,3,47.37,2022Q1
1526,111,6,48.21,2022Q2
1526,111,9,56.59,2022Q3
1526,111,12,43.97,2022Q4
1526,112,3,43.05,2023Q1
1526,112,6,40.45,2023Q2
1526,112,9,35.04,2023Q3
1526,112,12,33.6,2023Q4
1526,113,3,35.19,2024Q1
1526,113,6,32.34,2024Q2
1526,113,9,28.12,2024Q3
1526,113,12,25.83,2024Q4
1526,114,3,25.45,2025Q1
1527,105,3,71.24,2016Q1
1527,105,6,80.32,2016Q2
1527,105,9,103.2,2016Q3
1527,105,12,89.28,2016Q4
1527,106,3,94.29,2017Q1
1527,106,6,87.2,2017Q2
1527,106,9,88.41,2017Q3
1527,106,12,69.22,2017Q4
1527,107,3,55.05,2018Q1
1527,107,6,63.68,2018Q2
1527,107,9,56.05,2018Q3
1527,107,12,47.21,2018Q4
1527,108,3,54.68,2019Q1
1527,108,6,57.4,2019Q2
1527,108,9,50.37,2019Q3
1527,108,12,49.68,2019Q4
1527,109,3,40.07,2020Q1
1527,109,6,41.06,2020Q2
1527,109,9,38.84,2020Q3
1527,109,12,42.08,2020Q4
1527,110,3,46.96,2021Q1
1527,110,6,49.67,2021Q2
1527,110,9,45.63,2021Q3
1527,110,12,42.82,2021Q4
1527,111,3,41.33,2022Q1
1527,111,6,46.52,2022Q2
1527,111,9,41.92,2022Q3
1527,111,12,41.5,2022Q4
1527,112,3,44.06,2023Q1
1527,112,6,41.95,2023Q2
1527,112,9,39.77,2023Q3
1527,112,12,41.08,2023Q4
1527,113,3,41.32,2024Q1
1527,113,6,43.92,2024Q2
1527,113,9,47.21,2024Q3
1527,113,12,43.29,2024Q4
1527,114,3,42.52,2025Q1
1528,105,3,10.65,2016Q1
1528,105,6,10.72,2016Q2
1528,105,9,10.11,2016Q3
1528,105,12,10.13,2016Q4
1528,106,3,10.69,2017Q1
1528,106,6,10.35,2017Q2
1528,106,9,11.97,2017Q3
1528,106,12,14.89,2017Q4
1528,107,3,16.62,2018Q1
1528,107,6,15.98,2018Q2
1528,107,9,12.43,2018Q3
1528,107,12,10.58,2018Q4
1528,108,3,10.35,2019Q1
1528,108,6,9.31,2019Q2
1528,108,9,9.24,2019Q3
1528,108,12,9.42,2019Q4
1528,109,3,6.2,2020Q1
1528,109,6,7.81,2020Q2
1528,109,9,8.42,2020Q3
1528,109,12,9.32,2020Q4
1528,110,3,10.22,2021Q1
1528,110,6,11.43,2021Q2
1528,110,9,10.73,2021Q3
1528,110,12,11.69,2021Q4
1528,111,3,10.16,2022Q1
1528,111,6,10.42,2022Q2
1528,111,9,10.75,2022Q3
1528,111,12,10.27,2022Q4
1528,112,3,11.01,2023Q1
1528,112,6,15.93,2023Q2
1528,112,9,12.28,2023Q3
1528,112,12,11.8,2023Q4
1528,113,3,13.49,2024Q1
1528,113,6,13.08,2024Q2
1528,113,9,14.06,2024Q3
1528,113,12,16.29,2024Q4
1528,114,3,17.22,2025Q1
1529,105,3,3.03,2016Q1
1529,105,6,4.35,2016Q2
1529,105,9,4.34,2016Q3
1529,105,12,3.43,2016Q4
1529,106,3,3.95,2017Q1
1529,106,6,3.25,2017Q2
1529,106,9,3.36,2017Q3
1529,106,12,3.08,2017Q4
1529,107,3,3.6,2018Q1
1529,107,6,3.29,2018Q2
1529,107,9,2.94,2018Q3
1529,107,12,4.18,2018Q4
1529,108,3,13.83,2019Q1
1529,108,6,15.67,2019Q2
1529,108,9,17.34,2019Q3
1529,108,12,18.5,2019Q4
1529,109,3,13.4,2020Q1
1529,109,6,17.12,2020Q2
1529,109,9,16.38,2020Q3
1529,109,12,17.13,2020Q4
1529,110,3,15.75,2021Q1
1529,110,6,17.17,2021Q2
1529,110,9,16.87,2021Q3
1529,110,12,21.86,2021Q4
1529,111,3,25.54,2022Q1
1529,111,6,19.73,2022Q2
1529,111,9,20.97,2022Q3
1529,111,12,19.85,2022Q4
1529,112,3,28.07,2023Q1
1529,112,6,41.84,2023Q2
1529,112,9,31.6,2023Q3
1529,112,12,35.24,2023Q4
1529,113,3,35.32,2024Q1
1529,113,6,33.98,2024Q2
1529,113,9,29.4,2024Q3
1529,113,12,24.14,2024Q4
1529,114,3,27.33,2025Q1
1530,105,3,31.95,2016Q1
1530,105,6,28.42,2016Q2
1530,105,9,28.24,2016Q3
1530,105,12,28.01,2016Q4
1530,106,3,34.95,2017Q1
1530,106,6,32.84,2017Q2
1530,106,9,35.97,2017Q3
1530,106,12,31.74,2017Q4
1530,107,3,32.72,2018Q1
1530,107,6,38.43,2018Q2
1530,107,9,32.82,2018Q3
1530,107,12,29.7,2018Q4
1530,108,3,31.24,2019Q1
1530,108,6,30.27,2019Q2
1530,108,9,28.31,2019Q3
1530,108,12,29.77,2019Q4
1530,109,3,27.06,2020Q1
1530,109,6,31.37,2020Q2
1530,109,9,29.94,2020Q3
1530,109,12,31.51,2020Q4
1530,110,3,34.89,2021Q1
1530,110,6,39.89,2021Q2
1530,110,9,36.03,2021Q3
1530,110,12,33.0,2021Q4
1530,111,3,31.39,2022Q1
1530,111,6,31.08,2022Q2
1530,111,9,31.11,2022Q3
1530,111,12,31.02,2022Q4
1530,112,3,32.83,2023Q1
1530,112,6,33.0,2023Q2
1530,112,9,30.01,2023Q3
1530,112,12,32.95,2023Q4
1530,113,3,32.44,2024Q1
1530,113,6,32.2,2024Q2
1530,113,9,34.78,2024Q3
1530,113,12,30.83,2024Q4
1530,114,3,32.3,2025Q1
1531,105,3,18.31,2016Q1
1531,105,6,16.31,2016Q2
1531,105,9,16.45,2016Q3
1531,105,12,15.87,2016Q4
1531,106,3,18.38,2017Q1
1531,106,6,20.43,2017Q2
1531,106,9,21.29,2017Q3
1531,106,12,22.9,2017Q4
1531,107,3,21.94,2018Q1
1531,107,6,20.06,2018Q2
1531,107,9,18.14,2018Q3
1531,107,12,16.02,2018Q4
1531,108,3,16.56,2019Q1
1531,108,6,16.06,2019Q2
1531,108,9,15.08,2019Q3
1531,108,12,15.15,2019Q4
1531,109,3,10.72,2020Q1
1531,109,6,12.31,2020Q2
1531,109,9,11.35,2020Q3
1531,109,12,13.2,2020Q4
1531,110,3,14.68,2021Q1
1531,110,6,14.61,2021Q2
1531,110,9,15.55,2021Q3
1531,110,12,15.7,2021Q4
1531,111,3,15.18,2022Q1
1531,111,6,14.58,2022Q2
1531,111,9,14.15,2022Q3
1531,111,12,14.04,2022Q4
1531,112,3,14.35,2023Q1
1531,112,6,14.59,2023Q2
1531,112,9,13.39,2023Q3
1531,112,12,13.78,2023Q4
1531,113,3,13.47,2024Q1
1531,113,6,14.66,2024Q2
1531,113,9,14.07,2024Q3
1531,113,12,15.38,2024Q4
1531,114,3,13.8,2025Q1
1532,105,3,28.34,2016Q1
1532,105,6,37.24,2016Q2
1532,105,9,30.97,2016Q3
1532,105,12,33.66,2016Q4
1532,106,3,32.17,2017Q1
1532,106,6,30.24,2017Q2
1532,106,9,30.58,2017Q3
1532,106,12,27.96,2017Q4
1532,107,3,28.84,2018Q1
1532,107,6,29.38,2018Q2
1532,107,9,31.26,2018Q3
1532,107,12,36.39,2018Q4
1532,108,3,38.95,2019Q1
1532,108,6,35.41,2019Q2
1532,108,9,30.84,2019Q3
1532,108,12,30.94,2019Q4
1532,109,3,24.45,2020Q1
1532,109,6,28.3,2020Q2
1532,109,9,31.0,2020Q3
1532,109,12,32.33,2020Q4
1532,110,3,31.86,2021Q1
1532,110,6,33.1,2021Q2
1532,110,9,34.7,2021Q3
1532,110,12,32.57,2021Q4
1532,111,3,34.43,2022Q1
1532,111,6,32.25,2022Q2
1532,111,9,29.58,2022Q3
1532,111,12,29.31,2022Q4
1532,112,3,34.72,2023Q1
1532,112,6,36.58,2023Q2
1532,112,9,36.52,2023Q3
1532,112,12,40.15,2023Q4
1532,113,3,37.83,2024Q1
1532,113,6,50.39,2024Q2
1532,113,9,38.29,2024Q3
1532,113,12,32.61,2024Q4
1532,114,3,31.02,2025Q1
1533,105,3,52.73,2016Q1
1533,105,6,44.54,2016Q2
1533,105,9,44.45,2016Q3
1533,105,12,43.87,2016Q4
1533,106,3,43.24,2017Q1
1533,106,6,40.71,2017Q2
1533,106,9,41.89,2017Q3
1533,106,12,40.94,2017Q4
1533,107,3,37.92,2018Q1
1533,107,6,38.91,2018Q2
1533,107,9,35.44,2018Q3
1533,107,12,37.69,2018Q4
1533,108,3,36.9,2019Q1
1533,108,6,34.65,2019Q2
1533,108,9,38.45,2019Q3
1533,108,12,37.36,2019Q4
1533,109,3,26.6,2020Q1
1533,109,6,30.25,2020Q2
1533,109,9,29.74,2020Q3
1533,109,12,37.34,2020Q4
1533,110,3,68.77,2021Q1
1533,110,6,61.89,2021Q2
1533,110,9,49.65,2021Q3
1533,110,12,60.85,2021Q4
1533,111,3,57.45,2022Q1
1533,111,6,64.76,2022Q2
1533,111,9,58.45,2022Q3
1533,111,12,51.79,2022Q4
1533,112,3,51.98,2023Q1
1533,112,6,63.61,2023Q2
1533,112,9,58.61,2023Q3
1533,112,12,56.55,2023Q4
1533,113,3,49.6,2024Q1
1533,113,6,46.35,2024Q2
1533,113,9,41.45,2024Q3
1533,113,12,39.8,2024Q4
1533,114,3,38.32,2025Q1
1535,105,3,59.39,2016Q1
1535,105,6,51.81,2016Q2
1535,105,9,45.62,2016Q3
1535,105,12,44.43,2016Q4
1535,106,3,47.31,2017Q1
1535,106,6,43.81,2017Q2
1535,106,9,39.69,2017Q3
1535,106,12,41.87,2017Q4
1535,107,3,45.7,2018Q1
1535,107,6,40.19,2018Q2
1535,107,9,36.18,2018Q3
1535,107,12,30.23,2018Q4
1535,108,3,33.58,2019Q1
1535,108,6,32.37,2019Q2
1535,108,9,33.72,2019Q3
1535,108,12,34.81,2019Q4
1535,109,3,29.14,2020Q1
1535,109,6,32.53,2020Q2
1535,109,9,32.16,2020Q3
1535,109,12,34.03,2020Q4
1535,110,3,38.85,2021Q1
1535,110,6,37.6,2021Q2
1535,110,9,39.43,2021Q3
1535,110,12,39.6,2021Q4
1535,111,3,42.91,2022Q1
1535,111,6,41.76,2022Q2
1535,111,9,43.78,2022Q3
1535,111,12,43.05,2022Q4
1535,112,3,48.98,2023Q1
1535,112,6,54.52,2023Q2
1535,112,9,53.46,2023Q3
1535,112,12,56.16,2023Q4
1535,113,3,70.77,2024Q1
1535,113,6,69.71,2024Q2
1535,113,9,60.32,2024Q3
1535,113,12,62.58,2024Q4
1535,114,3,59.83,2025Q1
1536,105,3,129.21,2016Q1
1536,105,6,150.6,2016Q2
1536,105,9,156.55,2016Q3
1536,105,12,127.12,2016Q4
1536,106,3,132.78,2017Q1
1536,106,6,147.19,2017Q2
1536,106,9,140.7,2017Q3
1536,106,12,142.88,2017Q4
1536,107,3,130.85,2018Q1
1536,107,6,150.46,2018Q2
1536,107,9,131.12,2018Q3
1536,107,12,127.22,2018Q4
1536,108,3,116.1,2019Q1
1536,108,6,95.09,2019Q2
1536,108,9,113.63,2019Q3
1536,108,12,115.69,2019Q4
1536,109,3,84.8,2020Q1
1536,109,6,104.33,2020Q2
1536,109,9,99.53,2020Q3
1536,109,12,107.74,2020Q4
1536,110,3,111.65,2021Q1
1536,110,6,105.4,2021Q2
1536,110,9,94.06,2021Q3
1536,110,12,90.66,2021Q4
1536,111,3,77.36,2022Q1
1536,111,6,69.32,2022Q2
1536,111,9,91.69,2022Q3
1536,111,12,73.34,2022Q4
1536,112,3,72.87,2023Q1
1536,112,6,72.76,2023Q2
1536,112,9,65.86,2023Q3
1536,112,12,60.86,2023Q4
1536,113,3,52.79,2024Q1
1536,113,6,56.2,2024Q2
1536,113,9,60.14,2024Q3
1536,113,12,65.67,2024Q4
1536,114,3,74.81,2025Q1
1537,105,3,137.65,2016Q1
1537,105,6,139.2,2016Q2
1537,105,9,150.63,2016Q3
1537,105,12,151.87,2016Q4
1537,106,3,159.35,2017Q1
1537,106,6,160.07,2017Q2
1537,106,9,151.56,2017Q3
1537,106,12,144.36,2017Q4
1537,107,3,145.55,2018Q1
1537,107,6,147.0,2018Q2
1537,107,9,141.82,2018Q3
1537,107,12,145.37,2018Q4
1537,108,3,163.18,2019Q1
1537,108,6,163.21,2019Q2
1537,108,9,147.69,2019Q3
1537,108,12,148.28,2019Q4
1537,109,3,132.06,2020Q1
1537,109,6,146.4,2020Q2
1537,109,9,138.22,2020Q3
1537,109,12,142.82,2020Q4
1537,110,3,145.97,2021Q1
1537,110,6,148.36,2021Q2
1537,110,9,138.22,2021Q3
1537,110,12,138.48,2021Q4
1537,111,3,137.8,2022Q1
1537,111,6,136.39,2022Q2
1537,111,9,139.97,2022Q3
1537,111,12,137.06,2022Q4
1537,112,3,141.56,2023Q1
1537,112,6,141.05,2023Q2
1537,112,9,131.65,2023Q3
1537,112,12,131.64,2023Q4
1537,113,3,138.19,2024Q1
1537,113,6,146.15,2024Q2
1537,113,9,150.85,2024Q3
1537,113,12,158.19,2024Q4
1537,114,3,153.96,2025Q1
1538,105,3,5.91,2016Q1
1538,105,6,4.83,2016Q2
1538,105,9,6.63,2016Q3
1538,105,12,5.98,2016Q4
1538,106,3,6.51,2017Q1
1538,106,6,8.48,2017Q2
1538,106,9,6.1,2017Q3
1538,106,12,4.96,2017Q4
1538,107,3,5.7,2018Q1
1538,107,6,4.17,2018Q2
1538,107,9,5.32,2018Q3
1538,107,12,5.07,2018Q4
1538,108,3,5.0,2019Q1
1538,108,6,4.41,2019Q2
1538,108,9,3.77,2019Q3
1538,108,12,4.7,2019Q4
1538,109,3,2.41,2020Q1
1538,109,6,3.62,2020Q2
1538,109,9,4.41,2020Q3
1538,109,12,8.16,2020Q4
1538,110,3,7.94,2021Q1
1538,110,6,12.51,2021Q2
1538,110,9,9.92,2021Q3
1538,110,12,10.63,2021Q4
1538,111,3,8.55,2022Q1
1538,111,6,7.11,2022Q2
1538,111,9,7.52,2022Q3
1538,111,12,7.1,2022Q4
1538,112,3,8.63,2023Q1
1538,112,6,9.44,2023Q2
1538,112,9,11.82,2023Q3
1538,112,12,20.55,2023Q4
1538,113,3,20.85,2024Q1
1538,113,6,17.23,2024Q2
1538,113,9,17.65,2024Q3
1538,113,12,18.34,2024Q4
1538,114,3,28.17,2025Q1
1539,105,3,34.75,2016Q1
1539,105,6,31.88,2016Q2
1539,105,9,30.57,2016Q3
1539,105,12,27.08,2016Q4
1539,106,3,27.1,2017Q1
1539,106,6,22.67,2017Q2
1539,106,9,21.73,2017Q3
1539,106,12,20.47,2017Q4
1539,107,3,18.05,2018Q1
1539,107,6,21.0,2018Q2
1539,107,9,29.05,2018Q3
1539,107,12,24.4,2018Q4
1539,108,3,25.7,2019Q1
1539,108,6,23.97,2019Q2
1539,108,9,21.01,2019Q3
1539,108,12,20.0,2019Q4
1539,109,3,14.09,2020Q1
1539,109,6,17.83,2020Q2
1539,109,9,23.03,2020Q3
1539,109,12,19.6,2020Q4
1539,110,3,20.37,2021Q1
1539,110,6,18.04,2021Q2
1539,110,9,16.83,2021Q3
1539,110,12,22.88,2021Q4
1539,111,3,18.4,2022Q1
1539,111,6,29.95,2022Q2
1539,111,9,38.29,2022Q3
1539,111,12,31.76,2022Q4
1539,112,3,32.41,2023Q1
1539,112,6,29.21,2023Q2
1539,112,9,23.78,2023Q3
1539,112,12,24.68,2023Q4
1539,113,3,25.64,2024Q1
1539,113,6,23.95,2024Q2
1539,113,9,32.63,2024Q3
1539,113,12,23.0,2024Q4
1539,114,3,22.53,2025Q1
1540,105,3,16.94,2016Q1
1540,105,6,15.29,2016Q2
1540,105,9,14.61,2016Q3
1540,105,12,13.02,2016Q4
1540,106,3,15.23,2017Q1
1540,106,6,15.28,2017Q2
1540,106,9,15.24,2017Q3
1540,106,12,15.5,2017Q4
1540,107,3,16.85,2018Q1
1540,107,6,15.72,2018Q2
1540,107,9,16.77,2018Q3
1540,107,12,15.95,2018Q4
1540,108,3,17.5,2019Q1
1540,108,6,21.96,2019Q2
1540,108,9,19.77,2019Q3
1540,108,12,19.4,2019Q4
1540,109,3,15.66,2020Q1
1540,109,6,16.66,2020Q2
1540,109,9,14.82,2020Q3
1540,109,12,15.18,2020Q4
1540,110,3,15.59,2021Q1
1540,110,6,16.34,2021Q2
1540,110,9,14.98,2021Q3
1540,110,12,15.1,2021Q4
1540,111,3,14.72,2022Q1
1540,111,6,16.04,2022Q2
1540,111,9,15.76,2022Q3
1540,111,12,15.61,2022Q4
1540,112,3,17.89,2023Q1
1540,112,6,17.85,2023Q2
1540,112,9,18.22,2023Q3
1540,112,12,17.89,2023Q4
1540,113,3,18.51,2024Q1
1540,113,6,21.82,2024Q2
1540,113,9,46.7,2024Q3
1540,113,12,38.08,2024Q4
1540,114,3,37.61,2025Q1
1541,105,3,54.89,2016Q1
1541,105,6,60.05,2016Q2
1541,105,9,57.01,2016Q3
1541,105,12,51.41,2016Q4
1541,106,3,64.53,2017Q1
1541,106,6,51.61,2017Q2
1541,106,9,48.45,2017Q3
1541,106,12,46.41,2017Q4
1541,107,3,45.08,2018Q1
1541,107,6,40.74,2018Q2
1541,107,9,31.05,2018Q3
1541,107,12,31.53,2018Q4
1541,108,3,29.83,2019Q1
1541,108,6,35.75,2019Q2
1541,108,9,35.74,2019Q3
1541,108,12,36.76,2019Q4
1541,109,3,29.03,2020Q1
1541,109,6,38.28,2020Q2
1541,109,9,58.62,2020Q3
1541,109,12,54.17,2020Q4
1541,110,3,56.84,2021Q1
1541,110,6,50.02,2021Q2
1541,110,9,47.32,2021Q3
1541,110,12,43.51,2021Q4
1541,111,3,43.19,2022Q1
1541,111,6,54.61,2022Q2
1541,111,9,34.35,2022Q3
1541,111,12,34.29,2022Q4
1541,112,3,36.75,2023Q1
1541,112,6,38.03,2023Q2
1541,112,9,30.85,2023Q3
1541,112,12,32.89,2023Q4
1541,113,3,31.78,2024Q1
1541,113,6,31.61,2024Q2
1541,113,9,34.17,2024Q3
1541,113,12,27.48,2024Q4
1541,114,3,30.52,2025Q1
1558,105,3,151.8,2016Q1
1558,105,6,147.3,2016Q2
1558,105,9,159.53,2016Q3
1558,105,12,156.07,2016Q4
1558,106,3,155.01,2017Q1
1558,106,6,143.06,2017Q2
1558,106,9,131.33,2017Q3
1558,106,12,129.28,2017Q4
1558,107,3,129.37,2018Q1
1558,107,6,128.7,2018Q2
1558,107,9,140.69,2018Q3
1558,107,12,137.92,2018Q4
1558,108,3,148.89,2019Q1
1558,108,6,145.89,2019Q2
1558,108,9,133.62,2019Q3
1558,108,12,133.04,2019Q4
1558,109,3,119.4,2020Q1
1558,109,6,137.37,2020Q2
1558,109,9,138.04,2020Q3
1558,109,12,140.29,2020Q4
1558,110,3,161.09,2021Q1
1558,110,6,165.93,2021Q2
1558,110,9,147.89,2021Q3
1558,110,12,144.15,2021Q4
1558,111,3,141.43,2022Q1
1558,111,6,137.76,2022Q2
1558,111,9,127.65,2022Q3
1558,111,12,119.27,2022Q4
1558,112,3,117.05,2023Q1
1558,112,6,111.82,2023Q2
1558,112,9,105.72,2023Q3
1558,112,12,107.86,2023Q4
1558,113,3,99.81,2024Q1
1558,113,6,101.07,2024Q2
1558,113,9,114.59,2024Q3
1558,113,12,107.15,2024Q4
1558,114,3,110.64,2025Q1
1560,105,3,54.65,2016Q1
1560,105,6,51.61,2016Q2
1560,105,9,55.58,2016Q3
1560,105,12,60.83,2016Q4
1560,106,3,75.81,2017Q1
1560,106,6,76.75,2017Q2
1560,106,9,78.08,2017Q3
1560,106,12,84.71,2017Q4
1560,107,3,78.32,2018Q1
1560,107,6,74.03,2018Q2
1560,107,9,65.71,2018Q3
1560,107,12,58.42,2018Q4
1560,108,3,60.87,2019Q1
1560,108,6,60.03,2019Q2
1560,108,9,60.36,2019Q3
1560,108,12,69.68,2019Q4
1560,109,3,53.94,2020Q1
1560,109,6,60.95,2020Q2
1560,109,9,62.05,2020Q3
1560,109,12,65.66,2020Q4
1560,110,3,70.77,2021Q1
1560,110,6,66.52,2021Q2
1560,110,9,71.66,2021Q3
1560,110,12,106.76,2021Q4
1560,111,3,124.05,2022Q1
1560,111,6,159.85,2022Q2
1560,111,9,138.83,2022Q3
1560,111,12,122.06,2022Q4
1560,112,3,116.06,2023Q1
1560,112,6,126.16,2023Q2
1560,112,9,145.56,2023Q3
1560,112,12,183.74,2023Q4
1560,113,3,253.98,2024Q1
1560,113,6,302.04,2024Q2
1560,113,9,319.48,2024Q3
1560,113,12,296.5,2024Q4
1560,114,3,250.88,2025Q1
1568,105,3,27.13,2016Q1
1568,105,6,25.2,2016Q2
1568,105,9,37.76,2016Q3
1568,105,12,34.05,2016Q4
1568,106,3,31.78,2017Q1
1568,106,6,41.35,2017Q2
1568,106,9,45.78,2017Q3
1568,106,12,35.5,2017Q4
1568,107,3,32.35,2018Q1
1568,107,6,30.08,2018Q2
1568,107,9,20.53,2018Q3
1568,107,12,20.43,2018Q4
1568,108,3,19.96,2019Q1
1568,108,6,19.8,2019Q2
1568,108,9,21.85,2019Q3
1568,108,12,20.0,2019Q4
1568,109,3,13.77,2020Q1
1568,109,6,16.14,2020Q2
1568,109,9,16.23,2020Q3
1568,109,12,22.93,2020Q4
1568,110,3,30.92,2021Q1
1568,110,6,27.55,2021Q2
1568,110,9,21.87,2021Q3
1568,110,12,23.21,2021Q4
1568,111,3,20.31,2022Q1
1568,111,6,27.69,2022Q2
1568,111,9,28.52,2022Q3
1568,111,12,24.43,2022Q4
1568,112,3,24.22,2023Q1
1568,112,6,26.7,2023Q2
1568,112,9,28.69,2023Q3
1568,112,12,35.82,2023Q4
1568,113,3,31.97,2024Q1
1568,113,6,28.55,2024Q2
1568,113,9,28.4,2024Q3
1568,113,12,28.04,2024Q4
1568,114,3,28.06,2025Q1
1582,105,3,52.72,2016Q1
1582,105,6,52.78,2016Q2
1582,105,9,53.64,2016Q3
1582,105,12,62.78,2016Q4
1582,106,3,66.06,2017Q1
1582,106,6,70.17,2017Q2
1582,106,9,70.63,2017Q3
1582,106,12,63.61,2017Q4
1582,107,3,66.38,2018Q1
1582,107,6,63.01,2018Q2
1582,107,9,57.9,2018Q3
1582,107,12,66.42,2018Q4
1582,108,3,80.74,2019Q1
1582,108,6,81.77,2019Q2
1582,108,9,77.46,2019Q3
1582,108,12,89.16,2019Q4
1582,109,3,72.29,2020Q1
1582,109,6,81.58,2020Q2
1582,109,9,86.57,2020Q3
1582,109,12,85.53,2020Q4
1582,110,3,86.09,2021Q1
1582,110,6,83.33,2021Q2
1582,110,9,69.18,2021Q3
1582,110,12,69.19,2021Q4
1582,111,3,70.4,2022Q1
1582,111,6,67.78,2022Q2
1582,111,9,65.86,2022Q3
1582,111,12,58.88,2022Q4
1582,112,3,60.62,2023Q1
1582,112,6,59.75,2023Q2
1582,112,9,63.81,2023Q3
1582,112,12,89.88,2023Q4
1582,113,3,88.63,2024Q1
1582,113,6,114.67,2024Q2
1582,113,9,113.17,2024Q3
1582,113,12,91.82,2024Q4
1582,114,3,102.11,2025Q1
1583,105,3,67.12,2016Q1
1583,105,6,57.35,2016Q2
1583,105,9,57.54,2016Q3
1583,105,12,51.69,2016Q4
1583,106,3,75.48,2017Q1
1583,106,6,64.37,2017Q2
1583,106,9,63.43,2017Q3
1583,106,12,63.01,2017Q4
1583,107,3,64.71,2018Q1
1583,107,6,65.44,2018Q2
1583,107,9,60.51,2018Q3
1583,107,12,50.04,2018Q4
1583,108,3,54.86,2019Q1
1583,108,6,57.14,2019Q2
1583,108,9,52.55,2019Q3
1583,108,12,57.27,2019Q4
1583,109,3,54.28,2020Q1
1583,109,6,60.17,2020Q2
1583,109,9,59.75,2020Q3
1583,109,12,60.76,2020Q4
1583,110,3,63.51,2021Q1
1583,110,6,71.7,2021Q2
1583,110,9,63.74,2021Q3
1583,110,12,62.47,2021Q4
1583,111,3,56.98,2022Q1
1583,111,6,57.59,2022Q2
1583,111,9,61.56,2022Q3
1583,111,12,61.6,2022Q4
1583,112,3,70.05,2023Q1
1583,112,6,70.55,2023Q2
1583,112,9,62.87,2023Q3
1583,112,12,66.72,2023Q4
1583,113,3,75.7,2024Q1
1583,113,6,69.34,2024Q2
1583,113,9,62.22,2024Q3
1583,113,12,64.92,2024Q4
1583,114,3,62.51,2025Q1
1589,105,3,232.11,2016Q1
1589,105,6,205.33,2016Q2
1589,105,9,173.3,2016Q3
1589,105,12,106.44,2016Q4
1589,106,3,115.82,2017Q1
1589,106,6,90.26,2017Q2
1589,106,9,78.42,2017Q3
1589,106,12,66.87,2017Q4
1589,107,3,85.37,2018Q1
1589,107,6,67.52,2018Q2
1589,107,9,53.37,2018Q3
1589,107,12,52.3,2018Q4
1589,108,3,72.7,2019Q1
1589,108,6,60.35,2019Q2
1589,108,9,53.48,2019Q3
1589,108,12,63.04,2019Q4
1589,109,3,54.06,2020Q1
1589,109,6,61.64,2020Q2
1589,109,9,98.8,2020Q3
1589,109,12,84.64,2020Q4
1589,110,3,80.87,2021Q1
1589,110,6,73.55,2021Q2
1589,110,9,64.06,2021Q3
1589,110,12,61.91,2021Q4
1589,111,3,64.48,2022Q1
1589,111,6,57.4,2022Q2
1589,111,9,59.58,2022Q3
1589,111,12,56.92,2022Q4
1589,112,3,76.4,2023Q1
1589,112,6,71.93,2023Q2
1589,112,9,54.44,2023Q3
1589,112,12,51.61,2023Q4
1589,113,3,57.76,2024Q1
1589,113,6,44.83,2024Q2
1589,113,9,43.86,2024Q3
1589,113,12,37.39,2024Q4
1589,114,3,39.35,2025Q1
1590,105,3,186.37,2016Q1
1590,105,6,234.32,2016Q2
1590,105,9,255.99,2016Q3
1590,105,12,253.78,2016Q4
1590,106,3,295.25,2017Q1
1590,106,6,336.38,2017Q2
1590,106,9,425.96,2017Q3
1590,106,12,494.21,2017Q4
1590,107,3,494.6,2018Q1
1590,107,6,478.45,2018Q2
1590,107,9,293.78,2018Q3
1590,107,12,332.56,2018Q4
1590,108,3,385.12,2019Q1
1590,108,6,325.1,2019Q2
1590,108,9,359.77,2019Q3
1590,108,12,444.94,2019Q4
1590,109,3,424.15,2020Q1
1590,109,6,510.18,2020Q2
1590,109,9,665.59,2020Q3
1590,109,12,873.61,2020Q4
1590,110,3,976.94,2021Q1
1590,110,6,1030.1,2021Q2
1590,110,9,917.45,2021Q3
1590,110,12,925.69,2021Q4
1590,111,3,894.65,2022Q1
1590,111,6,1003.15,2022Q2
1590,111,9,770.95,2022Q3
1590,111,12,940.01,2022Q4
1590,112,3,1131.05,2023Q1
1590,112,6,1020.26,2023Q2
1590,112,9,965.08,2023Q3
1590,112,12,1009.94,2023Q4
1590,113,3,1111.06,2024Q1
1590,113,6,1024.28,2024Q2
1590,113,9,833.4,2024Q3
1590,113,12,826.19,2024Q4
1590,114,3,954.01,2025Q1
1598,105,9,47.42,2016Q3
1598,105,12,40.68,2016Q4
1598,106,3,43.3,2017Q1
1598,106,6,41.02,2017Q2
1598,106,9,42.11,2017Q3
1598,106,12,42.96,2017Q4
1598,107,3,40.82,2018Q1
1598,107,6,35.48,2018Q2
1598,107,9,30.38,2018Q3
1598,107,12,31.65,2018Q4
1598,108,3,34.59,2019Q1
1598,108,6,44.19,2019Q2
1598,108,9,41.05,2019Q3
1598,108,12,40.3,2019Q4
1598,109,3,33.43,2020Q1
1598,109,6,51.47,2020Q2
1598,109,9,127.25,2020Q3
1598,109,12,116.1,2020Q4
1598,110,3,114.5,2021Q1
1598,110,6,100.2,2021Q2
1598,110,9,62.81,2021Q3
1598,110,12,55.98,2021Q4
1598,111,3,46.73,2022Q1
1598,111,6,40.37,2022Q2
1598,111,9,41.51,2022Q3
1598,111,12,43.56,2022Q4
1598,112,3,47.58,2023Q1
1598,112,6,38.74,2023Q2
1598,112,9,34.62,2023Q3
1598,112,12,36.28,2023Q4
1598,113,3,31.03,2024Q1
1598,113,6,31.12,2024Q2
1598,113,9,28.21,2024Q3
1598,113,12,27.43,2024Q4
1598,114,3,28.15,2025Q1
1603,105,3,13.0,2016Q1
1603,105,6,12.87,2016Q2
1603,105,9,13.22,2016Q3
1603,105,12,22.45,2016Q4
1603,106,3,27.39,2017Q1
1603,106,6,26.32,2017Q2
1603,106,9,27.13,2017Q3
1603,106,12,29.42,2017Q4
1603,107,3,25.76,2018Q1
1603,107,6,25.99,2018Q2
1603,107,9,24.61,2018Q3
1603,107,12,23.92,2018Q4
1603,108,3,21.62,2019Q1
1603,108,9,20.74,2019Q3
1603,108,12,28.53,2019Q4
1603,109,3,29.33,2020Q1
1603,109,6,28.14,2020Q2
1603,109,9,28.34,2020Q3
1603,109,12,28.44,2020Q4
1603,110,3,26.83,2021Q1
1603,110,6,32.11,2021Q2
1603,110,9,26.22,2021Q3
1603,110,12,26.71,2021Q4
1603,111,3,28.47,2022Q1
1603,111,6,28.54,2022Q2
1603,111,9,27.47,2022Q3
1603,111,12,26.59,2022Q4
1603,112,3,29.14,2023Q1
1603,112,6,30.97,2023Q2
1603,112,9,34.36,2023Q3
1603,112,12,38.71,2023Q4
1603,113,3,43.05,2024Q1
1603,113,6,47.72,2024Q2
1603,113,9,38.09,2024Q3
1603,113,12,36.97,2024Q4
1603,114,3,37.37,2025Q1
1604,105,3,12.86,2016Q1
1604,105,6,13.75,2016Q2
1604,105,9,17.84,2016Q3
1604,105,12,17.81,2016Q4
1604,106,3,18.96,2017Q1
1604,106,6,17.5,2017Q2
1604,106,9,14.62,2017Q3
1604,106,12,12.85,2017Q4
1604,107,3,14.01,2018Q1
1604,107,6,13.92,2018Q2
1604,107,9,13.35,2018Q3
1604,107,12,13.84,2018Q4
1604,108,3,15.7,2019Q1
1604,108,6,17.66,2019Q2
1604,108,9,17.9,2019Q3
1604,108,12,20.16,2019Q4
1604,109,3,17.22,2020Q1
1604,109,6,21.21,2020Q2
1604,109,9,22.9,2020Q3
1604,109,12,25.87,2020Q4
1604,110,3,29.36,2021Q1
1604,110,6,29.92,2021Q2
1604,110,9,29.58,2021Q3
1604,110,12,29.59,2021Q4
1604,111,3,31.83,2022Q1
1604,111,6,30.26,2022Q2
1604,111,9,27.12,2022Q3
1604,111,12,25.71,2022Q4
1604,112,3,27.11,2023Q1
1604,112,6,26.97,2023Q2
1604,112,9,28.23,2023Q3
1604,112,12,28.79,2023Q4
1604,113,3,29.32,2024Q1
1604,113,6,28.67,2024Q2
1604,113,9,28.04,2024Q3
1604,113,12,28.15,2024Q4
1604,114,3,28.44,2025Q1
1605,105,3,8.78,2016Q1
1605,105,6,8.84,2016Q2
1605,105,9,10.73,2016Q3
1605,105,12,12.68,2016Q4
1605,106,3,14.28,2017Q1
1605,106,6,12.84,2017Q2
1605,106,9,14.89,2017Q3
1605,106,12,17.08,2017Q4
1605,107,3,17.64,2018Q1
1605,107,6,22.73,2018Q2
1605,107,9,20.13,2018Q3
1605,107,12,17.6,2018Q4
1605,108,3,18.09,2019Q1
1605,108,6,15.55,2019Q2
1605,108,9,14.59,2019Q3
1605,108,12,15.47,2019Q4
1605,109,3,12.09,2020Q1
1605,109,6,14.41,2020Q2
1605,109,9,17.0,2020Q3
1605,109,12,19.45,2020Q4
1605,110,3,18.62,2021Q1
1605,110,6,27.39,2021Q2
1605,110,9,26.22,2021Q3
1605,110,12,26.31,2021Q4
1605,111,3,29.44,2022Q1
1605,111,6,43.0,2022Q2
1605,111,9,40.31,2022Q3
1605,111,12,47.83,2022Q4
1605,112,3,51.48,2023Q1
1605,112,6,44.71,2023Q2
1605,112,9,37.56,2023Q3
1605,112,12,38.44,2023Q4
1605,113,3,36.98,2024Q1
1605,113,6,36.32,2024Q2
1605,113,9,33.22,2024Q3
1605,113,12,24.96,2024Q4
1605,114,3,26.7,2025Q1
1608,105,3,7.36,2016Q1
1608,105,6,6.33,2016Q2
1608,105,9,7.04,2016Q3
1608,105,12,8.32,2016Q4
1608,106,3,9.41,2017Q1
1608,106,6,9.23,2017Q2
1608,106,9,9.97,2017Q3
1608,106,12,11.18,2017Q4
1608,107,3,11.45,2018Q1
1608,107,6,11.76,2018Q2
1608,107,9,9.47,2018Q3
1608,107,12,9.64,2018Q4
1608,108,3,9.54,2019Q1
1608,108,6,10.13,2019Q2
1608,108,9,10.06,2019Q3
1608,108,12,9.9,2019Q4
1608,109,3,7.44,2020Q1
1608,109,6,9.6,2020Q2
1608,109,9,10.76,2020Q3
1608,109,12,13.66,2020Q4
1608,110,3,13.5,2021Q1
1608,110,6,29.3,2021Q2
1608,110,9,24.12,2021Q3
1608,110,12,21.86,2021Q4
1608,111,3,22.04,2022Q1
1608,111,6,18.02,2022Q2
1608,111,9,13.59,2022Q3
1608,111,12,14.39,2022Q4
1608,112,3,15.12,2023Q1
1608,112,6,23.75,2023Q2
1608,112,9,20.51,2023Q3
1608,112,12,22.27,2023Q4
1608,113,3,27.56,2024Q1
1608,113,6,39.11,2024Q2
1608,113,9,32.32,2024Q3
1608,113,12,26.9,2024Q4
1608,114,3,28.61,2025Q1
1609,105,3,4.73,2016Q1
1609,105,6,4.23,2016Q2
1609,105,9,5.14,2016Q3
1609,105,12,5.57,2016Q4
1609,106,3,6.91,2017Q1
1609,106,6,6.35,2017Q2
1609,106,9,8.16,2017Q3
1609,106,12,13.68,2017Q4
1609,107,3,14.41,2018Q1
1609,107,6,14.57,2018Q2
1609,107,9,12.58,2018Q3
1609,107,12,10.59,2018Q4
1609,108,3,11.3,2019Q1
1609,108,6,11.31,2019Q2
1609,108,9,10.68,2019Q3
1609,108,12,11.0,2019Q4
1609,109,3,8.59,2020Q1
1609,109,6,10.72,2020Q2
1609,109,9,16.68,2020Q3
1609,109,12,20.51,2020Q4
1609,110,3,19.71,2021Q1
1609,110,6,29.27,2021Q2
1609,110,9,26.27,2021Q3
1609,110,12,24.77,2021Q4
1609,111,3,27.06,2022Q1
1609,111,6,25.11,2022Q2
1609,111,9,20.0,2022Q3
1609,111,12,20.61,2022Q4
1609,112,3,25.98,2023Q1
1609,112,6,37.87,2023Q2
1609,112,9,36.26,2023Q3
1609,112,12,35.12,2023Q4
1609,113,3,41.45,2024Q1
1609,113,6,53.46,2024Q2
1609,113,9,50.07,2024Q3
1609,113,12,43.92,2024Q4
1609,114,3,43.49,2025Q1
1611,105,3,9.94,2016Q1
1611,105,6,7.66,2016Q2
1611,105,9,7.94,2016Q3
1611,105,12,7.49,2016Q4
1611,106,3,8.5,2017Q1
1611,106,6,8.07,2017Q2
1611,106,9,9.71,2017Q3
1611,106,12,9.59,2017Q4
1611,107,3,10.62,2018Q1
1611,107,6,12.22,2018Q2
1611,107,9,9.8,2018Q3
1611,107,12,9.24,2018Q4
1611,108,3,9.96,2019Q1
1611,108,6,9.47,2019Q2
1611,108,9,9.03,2019Q3
1611,108,12,10.88,2019Q4
1611,109,3,11.6,2020Q1
1611,109,6,12.96,2020Q2
1611,109,9,11.69,2020Q3
1611,109,12,13.33,2020Q4
1611,110,3,13.4,2021Q1
1611,110,6,11.56,2021Q2
1611,110,9,10.15,2021Q3
1611,110,12,19.46,2021Q4
1611,111,3,18.75,2022Q1
1611,111,6,20.33,2022Q2
1611,111,9,16.12,2022Q3
1611,111,12,14.03,2022Q4
1611,112,3,15.85,2023Q1
1611,112,6,18.94,2023Q2
1611,112,9,16.51,2023Q3
1611,112,12,17.35,2023Q4
1611,113,3,17.13,2024Q1
1611,113,6,19.27,2024Q2
1611,113,9,17.23,2024Q3
1611,113,12,16.64,2024Q4
1611,114,3,15.99,2025Q1
1612,105,3,8.62,2016Q1
1612,105,6,8.15,2016Q2
1612,105,9,8.51,2016Q3
1612,105,12,9.01,2016Q4
1612,106,3,10.77,2017Q1
1612,106,6,9.68,2017Q2
1612,106,9,10.72,2017Q3
1612,106,12,10.85,2017Q4
1612,107,3,11.57,2018Q1
1612,107,6,11.35,2018Q2
1612,107,9,10.24,2018Q3
1612,107,12,9.56,2018Q4
1612,108,3,9.92,2019Q1
1612,108,6,10.06,2019Q2
1612,108,9,11.14,2019Q3
1612,108,12,10.89,2019Q4
1612,109,3,9.3,2020Q1
1612,109,6,10.5,2020Q2
1612,109,9,14.93,2020Q3
1612,109,12,18.54,2020Q4
1612,110,3,22.18,2021Q1
1612,110,6,26.86,2021Q2
1612,110,9,24.67,2021Q3
1612,110,12,26.95,2021Q4
1612,111,3,29.7,2022Q1
1612,111,6,23.21,2022Q2
1612,111,9,15.88,2022Q3
1612,111,12,16.62,2022Q4
1612,112,3,19.14,2023Q1
1612,112,6,26.59,2023Q2
1612,112,9,26.62,2023Q3
1612,112,12,28.75,2023Q4
1612,113,3,30.1,2024Q1
1612,113,6,38.96,2024Q2
1612,113,9,34.26,2024Q3
1612,113,12,35.24,2024Q4
1612,114,3,34.79,2025Q1
1614,105,3,24.61,2016Q1
1614,105,6,24.38,2016Q2
1614,105,9,24.23,2016Q3
1614,105,12,24.35,2016Q4
1614,106,3,26.01,2017Q1
1614,106,6,24.99,2017Q2
1614,106,9,23.81,2017Q3
1614,106,12,22.79,2017Q4
1614,107,3,23.37,2018Q1
1614,107,6,24.26,2018Q2
1614,107,9,23.38,2018Q3
1614,107,12,22.37,2018Q4
1614,108,3,24.65,2019Q1
1614,108,6,28.82,2019Q2
1614,108,9,28.83,2019Q3
1614,108,12,30.83,2019Q4
1614,109,3,27.15,2020Q1
1614,109,6,33.57,2020Q2
1614,109,9,38.81,2020Q3
1614,109,12,39.13,2020Q4
1614,110,3,35.98,2021Q1
1614,110,6,33.85,2021Q2
1614,110,9,34.07,2021Q3
1614,110,12,35.86,2021Q4
1614,111,3,37.61,2022Q1
1614,111,6,37.33,2022Q2
1614,111,9,35.47,2022Q3
1614,111,12,35.76,2022Q4
1614,112,3,36.58,2023Q1
1614,112,6,38.7,2023Q2
1614,112,9,38.51,2023Q3
1614,112,12,38.17,2023Q4
1614,113,3,39.11,2024Q1
1614,113,6,45.23,2024Q2
1614,113,9,40.81,2024Q3
1614,113,12,38.54,2024Q4
1614,114,3,40.01,2025Q1
1615,105,3,9.75,2016Q1
1615,105,6,8.75,2016Q2
1615,105,9,9.94,2016Q3
1615,105,12,10.35,2016Q4
1615,106,3,11.67,2017Q1
1615,106,6,11.98,2017Q2
1615,106,9,14.4,2017Q3
1615,106,12,15.32,2017Q4
1615,107,3,16.22,2018Q1
1615,107,6,21.34,2018Q2
1615,107,9,16.37,2018Q3
1615,107,12,15.96,2018Q4
1615,108,3,17.38,2019Q1
1615,108,6,17.24,2019Q2
1615,108,9,16.55,2019Q3
1615,108,12,17.59,2019Q4
1615,109,3,18.42,2020Q1
1615,109,6,23.46,2020Q2
1615,109,9,22.34,2020Q3
1615,109,12,24.27,2020Q4
1615,110,3,28.5,2021Q1
1615,110,6,40.52,2021Q2
1615,110,9,32.4,2021Q3
1615,110,12,31.94,2021Q4
1615,111,3,33.82,2022Q1
1615,111,6,33.53,2022Q2
1615,111,9,29.49,2022Q3
1615,111,12,28.54,2022Q4
1615,112,3,33.11,2023Q1
1615,112,6,38.6,2023Q2
1615,112,9,36.8,2023Q3
1615,112,12,44.3,2023Q4
1615,113,3,56.89,2024Q1
1615,113,6,71.36,2024Q2
1615,113,9,63.65,2024Q3
1615,113,12,57.19,2024Q4
1615,114,3,60.1,2025Q1
1616,105,3,4.57,2016Q1
1616,105,6,3.93,2016Q2
1616,105,9,4.99,2016Q3
1616,105,12,5.08,2016Q4
1616,106,3,6.81,2017Q1
1616,106,6,5.59,2017Q2
1616,106,9,5.93,2017Q3
1616,106,12,5.73,2017Q4
1616,107,3,6.04,2018Q1
1616,107,6,6.47,2018Q2
1616,107,9,5.13,2018Q3
1616,107,12,4.56,2018Q4
1616,108,3,4.54,2019Q1
1616,108,6,4.5,2019Q2
1616,108,9,4.75,2019Q3
1616,108,12,4.79,2019Q4
1616,109,3,4.01,2020Q1
1616,109,6,4.4,2020Q2
1616,109,9,5.57,2020Q3
1616,109,12,6.79,2020Q4
1616,110,3,6.15,2021Q1
1616,110,6,10.16,2021Q2
1616,110,9,8.53,2021Q3
1616,110,12,11.79,2021Q4
1616,111,3,10.17,2022Q1
1616,111,6,9.05,2022Q2
1616,111,9,8.09,2022Q3
1616,111,12,7.53,2022Q4
1616,112,3,8.96,2023Q1
1616,112,6,10.64,2023Q2
1616,112,9,11.7,2023Q3
1616,112,12,14.93,2023Q4
1616,113,3,18.63,2024Q1
1616,113,6,25.13,2024Q2
1616,113,9,20.12,2024Q3
1616,113,12,20.64,2024Q4
1616,114,3,23.38,2025Q1
1617,105,3,6.79,2016Q1
1617,105,6,6.6,2016Q2
1617,105,9,6.93,2016Q3
1617,105,12,7.53,2016Q4
1617,106,3,8.51,2017Q1
1617,106,6,9.03,2017Q2
1617,106,9,13.97,2017Q3
1617,106,12,14.59,2017Q4
1617,107,3,14.17,2018Q1
1617,107,6,14.11,2018Q2
1617,107,9,13.5,2018Q3
1617,107,12,12.48,2018Q4
1617,108,3,13.37,2019Q1
1617,108,6,13.37,2019Q2
1617,108,9,12.06,2019Q3
1617,108,12,12.06,2019Q4
1617,109,3,10.2,2020Q1
1617,109,6,11.25,2020Q2
1617,109,9,12.93,2020Q3
1617,109,12,14.33,2020Q4
1617,110,3,15.29,2021Q1
1617,110,6,19.44,2021Q2
1617,110,9,17.52,2021Q3
1617,110,12,17.92,2021Q4
1617,111,3,18.14,2022Q1
1617,111,6,15.9,2022Q2
1617,111,9,15.12,2022Q3
1617,111,12,14.98,2022Q4
1617,112,3,14.92,2023Q1
1617,112,6,16.59,2023Q2
1617,112,9,16.3,2023Q3
1617,112,12,16.62,2023Q4
1617,113,3,18.98,2024Q1
1617,113,6,27.91,2024Q2
1617,113,9,21.83,2024Q3
1617,113,12,18.21,2024Q4
1617,114,3,19.94,2025Q1
1618,105,3,8.0,2016Q1
1618,105,6,7.55,2016Q2
1618,105,9,8.13,2016Q3
1618,105,12,8.46,2016Q4
1618,106,3,8.82,2017Q1
1618,106,6,8.35,2017Q2
1618,106,9,9.74,2017Q3
1618,106,12,9.31,2017Q4
1618,107,3,9.34,2018Q1
1618,107,6,9.81,2018Q2
1618,107,9,8.93,2018Q3
1618,107,12,8.74,2018Q4
1618,108,3,8.85,2019Q1
1618,108,6,8.45,2019Q2
1618,108,9,8.18,2019Q3
1618,108,12,9.52,2019Q4
1618,109,3,6.82,2020Q1
1618,109,6,8.4,2020Q2
1618,109,9,9.86,2020Q3
1618,109,12,13.49,2020Q4
1618,110,3,15.14,2021Q1
1618,110,6,17.22,2021Q2
1618,110,9,14.14,2021Q3
1618,110,12,14.47,2021Q4
1618,111,3,13.22,2022Q1
1618,111,6,13.28,2022Q2
1618,111,9,15.34,2022Q3
1618,111,12,14.44,2022Q4
1618,112,3,16.62,2023Q1
1618,112,6,20.7,2023Q2
1618,112,9,28.66,2023Q3
1618,112,12,34.1,2023Q4
1618,113,3,36.58,2024Q1
1618,113,6,57.76,2024Q2
1618,113,9,46.14,2024Q3
1618,113,12,45.76,2024Q4
1618,114,3,47.7,2025Q1
1626,105,3,22.98,2016Q1
1626,105,6,28.25,2016Q2
1626,105,9,26.38,2016Q3
1626,105,12,26.13,2016Q4
1626,106,3,28.75,2017Q1
1626,106,6,31.84,2017Q2
1626,106,9,28.19,2017Q3
1626,106,12,23.63,2017Q4
1626,107,3,24.17,2018Q1
1626,107,6,21.29,2018Q2
1626,107,9,17.84,2018Q3
1626,107,12,13.39,2018Q4
1626,108,3,25.43,2019Q1
1626,108,6,25.38,2019Q2
1626,108,9,31.84,2019Q3
1626,108,12,29.48,2019Q4
1626,109,3,21.64,2020Q1
1626,109,6,27.72,2020Q2
1626,109,9,25.07,2020Q3
1626,109,12,22.98,2020Q4
1626,110,3,26.53,2021Q1
1626,110,6,25.99,2021Q2
1626,110,9,23.08,2021Q3
1626,110,12,21.83,2021Q4
1626,111,3,20.12,2022Q1
1626,111,6,18.92,2022Q2
1626,111,9,18.56,2022Q3
1626,111,12,17.2,2022Q4
1626,112,3,18.96,2023Q1
1626,112,6,18.68,2023Q2
1626,112,9,16.97,2023Q3
1626,112,12,16.58,2023Q4
1626,113,3,16.16,2024Q1
1626,113,6,15.99,2024Q2
1626,113,9,16.65,2024Q3
1626,113,12,14.23,2024Q4
1626,114,3,13.61,2025Q1
1702,105,3,63.76,2016Q1
1702,105,6,65.31,2016Q2
1702,105,9,69.83,2016Q3
1702,105,12,62.85,2016Q4
1702,106,3,62.81,2017Q1
1702,106,6,62.97,2017Q2
1702,106,9,60.84,2017Q3
1702,106,12,61.47,2017Q4
1702,107,3,61.6,2018Q1
1702,107,6,61.69,2018Q2
1702,107,9,51.72,2018Q3
1702,107,12,46.44,2018Q4
1702,108,3,54.05,2019Q1
1702,108,6,55.09,2019Q2
1702,108,9,50.64,2019Q3
1702,108,12,50.49,2019Q4
1702,109,3,41.11,2020Q1
1702,109,6,45.95,2020Q2
1702,109,9,42.79,2020Q3
1702,109,12,46.17,2020Q4
1702,110,3,47.24,2021Q1
1702,110,6,53.29,2021Q2
1702,110,9,48.57,2021Q3
1702,110,12,49.46,2021Q4
1702,111,3,48.7,2022Q1
1702,111,6,46.11,2022Q2
1702,111,9,44.7,2022Q3
1702,111,12,44.97,2022Q4
1702,112,3,47.04,2023Q1
1702,112,6,48.36,2023Q2
1702,112,9,48.72,2023Q3
1702,112,12,50.21,2023Q4
1702,113,3,56.78,2024Q1
1702,113,6,57.89,2024Q2
1702,113,9,53.9,2024Q3
1702,113,12,50.99,2024Q4
1702,114,3,49.49,2025Q1
1707,105,3,191.66,2016Q1
1707,105,6,206.44,2016Q2
1707,105,9,249.58,2016Q3
1707,105,12,209.73,2016Q4
1707,106,3,196.01,2017Q1
1707,106,6,198.76,2017Q2
1707,106,9,182.06,2017Q3
1707,106,12,206.46,2017Q4
1707,107,3,239.4,2018Q1
1707,107,6,234.25,2018Q2
1707,107,9,208.15,2018Q3
1707,107,12,191.77,2018Q4
1707,108,3,203.39,2019Q1
1707,108,6,210.26,2019Q2
1707,108,9,187.74,2019Q3
1707,108,12,192.53,2019Q4
1707,109,3,211.26,2020Q1
1707,109,6,195.97,2020Q2
1707,109,9,176.94,2020Q3
1707,109,12,178.78,2020Q4
1707,110,3,179.88,2021Q1
1707,110,6,170.83,2021Q2
1707,110,9,162.91,2021Q3
1707,110,12,161.3,2021Q4
1707,111,3,146.28,2022Q1
1707,111,6,140.26,2022Q2
1707,111,9,140.83,2022Q3
1707,111,12,160.45,2022Q4
1707,112,3,181.93,2023Q1
1707,112,6,174.29,2023Q2
1707,112,9,156.72,2023Q3
1707,112,12,154.23,2023Q4
1707,113,3,157.23,2024Q1
1707,113,6,158.82,2024Q2
1707,113,9,143.58,2024Q3
1707,113,12,153.76,2024Q4
1707,114,3,145.76,2025Q1
1708,105,3,31.03,2016Q1
1708,105,6,27.21,2016Q2
1708,105,9,25.83,2016Q3
1708,105,12,27.38,2016Q4
1708,106,3,29.74,2017Q1
1708,106,6,28.35,2017Q2
1708,106,9,30.18,2017Q3
1708,106,12,29.22,2017Q4
1708,107,3,30.19,2018Q1
1708,107,6,28.92,2018Q2
1708,107,9,26.99,2018Q3
1708,107,12,25.52,2018Q4
1708,108,3,25.8,2019Q1
1708,108,6,26.28,2019Q2
1708,108,9,25.7,2019Q3
1708,108,12,24.97,2019Q4
1708,109,3,21.59,2020Q1
1708,109,6,25.55,2020Q2
1708,109,9,23.38,2020Q3
1708,109,12,23.85,2020Q4
1708,110,3,23.53,2021Q1
1708,110,6,37.8,2021Q2
1708,110,9,30.48,2021Q3
1708,110,12,35.53,2021Q4
1708,111,3,51.96,2022Q1
1708,111,6,51.4,2022Q2
1708,111,9,49.05,2022Q3
1708,111,12,42.91,2022Q4
1708,112,3,43.56,2023Q1
1708,112,6,38.4,2023Q2
1708,112,9,32.02,2023Q3
1708,112,12,33.66,2023Q4
1708,113,3,30.75,2024Q1
1708,113,6,33.69,2024Q2
1708,113,9,40.13,2024Q3
1708,113,12,39.25,2024Q4
1708,114,3,40.58,2025Q1
1709,105,3,16.67,2016Q1
1709,105,6,16.69,2016Q2
1709,105,9,16.46,2016Q3
1709,105,12,17.03,2016Q4
1709,106,3,19.03,2017Q1
1709,106,6,19.94,2017Q2
1709,106,9,18.35,2017Q3
1709,106,12,18.21,2017Q4
1709,107,3,18.52,2018Q1
1709,107,6,18.93,2018Q2
1709,107,9,17.77,2018Q3
1709,107,12,15.54,2018Q4
1709,108,3,14.8,2019Q1
1709,108,6,13.43,2019Q2
1709,108,9,12.94,2019Q3
1709,108,12,12.95,2019Q4
1709,109,3,14.49,2020Q1
1709,109,6,13.35,2020Q2
1709,109,9,14.28,2020Q3
1709,109,12,15.74,2020Q4
1709,110,3,15.88,2021Q1
1709,110,6,21.41,2021Q2
1709,110,9,20.62,2021Q3
1709,110,12,22.5,2021Q4
1709,111,3,28.22,2022Q1
1709,111,6,24.81,2022Q2
1709,111,9,24.11,2022Q3
1709,111,12,22.76,2022Q4
1709,112,3,24.97,2023Q1
1709,112,6,24.93,2023Q2
1709,112,9,21.17,2023Q3
1709,112,12,21.01,2023Q4
1709,113,3,20.2,2024Q1
1709,113,6,23.17,2024Q2
1709,113,9,24.37,2024Q3
1709,113,12,21.06,2024Q4
1709,114,3,20.6,2025Q1
1710,105,3,22.38,2016Q1
1710,105,6,19.77,2016Q2
1710,105,9,19.92,2016Q3
1710,105,12,23.37,2016Q4
1710,106,3,24.77,2017Q1
1710,106,6,24.05,2017Q2
1710,106,9,26.09,2017Q3
1710,106,12,31.12,2017Q4
1710,107,3,30.12,2018Q1
1710,107,6,32.47,2018Q2
1710,107,9,33.55,2018Q3
1710,107,12,26.3,2018Q4
1710,108,3,25.83,2019Q1
1710,108,6,25.26,2019Q2
1710,108,9,22.21,2019Q3
1710,108,12,20.85,2019Q4
1710,109,3,16.37,2020Q1
1710,109,6,17.04,2020Q2
1710,109,9,17.19,2020Q3
1710,109,12,19.56,2020Q4
1710,110,3,20.29,2021Q1
1710,110,6,22.09,2021Q2
1710,110,9,21.94,2021Q3
1710,110,12,22.18,2021Q4
1710,111,3,22.37,2022Q1
1710,111,6,19.33,2022Q2
1710,111,9,18.1,2022Q3
1710,111,12,18.8,2022Q4
1710,112,3,19.79,2023Q1
1710,112,6,22.9,2023Q2
1710,112,9,20.16,2023Q3
1710,112,12,20.06,2023Q4
1710,113,3,18.33,2024Q1
1710,113,6,17.13,2024Q2
1710,113,9,18.43,2024Q3
1710,113,12,14.83,2024Q4
1710,114,3,16.6,2025Q1
1711,105,3,21.1,2016Q1
1711,105,6,20.9,2016Q2
1711,105,9,20.44,2016Q3
1711,105,12,20.27,2016Q4
1711,106,3,21.73,2017Q1
1711,106,6,18.6,2017Q2
1711,106,9,19.73,2017Q3
1711,106,12,18.86,2017Q4
1711,107,3,17.95,2018Q1
1711,107,6,19.2,2018Q2
1711,107,9,17.95,2018Q3
1711,107,12,15.88,2018Q4
1711,108,3,17.09,2019Q1
1711,108,6,16.88,2019Q2
1711,108,9,16.4,2019Q3
1711,108,12,15.61,2019Q4
1711,109,3,14.22,2020Q1
1711,109,6,14.86,2020Q2
1711,109,9,16.94,2020Q3
1711,109,12,16.82,2020Q4
1711,110,3,16.83,2021Q1
1711,110,6,19.68,2021Q2
1711,110,9,25.73,2021Q3
1711,110,12,26.92,2021Q4
1711,111,3,26.27,2022Q1
1711,111,6,22.7,2022Q2
1711,111,9,19.38,2022Q3
1711,111,12,19.34,2022Q4
1711,112,3,18.87,2023Q1
1711,112,6,21.61,2023Q2
1711,112,9,19.62,2023Q3
1711,112,12,20.18,2023Q4
1711,113,3,20.61,2024Q1
1711,113,6,19.21,2024Q2
1711,113,9,26.7,2024Q3
1711,113,12,22.12,2024Q4
1711,114,3,20.59,2025Q1
1712,105,3,14.17,2016Q1
1712,105,6,14.0,2016Q2
1712,105,9,15.26,2016Q3
1712,105,12,15.35,2016Q4
1712,106,3,16.4,2017Q1
1712,106,6,15.87,2017Q2
1712,106,9,16.77,2017Q3
1712,106,12,16.96,2017Q4
1712,107,3,17.05,2018Q1
1712,107,6,17.36,2018Q2
1712,107,9,17.23,2018Q3
1712,107,12,16.7,2018Q4
1712,108,3,17.68,2019Q1
1712,108,6,21.08,2019Q2
1712,108,9,18.79,2019Q3
1712,108,12,18.82,2019Q4
1712,109,3,17.85,2020Q1
1712,109,6,18.29,2020Q2
1712,109,9,20.27,2020Q3
1712,109,12,20.83,2020Q4
1712,110,3,22.31,2021Q1
1712,110,6,22.2,2021Q2
1712,110,9,23.38,2021Q3
1712,110,12,27.78,2021Q4
1712,111,3,34.08,2022Q1
1712,111,6,31.99,2022Q2
1712,111,9,42.91,2022Q3
1712,111,12,38.4,2022Q4
1712,112,3,39.71,2023Q1
1712,112,6,35.58,2023Q2
1712,112,9,36.69,2023Q3
1712,112,12,38.24,2023Q4
1712,113,3,40.5,2024Q1
1712,113,6,43.01,2024Q2
1712,113,9,42.61,2024Q3
1712,113,12,44.31,2024Q4
1712,114,3,44.5,2025Q1
1713,105,3,15.74,2016Q1
1713,105,6,14.86,2016Q2
1713,105,9,14.97,2016Q3
1713,105,12,14.69,2016Q4
1713,106,3,15.86,2017Q1
1713,106,6,16.29,2017Q2
1713,106,9,15.66,2017Q3
1713,106,12,16.82,2017Q4
1713,107,3,18.84,2018Q1
1713,107,6,18.08,2018Q2
1713,107,9,18.56,2018Q3
1713,107,12,19.02,2018Q4
1713,108,3,19.18,2019Q1
1713,108,6,18.88,2019Q2
1713,108,9,18.14,2019Q3
1713,108,12,18.05,2019Q4
1713,109,3,16.63,2020Q1
1713,109,6,18.06,2020Q2
1713,109,9,17.83,2020Q3
1713,109,12,20.13,2020Q4
1713,110,3,20.09,2021Q1
1713,110,6,24.31,2021Q2
1713,110,9,24.12,2021Q3
1713,110,12,24.47,2021Q4
1713,111,3,24.14,2022Q1
1713,111,6,23.99,2022Q2
1713,111,9,24.92,2022Q3
1713,111,12,25.01,2022Q4
1713,112,3,27.54,2023Q1
1713,112,6,33.79,2023Q2
1713,112,9,34.51,2023Q3
1713,112,12,42.27,2023Q4
1713,113,3,45.35,2024Q1
1713,113,6,54.72,2024Q2
1713,113,9,54.24,2024Q3
1713,113,12,47.04,2024Q4
1713,114,3,56.49,2025Q1
1714,105,3,7.75,2016Q1
1714,105,6,6.92,2016Q2
1714,105,9,7.3,2016Q3
1714,105,12,8.48,2016Q4
1714,106,3,8.78,2017Q1
1714,106,6,8.26,2017Q2
1714,106,9,9.44,2017Q3
1714,106,12,10.34,2017Q4
1714,107,3,8.79,2018Q1
1714,107,6,8.87,2018Q2
1714,107,9,7.82,2018Q3
1714,107,12,6.65,2018Q4
1714,108,3,6.81,2019Q1
1714,108,6,7.44,2019Q2
1714,108,9,7.19,2019Q3
1714,108,12,7.18,2019Q4
1714,109,3,7.16,2020Q1
1714,109,6,7.38,2020Q2
1714,109,9,10.76,2020Q3
1714,109,12,10.23,2020Q4
1714,110,3,9.62,2021Q1
1714,110,6,12.24,2021Q2
1714,110,9,10.41,2021Q3
1714,110,12,11.22,2021Q4
1714,111,3,10.51,2022Q1
1714,111,6,9.52,2022Q2
1714,111,9,9.05,2022Q3
1714,111,12,8.76,2022Q4
1714,112,3,8.97,2023Q1
1714,112,6,9.18,2023Q2
1714,112,9,8.46,2023Q3
1714,112,12,9.24,2023Q4
1714,113,3,8.94,2024Q1
1714,113,6,9.96,2024Q2
1714,113,9,8.81,2024Q3
1714,113,12,8.2,2024Q4
1714,114,3,8.51,2025Q1
1717,105,3,32.81,2016Q1
1717,105,6,33.09,2016Q2
1717,105,9,34.44,2016Q3
1717,105,12,32.94,2016Q4
1717,106,3,33.11,2017Q1
1717,106,6,33.42,2017Q2
1717,106,9,30.8,2017Q3
1717,106,12,30.65,2017Q4
1717,107,3,30.02,2018Q1
1717,107,6,28.02,2018Q2
1717,107,9,26.72,2018Q3
1717,107,12,23.81,2018Q4
1717,108,3,25.2,2019Q1
1717,108,6,26.82,2019Q2
1717,108,9,25.22,2019Q3
1717,108,12,26.31,2019Q4
1717,109,3,23.55,2020Q1
1717,109,6,31.86,2020Q2
1717,109,9,34.54,2020Q3
1717,109,12,36.57,2020Q4
1717,110,3,35.58,2021Q1
1717,110,6,40.89,2021Q2
1717,110,9,38.73,2021Q3
1717,110,12,38.83,2021Q4
1717,111,3,36.41,2022Q1
1717,111,6,33.53,2022Q2
1717,111,9,33.27,2022Q3
1717,111,12,31.81,2022Q4
1717,112,3,31.98,2023Q1
1717,112,6,33.22,2023Q2
1717,112,9,28.63,2023Q3
1717,112,12,29.07,2023Q4
1717,113,3,32.1,2024Q1
1717,113,6,31.03,2024Q2
1717,113,9,32.7,2024Q3
1717,113,12,28.55,2024Q4
1717,114,3,29.09,2025Q1
1720,105,3,36.21,2016Q1
1720,105,6,33.32,2016Q2
1720,105,9,32.74,2016Q3
1720,105,12,32.44,2016Q4
1720,106,3,34.12,2017Q1
1720,106,6,34.28,2017Q2
1720,106,9,33.26,2017Q3
1720,106,12,37.66,2017Q4
1720,107,3,33.87,2018Q1
1720,107,6,34.61,2018Q2
1720,107,9,33.06,2018Q3
1720,107,12,31.05,2018Q4
1720,108,3,33.52,2019Q1
1720,108,6,33.0,2019Q2
1720,108,9,32.49,2019Q3
1720,108,12,33.7,2019Q4
1720,109,3,34.2,2020Q1
1720,109,6,46.12,2020Q2
1720,109,9,38.79,2020Q3
1720,109,12,37.74,2020Q4
1720,110,3,38.22,2021Q1
1720,110,6,39.33,2021Q2
1720,110,9,38.17,2021Q3
1720,110,12,41.91,2021Q4
1720,111,3,43.39,2022Q1
1720,111,6,44.44,2022Q2
1720,111,9,47.04,2022Q3
1720,111,12,60.06,2022Q4
1720,112,3,58.13,2023Q1
1720,112,6,72.23,2023Q2
1720,112,9,65.5,2023Q3
1720,112,12,67.5,2023Q4
1720,113,3,65.98,2024Q1
1720,113,6,72.27,2024Q2
1720,113,9,64.74,2024Q3
1720,113,12,62.79,2024Q4
1720,114,3,62.3,2025Q1
1721,105,3,13.49,2016Q1
1721,105,6,15.82,2016Q2
1721,105,9,15.43,2016Q3
1721,105,12,15.08,2016Q4
1721,106,3,15.84,2017Q1
1721,106,6,14.36,2017Q2
1721,106,9,13.01,2017Q3
1721,106,12,13.81,2017Q4
1721,107,3,12.72,2018Q1
1721,107,6,10.92,2018Q2
1721,107,9,10.03,2018Q3
1721,107,12,10.23,2018Q4
1721,108,3,9.72,2019Q1
1721,108,6,9.17,2019Q2
1721,108,9,8.86,2019Q3
1721,108,12,8.77,2019Q4
1721,109,3,9.44,2020Q1
1721,109,6,9.81,2020Q2
1721,109,9,10.74,2020Q3
1721,109,12,11.4,2020Q4
1721,110,3,10.49,2021Q1
1721,110,6,9.92,2021Q2
1721,110,9,10.7,2021Q3
1721,110,12,29.12,2021Q4
1721,111,3,22.98,2022Q1
1721,111,6,19.5,2022Q2
1721,111,9,16.56,2022Q3
1721,111,12,16.24,2022Q4
1721,112,3,14.69,2023Q1
1721,112,6,16.18,2023Q2
1721,112,9,13.36,2023Q3
1721,112,12,15.83,2023Q4
1721,113,3,15.38,2024Q1
1721,113,6,14.46,2024Q2
1721,113,9,23.05,2024Q3
1721,113,12,17.39,2024Q4
1721,114,3,15.21,2025Q1
1722,105,3,47.3,2016Q1
1722,105,6,42.68,2016Q2
1722,105,9,42.2,2016Q3
1722,105,12,40.52,2016Q4
1722,106,3,41.68,2017Q1
1722,106,6,40.38,2017Q2
1722,106,9,39.66,2017Q3
1722,106,12,38.07,2017Q4
1722,107,3,38.7,2018Q1
1722,107,6,42.9,2018Q2
1722,107,9,45.27,2018Q3
1722,107,12,44.31,2018Q4
1722,108,3,45.66,2019Q1
1722,108,6,47.89,2019Q2
1722,108,9,46.03,2019Q3
1722,108,12,49.04,2019Q4
1722,109,3,42.96,2020Q1
1722,109,6,49.74,2020Q2
1722,109,9,51.79,2020Q3
1722,109,12,53.41,2020Q4
1722,110,3,54.27,2021Q1
1722,110,6,57.33,2021Q2
1722,110,9,61.96,2021Q3
1722,110,12,69.43,2021Q4
1722,111,3,74.66,2022Q1
1722,111,6,66.66,2022Q2
1722,111,9,58.36,2022Q3
1722,111,12,54.29,2022Q4
1722,112,3,56.73,2023Q1
1722,112,6,61.42,2023Q2
1722,112,9,60.21,2023Q3
1722,112,12,66.76,2023Q4
1722,113,3,64.69,2024Q1
1722,113,6,64.78,2024Q2
1722,113,9,57.04,2024Q3
1722,113,12,52.74,2024Q4
1722,114,3,52.36,2025Q1
1723,105,3,116.68,2016Q1
1723,105,6,106.34,2016Q2
1723,105,9,104.31,2016Q3
1723,105,12,118.17,2016Q4
1723,106,3,121.37,2017Q1
1723,106,6,119.25,2017Q2
1723,106,9,117.94,2017Q3
1723,106,12,123.62,2017Q4
1723,107,3,153.98,2018Q1
1723,107,6,149.9,2018Q2
1723,107,9,144.18,2018Q3
1723,107,12,136.19,2018Q4
1723,108,3,135.04,2019Q1
1723,108,6,139.27,2019Q2
1723,108,9,126.43,2019Q3
1723,108,12,121.55,2019Q4
1723,109,3,99.27,2020Q1
1723,109,6,105.81,2020Q2
1723,109,9,92.64,2020Q3
1723,109,12,105.12,2020Q4
1723,110,3,107.97,2021Q1
1723,110,6,111.39,2021Q2
1723,110,9,117.97,2021Q3
1723,110,12,117.27,2021Q4
1723,111,3,119.96,2022Q1
1723,111,6,122.63,2022Q2
1723,111,9,110.92,2022Q3
1723,111,12,106.77,2022Q4
1723,112,3,113.22,2023Q1
1723,112,6,116.48,2023Q2
1723,112,9,112.83,2023Q3
1723,112,12,116.96,2023Q4
1723,113,3,120.1,2024Q1
1723,113,6,109.67,2024Q2
1723,113,9,98.32,2024Q3
1723,113,12,92.19,2024Q4
1723,114,3,98.41,2025Q1
1725,105,3,14.37,2016Q1
1725,105,6,14.01,2016Q2
1725,105,9,12.99,2016Q3
1725,105,12,13.97,2016Q4
1725,106,3,14.78,2017Q1
1725,106,6,14.17,2017Q2
1725,106,9,14.38,2017Q3
1725,106,12,14.87,2017Q4
1725,107,3,17.71,2018Q1
1725,107,6,19.12,2018Q2
1725,107,9,16.91,2018Q3
1725,107,12,14.47,2018Q4
1725,108,3,14.77,2019Q1
1725,108,6,14.9,2019Q2
1725,108,9,14.61,2019Q3
1725,108,12,14.82,2019Q4
1725,109,3,13.32,2020Q1
1725,109,6,14.24,2020Q2
1725,109,9,14.0,2020Q3
1725,109,12,16.6,2020Q4
1725,110,3,20.11,2021Q1
1725,110,6,21.05,2021Q2
1725,110,9,26.29,2021Q3
1725,110,12,35.31,2021Q4
1725,111,3,27.18,2022Q1
1725,111,6,21.83,2022Q2
1725,111,9,22.67,2022Q3
1725,111,12,21.5,2022Q4
1725,112,3,21.28,2023Q1
1725,112,6,22.87,2023Q2
1725,112,9,20.33,2023Q3
1725,112,12,21.84,2023Q4
1725,113,3,35.04,2024Q1
1725,113,6,47.47,2024Q2
1725,113,9,42.82,2024Q3
1725,113,12,37.98,2024Q4
1725,114,3,37.92,2025Q1
1726,105,3,77.77,2016Q1
1726,105,6,75.08,2016Q2
1726,105,9,75.98,2016Q3
1726,105,12,78.23,2016Q4
1726,106,3,82.15,2017Q1
1726,106,6,83.08,2017Q2
1726,106,9,79.91,2017Q3
1726,106,12,81.19,2017Q4
1726,107,3,81.95,2018Q1
1726,107,6,80.04,2018Q2
1726,107,9,79.05,2018Q3
1726,107,12,70.83,2018Q4
1726,108,3,74.19,2019Q1
1726,108,6,74.1,2019Q2
1726,108,9,70.69,2019Q3
1726,108,12,70.3,2019Q4
1726,109,3,64.61,2020Q1
1726,109,6,69.62,2020Q2
1726,109,9,69.34,2020Q3
1726,109,12,71.53,2020Q4
1726,110,3,71.89,2021Q1
1726,110,6,74.52,2021Q2
1726,110,9,72.8,2021Q3
1726,110,12,73.32,2021Q4
1726,111,3,73.32,2022Q1
1726,111,6,71.96,2022Q2
1726,111,9,70.63,2022Q3
1726,111,12,70.42,2022Q4
1726,112,3,72.29,2023Q1
1726,112,6,75.29,2023Q2
1726,112,9,73.33,2023Q3
1726,112,12,74.89,2023Q4
1726,113,3,77.43,2024Q1
1726,113,6,81.73,2024Q2
1726,113,9,77.82,2024Q3
1726,113,12,75.88,2024Q4
1726,114,3,76.11,2025Q1
1727,105,3,14.46,2016Q1
1727,105,6,12.87,2016Q2
1727,105,9,13.13,2016Q3
1727,105,12,13.16,2016Q4
1727,106,3,13.9,2017Q1
1727,106,6,12.77,2017Q2
1727,106,9,12.82,2017Q3
1727,106,12,15.49,2017Q4
1727,107,3,14.87,2018Q1
1727,107,6,14.99,2018Q2
1727,107,9,14.63,2018Q3
1727,107,12,14.24,2018Q4
1727,108,3,14.11,2019Q1
1727,108,6,13.17,2019Q2
1727,108,9,12.2,2019Q3
1727,108,12,11.74,2019Q4
1727,109,3,9.5,2020Q1
1727,109,6,9.47,2020Q2
1727,109,9,11.1,2020Q3
1727,109,12,11.16,2020Q4
1727,110,3,11.17,2021Q1
1727,110,6,14.58,2021Q2
1727,110,9,29.61,2021Q3
1727,110,12,51.28,2021Q4
1727,111,3,48.74,2022Q1
1727,111,6,42.17,2022Q2
1727,111,9,29.01,2022Q3
1727,111,12,28.59,2022Q4
1727,112,3,26.05,2023Q1
1727,112,6,40.55,2023Q2
1727,112,9,29.74,2023Q3
1727,112,12,30.58,2023Q4
1727,113,3,30.51,2024Q1
1727,113,6,30.21,2024Q2
1727,113,9,39.11,2024Q3
1727,113,12,31.54,2024Q4
1727,114,3,29.3,2025Q1
1730,105,3,36.93,2016Q1
1730,105,6,36.91,2016Q2
1730,105,9,36.76,2016Q3
1730,105,12,38.16,2016Q4
1730,106,3,40.14,2017Q1
1730,106,6,41.23,2017Q2
1730,106,9,41.05,2017Q3
1730,106,12,40.69,2017Q4
1730,107,3,44.82,2018Q1
1730,107,6,48.64,2018Q2
1730,107,9,50.71,2018Q3
1730,107,12,65.2,2018Q4
1730,108,3,70.96,2019Q1
1730,108,6,89.99,2019Q2
1730,108,9,76.38,2019Q3
1730,108,12,71.24,2019Q4
1730,109,3,61.0,2020Q1
1730,109,6,76.61,2020Q2
1730,109,9,70.99,2020Q3
1730,109,12,71.54,2020Q4
1730,110,3,71.24,2021Q1
1730,110,6,68.57,2021Q2
1730,110,9,65.04,2021Q3
1730,110,12,63.31,2021Q4
1730,111,3,62.23,2022Q1
1730,111,6,59.39,2022Q2
1730,111,9,56.71,2022Q3
1730,111,12,55.93,2022Q4
1730,112,3,56.33,2023Q1
1730,112,6,59.65,2023Q2
1730,112,9,57.79,2023Q3
1730,112,12,57.49,2023Q4
1730,113,3,56.41,2024Q1
1730,113,6,56.2,2024Q2
1730,113,9,53.25,2024Q3
1730,113,12,54.46,2024Q4
1730,114,3,55.05,2025Q1
1731,105,3,15.8,2016Q1
1731,105,6,13.56,2016Q2
1731,105,9,13.13,2016Q3
1731,105,12,13.65,2016Q4
1731,106,3,14.06,2017Q1
1731,106,6,14.07,2017Q2
1731,106,9,13.64,2017Q3
1731,106,12,13.84,2017Q4
1731,107,3,14.41,2018Q1
1731,107,6,14.34,2018Q2
1731,107,9,13.61,2018Q3
1731,107,12,12.74,2018Q4
1731,108,3,13.24,2019Q1
1731,108,6,13.37,2019Q2
1731,108,9,13.2,2019Q3
1731,108,12,13.22,2019Q4
1731,109,3,13.82,2020Q1
1731,109,6,14.84,2020Q2
1731,109,9,17.28,2020Q3
1731,109,12,17.09,2020Q4
1731,110,3,18.75,2021Q1
1731,110,6,21.01,2021Q2
1731,110,9,18.7,2021Q3
1731,110,12,19.41,2021Q4
1731,111,3,19.92,2022Q1
1731,111,6,18.94,2022Q2
1731,111,9,18.52,2022Q3
1731,111,12,19.51,2022Q4
1731,112,3,19.79,2023Q1
1731,112,6,24.7,2023Q2
1731,112,9,20.94,2023Q3
1731,112,12,22.52,2023Q4
1731,113,3,26.03,2024Q1
1731,113,6,25.78,2024Q2
1731,113,9,23.38,2024Q3
1731,113,12,23.1,2024Q4
1731,114,3,23.69,2025Q1
1732,105,3,13.81,2016Q1
1732,105,6,13.14,2016Q2
1732,105,9,13.71,2016Q3
1732,105,12,13.55,2016Q4
1732,106,3,13.48,2017Q1
1732,106,6,12.73,2017Q2
1732,106,9,12.58,2017Q3
1732,106,12,12.41,2017Q4
1732,107,3,12.17,2018Q1
1732,107,6,11.78,2018Q2
1732,107,9,11.23,2018Q3
1732,107,12,10.92,2018Q4
1732,108,3,10.4,2019Q1
1732,108,6,10.44,2019Q2
1732,108,9,10.11,2019Q3
1732,108,12,11.26,2019Q4
1732,109,3,30.09,2020Q1
1732,109,6,29.97,2020Q2
1732,109,9,23.24,2020Q3
1732,109,12,23.5,2020Q4
1732,110,3,25.69,2021Q1
1732,110,6,39.3,2021Q2
1732,110,9,31.68,2021Q3
1732,110,12,32.66,2021Q4
1732,111,3,40.33,2022Q1
1732,111,6,31.05,2022Q2
1732,111,9,35.49,2022Q3
1732,111,12,31.91,2022Q4
1732,112,3,28.63,2023Q1
1732,112,6,28.48,2023Q2
1732,112,9,24.83,2023Q3
1732,112,12,33.77,2023Q4
1732,113,3,28.84,2024Q1
1732,113,6,30.7,2024Q2
1732,113,9,28.27,2024Q3
1732,113,12,30.56,2024Q4
1732,114,3,27.36,2025Q1
1733,105,3,46.6,2016Q1
1733,105,6,52.57,2016Q2
1733,105,9,44.09,2016Q3
1733,105,12,41.72,2016Q4
1733,106,3,40.05,2017Q1
1733,106,6,33.79,2017Q2
1733,106,9,34.21,2017Q3
1733,106,12,31.9,2017Q4
1733,107,3,32.12,2018Q1
1733,107,6,29.55,2018Q2
1733,107,9,28.64,2018Q3
1733,107,12,30.73,2018Q4
1733,108,3,35.95,2019Q1
1733,108,6,31.94,2019Q2
1733,108,9,27.38,2019Q3
1733,108,12,28.8,2019Q4
1733,109,3,22.2,2020Q1
1733,109,6,26.93,2020Q2
1733,109,9,25.43,2020Q3
1733,109,12,24.13,2020Q4
1733,110,3,23.71,2021Q1
1733,110,6,24.34,2021Q2
1733,110,9,22.92,2021Q3
1733,110,12,24.91,2021Q4
1733,111,3,25.58,2022Q1
1733,111,6,26.73,2022Q2
1733,111,9,26.9,2022Q3
1733,111,12,25.8,2022Q4
1733,112,3,25.89,2023Q1
1733,112,6,28.99,2023Q2
1733,112,9,27.34,2023Q3
1733,112,12,38.08,2023Q4
1733,113,3,33.17,2024Q1
1733,113,6,34.13,2024Q2
1733,113,9,29.26,2024Q3
1733,113,12,29.09,2024Q4
1733,114,3,32.9,2025Q1
1734,105,3,30.47,2016Q1
1734,105,6,27.13,2016Q2
1734,105,9,26.15,2016Q3
1734,105,12,24.29,2016Q4
1734,106,3,24.87,2017Q1
1734,106,6,22.34,2017Q2
1734,106,9,22.32,2017Q3
1734,106,12,21.52,2017Q4
1734,107,3,23.38,2018Q1
1734,107,6,22.23,2018Q2
1734,107,9,20.57,2018Q3
1734,107,12,19.99,2018Q4
1734,108,3,20.47,2019Q1
1734,108,6,19.45,2019Q2
1734,108,9,19.36,2019Q3
1734,108,12,19.33,2019Q4
1734,109,3,18.66,2020Q1
1734,109,6,30.45,2020Q2
1734,109,9,41.19,2020Q3
1734,109,12,31.1,2020Q4
1734,110,3,31.29,2021Q1
1734,110,6,30.75,2021Q2
1734,110,9,39.74,2021Q3
1734,110,12,28.83,2021Q4
1734,111,3,28.17,2022Q1
1734,111,6,29.18,2022Q2
1734,111,9,32.22,2022Q3
1734,111,12,34.42,2022Q4
1734,112,3,31.06,2023Q1
1734,112,6,37.17,2023Q2
1734,112,9,32.7,2023Q3
1734,112,12,33.89,2023Q4
1734,113,3,35.51,2024Q1
1734,113,6,37.91,2024Q2
1734,113,9,33.63,2024Q3
1734,113,12,29.98,2024Q4
1734,114,3,31.59,2025Q1
1735,105,3,13.6,2016Q1
1735,105,6,13.14,2016Q2
1735,105,9,12.11,2016Q3
1735,105,12,12.56,2016Q4
1735,106,3,13.64,2017Q1
1735,106,6,12.64,2017Q2
1735,106,9,13.44,2017Q3
1735,106,12,19.17,2017Q4
1735,107,3,14.91,2018Q1
1735,107,6,16.76,2018Q2
1735,107,9,15.75,2018Q3
1735,107,12,14.82,2018Q4
1735,108,3,15.55,2019Q1
1735,108,6,16.1,2019Q2
1735,108,9,15.94,2019Q3
1735,108,12,17.51,2019Q4
1735,109,3,16.31,2020Q1
1735,109,6,16.89,2020Q2
1735,109,9,16.54,2020Q3
1735,109,12,16.95,2020Q4
1735,110,3,16.45,2021Q1
1735,110,6,18.35,2021Q2
1735,110,9,17.78,2021Q3
1735,110,12,18.31,2021Q4
1735,111,3,18.03,2022Q1
1735,111,6,16.26,2022Q2
1735,111,9,14.74,2022Q3
1735,111,12,14.94,2022Q4
1735,112,3,15.99,2023Q1
1735,112,6,16.64,2023Q2
1735,112,9,16.84,2023Q3
1735,112,12,17.31,2023Q4
1735,113,3,17.31,2024Q1
1735,113,6,18.02,2024Q2
1735,113,9,26.67,2024Q3
1735,113,12,20.3,2024Q4
1735,114,3,19.76,2025Q1
1736,105,3,54.5,2016Q1
1736,105,6,47.78,2016Q2
1736,105,9,49.77,2016Q3
1736,105,12,46.42,2016Q4
1736,106,3,45.34,2017Q1
1736,106,6,39.09,2017Q2
1736,106,9,36.88,2017Q3
1736,106,12,36.63,2017Q4
1736,107,3,32.75,2018Q1
1736,107,6,29.61,2018Q2
1736,107,9,38.74,2018Q3
1736,107,12,32.79,2018Q4
1736,108,3,40.09,2019Q1
1736,108,6,68.29,2019Q2
1736,108,9,85.05,2019Q3
1736,108,12,86.1,2019Q4
1736,109,3,54.55,2020Q1
1736,109,6,73.68,2020Q2
1736,109,9,70.43,2020Q3
1736,109,12,91.75,2020Q4
1736,110,3,88.68,2021Q1
1736,110,6,83.59,2021Q2
1736,110,9,68.12,2021Q3
1736,110,12,56.63,2021Q4
1736,111,3,53.6,2022Q1
1736,111,6,54.51,2022Q2
1736,111,9,72.52,2022Q3
1736,111,12,80.69,2022Q4
1736,112,3,66.98,2023Q1
1736,112,6,68.93,2023Q2
1736,112,9,77.08,2023Q3
1736,112,12,69.1,2023Q4
1736,113,3,71.75,2024Q1
1736,113,6,88.27,2024Q2
1736,113,9,135.73,2024Q3
1736,113,12,186.14,2024Q4
1736,114,3,202.54,2025Q1
1737,105,3,30.51,2016Q1
1737,105,6,30.57,2016Q2
1737,105,9,29.42,2016Q3
1737,105,12,29.59,2016Q4
1737,106,3,30.56,2017Q1
1737,106,6,30.39,2017Q2
1737,106,9,28.47,2017Q3
1737,106,12,27.73,2017Q4
1737,107,3,28.06,2018Q1
1737,107,6,30.08,2018Q2
1737,107,9,30.73,2018Q3
1737,107,12,29.89,2018Q4
1737,108,3,31.28,2019Q1
1737,108,6,33.71,2019Q2
1737,108,9,32.98,2019Q3
1737,108,12,32.3,2019Q4
1737,109,3,29.4,2020Q1
1737,109,6,31.33,2020Q2
1737,109,9,30.64,2020Q3
1737,109,12,32.69,2020Q4
1737,110,3,33.45,2021Q1
1737,110,6,32.37,2021Q2
1737,110,9,33.09,2021Q3
1737,110,12,33.18,2021Q4
1737,111,3,33.9,2022Q1
1737,111,6,33.27,2022Q2
1737,111,9,32.48,2022Q3
1737,111,12,32.12,2022Q4
1737,112,3,33.33,2023Q1
1737,112,6,34.44,2023Q2
1737,112,9,33.74,2023Q3
1737,112,12,34.13,2023Q4
1737,113,3,33.96,2024Q1
1737,113,6,33.78,2024Q2
1737,113,9,35.21,2024Q3
1737,113,12,32.32,2024Q4
1737,114,3,32.57,2025Q1
1762,105,3,39.57,2016Q1
1762,105,6,32.52,2016Q2
1762,105,9,29.76,2016Q3
1762,105,12,26.68,2016Q4
1762,106,3,27.85,2017Q1
1762,106,6,24.24,2017Q2
1762,106,9,22.65,2017Q3
1762,106,12,25.86,2017Q4
1762,107,3,25.43,2018Q1
1762,107,6,24.47,2018Q2
1762,107,9,24.26,2018Q3
1762,107,12,23.07,2018Q4
1762,108,3,24.81,2019Q1
1762,108,6,27.38,2019Q2
1762,108,9,34.09,2019Q3
1762,108,12,35.64,2019Q4
1762,109,3,40.33,2020Q1
1762,109,6,60.87,2020Q2
1762,109,9,68.15,2020Q3
1762,109,12,62.4,2020Q4
1762,110,3,58.68,2021Q1
1762,110,6,65.33,2021Q2
1762,110,9,80.28,2021Q3
1762,110,12,66.13,2021Q4
1762,111,3,54.66,2022Q1
1762,111,6,56.92,2022Q2
1762,111,9,56.69,2022Q3
1762,111,12,65.33,2022Q4
1762,112,3,73.88,2023Q1
1762,112,6,88.75,2023Q2
1762,112,9,60.92,2023Q3
1762,112,12,58.2,2023Q4
1762,113,3,49.43,2024Q1
1762,113,6,50.21,2024Q2
1762,113,9,42.16,2024Q3
1762,113,12,35.01,2024Q4
1762,114,3,33.13,2025Q1
1773,105,3,43.43,2016Q1
1773,105,6,43.16,2016Q2
1773,105,9,47.85,2016Q3
1773,105,12,53.78,2016Q4
1773,106,3,62.27,2017Q1
1773,106,6,66.56,2017Q2
1773,106,9,66.42,2017Q3
1773,106,12,74.54,2017Q4
1773,107,3,86.56,2018Q1
1773,107,6,99.27,2018Q2
1773,107,9,98.32,2018Q3
1773,107,12,84.63,2018Q4
1773,108,3,92.1,2019Q1
1773,108,6,83.7,2019Q2
1773,108,9,83.64,2019Q3
1773,108,12,94.13,2019Q4
1773,109,3,89.84,2020Q1
1773,109,6,105.97,2020Q2
1773,109,9,102.86,2020Q3
1773,109,12,108.19,2020Q4
1773,110,3,111.69,2021Q1
1773,110,6,125.99,2021Q2
1773,110,9,144.79,2021Q3
1773,110,12,164.35,2021Q4
1773,111,3,211.49,2022Q1
1773,111,6,201.19,2022Q2
1773,111,9,122.81,2022Q3
1773,111,12,117.84,2022Q4
1773,112,3,120.24,2023Q1
1773,112,6,135.55,2023Q2
1773,112,9,132.22,2023Q3
1773,112,12,135.78,2023Q4
1773,113,3,179.72,2024Q1
1773,113,6,156.92,2024Q2
1773,113,9,174.35,2024Q3
1773,113,12,161.39,2024Q4
1773,114,3,150.74,2025Q1
1776,105,6,26.22,2016Q2
1776,105,9,23.33,2016Q3
1776,105,12,21.72,2016Q4
1776,106,3,22.49,2017Q1
1776,106,6,22.63,2017Q2
1776,106,9,21.02,2017Q3
1776,106,12,20.86,2017Q4
1776,107,3,21.95,2018Q1
1776,107,6,21.37,2018Q2
1776,107,9,20.6,2018Q3
1776,107,12,15.49,2018Q4
1776,108,3,16.52,2019Q1
1776,108,6,15.79,2019Q2
1776,108,9,15.1,2019Q3
1776,108,12,15.8,2019Q4
1776,109,3,17.22,2020Q1
1776,109,6,17.43,2020Q2
1776,109,9,15.89,2020Q3
1776,109,12,16.39,2020Q4
1776,110,3,16.61,2021Q1
1776,110,6,17.96,2021Q2
1776,110,9,26.0,2021Q3
1776,110,12,21.5,2021Q4
1776,111,3,21.47,2022Q1
1776,111,6,19.99,2022Q2
1776,111,9,17.91,2022Q3
1776,111,12,16.68,2022Q4
1776,112,3,16.92,2023Q1
1776,112,6,18.39,2023Q2
1776,112,9,16.62,2023Q3
1776,112,12,17.03,2023Q4
1776,113,3,17.59,2024Q1
1776,113,6,17.88,2024Q2
1776,113,9,24.54,2024Q3
1776,113,12,18.58,2024Q4
1776,114,3,19.32,2025Q1
1783,105,3,24.97,2016Q1
1783,105,6,21.12,2016Q2
1783,105,9,26.08,2016Q3
1783,105,12,24.24,2016Q4
1783,106,3,23.72,2017Q1
1783,106,6,22.42,2017Q2
1783,106,9,23.43,2017Q3
1783,106,12,23.62,2017Q4
1783,107,3,25.25,2018Q1
1783,107,6,34.22,2018Q2
1783,107,9,28.63,2018Q3
1783,107,12,23.06,2018Q4
1783,108,3,27.89,2019Q1
1783,108,6,24.54,2019Q2
1783,108,9,26.04,2019Q3
1783,108,12,25.22,2019Q4
1783,109,3,17.64,2020Q1
1783,109,6,31.25,2020Q2
1783,109,9,23.96,2020Q3
1783,109,12,22.83,2020Q4
1783,110,3,30.55,2021Q1
1783,110,6,36.0,2021Q2
1783,110,9,58.99,2021Q3
1783,110,12,55.81,2021Q4
1783,111,3,42.19,2022Q1
1783,111,6,47.36,2022Q2
1783,111,9,48.15,2022Q3
1783,111,12,49.64,2022Q4
1783,112,3,59.1,2023Q1
1783,112,6,61.35,2023Q2
1783,112,9,56.91,2023Q3
1783,112,12,48.5,2023Q4
1783,113,3,45.51,2024Q1
1783,113,6,45.65,2024Q2
1783,113,9,44.47,2024Q3
1783,113,12,47.64,2024Q4
1783,114,3,49.39,2025Q1
1786,105,3,62.87,2016Q1
1786,105,6,49.99,2016Q2
1786,105,9,59.29,2016Q3
1786,105,12,58.22,2016Q4
1786,106,3,52.73,2017Q1
1786,106,6,47.4,2017Q2
1786,106,9,42.33,2017Q3
1786,106,12,36.23,2017Q4
1786,107,3,73.72,2018Q1
1786,107,6,78.24,2018Q2
1786,107,9,76.78,2018Q3
1786,107,12,64.99,2018Q4
1786,108,3,72.18,2019Q1
1786,108,6,63.64,2019Q2
1786,108,9,73.7,2019Q3
1786,108,12,72.95,2019Q4
1786,109,3,47.83,2020Q1
1786,109,6,65.51,2020Q2
1786,109,9,72.51,2020Q3
1786,109,12,61.83,2020Q4
1786,110,3,57.19,2021Q1
1786,110,6,53.15,2021Q2
1786,110,9,54.95,2021Q3
1786,110,12,49.8,2021Q4
1786,111,3,41.61,2022Q1
1786,111,6,41.18,2022Q2
1786,111,9,48.57,2022Q3
1786,111,12,57.68,2022Q4
1786,112,3,68.79,2023Q1
1786,112,6,79.82,2023Q2
1786,112,9,87.78,2023Q3
1786,112,12,77.72,2023Q4
1786,113,3,91.61,2024Q1
1786,113,6,123.23,2024Q2
1786,113,9,131.07,2024Q3
1786,113,12,97.3,2024Q4
1786,114,3,122.05,2025Q1
1789,105,3,52.31,2016Q1
1789,105,6,43.55,2016Q2
1789,105,9,42.18,2016Q3
1789,105,12,38.68,2016Q4
1789,106,3,44.56,2017Q1
1789,106,6,42.84,2017Q2
1789,106,9,34.2,2017Q3
1789,106,12,35.33,2017Q4
1789,107,3,32.98,2018Q1
1789,107,6,33.28,2018Q2
1789,107,9,30.4,2018Q3
1789,107,12,25.6,2018Q4
1789,108,3,26.7,2019Q1
1789,108,6,24.78,2019Q2
1789,108,9,23.92,2019Q3
1789,108,12,27.14,2019Q4
1789,109,3,30.99,2020Q1
1789,109,6,36.15,2020Q2
1789,109,9,32.97,2020Q3
1789,109,12,28.69,2020Q4
1789,110,3,25.74,2021Q1
1789,110,6,27.0,2021Q2
1789,110,9,24.91,2021Q3
1789,110,12,24.44,2021Q4
1789,111,3,23.29,2022Q1
1789,111,6,25.12,2022Q2
1789,111,9,27.02,2022Q3
1789,111,12,26.4,2022Q4
1789,112,3,26.24,2023Q1
1789,112,6,28.53,2023Q2
1789,112,9,27.2,2023Q3
1789,112,12,26.55,2023Q4
1789,113,3,26.55,2024Q1
1789,113,6,28.81,2024Q2
1789,113,9,24.8,2024Q3
1789,113,12,22.5,2024Q4
1789,114,3,22.43,2025Q1
1802,105,3,14.64,2016Q1
1802,105,6,13.7,2016Q2
1802,105,9,14.64,2016Q3
1802,105,12,13.39,2016Q4
1802,106,3,17.25,2017Q1
1802,106,6,14.32,2017Q2
1802,106,9,16.03,2017Q3
1802,106,12,19.57,2017Q4
1802,107,3,17.59,2018Q1
1802,107,6,17.62,2018Q2
1802,107,9,15.93,2018Q3
1802,107,12,13.46,2018Q4
1802,108,3,13.68,2019Q1
1802,108,6,12.07,2019Q2
1802,108,9,11.9,2019Q3
1802,108,12,11.5,2019Q4
1802,109,3,8.1,2020Q1
1802,109,6,10.18,2020Q2
1802,109,9,12.76,2020Q3
1802,109,12,18.41,2020Q4
1802,110,3,19.86,2021Q1
1802,110,6,34.65,2021Q2
1802,110,9,32.6,2021Q3
1802,110,12,26.46,2021Q4
1802,111,3,24.46,2022Q1
1802,111,6,20.4,2022Q2
1802,111,9,16.87,2022Q3
1802,111,12,22.92,2022Q4
1802,112,3,21.22,2023Q1
1802,112,6,19.49,2023Q2
1802,112,9,20.52,2023Q3
1802,112,12,18.95,2023Q4
1802,113,3,17.53,2024Q1
1802,113,6,19.47,2024Q2
1802,113,9,17.31,2024Q3
1802,113,12,18.8,2024Q4
1802,114,3,17.48,2025Q1
1805,105,3,6.85,2016Q1
1805,105,6,6.52,2016Q2
1805,105,9,5.7,2016Q3
1805,105,12,5.54,2016Q4
1805,106,3,9.17,2017Q1
1805,106,6,12.24,2017Q2
1805,106,9,13.43,2017Q3
1805,106,12,13.29,2017Q4
1805,107,3,11.63,2018Q1
1805,107,6,14.81,2018Q2
1805,107,9,11.2,2018Q3
1805,107,12,9.23,2018Q4
1805,108,3,10.25,2019Q1
1805,108,6,10.01,2019Q2
1805,108,9,9.17,2019Q3
1805,108,12,8.98,2019Q4
1805,109,3,8.55,2020Q1
1805,109,6,9.81,2020Q2
1805,109,9,10.19,2020Q3
1805,109,12,10.18,2020Q4
1805,110,3,16.25,2021Q1
1805,110,6,13.42,2021Q2
1805,110,9,14.57,2021Q3
1805,110,12,14.29,2021Q4
1805,111,3,13.9,2022Q1
1805,111,6,11.55,2022Q2
1805,111,9,11.57,2022Q3
1805,111,12,10.61,2022Q4
1805,112,3,10.47,2023Q1
1805,112,6,9.95,2023Q2
1805,112,9,11.2,2023Q3
1805,112,12,13.79,2023Q4
1805,113,3,18.46,2024Q1
1805,113,6,20.04,2024Q2
1805,113,9,20.64,2024Q3
1805,113,12,17.73,2024Q4
1805,114,3,15.9,2025Q1
1806,105,3,7.16,2016Q1
1806,105,6,6.44,2016Q2
1806,105,9,7.1,2016Q3
1806,105,12,7.02,2016Q4
1806,106,3,8.35,2017Q1
1806,106,6,7.29,2017Q2
1806,106,9,7.7,2017Q3
1806,106,12,8.31,2017Q4
1806,107,3,8.53,2018Q1
1806,107,6,7.84,2018Q2
1806,107,9,7.79,2018Q3
1806,107,12,7.09,2018Q4
1806,108,3,6.95,2019Q1
1806,108,6,6.99,2019Q2
1806,108,9,6.54,2019Q3
1806,108,12,6.67,2019Q4
1806,109,3,4.45,2020Q1
1806,109,6,5.22,2020Q2
1806,109,9,6.55,2020Q3
1806,109,12,7.35,2020Q4
1806,110,3,8.39,2021Q1
1806,110,6,13.23,2021Q2
1806,110,9,11.33,2021Q3
1806,110,12,12.54,2021Q4
1806,111,3,12.36,2022Q1
1806,111,6,11.23,2022Q2
1806,111,9,8.79,2022Q3
1806,111,12,9.39,2022Q4
1806,112,3,9.11,2023Q1
1806,112,6,10.67,2023Q2
1806,112,9,9.41,2023Q3
1806,112,12,11.01,2023Q4
1806,113,3,11.25,2024Q1
1806,113,6,11.17,2024Q2
1806,113,9,11.96,2024Q3
1806,113,12,10.37,2024Q4
1806,114,3,9.53,2025Q1
1808,105,3,30.16,2016Q1
1808,105,6,35.11,2016Q2
1808,105,9,33.39,2016Q3
1808,105,12,32.15,2016Q4
1808,106,3,45.68,2017Q1
1808,106,6,48.67,2017Q2
1808,106,9,42.88,2017Q3
1808,106,12,41.11,2017Q4
1808,107,3,49.44,2018Q1
1808,107,6,59.02,2018Q2
1808,107,9,59.19,2018Q3
1808,107,12,56.03,2018Q4
1808,108,3,66.2,2019Q1
1808,108,6,63.72,2019Q2
1808,108,9,62.78,2019Q3
1808,108,12,59.36,2019Q4
1808,109,3,51.24,2020Q1
1808,109,6,62.08,2020Q2
1808,109,9,69.64,2020Q3
1808,109,12,59.77,2020Q4
1808,110,3,59.71,2021Q1
1808,110,6,56.85,2021Q2
1808,110,9,59.28,2021Q3
1808,110,12,56.49,2021Q4
1808,111,3,57.48,2022Q1
1808,111,6,67.7,2022Q2
1808,111,9,67.73,2022Q3
1808,111,12,67.23,2022Q4
1808,112,3,69.76,2023Q1
1808,112,6,75.97,2023Q2
1808,112,9,92.86,2023Q3
1808,112,12,104.57,2023Q4
1808,113,3,120.84,2024Q1
1808,113,6,112.61,2024Q2
1808,113,9,104.5,2024Q3
1808,113,12,38.99,2024Q4
1808,114,3,35.52,2025Q1
1809,105,3,11.29,2016Q1
1809,105,6,10.87,2016Q2
1809,105,9,12.31,2016Q3
1809,105,12,12.35,2016Q4
1809,106,3,13.01,2017Q1
1809,106,6,11.34,2017Q2
1809,106,9,13.78,2017Q3
1809,106,12,12.4,2017Q4
1809,107,3,12.96,2018Q1
1809,107,6,14.95,2018Q2
1809,107,9,11.51,2018Q3
1809,107,12,10.98,2018Q4
1809,108,3,10.55,2019Q1
1809,108,6,15.19,2019Q2
1809,108,9,13.22,2019Q3
1809,108,12,11.97,2019Q4
1809,109,3,8.31,2020Q1
1809,109,6,9.24,2020Q2
1809,109,9,11.85,2020Q3
1809,109,12,12.83,2020Q4
1809,110,3,12.75,2021Q1
1809,110,6,15.17,2021Q2
1809,110,9,14.9,2021Q3
1809,110,12,15.6,2021Q4
1809,111,3,14.46,2022Q1
1809,111,6,12.22,2022Q2
1809,111,9,12.39,2022Q3
1809,111,12,13.1,2022Q4
1809,112,3,13.95,2023Q1
1809,112,6,15.2,2023Q2
1809,112,9,15.46,2023Q3
1809,112,12,16.0,2023Q4
1809,113,3,28.36,2024Q1
1809,113,6,25.32,2024Q2
1809,113,9,21.65,2024Q3
1809,113,12,20.57,2024Q4
1809,114,3,18.83,2025Q1
1810,105,3,8.66,2016Q1
1810,105,6,7.53,2016Q2
1810,105,9,8.1,2016Q3
1810,105,12,9.23,2016Q4
1810,106,3,10.04,2017Q1
1810,106,6,9.21,2017Q2
1810,106,9,9.74,2017Q3
1810,106,12,9.79,2017Q4
1810,107,3,9.49,2018Q1
1810,107,6,9.57,2018Q2
1810,107,9,8.91,2018Q3
1810,107,12,8.0,2018Q4
1810,108,3,7.93,2019Q1
1810,108,6,7.87,2019Q2
1810,108,9,7.58,2019Q3
1810,108,12,8.27,2019Q4
1810,109,3,6.73,2020Q1
1810,109,6,7.44,2020Q2
1810,109,9,9.71,2020Q3
1810,109,12,9.88,2020Q4
1810,110,3,10.18,2021Q1
1810,110,6,12.14,2021Q2
1810,110,9,13.27,2021Q3
1810,110,12,17.22,2021Q4
1810,111,3,16.01,2022Q1
1810,111,6,12.13,2022Q2
1810,111,9,10.35,2022Q3
1810,111,12,20.26,2022Q4
1810,112,3,18.79,2023Q1
1810,112,6,24.67,2023Q2
1810,112,9,21.04,2023Q3
1810,112,12,18.24,2023Q4
1810,113,3,17.21,2024Q1
1810,113,6,18.72,2024Q2
1810,113,9,18.89,2024Q3
1810,113,12,16.68,2024Q4
1810,114,3,18.77,2025Q1
1817,105,3,40.83,2016Q1
1817,105,6,35.71,2016Q2
1817,105,9,39.12,2016Q3
1817,105,12,37.22,2016Q4
1817,106,3,38.2,2017Q1
1817,106,6,38.71,2017Q2
1817,106,9,40.72,2017Q3
1817,106,12,44.77,2017Q4
1817,107,3,42.62,2018Q1
1817,107,6,40.43,2018Q2
1817,107,9,37.93,2018Q3
1817,107,12,36.55,2018Q4
1817,108,3,37.16,2019Q1
1817,108,6,38.95,2019Q2
1817,108,9,35.83,2019Q3
1817,108,12,35.15,2019Q4
1817,109,3,28.21,2020Q1
1817,109,6,31.58,2020Q2
1817,109,9,30.93,2020Q3
1817,109,12,33.44,2020Q4
1817,110,3,35.01,2021Q1
1817,110,6,38.8,2021Q2
1817,110,9,35.17,2021Q3
1817,110,12,36.86,2021Q4
1817,111,3,35.82,2022Q1
1817,111,6,34.63,2022Q2
1817,111,9,35.98,2022Q3
1817,111,12,37.74,2022Q4
1817,112,3,38.31,2023Q1
1817,112,6,38.93,2023Q2
1817,112,9,35.95,2023Q3
1817,112,12,36.86,2023Q4
1817,113,3,37.79,2024Q1
1817,113,6,39.88,2024Q2
1817,113,9,41.78,2024Q3
1817,113,12,42.39,2024Q4
1817,114,3,49.15,2025Q1
1903,105,3,31.81,2016Q1
1903,105,6,33.42,2016Q2
1903,105,9,31.58,2016Q3
1903,105,12,32.1,2016Q4
1903,106,3,36.22,2017Q1
1903,106,6,31.71,2017Q2
1903,106,9,32.96,2017Q3
1903,106,12,32.12,2017Q4
1903,107,3,35.36,2018Q1
1903,107,6,32.6,2018Q2
1903,107,9,31.87,2018Q3
1903,107,12,29.81,2018Q4
1903,108,3,32.78,2019Q1
1903,108,6,30.94,2019Q2
1903,108,9,31.91,2019Q3
1903,108,12,32.76,2019Q4
1903,109,3,30.16,2020Q1
1903,109,6,55.39,2020Q2
1903,109,9,62.74,2020Q3
1903,109,12,59.03,2020Q4
1903,110,3,56.66,2021Q1
1903,110,6,69.89,2021Q2
1903,110,9,69.72,2021Q3
1903,110,12,65.48,2021Q4
1903,111,3,61.46,2022Q1
1903,111,6,57.72,2022Q2
1903,111,9,55.13,2022Q3
1903,111,12,50.33,2022Q4
1903,112,3,44.82,2023Q1
1903,112,6,53.96,2023Q2
1903,112,9,58.38,2023Q3
1903,112,12,57.55,2023Q4
1903,113,3,54.18,2024Q1
1903,113,6,62.9,2024Q2
1903,113,9,55.91,2024Q3
1903,113,12,53.11,2024Q4
1903,114,3,49.86,2025Q1
1904,105,3,11.54,2016Q1
1904,105,6,11.53,2016Q2
1904,105,9,11.52,2016Q3
1904,105,12,12.59,2016Q4
1904,106,3,16.34,2017Q1
1904,106,6,14.26,2017Q2
1904,106,9,19.38,2017Q3
1904,106,12,16.11,2017Q4
1904,107,3,16.75,2018Q1
1904,107,6,17.74,2018Q2
1904,107,9,23.45,2018Q3
1904,107,12,19.97,2018Q4
1904,108,3,20.4,2019Q1
1904,108,6,20.14,2019Q2
1904,108,9,18.09,2019Q3
1904,108,12,18.91,2019Q4
1904,109,3,21.39,2020Q1
1904,109,6,23.51,2020Q2
1904,109,9,30.45,2020Q3
1904,109,12,32.52,2020Q4
1904,110,3,33.09,2021Q1
1904,110,6,46.51,2021Q2
1904,110,9,36.24,2021Q3
1904,110,12,34.76,2021Q4
1904,111,3,34.49,2022Q1
1904,111,6,29.14,2022Q2
1904,111,9,27.08,2022Q3
1904,111,12,27.5,2022Q4
1904,112,3,28.21,2023Q1
1904,112,6,33.69,2023Q2
1904,112,9,28.34,2023Q3
1904,112,12,29.96,2023Q4
1904,113,3,28.95,2024Q1
1904,113,6,28.85,2024Q2
1904,113,9,24.29,2024Q3
1904,113,12,20.21,2024Q4
1904,114,3,20.19,2025Q1
1905,105,3,9.82,2016Q1
1905,105,6,9.4,2016Q2
1905,105,9,8.89,2016Q3
1905,105,12,9.18,2016Q4
1905,106,3,11.97,2017Q1
1905,106,6,10.06,2017Q2
1905,106,9,11.82,2017Q3
1905,106,12,11.2,2017Q4
1905,107,3,11.71,2018Q1
1905,107,6,10.78,2018Q2
1905,107,9,10.07,2018Q3
1905,107,12,10.18,2018Q4
1905,108,3,9.79,2019Q1
1905,108,6,9.63,2019Q2
1905,108,9,9.75,2019Q3
1905,108,12,9.01,2019Q4
1905,109,3,7.65,2020Q1
1905,109,6,8.91,2020Q2
1905,109,9,9.72,2020Q3
1905,109,12,11.53,2020Q4
1905,110,3,12.79,2021Q1
1905,110,6,28.6,2021Q2
1905,110,9,25.35,2021Q3
1905,110,12,24.79,2021Q4
1905,111,3,22.13,2022Q1
1905,111,6,19.04,2022Q2
1905,111,9,17.12,2022Q3
1905,111,12,16.85,2022Q4
1905,112,3,16.78,2023Q1
1905,112,6,28.3,2023Q2
1905,112,9,22.9,2023Q3
1905,112,12,24.16,2023Q4
1905,113,3,23.45,2024Q1
1905,113,6,21.85,2024Q2
1905,113,9,20.5,2024Q3
1905,113,12,17.1,2024Q4
1905,114,3,16.39,2025Q1
1906,105,3,8.99,2016Q1
1906,105,6,9.08,2016Q2
1906,105,9,11.89,2016Q3
1906,105,12,16.98,2016Q4
1906,106,3,28.56,2017Q1
1906,106,6,27.02,2017Q2
1906,106,9,36.45,2017Q3
1906,106,12,28.63,2017Q4
1906,107,3,28.52,2018Q1
1906,107,6,21.86,2018Q2
1906,107,9,20.09,2018Q3
1906,107,12,15.15,2018Q4
1906,108,3,17.05,2019Q1
1906,108,6,13.31,2019Q2
1906,108,9,12.7,2019Q3
1906,108,12,13.72,2019Q4
1906,109,3,13.87,2020Q1
1906,109,6,13.04,2020Q2
1906,109,9,14.87,2020Q3
1906,109,12,17.01,2020Q4
1906,110,3,17.66,2021Q1
1906,110,6,21.3,2021Q2
1906,110,9,21.69,2021Q3
1906,110,12,20.56,2021Q4
1906,111,3,19.77,2022Q1
1906,111,6,20.18,2022Q2
1906,111,9,18.67,2022Q3
1906,111,12,16.93,2022Q4
1906,112,3,17.27,2023Q1
1906,112,6,16.35,2023Q2
1906,112,9,15.56,2023Q3
1906,112,12,15.52,2023Q4
1906,113,3,15.45,2024Q1
1906,113,6,15.94,2024Q2
1906,113,9,15.02,2024Q3
1906,113,12,14.29,2024Q4
1906,114,3,13.77,2025Q1
1907,105,3,10.58,2016Q1
1907,105,6,9.74,2016Q2
1907,105,9,9.02,2016Q3
1907,105,12,9.63,2016Q4
1907,106,3,11.85,2017Q1
1907,106,6,9.87,2017Q2
1907,106,9,12.58,2017Q3
1907,106,12,13.3,2017Q4
1907,107,3,13.6,2018Q1
1907,107,6,12.67,2018Q2
1907,107,9,12.25,2018Q3
1907,107,12,11.49,2018Q4
1907,108,3,11.86,2019Q1
1907,108,6,11.77,2019Q2
1907,108,9,11.78,2019Q3
1907,108,12,13.44,2019Q4
1907,109,3,11.98,2020Q1
1907,109,6,13.84,2020Q2
1907,109,9,18.17,2020Q3
1907,109,12,26.46,2020Q4
1907,110,3,29.35,2021Q1
1907,110,6,46.41,2021Q2
1907,110,9,35.7,2021Q3
1907,110,12,35.15,2021Q4
1907,111,3,33.18,2022Q1
1907,111,6,26.64,2022Q2
1907,111,9,24.1,2022Q3
1907,111,12,25.4,2022Q4
1907,112,3,26.95,2023Q1
1907,112,6,36.26,2023Q2
1907,112,9,31.28,2023Q3
1907,112,12,33.29,2023Q4
1907,113,3,30.1,2024Q1
1907,113,6,30.44,2024Q2
1907,113,9,31.2,2024Q3
1907,113,12,29.96,2024Q4
1907,114,3,29.5,2025Q1
1909,105,3,11.98,2016Q1
1909,105,6,14.81,2016Q2
1909,105,9,15.6,2016Q3
1909,105,12,16.05,2016Q4
1909,106,3,30.02,2017Q1
1909,106,6,33.11,2017Q2
1909,106,9,48.34,2017Q3
1909,106,12,39.63,2017Q4
1909,107,3,35.84,2018Q1
1909,107,6,29.29,2018Q2
1909,107,9,21.26,2018Q3
1909,107,12,16.15,2018Q4
1909,108,3,18.86,2019Q1
1909,108,6,14.49,2019Q2
1909,108,9,14.46,2019Q3
1909,108,12,14.29,2019Q4
1909,109,3,14.88,2020Q1
1909,109,6,14.28,2020Q2
1909,109,9,17.59,2020Q3
1909,109,12,21.65,2020Q4
1909,110,3,25.39,2021Q1
1909,110,6,27.05,2021Q2
1909,110,9,27.89,2021Q3
1909,110,12,24.24,2021Q4
1909,111,3,20.74,2022Q1
1909,111,6,17.61,2022Q2
1909,111,9,15.34,2022Q3
1909,111,12,15.85,2022Q4
1909,112,3,17.42,2023Q1
1909,112,6,17.04,2023Q2
1909,112,9,14.85,2023Q3
1909,112,12,14.9,2023Q4
1909,113,3,14.38,2024Q1
1909,113,6,13.97,2024Q2
1909,113,9,13.92,2024Q3
1909,113,12,11.84,2024Q4
1909,114,3,11.17,2025Q1
2002,105,3,22.08,2016Q1
2002,105,6,20.85,2016Q2
2002,105,9,22.04,2016Q3
2002,105,12,25.19,2016Q4
2002,106,3,25.58,2017Q1
2002,106,6,24.48,2017Q2
2002,106,9,24.77,2017Q3
2002,106,12,24.39,2017Q4
2002,107,3,23.67,2018Q1
2002,107,6,23.81,2018Q2
2002,107,9,24.93,2018Q3
2002,107,12,24.1,2018Q4
2002,108,3,25.03,2019Q1
2002,108,6,24.64,2019Q2
2002,108,9,23.23,2019Q3
2002,108,12,23.67,2019Q4
2002,109,3,20.27,2020Q1
2002,109,6,20.72,2020Q2
2002,109,9,20.61,2020Q3
2002,109,12,24.3,2020Q4
2002,110,3,25.39,2021Q1
2002,110,6,37.33,2021Q2
2002,110,9,38.01,2021Q3
2002,110,12,34.91,2021Q4
2002,111,3,38.77,2022Q1
2002,111,6,31.51,2022Q2
2002,111,9,28.37,2022Q3
2002,111,12,29.42,2022Q4
2002,112,3,30.89,2023Q1
2002,112,6,29.66,2023Q2
2002,112,9,26.2,2023Q3
2002,112,12,26.16,2023Q4
2002,113,3,23.93,2024Q1
2002,113,6,23.45,2024Q2
2002,113,9,21.7,2024Q3
2002,113,12,20.38,2024Q4
2002,114,3,23.91,2025Q1
2006,105,3,19.84,2016Q1
2006,105,6,18.93,2016Q2
2006,105,9,18.62,2016Q3
2006,105,12,21.71,2016Q4
2006,106,3,24.01,2017Q1
2006,106,6,24.02,2017Q2
2006,106,9,23.81,2017Q3
2006,106,12,25.06,2017Q4
2006,107,3,24.47,2018Q1
2006,107,6,23.86,2018Q2
2006,107,9,22.88,2018Q3
2006,107,12,19.54,2018Q4
2006,108,3,20.88,2019Q1
2006,108,6,22.91,2019Q2
2006,108,9,21.16,2019Q3
2006,108,12,22.79,2019Q4
2006,109,3,22.18,2020Q1
2006,109,6,23.04,2020Q2
2006,109,9,29.48,2020Q3
2006,109,12,36.1,2020Q4
2006,110,3,40.19,2021Q1
2006,110,6,50.21,2021Q2
2006,110,9,42.19,2021Q3
2006,110,12,65.34,2021Q4
2006,111,3,76.45,2022Q1
2006,111,6,61.8,2022Q2
2006,111,9,52.6,2022Q3
2006,111,12,51.98,2022Q4
2006,112,3,61.18,2023Q1
2006,112,6,57.94,2023Q2
2006,112,9,61.87,2023Q3
2006,112,12,71.51,2023Q4
2006,113,3,74.71,2024Q1
2006,113,6,69.27,2024Q2
2006,113,9,77.4,2024Q3
2006,113,12,69.79,2024Q4
2006,114,3,74.85,2025Q1
2007,105,3,5.18,2016Q1
2007,105,6,4.53,2016Q2
2007,105,9,4.82,2016Q3
2007,105,12,4.71,2016Q4
2007,106,3,5.97,2017Q1
2007,106,6,5.03,2017Q2
2007,106,9,4.88,2017Q3
2007,106,12,4.93,2017Q4
2007,107,3,5.42,2018Q1
2007,107,6,5.06,2018Q2
2007,107,9,4.95,2018Q3
2007,107,12,5.62,2018Q4
2007,108,3,5.28,2019Q1
2007,108,6,4.84,2019Q2
2007,108,9,4.71,2019Q3
2007,108,12,4.11,2019Q4
2007,109,3,3.79,2020Q1
2007,109,6,4.02,2020Q2
2007,109,9,6.83,2020Q3
2007,109,12,9.11,2020Q4
2007,110,3,9.17,2021Q1
2007,110,6,15.4,2021Q2
2007,110,9,30.41,2021Q3
2007,110,12,21.56,2021Q4
2007,111,3,20.6,2022Q1
2007,111,6,13.42,2022Q2
2007,111,9,10.81,2022Q3
2007,111,12,11.81,2022Q4
2007,112,3,11.85,2023Q1
2007,112,6,10.55,2023Q2
2007,112,9,9.88,2023Q3
2007,112,12,12.89,2023Q4
2007,113,3,10.22,2024Q1
2007,113,6,11.86,2024Q2
2007,113,9,11.23,2024Q3
2007,113,12,9.75,2024Q4
2007,114,3,10.76,2025Q1
2008,105,3,9.4,2016Q1
2008,105,6,7.8,2016Q2
2008,105,9,8.39,2016Q3
2008,105,12,11.71,2016Q4
2008,106,3,11.1,2017Q1
2008,106,6,10.3,2017Q2
2008,106,9,10.04,2017Q3
2008,106,12,11.42,2017Q4
2008,107,3,12.69,2018Q1
2008,107,6,12.54,2018Q2
2008,107,9,12.46,2018Q3
2008,107,12,12.36,2018Q4
2008,108,3,12.39,2019Q1
2008,108,6,12.34,2019Q2
2008,108,9,12.34,2019Q3
2008,108,12,12.36,2019Q4
2008,109,3,12.27,2020Q1
2008,109,6,12.4,2020Q2
2008,109,9,13.84,2020Q3
2008,109,12,18.28,2020Q4
2008,110,3,17.11,2021Q1
2008,110,6,21.4,2021Q2
2008,110,9,22.42,2021Q3
2008,110,12,20.01,2021Q4
2008,111,3,20.08,2022Q1
2008,111,6,17.13,2022Q2
2008,111,9,16.77,2022Q3
2008,111,12,17.53,2022Q4
2008,112,3,19.93,2023Q1
2008,112,6,19.64,2023Q2
2008,112,9,21.19,2023Q3
2008,112,12,23.33,2023Q4
2008,113,3,22.34,2024Q1
2008,113,6,25.19,2024Q2
2008,113,9,34.11,2024Q3
2008,113,12,30.56,2024Q4
2008,114,3,27.87,2025Q1
2009,105,3,8.14,2016Q1
2009,105,6,6.49,2016Q2
2009,105,9,6.59,2016Q3
2009,105,12,7.72,2016Q4
2009,106,3,11.14,2017Q1
2009,106,6,9.32,2017Q2
2009,106,9,10.57,2017Q3
2009,106,12,12.56,2017Q4
2009,107,3,11.89,2018Q1
2009,107,6,11.28,2018Q2
2009,107,9,10.19,2018Q3
2009,107,12,9.68,2018Q4
2009,108,3,10.46,2019Q1
2009,108,6,10.18,2019Q2
2009,108,9,9.81,2019Q3
2009,108,12,9.46,2019Q4
2009,109,3,6.17,2020Q1
2009,109,6,7.68,2020Q2
2009,109,9,10.04,2020Q3
2009,109,12,22.2,2020Q4
2009,110,3,30.63,2021Q1
2009,110,6,65.9,2021Q2
2009,110,9,52.36,2021Q3
2009,110,12,43.7,2021Q4
2009,111,3,49.55,2022Q1
2009,111,6,30.21,2022Q2
2009,111,9,23.97,2022Q3
2009,111,12,31.56,2022Q4
2009,112,3,34.32,2023Q1
2009,112,6,32.73,2023Q2
2009,112,9,29.84,2023Q3
2009,112,12,32.46,2023Q4
2009,113,3,35.91,2024Q1
2009,113,6,51.25,2024Q2
2009,113,9,45.93,2024Q3
2009,113,12,38.39,2024Q4
2009,114,3,45.04,2025Q1
2010,105,3,10.19,2016Q1
2010,105,6,10.42,2016Q2
2010,105,9,10.79,2016Q3
2010,105,12,12.09,2016Q4
2010,106,3,12.7,2017Q1
2010,106,6,12.1,2017Q2
2010,106,9,11.39,2017Q3
2010,106,12,11.2,2017Q4
2010,107,3,12.07,2018Q1
2010,107,6,11.26,2018Q2
2010,107,9,11.07,2018Q3
2010,107,12,10.08,2018Q4
2010,108,3,10.46,2019Q1
2010,108,6,10.67,2019Q2
2010,108,9,10.31,2019Q3
2010,108,12,10.16,2019Q4
2010,109,3,9.12,2020Q1
2010,109,6,9.83,2020Q2
2010,109,9,11.3,2020Q3
2010,109,12,14.24,2020Q4
2010,110,3,14.07,2021Q1
2010,110,6,25.28,2021Q2
2010,110,9,28.47,2021Q3
2010,110,12,24.51,2021Q4
2010,111,3,24.96,2022Q1
2010,111,6,17.99,2022Q2
2010,111,9,15.36,2022Q3
2010,111,12,16.11,2022Q4
2010,112,3,16.23,2023Q1
2010,112,6,17.37,2023Q2
2010,112,9,17.92,2023Q3
2010,112,12,18.36,2023Q4
2010,113,3,18.37,2024Q1
2010,113,6,20.21,2024Q2
2010,113,9,17.78,2024Q3
2010,113,12,18.4,2024Q4
2010,114,3,20.31,2025Q1
2012,105,3,13.98,2016Q1
2012,105,6,13.37,2016Q2
2012,105,9,13.27,2016Q3
2012,105,12,13.4,2016Q4
2012,106,3,13.89,2017Q1
2012,106,6,14.31,2017Q2
2012,106,9,14.54,2017Q3
2012,106,12,14.55,2017Q4
2012,107,3,17.89,2018Q1
2012,107,6,19.83,2018Q2
2012,107,9,20.15,2018Q3
2012,107,12,19.57,2018Q4
2012,108,3,21.89,2019Q1
2012,108,6,23.34,2019Q2
2012,108,9,20.28,2019Q3
2012,108,12,20.0,2019Q4
2012,109,3,17.36,2020Q1
2012,109,6,17.84,2020Q2
2012,109,9,16.85,2020Q3
2012,109,12,20.34,2020Q4
2012,110,3,19.72,2021Q1
2012,110,6,33.47,2021Q2
2012,110,9,32.5,2021Q3
2012,110,12,31.06,2021Q4
2012,111,3,31.78,2022Q1
2012,111,6,25.92,2022Q2
2012,111,9,23.05,2022Q3
2012,111,12,23.35,2022Q4
2012,112,3,25.33,2023Q1
2012,112,6,29.2,2023Q2
2012,112,9,24.4,2023Q3
2012,112,12,25.15,2023Q4
2012,113,3,22.99,2024Q1
2012,113,6,24.94,2024Q2
2012,113,9,25.63,2024Q3
2012,113,12,25.67,2024Q4
2012,114,3,25.24,2025Q1
1597,105,3,,2016Q1
1597,105,6,,2016Q2
1597,105,9,,2016Q3
1597,105,12,,2016Q4
1597,106,3,,2017Q1
1597,106,6,,2017Q2
1597,106,9,,2017Q3
1597,106,12,,2017Q4
1597,107,3,,2018Q1
1597,107,6,,2018Q2
1597,107,9,,2018Q3
1597,107,12,,2018Q4
1597,108,3,,2019Q1
1597,108,6,,2019Q2
1597,108,9,,2019Q3
1597,108,12,,2019Q4
1597,109,3,,2020Q1
1597,109,6,,2020Q2
1597,109,9,,2020Q3
1597,109,12,85.93,2020Q4
1597,110,3,121.11,2021Q1
1597,110,6,115.96,2021Q2
1597,110,9,90.9,2021Q3
1597,110,12,86.9,2021Q4
1597,111,3,89.0,2022Q1
1597,111,6,80.89,2022Q2
1597,111,9,70.53,2022Q3
1597,111,12,74.08,2022Q4
1597,112,3,81.36,2023Q1
1597,112,6,74.34,2023Q2
1597,112,9,64.83,2023Q3
1597,112,12,64.86,2023Q4
1597,113,3,75.71,2024Q1
1597,113,6,71.36,2024Q2
1597,113,9,98.23,2024Q3
1597,113,12,106.31,2024Q4
1597,114,3,96.09,2025Q1
1597,114,6,,2025Q2
1597,114,9,,2025Q3
1597,114,12,,2025Q4
1752,105,3,,2016Q1
1752,105,6,,2016Q2
1752,105,9,,2016Q3
1752,105,12,,2016Q4
1752,106,3,,2017Q1
1752,106,6,,2017Q2
1752,106,9,,2017Q3
1752,106,12,,2017Q4
1752,107,3,,2018Q1
1752,107,6,,2018Q2
1752,107,9,,2018Q3
1752,107,12,,2018Q4
1752,108,3,,2019Q1
1752,108,6,,2019Q2
1752,108,9,,2019Q3
1752,108,12,,2019Q4
1752,109,3,,2020Q1
1752,109,6,,2020Q2
1752,109,9,,2020Q3
1752,109,12,,2020Q4
1752,110,3,,2021Q1
1752,110,6,,2021Q2
1752,110,9,,2021Q3
1752,110,12,,2021Q4
1752,111,3,37.53,2022Q1
1752,111,6,36.95,2022Q2
1752,111,9,37.99,2022Q3
1752,111,12,59.11,2022Q4
1752,112,3,59.98,2023Q1
1752,112,6,64.17,2023Q2
1752,112,9,55.25,2023Q3
1752,112,12,58.02,2023Q4
1752,113,3,47.68,2024Q1
1752,113,6,54.38,2024Q2
1752,113,9,44.44,2024Q3
1752,113,12,42.11,2024Q4
1752,114,3,42.35,2025Q1
1752,114,6,,2025Q2
1752,114,9,,2025Q3
1752,114,12,,2025Q4
1795,105,3,,2016Q1
1795,105,6,,2016Q2
1795,105,9,,2016Q3
1795,105,12,,2016Q4
1795,106,3,,2017Q1
1795,106,6,,2017Q2
1795,106,9,,2017Q3
1795,106,12,,2017Q4
1795,107,3,,2018Q1
1795,107,6,,2018Q2
1795,107,9,,2018Q3
1795,107,12,,2018Q4
1795,108,3,,2019Q1
1795,108,6,,2019Q2
1795,108,9,,2019Q3
1795,108,12,112.27,2019Q4
1795,109,3,69.85,2020Q1
1795,109,6,84.11,2020Q2
1795,109,9,82.57,2020Q3
1795,109,12,82.81,2020Q4
1795,110,3,74.93,2021Q1
1795,110,6,91.95,2021Q2
1795,110,9,102.68,2021Q3
1795,110,12,98.94,2021Q4
1795,111,3,119.14,2022Q1
1795,111,6,145.16,2022Q2
1795,111,9,164.88,2022Q3
1795,111,12,240.58,2022Q4
1795,112,3,260.91,2023Q1
1795,112,6,324.86,2023Q2
1795,112,9,243.46,2023Q3
1795,112,12,272.21,2023Q4
1795,113,3,292.03,2024Q1
1795,113,6,295.94,2024Q2
1795,113,9,274.55,2024Q3
1795,113,12,275.09,2024Q4
1795,114,3,254.72,2025Q1
1795,114,6,,2025Q2
1795,114,9,,2025Q3
1795,114,12,,2025Q4
2013,105,3,24.83,2016Q1
2013,105,6,21.15,2016Q2
2013,105,9,21.43,2016Q3
2013,105,12,22.08,2016Q4
2013,106,3,22.2,2017Q1
2013,106,6,20.59,2017Q2
2013,106,9,19.96,2017Q3
2013,106,12,19.4,2017Q4
2013,107,3,24.05,2018Q1
2013,107,6,30.51,2018Q2
2013,107,9,32.93,2018Q3
2013,107,12,26.79,2018Q4
2013,108,3,27.2,2019Q1
2013,108,6,25.82,2019Q2
2013,108,9,25.09,2019Q3
2013,108,12,24.72,2019Q4
2013,109,3,19.94,2020Q1
2013,109,6,25.44,2020Q2
2013,109,9,31.71,2020Q3
2013,109,12,33.08,2020Q4
2013,110,3,40.81,2021Q1
2013,110,6,45.82,2021Q2
2013,110,9,68.36,2021Q3
2013,110,12,60.14,2021Q4
2013,111,3,58.85,2022Q1
2013,111,6,57.47,2022Q2
2013,111,9,56.98,2022Q3
2013,111,12,59.06,2022Q4
2013,112,3,59.73,2023Q1
2013,112,6,57.84,2023Q2
2013,112,9,55.23,2023Q3
2013,112,12,55.1,2023Q4
2013,113,3,60.12,2024Q1
2013,113,6,58.26,2024Q2
2013,113,9,53.07,2024Q3
2013,113,12,51.31,2024Q4
2013,114,3,51.32,2025Q1
2013,114,6,,2025Q2
2013,114,9,,2025Q3
2013,114,12,,2025Q4
2014,105,3,7.1,2016Q1
2014,105,6,5.52,2016Q2
2014,105,9,6.86,2016Q3
2014,105,12,10.15,2016Q4
2014,106,3,11.64,2017Q1
2014,106,6,9.6,2017Q2
2014,106,9,11.3,2017Q3
2014,106,12,11.85,2017Q4
2014,107,3,12.22,2018Q1
2014,107,6,12.47,2018Q2
2014,107,9,13.82,2018Q3
2014,107,12,11.42,2018Q4
2014,108,3,11.92,2019Q1
2014,108,6,10.49,2019Q2
2014,108,9,10.06,2019Q3
2014,108,12,10.15,2019Q4
2014,109,3,7.3,2020Q1
2014,109,6,8.26,2020Q2
2014,109,9,10.02,2020Q3
2014,109,12,14.78,2020Q4
2014,110,3,18.26,2021Q1
2014,110,6,54.37,2021Q2
2014,110,9,44.19,2021Q3
2014,110,12,41.01,2021Q4
2014,111,3,44.99,2022Q1
2014,111,6,29.94,2022Q2
2014,111,9,23.61,2022Q3
2014,111,12,26.55,2022Q4
2014,112,3,27.48,2023Q1
2014,112,6,24.43,2023Q2
2014,112,9,23.95,2023Q3
2014,112,12,26.76,2023Q4
2014,113,3,22.31,2024Q1
2014,113,6,22.0,2024Q2
2014,113,9,21.27,2024Q3
2014,113,12,18.76,2024Q4
2014,114,3,24.14,2025Q1
2014,114,6,,2025Q2
2014,114,9,,2025Q3
2014,114,12,,2025Q4
2015,105,3,41.29,2016Q1
2015,105,6,42.54,2016Q2
2015,105,9,40.94,2016Q3
2015,105,12,45.11,2016Q4
2015,106,3,51.58,2017Q1
2015,106,6,51.58,2017Q2
2015,106,9,52.53,2017Q3
2015,106,12,54.03,2017Q4
2015,107,3,59.52,2018Q1
2015,107,6,58.76,2018Q2
2015,107,9,58.78,2018Q3
2015,107,12,57.04,2018Q4
2015,108,3,60.12,2019Q1
2015,108,6,63.36,2019Q2
2015,108,9,53.44,2019Q3
2015,108,12,53.64,2019Q4
2015,109,3,48.07,2020Q1
2015,109,6,54.02,2020Q2
2015,109,9,57.1,2020Q3
2015,109,12,69.14,2020Q4
2015,110,3,70.96,2021Q1
2015,110,6,77.09,2021Q2
2015,110,9,80.83,2021Q3
2015,110,12,82.71,2021Q4
2015,111,3,92.68,2022Q1
2015,111,6,73.72,2022Q2
2015,111,9,63.13,2022Q3
2015,111,12,65.72,2022Q4
2015,112,3,72.57,2023Q1
2015,112,6,70.08,2023Q2
2015,112,9,67.13,2023Q3
2015,112,12,67.76,2023Q4
2015,113,3,70.88,2024Q1
2015,113,6,75.18,2024Q2
2015,113,9,82.95,2024Q3
2015,113,12,71.07,2024Q4
2015,114,3,72.98,2025Q1
2015,114,6,,2025Q2
2015,114,9,,2025Q3
2015,114,12,,2025Q4
2017,105,3,7.65,2016Q1
2017,105,6,6.28,2016Q2
2017,105,9,8.07,2016Q3
2017,105,12,8.45,2016Q4
2017,106,3,10.35,2017Q1
2017,106,6,8.83,2017Q2
2017,106,9,9.11,2017Q3
2017,106,12,9.88,2017Q4
2017,107,3,11.17,2018Q1
2017,107,6,10.25,2018Q2
2017,107,9,9.2,2018Q3
2017,107,12,8.55,2018Q4
2017,108,3,8.13,2019Q1
2017,108,6,8.02,2019Q2
2017,108,9,6.9,2019Q3
2017,108,12,6.68,2019Q4
2017,109,3,6.58,2020Q1
2017,109,6,8.12,2020Q2
2017,109,9,8.96,2020Q3
2017,109,12,11.8,2020Q4
2017,110,3,12.04,2021Q1
2017,110,6,25.32,2021Q2
2017,110,9,23.83,2021Q3
2017,110,12,20.31,2021Q4
2017,111,3,19.67,2022Q1
2017,111,6,14.27,2022Q2
2017,111,9,13.55,2022Q3
2017,111,12,14.05,2022Q4
2017,112,3,18.89,2023Q1
2017,112,6,17.36,2023Q2
2017,112,9,14.34,2023Q3
2017,112,12,15.44,2023Q4
2017,113,3,14.2,2024Q1
2017,113,6,14.63,2024Q2
2017,113,9,12.37,2024Q3
2017,113,12,11.17,2024Q4
2017,114,3,12.03,2025Q1
2017,114,6,,2025Q2
2017,114,9,,2025Q3
2017,114,12,,2025Q4
2020,105,3,12.5,2016Q1
2020,105,6,12.07,2016Q2
2020,105,9,13.32,2016Q3
2020,105,12,14.56,2016Q4
2020,106,3,14.56,2017Q1
2020,106,6,13.35,2017Q2
2020,106,9,13.93,2017Q3
2020,106,12,13.67,2017Q4
2020,107,3,15.44,2018Q1
2020,107,6,15.94,2018Q2
2020,107,9,14.53,2018Q3
2020,107,12,14.27,2018Q4
2020,108,3,15.27,2019Q1
2020,108,6,16.55,2019Q2
2020,108,9,14.63,2019Q3
2020,108,12,15.36,2019Q4
2020,109,3,14.92,2020Q1
2020,109,6,17.85,2020Q2
2020,109,9,16.57,2020Q3
2020,109,12,19.06,2020Q4
2020,110,3,21.55,2021Q1
2020,110,6,37.02,2021Q2
2020,110,9,32.1,2021Q3
2020,110,12,32.0,2021Q4
2020,111,3,33.14,2022Q1
2020,111,6,27.59,2022Q2
2020,111,9,25.68,2022Q3
2020,111,12,23.54,2022Q4
2020,112,3,23.73,2023Q1
2020,112,6,24.02,2023Q2
2020,112,9,28.75,2023Q3
2020,112,12,32.19,2023Q4
2020,113,3,37.22,2024Q1
2020,113,6,37.98,2024Q2
2020,113,9,28.78,2024Q3
2020,113,12,28.47,2024Q4
2020,114,3,29.99,2025Q1
2020,114,6,,2025Q2
2020,114,9,,2025Q3
2020,114,12,,2025Q4
2022,105,3,4.04,2016Q1
2022,105,6,3.53,2016Q2
2022,105,9,4.28,2016Q3
2022,105,12,4.89,2016Q4
2022,106,3,6.66,2017Q1
2022,106,6,5.53,2017Q2
2022,106,9,6.18,2017Q3
2022,106,12,6.24,2017Q4
2022,107,3,6.62,2018Q1
2022,107,6,6.74,2018Q2
2022,107,9,8.77,2018Q3
2022,107,12,7.03,2018Q4
2022,108,3,6.9,2019Q1
2022,108,6,6.75,2019Q2
2022,108,9,6.52,2019Q3
2022,108,12,5.27,2019Q4
2022,109,3,3.77,2020Q1
2022,109,6,4.16,2020Q2
2022,109,9,5.77,2020Q3
2022,109,12,7.59,2020Q4
2022,110,3,6.97,2021Q1
2022,110,6,18.42,2021Q2
2022,110,9,17.85,2021Q3
2022,110,12,14.17,2021Q4
2022,111,3,13.94,2022Q1
2022,111,6,9.22,2022Q2
2022,111,9,8.1,2022Q3
2022,111,12,8.55,2022Q4
2022,112,3,8.38,2023Q1
2022,112,6,9.92,2023Q2
2022,112,9,12.71,2023Q3
2022,112,12,13.02,2023Q4
2022,113,3,10.84,2024Q1
2022,113,6,11.41,2024Q2
2022,113,9,10.13,2024Q3
2022,113,12,8.97,2024Q4
2022,114,3,10.04,2025Q1
2022,114,6,,2025Q2
2022,114,9,,2025Q3
2022,114,12,,2025Q4
2023,105,3,8.39,2016Q1
2023,105,6,7.97,2016Q2
2023,105,9,10.43,2016Q3
2023,105,12,11.68,2016Q4
2023,106,3,14.32,2017Q1
2023,106,6,12.75,2017Q2
2023,106,9,11.98,2017Q3
2023,106,12,11.63,2017Q4
2023,107,3,11.07,2018Q1
2023,107,6,10.43,2018Q2
2023,107,9,10.28,2018Q3
2023,107,12,10.56,2018Q4
2023,108,3,10.06,2019Q1
2023,108,6,9.18,2019Q2
2023,108,9,9.17,2019Q3
2023,108,12,9.18,2019Q4
2023,109,3,8.31,2020Q1
2023,109,6,8.77,2020Q2
2023,109,9,10.42,2020Q3
2023,109,12,13.2,2020Q4
2023,110,3,13.4,2021Q1
2023,110,6,25.38,2021Q2
2023,110,9,30.77,2021Q3
2023,110,12,24.92,2021Q4
2023,111,3,24.91,2022Q1
2023,111,6,18.28,2022Q2
2023,111,9,14.46,2022Q3
2023,111,12,16.29,2022Q4
2023,112,3,16.37,2023Q1
2023,112,6,15.57,2023Q2
2023,112,9,15.27,2023Q3
2023,112,12,18.32,2023Q4
2023,113,3,15.22,2024Q1
2023,113,6,15.64,2024Q2
2023,113,9,15.51,2024Q3
2023,113,12,14.91,2024Q4
2023,114,3,16.77,2025Q1
2023,114,6,,2025Q2
2023,114,9,,2025Q3
2023,114,12,,2025Q4
2024,105,3,7.39,2016Q1
2024,105,6,6.72,2016Q2
2024,105,9,7.23,2016Q3
2024,105,12,8.73,2016Q4
2024,106,3,9.63,2017Q1
2024,106,6,8.93,2017Q2
2024,106,9,9.02,2017Q3
2024,106,12,10.18,2017Q4
2024,107,3,11.26,2018Q1
2024,107,6,11.15,2018Q2
2024,107,9,10.14,2018Q3
2024,107,12,9.5,2018Q4
2024,108,3,10.38,2019Q1
2024,108,6,10.68,2019Q2
2024,108,9,11.68,2019Q3
2024,108,12,11.99,2019Q4
2024,109,3,12.16,2020Q1
2024,109,6,14.84,2020Q2
2024,109,9,14.37,2020Q3
2024,109,12,15.92,2020Q4
2024,110,3,16.66,2021Q1
2024,110,6,21.15,2021Q2
2024,110,9,23.88,2021Q3
2024,110,12,20.02,2021Q4
2024,111,3,27.13,2022Q1
2024,111,6,19.13,2022Q2
2024,111,9,19.19,2022Q3
2024,111,12,18.65,2022Q4
2024,112,3,19.35,2023Q1
2024,112,6,18.02,2023Q2
2024,112,9,16.09,2023Q3
2024,112,12,21.14,2023Q4
2024,113,3,21.88,2024Q1
2024,113,6,22.52,2024Q2
2024,113,9,22.03,2024Q3
2024,113,12,19.61,2024Q4
2024,114,3,19.13,2025Q1
2024,114,6,,2025Q2
2024,114,9,,2025Q3
2024,114,12,,2025Q4
2025,105,3,1.73,2016Q1
2025,105,6,,2016Q2
2025,105,9,2.03,2016Q3
2025,105,12,2.9,2016Q4
2025,106,3,3.75,2017Q1
2025,106,6,2.9,2017Q2
2025,106,9,2.77,2017Q3
2025,106,12,2.7,2017Q4
2025,107,3,3.35,2018Q1
2025,107,6,3.93,2018Q2
2025,107,9,2.35,2018Q3
2025,107,12,,2018Q4
2025,108,3,,2019Q1
2025,108,6,1.7,2019Q2
2025,108,9,1.68,2019Q3
2025,108,12,2.13,2019Q4
2025,109,3,1.58,2020Q1
2025,109,6,1.75,2020Q2
2025,109,9,3.22,2020Q3
2025,109,12,3.06,2020Q4
2025,110,3,2.77,2021Q1
2025,110,6,4.18,2021Q2
2025,110,9,5.44,2021Q3
2025,110,12,5.75,2021Q4
2025,111,3,5.89,2022Q1
2025,111,6,5.92,2022Q2
2025,111,9,4.71,2022Q3
2025,111,12,5.08,2022Q4
2025,112,3,5.72,2023Q1
2025,112,6,5.7,2023Q2
2025,112,9,7.31,2023Q3
2025,112,12,7.36,2023Q4
2025,113,3,11.65,2024Q1
2025,113,6,12.85,2024Q2
2025,113,9,11.37,2024Q3
2025,113,12,10.47,2024Q4
2025,114,3,16.92,2025Q1
2025,114,6,,2025Q2
2025,114,9,,2025Q3
2025,114,12,,2025Q4
2027,105,3,16.38,2016Q1
2027,105,6,15.7,2016Q2
2027,105,9,16.12,2016Q3
2027,105,12,18.21,2016Q4
2027,106,3,18.0,2017Q1
2027,106,6,16.97,2017Q2
2027,106,9,18.79,2017Q3
2027,106,12,20.32,2017Q4
2027,107,3,28.49,2018Q1
2027,107,6,37.78,2018Q2
2027,107,9,48.65,2018Q3
2027,107,12,42.41,2018Q4
2027,108,3,45.31,2019Q1
2027,108,6,45.68,2019Q2
2027,108,9,37.85,2019Q3
2027,108,12,30.97,2019Q4
2027,109,3,28.3,2020Q1
2027,109,6,26.6,2020Q2
2027,109,9,21.21,2020Q3
2027,109,12,31.15,2020Q4
2027,110,3,31.05,2021Q1
2027,110,6,52.09,2021Q2
2027,110,9,48.22,2021Q3
2027,110,12,47.46,2021Q4
2027,111,3,51.68,2022Q1
2027,111,6,38.77,2022Q2
2027,111,9,38.26,2022Q3
2027,111,12,42.95,2022Q4
2027,112,3,45.5,2023Q1
2027,112,6,47.23,2023Q2
2027,112,9,37.39,2023Q3
2027,112,12,39.44,2023Q4
2027,113,3,36.4,2024Q1
2027,113,6,37.07,2024Q2
2027,113,9,33.95,2024Q3
2027,113,12,31.44,2024Q4
2027,114,3,50.11,2025Q1
2027,114,6,,2025Q2
2027,114,9,,2025Q3
2027,114,12,,2025Q4
2028,105,3,1.91,2016Q1
2028,105,6,1.78,2016Q2
2028,105,9,1.96,2016Q3
2028,105,12,3.43,2016Q4
2028,106,3,6.37,2017Q1
2028,106,6,5.94,2017Q2
2028,106,9,7.83,2017Q3
2028,106,12,9.16,2017Q4
2028,107,3,10.14,2018Q1
2028,107,6,11.29,2018Q2
2028,107,9,9.6,2018Q3
2028,107,12,8.11,2018Q4
2028,108,3,9.07,2019Q1
2028,108,6,9.31,2019Q2
2028,108,9,9.19,2019Q3
2028,108,12,9.2,2019Q4
2028,109,3,9.06,2020Q1
2028,109,6,9.34,2020Q2
2028,109,9,10.29,2020Q3
2028,109,12,21.62,2020Q4
2028,110,3,25.22,2021Q1
2028,110,6,53.22,2021Q2
2028,110,9,43.39,2021Q3
2028,110,12,45.62,2021Q4
2028,111,3,41.79,2022Q1
2028,111,6,28.55,2022Q2
2028,111,9,25.57,2022Q3
2028,111,12,28.11,2022Q4
2028,112,3,28.44,2023Q1
2028,112,6,25.03,2023Q2
2028,112,9,24.58,2023Q3
2028,112,12,27.23,2023Q4
2028,113,3,25.75,2024Q1
2028,113,6,26.71,2024Q2
2028,113,9,26.69,2024Q3
2028,113,12,21.29,2024Q4
2028,114,3,23.0,2025Q1
2028,114,6,,2025Q2
2028,114,9,,2025Q3
2028,114,12,,2025Q4
2029,105,3,19.51,2016Q1
2029,105,6,20.66,2016Q2
2029,105,9,25.85,2016Q3
2029,105,12,37.23,2016Q4
2029,106,3,41.04,2017Q1
2029,106,6,34.16,2017Q2
2029,106,9,35.49,2017Q3
2029,106,12,28.17,2017Q4
2029,107,3,27.45,2018Q1
2029,107,6,26.2,2018Q2
2029,107,9,21.39,2018Q3
2029,107,12,19.41,2018Q4
2029,108,3,19.94,2019Q1
2029,108,6,18.73,2019Q2
2029,108,9,20.02,2019Q3
2029,108,12,19.58,2019Q4
2029,109,3,16.09,2020Q1
2029,109,6,17.54,2020Q2
2029,109,9,18.79,2020Q3
2029,109,12,23.15,2020Q4
2029,110,3,23.53,2021Q1
2029,110,6,41.34,2021Q2
2029,110,9,40.55,2021Q3
2029,110,12,33.38,2021Q4
2029,111,3,33.3,2022Q1
2029,111,6,28.57,2022Q2
2029,111,9,24.6,2022Q3
2029,111,12,24.37,2022Q4
2029,112,3,25.57,2023Q1
2029,112,6,25.36,2023Q2
2029,112,9,24.51,2023Q3
2029,112,12,30.25,2023Q4
2029,113,3,28.17,2024Q1
2029,113,6,27.74,2024Q2
2029,113,9,25.4,2024Q3
2029,113,12,24.38,2024Q4
2029,114,3,26.83,2025Q1
2029,114,6,,2025Q2
2029,114,9,,2025Q3
2029,114,12,,2025Q4
2030,105,3,10.7,2016Q1
2030,105,6,9.74,2016Q2
2030,105,9,9.41,2016Q3
2030,105,12,10.93,2016Q4
2030,106,3,12.26,2017Q1
2030,106,6,12.16,2017Q2
2030,106,9,16.26,2017Q3
2030,106,12,15.46,2017Q4
2030,107,3,16.51,2018Q1
2030,107,6,16.1,2018Q2
2030,107,9,14.71,2018Q3
2030,107,12,12.99,2018Q4
2030,108,3,14.32,2019Q1
2030,108,6,12.81,2019Q2
2030,108,9,13.64,2019Q3
2030,108,12,12.14,2019Q4
2030,109,3,9.72,2020Q1
2030,109,6,10.62,2020Q2
2030,109,9,10.62,2020Q3
2030,109,12,13.98,2020Q4
2030,110,3,13.62,2021Q1
2030,110,6,25.28,2021Q2
2030,110,9,36.17,2021Q3
2030,110,12,30.87,2021Q4
2030,111,3,33.99,2022Q1
2030,111,6,26.51,2022Q2
2030,111,9,24.24,2022Q3
2030,111,12,23.27,2022Q4
2030,112,3,23.48,2023Q1
2030,112,6,23.04,2023Q2
2030,112,9,18.77,2023Q3
2030,112,12,20.32,2023Q4
2030,113,3,18.44,2024Q1
2030,113,6,18.05,2024Q2
2030,113,9,18.54,2024Q3
2030,113,12,16.96,2024Q4
2030,114,3,18.42,2025Q1
2030,114,6,,2025Q2
2030,114,9,,2025Q3
2030,114,12,,2025Q4
2031,105,3,15.0,2016Q1
2031,105,6,15.0,2016Q2
2031,105,9,17.32,2016Q3
2031,105,12,22.68,2016Q4
2031,106,3,23.43,2017Q1
2031,106,6,24.79,2017Q2
2031,106,9,29.54,2017Q3
2031,106,12,27.03,2017Q4
2031,107,3,35.02,2018Q1
2031,107,6,41.43,2018Q2
2031,107,9,42.52,2018Q3
2031,107,12,31.72,2018Q4
2031,108,3,33.27,2019Q1
2031,108,6,31.26,2019Q2
2031,108,9,28.38,2019Q3
2031,108,12,30.42,2019Q4
2031,109,3,22.16,2020Q1
2031,109,6,25.74,2020Q2
2031,109,9,32.36,2020Q3
2031,109,12,39.78,2020Q4
2031,110,3,39.78,2021Q1
2031,110,6,71.37,2021Q2
2031,110,9,65.24,2021Q3
2031,110,12,58.69,2021Q4
2031,111,3,64.58,2022Q1
2031,111,6,44.49,2022Q2
2031,111,9,37.35,2022Q3
2031,111,12,41.78,2022Q4
2031,112,3,46.18,2023Q1
2031,112,6,47.41,2023Q2
2031,112,9,48.84,2023Q3
2031,112,12,57.77,2023Q4
2031,113,3,63.62,2024Q1
2031,113,6,65.31,2024Q2
2031,113,9,58.03,2024Q3
2031,113,12,46.9,2024Q4
2031,114,3,51.99,2025Q1
2031,114,6,,2025Q2
2031,114,9,,2025Q3
2031,114,12,,2025Q4
2032,105,3,10.29,2016Q1
2032,105,6,9.24,2016Q2
2032,105,9,9.97,2016Q3
2032,105,12,10.85,2016Q4
2032,106,3,10.95,2017Q1
2032,106,6,9.85,2017Q2
2032,106,9,10.07,2017Q3
2032,106,12,9.99,2017Q4
2032,107,3,10.74,2018Q1
2032,107,6,10.22,2018Q2
2032,107,9,10.18,2018Q3
2032,107,12,9.04,2018Q4
2032,108,3,9.09,2019Q1
2032,108,6,8.71,2019Q2
2032,108,9,9.51,2019Q3
2032,108,12,9.15,2019Q4
2032,109,3,7.43,2020Q1
2032,109,6,8.55,2020Q2
2032,109,9,10.78,2020Q3
2032,109,12,14.02,2020Q4
2032,110,3,14.27,2021Q1
2032,110,6,21.89,2021Q2
2032,110,9,31.12,2021Q3
2032,110,12,23.92,2021Q4
2032,111,3,33.45,2022Q1
2032,111,6,22.83,2022Q2
2032,111,9,19.72,2022Q3
2032,111,12,20.52,2022Q4
2032,112,3,20.23,2023Q1
2032,112,6,18.17,2023Q2
2032,112,9,16.72,2023Q3
2032,112,12,19.01,2023Q4
2032,113,3,16.08,2024Q1
2032,113,6,17.3,2024Q2
2032,113,9,16.49,2024Q3
2032,113,12,14.11,2024Q4
2032,114,3,20.26,2025Q1
2032,114,6,,2025Q2
2032,114,9,,2025Q3
2032,114,12,,2025Q4
2033,105,3,9.53,2016Q1
2033,105,6,8.97,2016Q2
2033,105,9,9.02,2016Q3
2033,105,12,9.34,2016Q4
2033,106,3,9.51,2017Q1
2033,106,6,9.16,2017Q2
2033,106,9,9.11,2017Q3
2033,106,12,9.04,2017Q4
2033,107,3,16.57,2018Q1
2033,107,6,12.79,2018Q2
2033,107,9,11.98,2018Q3
2033,107,12,9.83,2018Q4
2033,108,3,9.55,2019Q1
2033,108,6,9.86,2019Q2
2033,108,9,9.28,2019Q3
2033,108,12,8.97,2019Q4
2033,109,3,8.11,2020Q1
2033,109,6,9.17,2020Q2
2033,109,9,10.78,2020Q3
2033,109,12,13.17,2020Q4
2033,110,3,,2021Q1
2033,110,6,,2021Q2
2033,110,9,,2021Q3
2033,110,12,,2021Q4
2033,111,3,23.67,2022Q1
2033,111,6,17.2,2022Q2
2033,111,9,14.23,2022Q3
2033,111,12,15.84,2022Q4
2033,112,3,15.75,2023Q1
2033,112,6,15.18,2023Q2
2033,112,9,15.22,2023Q3
2033,112,12,18.66,2023Q4
2033,113,3,16.37,2024Q1
2033,113,6,15.58,2024Q2
2033,113,9,20.67,2024Q3
2033,113,12,23.73,2024Q4
2033,114,3,22.25,2025Q1
2033,114,6,,2025Q2
2033,114,9,,2025Q3
2033,114,12,,2025Q4
2034,105,3,24.55,2016Q1
2034,105,6,23.04,2016Q2
2034,105,9,22.58,2016Q3
2034,105,12,28.38,2016Q4
2034,106,3,26.13,2017Q1
2034,106,6,25.44,2017Q2
2034,106,9,26.6,2017Q3
2034,106,12,25.94,2017Q4
2034,107,3,26.3,2018Q1
2034,107,6,27.03,2018Q2
2034,107,9,25.98,2018Q3
2034,107,12,24.61,2018Q4
2034,108,3,26.18,2019Q1
2034,108,6,26.8,2019Q2
2034,108,9,26.86,2019Q3
2034,108,12,25.85,2019Q4
2034,109,3,22.85,2020Q1
2034,109,6,24.66,2020Q2
2034,109,9,23.6,2020Q3
2034,109,12,27.64,2020Q4
2034,110,3,26.84,2021Q1
2034,110,6,38.36,2021Q2
2034,110,9,36.71,2021Q3
2034,110,12,32.45,2021Q4
2034,111,3,35.09,2022Q1
2034,111,6,28.69,2022Q2
2034,111,9,29.34,2022Q3
2034,111,12,28.97,2022Q4
2034,112,3,29.96,2023Q1
2034,112,6,29.06,2023Q2
2034,112,9,27.56,2023Q3
2034,112,12,27.19,2023Q4
2034,113,3,24.95,2024Q1
2034,113,6,25.41,2024Q2
2034,113,9,23.25,2024Q3
2034,113,12,20.12,2024Q4
2034,114,3,26.51,2025Q1
2034,114,6,,2025Q2
2034,114,9,,2025Q3
2034,114,12,,2025Q4
