公司代號,年度,月份,加權(A/B)平均價,year_quarter
1101,105,3,30.46,2016Q1
1101,105,6,31.41,2016Q2
1101,105,9,35.64,2016Q3
1101,105,12,36.25,2016Q4
1101,106,3,37.81,2017Q1
1101,106,6,34.44,2017Q2
1101,106,9,33.97,2017Q3
1101,106,12,34.84,2017Q4
1101,107,3,36.98,2018Q1
1101,107,6,44.18,2018Q2
1101,107,9,39.95,2018Q3
1101,107,12,35.38,2018Q4
1101,108,3,39.33,2019Q1
1101,108,6,44.47,2019Q2
1101,108,9,39.58,2019Q3
1101,108,12,42.62,2019Q4
1101,109,3,38.93,2020Q1
1101,109,6,43.13,2020Q2
1101,109,9,41.92,2020Q3
1101,109,12,43.16,2020Q4
1101,110,3,44.35,2021Q1
1101,110,6,51.28,2021Q2
1101,110,9,50.22,2021Q3
1101,110,12,47.18,2021Q4
1101,111,3,48.52,2022Q1
1101,111,6,40.27,2022Q2
1101,111,9,37.4,2022Q3
1101,111,12,33.88,2022Q4
1101,112,3,37.1,2023Q1
1101,112,6,38.48,2023Q2
1101,112,9,34.17,2023Q3
1101,112,12,34.48,2023Q4
1101,113,3,31.67,2024Q1
1101,113,6,33.81,2024Q2
1101,113,9,32.39,2024Q3
1101,113,12,32.73,2024Q4
1101,114,3,33.81,2025Q1
1101,114,6,,2025Q2
1101,114,9,,2025Q3
1101,114,12,,2025Q4
1102,105,3,29.24,2016Q1
1102,105,6,26.61,2016Q2
1102,105,9,27.23,2016Q3
1102,105,12,27.37,2016Q4
1102,106,3,30.64,2017Q1
1102,106,6,26.46,2017Q2
1102,106,9,27.21,2017Q3
1102,106,12,26.96,2017Q4
1102,107,3,28.61,2018Q1
1102,107,6,33.36,2018Q2
1102,107,9,38.67,2018Q3
1102,107,12,33.96,2018Q4
1102,108,3,38.82,2019Q1
1102,108,6,46.74,2019Q2
1102,108,9,43.83,2019Q3
1102,108,12,47.15,2019Q4
1102,109,3,40.37,2020Q1
1102,109,6,44.01,2020Q2
1102,109,9,41.87,2020Q3
1102,109,12,43.2,2020Q4
1102,110,3,45.01,2021Q1
1102,110,6,50.86,2021Q2
1102,110,9,45.5,2021Q3
1102,110,12,43.29,2021Q4
1102,111,3,47.11,2022Q1
1102,111,6,43.39,2022Q2
1102,111,9,42.77,2022Q3
1102,111,12,41.04,2022Q4
1102,112,3,43.2,2023Q1
1102,112,6,44.3,2023Q2
1102,112,9,39.83,2023Q3
1102,112,12,41.37,2023Q4
1102,113,3,40.76,2024Q1
1102,113,6,43.11,2024Q2
1102,113,9,45.35,2024Q3
1102,113,12,41.68,2024Q4
1102,114,3,45.08,2025Q1
1102,114,6,,2025Q2
1102,114,9,,2025Q3
1102,114,12,,2025Q4
1103,105,3,9.51,2016Q1
1103,105,6,8.32,2016Q2
1103,105,9,8.87,2016Q3
1103,105,12,8.88,2016Q4
1103,106,3,11.52,2017Q1
1103,106,6,10.9,2017Q2
1103,106,9,12.34,2017Q3
1103,106,12,12.74,2017Q4
1103,107,3,11.64,2018Q1
1103,107,6,13.32,2018Q2
1103,107,9,13.43,2018Q3
1103,107,12,13.91,2018Q4
1103,108,3,14.56,2019Q1
1103,108,6,16.83,2019Q2
1103,108,9,17.41,2019Q3
1103,108,12,20.9,2019Q4
1103,109,3,15.66,2020Q1
1103,109,6,17.36,2020Q2
1103,109,9,16.4,2020Q3
1103,109,12,18.48,2020Q4
1103,110,3,19.27,2021Q1
1103,110,6,22.31,2021Q2
1103,110,9,21.45,2021Q3
1103,110,12,20.13,2021Q4
1103,111,3,20.66,2022Q1
1103,111,6,18.24,2022Q2
1103,111,9,17.55,2022Q3
1103,111,12,17.71,2022Q4
1103,112,3,19.32,2023Q1
1103,112,6,22.19,2023Q2
1103,112,9,18.87,2023Q3
1103,112,12,19.06,2023Q4
1103,113,3,17.32,2024Q1
1103,113,6,18.34,2024Q2
1103,113,9,17.74,2024Q3
1103,113,12,17.4,2024Q4
1103,114,3,16.41,2025Q1
1103,114,6,,2025Q2
1103,114,9,,2025Q3
1103,114,12,,2025Q4
1104,105,3,21.6,2016Q1
1104,105,6,20.81,2016Q2
1104,105,9,24.12,2016Q3
1104,105,12,24.68,2016Q4
1104,106,3,26.54,2017Q1
1104,106,6,24.9,2017Q2
1104,106,9,23.45,2017Q3
1104,106,12,22.86,2017Q4
1104,107,3,22.1,2018Q1
1104,107,6,20.62,2018Q2
1104,107,9,20.23,2018Q3
1104,107,12,18.96,2018Q4
1104,108,3,19.76,2019Q1
1104,108,6,19.69,2019Q2
1104,108,9,18.79,2019Q3
1104,108,12,19.29,2019Q4
1104,109,3,15.91,2020Q1
1104,109,6,17.95,2020Q2
1104,109,9,19.91,2020Q3
1104,109,12,22.75,2020Q4
1104,110,3,22.21,2021Q1
1104,110,6,22.99,2021Q2
1104,110,9,21.2,2021Q3
1104,110,12,21.48,2021Q4
1104,111,3,21.12,2022Q1
1104,111,6,21.88,2022Q2
1104,111,9,21.53,2022Q3
1104,111,12,22.43,2022Q4
1104,112,3,25.3,2023Q1
1104,112,6,30.26,2023Q2
1104,112,9,26.98,2023Q3
1104,112,12,29.58,2023Q4
1104,113,3,31.44,2024Q1
1104,113,6,34.39,2024Q2
1104,113,9,30.06,2024Q3
1104,113,12,28.79,2024Q4
1104,114,3,30.15,2025Q1
1104,114,6,,2025Q2
1104,114,9,,2025Q3
1104,114,12,,2025Q4
1108,105,3,10.09,2016Q1
1108,105,6,10.13,2016Q2
1108,105,9,9.24,2016Q3
1108,105,12,9.18,2016Q4
1108,106,3,10.04,2017Q1
1108,106,6,9.48,2017Q2
1108,106,9,8.76,2017Q3
1108,106,12,8.38,2017Q4
1108,107,3,8.16,2018Q1
1108,107,6,8.03,2018Q2
1108,107,9,7.82,2018Q3
1108,107,12,7.29,2018Q4
1108,108,3,7.43,2019Q1
1108,108,6,6.9,2019Q2
1108,108,9,6.95,2019Q3
1108,108,12,8.23,2019Q4
1108,109,3,6.52,2020Q1
1108,109,6,10.05,2020Q2
1108,109,9,11.48,2020Q3
1108,109,12,12.19,2020Q4
1108,110,3,12.79,2021Q1
1108,110,6,13.97,2021Q2
1108,110,9,11.98,2021Q3
1108,110,12,11.63,2021Q4
1108,111,3,11.61,2022Q1
1108,111,6,10.88,2022Q2
1108,111,9,10.62,2022Q3
1108,111,12,10.84,2022Q4
1108,112,3,13.88,2023Q1
1108,112,6,16.39,2023Q2
1108,112,9,15.07,2023Q3
1108,112,12,15.68,2023Q4
1108,113,3,15.85,2024Q1
1108,113,6,16.87,2024Q2
1108,113,9,14.8,2024Q3
1108,113,12,14.54,2024Q4
1108,114,3,15.04,2025Q1
1108,114,6,,2025Q2
1108,114,9,,2025Q3
1108,114,12,,2025Q4
1109,105,3,10.01,2016Q1
1109,105,6,10.1,2016Q2
1109,105,9,10.28,2016Q3
1109,105,12,10.0,2016Q4
1109,106,3,10.38,2017Q1
1109,106,6,10.33,2017Q2
1109,106,9,11.86,2017Q3
1109,106,12,12.68,2017Q4
1109,107,3,14.09,2018Q1
1109,107,6,15.39,2018Q2
1109,107,9,15.24,2018Q3
1109,107,12,14.22,2018Q4
1109,108,3,14.01,2019Q1
1109,108,6,19.05,2019Q2
1109,108,9,17.24,2019Q3
1109,108,12,19.76,2019Q4
1109,109,3,15.51,2020Q1
1109,109,6,18.08,2020Q2
1109,109,9,19.81,2020Q3
1109,109,12,20.34,2020Q4
1109,110,3,21.22,2021Q1
1109,110,6,25.91,2021Q2
1109,110,9,22.95,2021Q3
1109,110,12,20.19,2021Q4
1109,111,3,20.35,2022Q1
1109,111,6,19.9,2022Q2
1109,111,9,16.44,2022Q3
1109,111,12,16.14,2022Q4
1109,112,3,16.96,2023Q1
1109,112,6,18.59,2023Q2
1109,112,9,17.97,2023Q3
1109,112,12,18.22,2023Q4
1109,113,3,18.49,2024Q1
1109,113,6,19.46,2024Q2
1109,113,9,18.35,2024Q3
1109,113,12,18.5,2024Q4
1109,114,3,17.82,2025Q1
1109,114,6,,2025Q2
1109,114,9,,2025Q3
1109,114,12,,2025Q4
1110,105,3,14.97,2016Q1
1110,105,6,15.28,2016Q2
1110,105,9,15.47,2016Q3
1110,105,12,15.44,2016Q4
1110,106,3,16.26,2017Q1
1110,106,6,15.48,2017Q2
1110,106,9,14.97,2017Q3
1110,106,12,14.24,2017Q4
1110,107,3,13.94,2018Q1
1110,107,6,14.05,2018Q2
1110,107,9,13.85,2018Q3
1110,107,12,15.33,2018Q4
1110,108,3,16.31,2019Q1
1110,108,6,16.76,2019Q2
1110,108,9,16.56,2019Q3
1110,108,12,17.16,2019Q4
1110,109,3,15.59,2020Q1
1110,109,6,16.24,2020Q2
1110,109,9,16.36,2020Q3
1110,109,12,17.65,2020Q4
1110,110,3,16.16,2021Q1
1110,110,6,15.55,2021Q2
1110,110,9,20.54,2021Q3
1110,110,12,20.02,2021Q4
1110,111,3,20.71,2022Q1
1110,111,6,19.76,2022Q2
1110,111,9,18.15,2022Q3
1110,111,12,17.89,2022Q4
1110,112,3,17.73,2023Q1
1110,112,6,19.11,2023Q2
1110,112,9,18.86,2023Q3
1110,112,12,18.87,2023Q4
1110,113,3,17.83,2024Q1
1110,113,6,22.93,2024Q2
1110,113,9,22.0,2024Q3
1110,113,12,20.77,2024Q4
1110,114,3,19.18,2025Q1
1110,114,6,,2025Q2
1110,114,9,,2025Q3
1110,114,12,,2025Q4
1201,105,3,20.93,2016Q1
1201,105,6,21.3,2016Q2
1201,105,9,18.5,2016Q3
1201,105,12,17.69,2016Q4
1201,106,3,18.7,2017Q1
1201,106,6,18.95,2017Q2
1201,106,9,18.83,2017Q3
1201,106,12,20.26,2017Q4
1201,107,3,23.3,2018Q1
1201,107,6,24.12,2018Q2
1201,107,9,22.38,2018Q3
1201,107,12,22.85,2018Q4
1201,108,3,23.77,2019Q1
1201,108,6,32.79,2019Q2
1201,108,9,26.39,2019Q3
1201,108,12,24.73,2019Q4
1201,109,3,18.67,2020Q1
1201,109,6,22.68,2020Q2
1201,109,9,20.18,2020Q3
1201,109,12,21.77,2020Q4
1201,110,3,21.36,2021Q1
1201,110,6,21.67,2021Q2
1201,110,9,21.39,2021Q3
1201,110,12,22.09,2021Q4
1201,111,3,21.58,2022Q1
1201,111,6,20.57,2022Q2
1201,111,9,19.91,2022Q3
1201,111,12,19.07,2022Q4
1201,112,3,20.65,2023Q1
1201,112,6,20.34,2023Q2
1201,112,9,18.73,2023Q3
1201,112,12,19.27,2023Q4
1201,113,3,18.94,2024Q1
1201,113,6,18.86,2024Q2
1201,113,9,18.11,2024Q3
1201,113,12,18.0,2024Q4
1201,114,3,17.93,2025Q1
1201,114,6,,2025Q2
1201,114,9,,2025Q3
1201,114,12,,2025Q4
1203,105,3,22.18,2016Q1
1203,105,6,21.63,2016Q2
1203,105,9,21.64,2016Q3
1203,105,12,22.77,2016Q4
1203,106,3,23.89,2017Q1
1203,106,6,24.95,2017Q2
1203,106,9,23.84,2017Q3
1203,106,12,24.97,2017Q4
1203,107,3,26.58,2018Q1
1203,107,6,25.78,2018Q2
1203,107,9,25.37,2018Q3
1203,107,12,25.76,2018Q4
1203,108,3,26.09,2019Q1
1203,108,6,26.5,2019Q2
1203,108,9,26.6,2019Q3
1203,108,12,26.99,2019Q4
1203,109,3,25.89,2020Q1
1203,109,6,28.81,2020Q2
1203,109,9,32.65,2020Q3
1203,109,12,36.95,2020Q4
1203,110,3,37.42,2021Q1
1203,110,6,35.07,2021Q2
1203,110,9,32.61,2021Q3
1203,110,12,32.61,2021Q4
1203,111,3,33.2,2022Q1
1203,111,6,33.79,2022Q2
1203,111,9,32.21,2022Q3
1203,111,12,34.94,2022Q4
1203,112,3,37.5,2023Q1
1203,112,6,43.81,2023Q2
1203,112,9,41.09,2023Q3
1203,112,12,52.93,2023Q4
1203,113,3,51.92,2024Q1
1203,113,6,51.09,2024Q2
1203,113,9,49.94,2024Q3
1203,113,12,40.95,2024Q4
1203,114,3,37.61,2025Q1
1203,114,6,,2025Q2
1203,114,9,,2025Q3
1203,114,12,,2025Q4
1210,105,3,22.7,2016Q1
1210,105,6,28.42,2016Q2
1210,105,9,26.97,2016Q3
1210,105,12,28.72,2016Q4
1210,106,3,29.51,2017Q1
1210,106,6,32.15,2017Q2
1210,106,9,31.76,2017Q3
1210,106,12,33.13,2017Q4
1210,107,3,35.45,2018Q1
1210,107,6,40.29,2018Q2
1210,107,9,38.08,2018Q3
1210,107,12,33.69,2018Q4
1210,108,3,34.46,2019Q1
1210,108,6,39.73,2019Q2
1210,108,9,38.11,2019Q3
1210,108,12,42.82,2019Q4
1210,109,3,36.4,2020Q1
1210,109,6,43.39,2020Q2
1210,109,9,43.44,2020Q3
1210,109,12,48.2,2020Q4
1210,110,3,52.62,2021Q1
1210,110,6,59.0,2021Q2
1210,110,9,55.15,2021Q3
1210,110,12,52.6,2021Q4
1210,111,3,53.67,2022Q1
1210,111,6,47.89,2022Q2
1210,111,9,47.24,2022Q3
1210,111,12,45.09,2022Q4
1210,112,3,51.39,2023Q1
1210,112,6,52.67,2023Q2
1210,112,9,54.85,2023Q3
1210,112,12,57.74,2023Q4
1210,113,3,58.58,2024Q1
1210,113,6,56.94,2024Q2
1210,113,9,51.4,2024Q3
1210,113,12,52.2,2024Q4
1210,114,3,57.07,2025Q1
1210,114,6,,2025Q2
1210,114,9,,2025Q3
1210,114,12,,2025Q4
1213,105,3,17.09,2016Q1
1213,105,6,20.09,2016Q2
1213,105,9,15.43,2016Q3
1213,105,12,16.73,2016Q4
1213,106,3,17.92,2017Q1
1213,106,6,17.12,2017Q2
1213,106,9,15.32,2017Q3
1213,106,12,15.7,2017Q4
1213,107,3,15.37,2018Q1
1213,107,6,14.74,2018Q2
1213,107,9,12.49,2018Q3
1213,107,12,10.53,2018Q4
1213,108,3,11.07,2019Q1
1213,108,6,,2019Q2
1213,108,9,6.76,2019Q3
1213,108,12,6.05,2019Q4
1213,109,3,5.53,2020Q1
1213,109,6,6.01,2020Q2
1213,109,9,9.82,2020Q3
1213,109,12,7.58,2020Q4
1213,110,3,8.64,2021Q1
1213,110,6,8.9,2021Q2
1213,110,9,8.45,2021Q3
1213,110,12,8.19,2021Q4
1213,111,3,7.78,2022Q1
1213,111,6,7.99,2022Q2
1213,111,9,7.4,2022Q3
1213,111,12,7.15,2022Q4
1213,112,3,7.09,2023Q1
1213,112,6,6.64,2023Q2
1213,112,9,6.46,2023Q3
1213,112,12,7.25,2023Q4
1213,113,3,7.15,2024Q1
1213,113,6,7.2,2024Q2
1213,113,9,11.83,2024Q3
1213,113,12,16.02,2024Q4
1213,114,3,14.35,2025Q1
1213,114,6,,2025Q2
1213,114,9,,2025Q3
1213,114,12,,2025Q4
1215,105,3,25.05,2016Q1
1215,105,6,35.93,2016Q2
1215,105,9,38.19,2016Q3
1215,105,12,45.24,2016Q4
1215,106,3,53.21,2017Q1
1215,106,6,71.63,2017Q2
1215,106,9,65.6,2017Q3
1215,106,12,61.16,2017Q4
1215,107,3,68.02,2018Q1
1215,107,6,60.33,2018Q2
1215,107,9,51.38,2018Q3
1215,107,12,53.39,2018Q4
1215,108,3,52.17,2019Q1
1215,108,6,67.77,2019Q2
1215,108,9,66.0,2019Q3
1215,108,12,66.19,2019Q4
1215,109,3,55.84,2020Q1
1215,109,6,72.42,2020Q2
1215,109,9,66.99,2020Q3
1215,109,12,71.57,2020Q4
1215,110,3,74.89,2021Q1
1215,110,6,82.96,2021Q2
1215,110,9,80.42,2021Q3
1215,110,12,80.25,2021Q4
1215,111,3,82.47,2022Q1
1215,111,6,81.58,2022Q2
1215,111,9,79.88,2022Q3
1215,111,12,77.95,2022Q4
1215,112,3,84.41,2023Q1
1215,112,6,94.24,2023Q2
1215,112,9,97.78,2023Q3
1215,112,12,95.72,2023Q4
1215,113,3,103.11,2024Q1
1215,113,6,108.99,2024Q2
1215,113,9,98.07,2024Q3
1215,113,12,94.07,2024Q4
1215,114,3,102.14,2025Q1
1215,114,6,,2025Q2
1215,114,9,,2025Q3
1215,114,12,,2025Q4
1216,105,3,57.26,2016Q1
1216,105,6,63.3,2016Q2
1216,105,9,58.38,2016Q3
1216,105,12,53.99,2016Q4
1216,106,3,56.49,2017Q1
1216,106,6,59.72,2017Q2
1216,106,9,64.18,2017Q3
1216,106,12,64.8,2017Q4
1216,107,3,68.68,2018Q1
1216,107,6,75.13,2018Q2
1216,107,9,77.15,2018Q3
1216,107,12,69.6,2018Q4
1216,108,3,73.29,2019Q1
1216,108,6,81.46,2019Q2
1216,108,9,76.92,2019Q3
1216,108,12,73.02,2019Q4
1216,109,3,67.47,2020Q1
1216,109,6,72.57,2020Q2
1216,109,9,64.39,2020Q3
1216,109,12,65.95,2020Q4
1216,110,3,69.83,2021Q1
1216,110,6,73.34,2021Q2
1216,110,9,69.36,2021Q3
1216,110,12,68.14,2021Q4
1216,111,3,65.82,2022Q1
1216,111,6,65.16,2022Q2
1216,111,9,66.19,2022Q3
1216,111,12,65.5,2022Q4
1216,112,3,69.45,2023Q1
1216,112,6,76.5,2023Q2
1216,112,9,70.51,2023Q3
1216,112,12,74.0,2023Q4
1216,113,3,76.44,2024Q1
1216,113,6,80.91,2024Q2
1216,113,9,86.09,2024Q3
1216,113,12,83.78,2024Q4
1216,114,3,82.15,2025Q1
1216,114,6,,2025Q2
1216,114,9,,2025Q3
1216,114,12,,2025Q4
1217,105,3,8.31,2016Q1
1217,105,6,8.14,2016Q2
1217,105,9,7.87,2016Q3
1217,105,12,7.38,2016Q4
1217,106,3,7.58,2017Q1
1217,106,6,7.6,2017Q2
1217,106,9,7.88,2017Q3
1217,106,12,7.49,2017Q4
1217,107,3,7.4,2018Q1
1217,107,6,8.13,2018Q2
1217,107,9,7.59,2018Q3
1217,107,12,6.97,2018Q4
1217,108,3,7.2,2019Q1
1217,108,6,7.13,2019Q2
1217,108,9,7.02,2019Q3
1217,108,12,7.09,2019Q4
1217,109,3,7.19,2020Q1
1217,109,6,7.61,2020Q2
1217,109,9,7.82,2020Q3
1217,109,12,9.23,2020Q4
1217,110,3,9.0,2021Q1
1217,110,6,12.31,2021Q2
1217,110,9,10.63,2021Q3
1217,110,12,10.52,2021Q4
1217,111,3,11.27,2022Q1
1217,111,6,10.91,2022Q2
1217,111,9,9.54,2022Q3
1217,111,12,10.82,2022Q4
1217,112,3,11.59,2023Q1
1217,112,6,12.26,2023Q2
1217,112,9,12.57,2023Q3
1217,112,12,11.82,2023Q4
1217,113,3,11.77,2024Q1
1217,113,6,12.53,2024Q2
1217,113,9,12.33,2024Q3
1217,113,12,11.79,2024Q4
1217,114,3,11.97,2025Q1
1217,114,6,,2025Q2
1217,114,9,,2025Q3
1217,114,12,,2025Q4
1218,105,3,13.7,2016Q1
1218,105,6,13.22,2016Q2
1218,105,9,15.53,2016Q3
1218,105,12,15.36,2016Q4
1218,106,3,15.22,2017Q1
1218,106,6,16.81,2017Q2
1218,106,9,18.16,2017Q3
1218,106,12,17.02,2017Q4
1218,107,3,17.32,2018Q1
1218,107,6,20.06,2018Q2
1218,107,9,19.54,2018Q3
1218,107,12,17.85,2018Q4
1218,108,3,18.36,2019Q1
1218,108,6,21.16,2019Q2
1218,108,9,19.91,2019Q3
1218,108,12,22.28,2019Q4
1218,109,3,22.66,2020Q1
1218,109,6,24.08,2020Q2
1218,109,9,21.36,2020Q3
1218,109,12,26.19,2020Q4
1218,110,3,29.49,2021Q1
1218,110,6,29.25,2021Q2
1218,110,9,28.61,2021Q3
1218,110,12,27.14,2021Q4
1218,111,3,27.67,2022Q1
1218,111,6,29.56,2022Q2
1218,111,9,34.6,2022Q3
1218,111,12,38.87,2022Q4
1218,112,3,29.38,2023Q1
1218,112,6,29.57,2023Q2
1218,112,9,23.37,2023Q3
1218,112,12,22.06,2023Q4
1218,113,3,22.0,2024Q1
1218,113,6,22.56,2024Q2
1218,113,9,20.29,2024Q3
1218,113,12,20.36,2024Q4
1218,114,3,20.96,2025Q1
1218,114,6,,2025Q2
1218,114,9,,2025Q3
1218,114,12,,2025Q4
1219,105,3,15.11,2016Q1
1219,105,6,15.31,2016Q2
1219,105,9,15.26,2016Q3
1219,105,12,15.49,2016Q4
1219,106,3,17.07,2017Q1
1219,106,6,16.83,2017Q2
1219,106,9,17.71,2017Q3
1219,106,12,17.82,2017Q4
1219,107,3,18.3,2018Q1
1219,107,6,18.57,2018Q2
1219,107,9,19.83,2018Q3
1219,107,12,18.22,2018Q4
1219,108,3,18.4,2019Q1
1219,108,6,18.02,2019Q2
1219,108,9,18.71,2019Q3
1219,108,12,18.03,2019Q4
1219,109,3,17.84,2020Q1
1219,109,6,22.56,2020Q2
1219,109,9,19.4,2020Q3
1219,109,12,21.31,2020Q4
1219,110,3,20.81,2021Q1
1219,110,6,24.17,2021Q2
1219,110,9,20.15,2021Q3
1219,110,12,19.98,2021Q4
1219,111,3,20.51,2022Q1
1219,111,6,21.52,2022Q2
1219,111,9,20.52,2022Q3
1219,111,12,19.06,2022Q4
1219,112,3,21.95,2023Q1
1219,112,6,21.15,2023Q2
1219,112,9,20.15,2023Q3
1219,112,12,19.38,2023Q4
1219,113,3,18.59,2024Q1
1219,113,6,18.93,2024Q2
1219,113,9,17.11,2024Q3
1219,113,12,16.06,2024Q4
1219,114,3,14.89,2025Q1
1219,114,6,,2025Q2
1219,114,9,,2025Q3
1219,114,12,,2025Q4
1220,105,3,10.59,2016Q1
1220,105,6,11.71,2016Q2
1220,105,9,10.96,2016Q3
1220,105,12,10.84,2016Q4
1220,106,3,11.17,2017Q1
1220,106,6,10.79,2017Q2
1220,106,9,10.57,2017Q3
1220,106,12,10.33,2017Q4
1220,107,3,10.93,2018Q1
1220,107,6,12.19,2018Q2
1220,107,9,11.86,2018Q3
1220,107,12,11.12,2018Q4
1220,108,3,11.05,2019Q1
1220,108,6,11.18,2019Q2
1220,108,9,9.99,2019Q3
1220,108,12,10.55,2019Q4
1220,109,3,9.84,2020Q1
1220,109,6,10.99,2020Q2
1220,109,9,11.48,2020Q3
1220,109,12,12.51,2020Q4
1220,110,3,13.42,2021Q1
1220,110,6,17.1,2021Q2
1220,110,9,15.21,2021Q3
1220,110,12,15.41,2021Q4
1220,111,3,17.21,2022Q1
1220,111,6,16.95,2022Q2
1220,111,9,15.14,2022Q3
1220,111,12,15.19,2022Q4
1220,112,3,17.61,2023Q1
1220,112,6,15.02,2023Q2
1220,112,9,14.11,2023Q3
1220,112,12,14.41,2023Q4
1220,113,3,14.8,2024Q1
1220,113,6,15.54,2024Q2
1220,113,9,16.47,2024Q3
1220,113,12,18.52,2024Q4
1220,114,3,15.89,2025Q1
1220,114,6,,2025Q2
1220,114,9,,2025Q3
1220,114,12,,2025Q4
1225,105,3,29.67,2016Q1
1225,105,6,39.06,2016Q2
1225,105,9,51.52,2016Q3
1225,105,12,46.45,2016Q4
1225,106,3,50.4,2017Q1
1225,106,6,51.94,2017Q2
1225,106,9,60.39,2017Q3
1225,106,12,64.66,2017Q4
1225,107,3,70.53,2018Q1
1225,107,6,80.31,2018Q2
1225,107,9,83.22,2018Q3
1225,107,12,75.53,2018Q4
1225,108,3,66.31,2019Q1
1225,108,6,72.66,2019Q2
1225,108,9,45.91,2019Q3
1225,108,12,34.86,2019Q4
1225,109,3,30.45,2020Q1
1225,109,6,37.72,2020Q2
1225,109,9,32.72,2020Q3
1225,109,12,36.22,2020Q4
1225,110,3,46.78,2021Q1
1225,110,6,46.18,2021Q2
1225,110,9,44.01,2021Q3
1225,110,12,51.42,2021Q4
1225,111,3,59.42,2022Q1
1225,111,6,49.32,2022Q2
1225,111,9,51.82,2022Q3
1225,111,12,56.89,2022Q4
1225,112,3,59.59,2023Q1
1225,112,6,60.08,2023Q2
1225,112,9,53.33,2023Q3
1225,112,12,54.22,2023Q4
1225,113,3,55.81,2024Q1
1225,113,6,94.96,2024Q2
1225,113,9,165.53,2024Q3
1225,113,12,49.24,2024Q4
1225,114,3,39.59,2025Q1
1225,114,6,,2025Q2
1225,114,9,,2025Q3
1225,114,12,,2025Q4
1227,105,3,80.63,2016Q1
1227,105,6,79.12,2016Q2
1227,105,9,79.25,2016Q3
1227,105,12,76.38,2016Q4
1227,106,3,75.84,2017Q1
1227,106,6,80.4,2017Q2
1227,106,9,74.96,2017Q3
1227,106,12,72.96,2017Q4
1227,107,3,67.67,2018Q1
1227,107,6,62.32,2018Q2
1227,107,9,51.6,2018Q3
1227,107,12,49.33,2018Q4
1227,108,3,52.13,2019Q1
1227,108,6,59.95,2019Q2
1227,108,9,63.72,2019Q3
1227,108,12,69.8,2019Q4
1227,109,3,58.57,2020Q1
1227,109,6,64.47,2020Q2
1227,109,9,62.53,2020Q3
1227,109,12,60.79,2020Q4
1227,110,3,57.26,2021Q1
1227,110,6,53.86,2021Q2
1227,110,9,51.56,2021Q3
1227,110,12,52.8,2021Q4
1227,111,3,49.14,2022Q1
1227,111,6,46.16,2022Q2
1227,111,9,39.39,2022Q3
1227,111,12,39.72,2022Q4
1227,112,3,41.09,2023Q1
1227,112,6,40.58,2023Q2
1227,112,9,37.88,2023Q3
1227,112,12,39.05,2023Q4
1227,113,3,37.56,2024Q1
1227,113,6,42.37,2024Q2
1227,113,9,38.57,2024Q3
1227,113,12,37.27,2024Q4
1227,114,3,35.82,2025Q1
1227,114,6,,2025Q2
1227,114,9,,2025Q3
1227,114,12,,2025Q4
1229,105,3,19.95,2016Q1
1229,105,6,20.81,2016Q2
1229,105,9,20.94,2016Q3
1229,105,12,22.2,2016Q4
1229,106,3,24.46,2017Q1
1229,106,6,27.49,2017Q2
1229,106,9,28.26,2017Q3
1229,106,12,34.32,2017Q4
1229,107,3,37.42,2018Q1
1229,107,6,38.12,2018Q2
1229,107,9,35.15,2018Q3
1229,107,12,30.19,2018Q4
1229,108,3,32.46,2019Q1
1229,108,6,36.96,2019Q2
1229,108,9,34.12,2019Q3
1229,108,12,36.19,2019Q4
1229,109,3,33.86,2020Q1
1229,109,6,42.44,2020Q2
1229,109,9,40.81,2020Q3
1229,109,12,41.66,2020Q4
1229,110,3,44.68,2021Q1
1229,110,6,49.16,2021Q2
1229,110,9,57.66,2021Q3
1229,110,12,59.21,2021Q4
1229,111,3,66.17,2022Q1
1229,111,6,56.22,2022Q2
1229,111,9,53.76,2022Q3
1229,111,12,49.82,2022Q4
1229,112,3,55.11,2023Q1
1229,112,6,65.38,2023Q2
1229,112,9,61.62,2023Q3
1229,112,12,67.19,2023Q4
1229,113,3,67.59,2024Q1
1229,113,6,67.22,2024Q2
1229,113,9,60.75,2024Q3
1229,113,12,53.6,2024Q4
1229,114,3,50.9,2025Q1
1229,114,6,,2025Q2
1229,114,9,,2025Q3
1229,114,12,,2025Q4
1231,105,3,29.72,2016Q1
1231,105,6,31.39,2016Q2
1231,105,9,29.56,2016Q3
1231,105,12,31.02,2016Q4
1231,106,3,33.56,2017Q1
1231,106,6,35.62,2017Q2
1231,106,9,33.73,2017Q3
1231,106,12,33.48,2017Q4
1231,107,3,35.01,2018Q1
1231,107,6,38.02,2018Q2
1231,107,9,36.08,2018Q3
1231,107,12,36.65,2018Q4
1231,108,3,41.62,2019Q1
1231,108,6,45.57,2019Q2
1231,108,9,42.59,2019Q3
1231,108,12,41.54,2019Q4
1231,109,3,36.79,2020Q1
1231,109,6,42.55,2020Q2
1231,109,9,41.67,2020Q3
1231,109,12,45.42,2020Q4
1231,110,3,52.74,2021Q1
1231,110,6,62.24,2021Q2
1231,110,9,68.96,2021Q3
1231,110,12,68.75,2021Q4
1231,111,3,79.74,2022Q1
1231,111,6,85.99,2022Q2
1231,111,9,72.38,2022Q3
1231,111,12,73.73,2022Q4
1231,112,3,87.67,2023Q1
1231,112,6,91.67,2023Q2
1231,112,9,88.27,2023Q3
1231,112,12,88.24,2023Q4
1231,113,3,93.85,2024Q1
1231,113,6,105.42,2024Q2
1231,113,9,106.51,2024Q3
1231,113,12,130.14,2024Q4
1231,114,3,134.49,2025Q1
1231,114,6,,2025Q2
1231,114,9,,2025Q3
1231,114,12,,2025Q4
1232,105,3,78.03,2016Q1
1232,105,6,79.52,2016Q2
1232,105,9,82.08,2016Q3
1232,105,12,84.07,2016Q4
1232,106,3,90.6,2017Q1
1232,106,6,93.63,2017Q2
1232,106,9,89.93,2017Q3
1232,106,12,90.58,2017Q4
1232,107,3,91.64,2018Q1
1232,107,6,94.35,2018Q2
1232,107,9,98.35,2018Q3
1232,107,12,97.83,2018Q4
1232,108,3,101.13,2019Q1
1232,108,6,122.01,2019Q2
1232,108,9,120.25,2019Q3
1232,108,12,121.29,2019Q4
1232,109,3,105.44,2020Q1
1232,109,6,122.15,2020Q2
1232,109,9,118.87,2020Q3
1232,109,12,130.86,2020Q4
1232,110,3,138.48,2021Q1
1232,110,6,167.23,2021Q2
1232,110,9,157.7,2021Q3
1232,110,12,157.61,2021Q4
1232,111,3,156.87,2022Q1
1232,111,6,159.07,2022Q2
1232,111,9,157.49,2022Q3
1232,111,12,143.48,2022Q4
1232,112,3,147.58,2023Q1
1232,112,6,150.77,2023Q2
1232,112,9,142.85,2023Q3
1232,112,12,143.13,2023Q4
1232,113,3,144.59,2024Q1
1232,113,6,145.15,2024Q2
1232,113,9,146.72,2024Q3
1232,113,12,145.65,2024Q4
1232,114,3,152.69,2025Q1
1232,114,6,,2025Q2
1232,114,9,,2025Q3
1232,114,12,,2025Q4
1233,105,3,38.99,2016Q1
1233,105,6,37.24,2016Q2
1233,105,9,37.3,2016Q3
1233,105,12,36.71,2016Q4
1233,106,3,37.8,2017Q1
1233,106,6,36.95,2017Q2
1233,106,9,34.79,2017Q3
1233,106,12,35.08,2017Q4
1233,107,3,37.98,2018Q1
1233,107,6,38.14,2018Q2
1233,107,9,38.6,2018Q3
1233,107,12,38.0,2018Q4
1233,108,3,38.72,2019Q1
1233,108,6,38.86,2019Q2
1233,108,9,38.4,2019Q3
1233,108,12,39.32,2019Q4
1233,109,3,34.75,2020Q1
1233,109,6,36.32,2020Q2
1233,109,9,36.52,2020Q3
1233,109,12,35.77,2020Q4
1233,110,3,35.01,2021Q1
1233,110,6,34.79,2021Q2
1233,110,9,33.21,2021Q3
1233,110,12,34.23,2021Q4
1233,111,3,33.92,2022Q1
1233,111,6,33.35,2022Q2
1233,111,9,33.1,2022Q3
1233,111,12,32.44,2022Q4
1233,112,3,34.26,2023Q1
1233,112,6,36.85,2023Q2
1233,112,9,35.49,2023Q3
1233,112,12,34.79,2023Q4
1233,113,3,33.99,2024Q1
1233,113,6,34.08,2024Q2
1233,113,9,32.47,2024Q3
1233,113,12,30.77,2024Q4
1233,114,3,34.08,2025Q1
1233,114,6,,2025Q2
1233,114,9,,2025Q3
1233,114,12,,2025Q4
1234,105,3,35.69,2016Q1
1234,105,6,32.07,2016Q2
1234,105,9,32.73,2016Q3
1234,105,12,32.41,2016Q4
1234,106,3,33.71,2017Q1
1234,106,6,33.49,2017Q2
1234,106,9,31.21,2017Q3
1234,106,12,31.19,2017Q4
1234,107,3,31.19,2018Q1
1234,107,6,31.78,2018Q2
1234,107,9,30.94,2018Q3
1234,107,12,29.6,2018Q4
1234,108,3,31.48,2019Q1
1234,108,6,32.86,2019Q2
1234,108,9,31.5,2019Q3
1234,108,12,32.43,2019Q4
1234,109,3,30.23,2020Q1
1234,109,6,32.78,2020Q2
1234,109,9,32.36,2020Q3
1234,109,12,33.0,2020Q4
1234,110,3,33.43,2021Q1
1234,110,6,35.2,2021Q2
1234,110,9,34.2,2021Q3
1234,110,12,35.19,2021Q4
1234,111,3,35.25,2022Q1
1234,111,6,34.69,2022Q2
1234,111,9,33.43,2022Q3
1234,111,12,32.84,2022Q4
1234,112,3,35.5,2023Q1
1234,112,6,40.37,2023Q2
1234,112,9,38.48,2023Q3
1234,112,12,39.97,2023Q4
1234,113,3,40.69,2024Q1
1234,113,6,44.27,2024Q2
1234,113,9,41.71,2024Q3
1234,113,12,41.32,2024Q4
1234,114,3,40.79,2025Q1
1234,114,6,,2025Q2
1234,114,9,,2025Q3
1234,114,12,,2025Q4
1235,105,3,22.83,2016Q1
1235,105,6,23.52,2016Q2
1235,105,9,29.25,2016Q3
1235,105,12,28.95,2016Q4
1235,106,3,29.73,2017Q1
1235,106,6,28.73,2017Q2
1235,106,9,33.48,2017Q3
1235,106,12,37.52,2017Q4
1235,107,3,34.1,2018Q1
1235,107,6,38.58,2018Q2
1235,107,9,44.03,2018Q3
1235,107,12,26.41,2018Q4
1235,108,3,28.48,2019Q1
1235,108,6,27.97,2019Q2
1235,108,9,28.18,2019Q3
1235,108,12,20.81,2019Q4
1235,109,3,23.13,2020Q1
1235,109,6,25.6,2020Q2
1235,109,9,25.05,2020Q3
1235,109,12,25.75,2020Q4
1235,110,3,27.65,2021Q1
1235,110,6,33.16,2021Q2
1235,110,9,34.23,2021Q3
1235,110,12,47.53,2021Q4
1235,111,3,43.82,2022Q1
1235,111,6,59.95,2022Q2
1235,111,9,58.21,2022Q3
1235,111,12,69.08,2022Q4
1235,112,3,69.2,2023Q1
1235,112,6,83.25,2023Q2
1235,112,9,76.87,2023Q3
1235,112,12,83.78,2023Q4
1235,113,3,82.14,2024Q1
1235,113,6,91.99,2024Q2
1235,113,9,131.98,2024Q3
1235,113,12,97.06,2024Q4
1235,114,3,95.68,2025Q1
1235,114,6,,2025Q2
1235,114,9,,2025Q3
1235,114,12,,2025Q4
1236,105,3,20.91,2016Q1
1236,105,6,20.1,2016Q2
1236,105,9,19.33,2016Q3
1236,105,12,18.38,2016Q4
1236,106,3,18.35,2017Q1
1236,106,6,17.34,2017Q2
1236,106,9,17.01,2017Q3
1236,106,12,17.02,2017Q4
1236,107,3,17.85,2018Q1
1236,107,6,17.1,2018Q2
1236,107,9,16.19,2018Q3
1236,107,12,13.7,2018Q4
1236,108,3,14.26,2019Q1
1236,108,6,13.52,2019Q2
1236,108,9,12.95,2019Q3
1236,108,12,13.37,2019Q4
1236,109,3,11.13,2020Q1
1236,109,6,12.31,2020Q2
1236,109,9,13.29,2020Q3
1236,109,12,14.02,2020Q4
1236,110,3,13.92,2021Q1
1236,110,6,16.26,2021Q2
1236,110,9,13.98,2021Q3
1236,110,12,29.11,2021Q4
1236,111,3,28.48,2022Q1
1236,111,6,29.18,2022Q2
1236,111,9,23.54,2022Q3
1236,111,12,22.61,2022Q4
1236,112,3,24.05,2023Q1
1236,112,6,22.04,2023Q2
1236,112,9,19.99,2023Q3
1236,112,12,23.88,2023Q4
1236,113,3,23.62,2024Q1
1236,113,6,24.45,2024Q2
1236,113,9,23.54,2024Q3
1236,113,12,23.12,2024Q4
1236,114,3,23.0,2025Q1
1236,114,6,,2025Q2
1236,114,9,,2025Q3
1236,114,12,,2025Q4
1256,105,3,130.07,2016Q1
1256,105,6,111.31,2016Q2
1256,105,9,158.27,2016Q3
1256,105,12,125.33,2016Q4
1256,106,3,147.43,2017Q1
1256,106,6,140.38,2017Q2
1256,106,9,159.74,2017Q3
1256,106,12,140.68,2017Q4
1256,107,3,169.05,2018Q1
1256,107,6,181.35,2018Q2
1256,107,9,161.47,2018Q3
1256,107,12,140.59,2018Q4
1256,108,3,171.51,2019Q1
1256,108,6,186.71,2019Q2
1256,108,9,194.12,2019Q3
1256,108,12,219.48,2019Q4
1256,109,3,182.05,2020Q1
1256,109,6,211.68,2020Q2
1256,109,9,256.62,2020Q3
1256,109,12,296.98,2020Q4
1256,110,3,430.74,2021Q1
1256,110,6,443.87,2021Q2
1256,110,9,402.43,2021Q3
1256,110,12,325.69,2021Q4
1256,111,3,297.22,2022Q1
1256,111,6,282.74,2022Q2
1256,111,9,231.42,2022Q3
1256,111,12,272.81,2022Q4
1256,112,3,338.53,2023Q1
1256,112,6,313.21,2023Q2
1256,112,9,272.51,2023Q3
1256,112,12,246.3,2023Q4
1256,113,3,238.09,2024Q1
1256,113,6,199.87,2024Q2
1256,113,9,143.59,2024Q3
1256,113,12,138.49,2024Q4
1256,114,3,144.59,2025Q1
1256,114,6,,2025Q2
1256,114,9,,2025Q3
1256,114,12,,2025Q4
1301,105,3,79.62,2016Q1
1301,105,6,78.05,2016Q2
1301,105,9,77.83,2016Q3
1301,105,12,89.7,2016Q4
1301,106,3,90.65,2017Q1
1301,106,6,91.05,2017Q2
1301,106,9,94.49,2017Q3
1301,106,12,94.84,2017Q4
1301,107,3,103.08,2018Q1
1301,107,6,108.51,2018Q2
1301,107,9,114.0,2018Q3
1301,107,12,99.39,2018Q4
1301,108,3,105.15,2019Q1
1301,108,6,112.39,2019Q2
1301,108,9,96.43,2019Q3
1301,108,12,98.64,2019Q4
1301,109,3,76.99,2020Q1
1301,109,6,86.81,2020Q2
1301,109,9,79.94,2020Q3
1301,109,12,91.07,2020Q4
1301,110,3,101.23,2021Q1
1301,110,6,103.64,2021Q2
1301,110,9,106.94,2021Q3
1301,110,12,103.51,2021Q4
1301,111,3,106.51,2022Q1
1301,111,6,107.72,2022Q2
1301,111,9,87.12,2022Q3
1301,111,12,87.31,2022Q4
1301,112,3,90.59,2023Q1
1301,112,6,91.59,2023Q2
1301,112,9,81.65,2023Q3
1301,112,12,79.7,2023Q4
1301,113,3,68.76,2024Q1
1301,113,6,60.21,2024Q2
1301,113,9,48.71,2024Q3
1301,113,12,38.51,2024Q4
1301,114,3,38.91,2025Q1
1301,114,6,,2025Q2
1301,114,9,,2025Q3
1301,114,12,,2025Q4
1303,105,3,66.19,2016Q1
1303,105,6,60.82,2016Q2
1303,105,9,61.07,2016Q3
1303,105,12,70.87,2016Q4
1303,106,3,71.37,2017Q1
1303,106,6,72.8,2017Q2
1303,106,9,75.66,2017Q3
1303,106,12,75.64,2017Q4
1303,107,3,80.83,2018Q1
1303,107,6,85.1,2018Q2
1303,107,9,84.25,2018Q3
1303,107,12,73.54,2018Q4
1303,108,3,76.46,2019Q1
1303,108,6,78.45,2019Q2
1303,108,9,69.95,2019Q3
1303,108,12,72.29,2019Q4
1303,109,3,57.14,2020Q1
1303,109,6,64.93,2020Q2
1303,109,9,60.43,2020Q3
1303,109,12,68.31,2020Q4
1303,110,3,76.16,2021Q1
1303,110,6,83.9,2021Q2
1303,110,9,89.69,2021Q3
1303,110,12,84.24,2021Q4
1303,111,3,90.84,2022Q1
1303,111,6,83.96,2022Q2
1303,111,9,67.06,2022Q3
1303,111,12,73.06,2022Q4
1303,112,3,75.72,2023Q1
1303,112,6,77.84,2023Q2
1303,112,9,67.87,2023Q3
1303,112,12,67.18,2023Q4
1303,113,3,55.67,2024Q1
1303,113,6,50.49,2024Q2
1303,113,9,42.12,2024Q3
1303,113,12,33.77,2024Q4
1303,114,3,33.14,2025Q1
1303,114,6,,2025Q2
1303,114,9,,2025Q3
1303,114,12,,2025Q4
1304,105,3,13.53,2016Q1
1304,105,6,12.47,2016Q2
1304,105,9,14.2,2016Q3
1304,105,12,16.36,2016Q4
1304,106,3,16.2,2017Q1
1304,106,6,15.23,2017Q2
1304,106,9,15.17,2017Q3
1304,106,12,16.13,2017Q4
1304,107,3,14.89,2018Q1
1304,107,6,14.54,2018Q2
1304,107,9,13.85,2018Q3
1304,107,12,11.95,2018Q4
1304,108,3,12.09,2019Q1
1304,108,6,11.77,2019Q2
1304,108,9,13.23,2019Q3
1304,108,12,14.07,2019Q4
1304,109,3,9.91,2020Q1
1304,109,6,12.37,2020Q2
1304,109,9,16.36,2020Q3
1304,109,12,21.5,2020Q4
1304,110,3,23.95,2021Q1
1304,110,6,37.32,2021Q2
1304,110,9,38.12,2021Q3
1304,110,12,31.52,2021Q4
1304,111,3,30.05,2022Q1
1304,111,6,25.59,2022Q2
1304,111,9,21.91,2022Q3
1304,111,12,21.63,2022Q4
1304,112,3,25.97,2023Q1
1304,112,6,23.27,2023Q2
1304,112,9,21.55,2023Q3
1304,112,12,19.92,2023Q4
1304,113,3,16.7,2024Q1
1304,113,6,15.4,2024Q2
1304,113,9,15.05,2024Q3
1304,113,12,11.61,2024Q4
1304,114,3,11.86,2025Q1
1304,114,6,,2025Q2
1304,114,9,,2025Q3
1304,114,12,,2025Q4
1305,105,3,15.48,2016Q1
1305,105,6,14.84,2016Q2
1305,105,9,19.58,2016Q3
1305,105,12,25.63,2016Q4
1305,106,3,28.0,2017Q1
1305,106,6,28.39,2017Q2
1305,106,9,33.34,2017Q3
1305,106,12,31.12,2017Q4
1305,107,3,32.41,2018Q1
1305,107,6,29.76,2018Q2
1305,107,9,25.92,2018Q3
1305,107,12,22.65,2018Q4
1305,108,3,23.0,2019Q1
1305,108,6,23.02,2019Q2
1305,108,9,20.01,2019Q3
1305,108,12,20.92,2019Q4
1305,109,3,14.79,2020Q1
1305,109,6,19.21,2020Q2
1305,109,9,21.03,2020Q3
1305,109,12,24.21,2020Q4
1305,110,3,32.83,2021Q1
1305,110,6,36.94,2021Q2
1305,110,9,42.35,2021Q3
1305,110,12,34.27,2021Q4
1305,111,3,35.24,2022Q1
1305,111,6,31.69,2022Q2
1305,111,9,21.72,2022Q3
1305,111,12,25.23,2022Q4
1305,112,3,26.91,2023Q1
1305,112,6,23.98,2023Q2
1305,112,9,25.69,2023Q3
1305,112,12,23.04,2023Q4
1305,113,3,18.86,2024Q1
1305,113,6,17.06,2024Q2
1305,113,9,16.44,2024Q3
1305,113,12,12.75,2024Q4
1305,114,3,13.25,2025Q1
1305,114,6,,2025Q2
1305,114,9,,2025Q3
1305,114,12,,2025Q4
1307,105,3,39.27,2016Q1
1307,105,6,38.07,2016Q2
1307,105,9,36.49,2016Q3
1307,105,12,35.4,2016Q4
1307,106,3,37.76,2017Q1
1307,106,6,37.48,2017Q2
1307,106,9,35.47,2017Q3
1307,106,12,33.7,2017Q4
1307,107,3,32.89,2018Q1
1307,107,6,30.17,2018Q2
1307,107,9,26.81,2018Q3
1307,107,12,22.95,2018Q4
1307,108,3,24.04,2019Q1
1307,108,6,24.59,2019Q2
1307,108,9,23.79,2019Q3
1307,108,12,23.71,2019Q4
1307,109,3,18.36,2020Q1
1307,109,6,22.45,2020Q2
1307,109,9,21.29,2020Q3
1307,109,12,22.69,2020Q4
1307,110,3,21.45,2021Q1
1307,110,6,23.01,2021Q2
1307,110,9,21.51,2021Q3
1307,110,12,20.67,2021Q4
1307,111,3,20.21,2022Q1
1307,111,6,20.18,2022Q2
1307,111,9,21.58,2022Q3
1307,111,12,21.32,2022Q4
1307,112,3,21.07,2023Q1
1307,112,6,25.94,2023Q2
1307,112,9,26.67,2023Q3
1307,112,12,26.61,2023Q4
1307,113,3,28.08,2024Q1
1307,113,6,31.42,2024Q2
1307,113,9,37.11,2024Q3
1307,113,12,38.6,2024Q4
1307,114,3,49.08,2025Q1
1307,114,6,,2025Q2
1307,114,9,,2025Q3
1307,114,12,,2025Q4
1308,105,3,19.06,2016Q1
1308,105,6,17.19,2016Q2
1308,105,9,17.82,2016Q3
1308,105,12,19.7,2016Q4
1308,106,3,18.6,2017Q1
1308,106,6,18.76,2017Q2
1308,106,9,19.23,2017Q3
1308,106,12,19.08,2017Q4
1308,107,3,17.84,2018Q1
1308,107,6,17.79,2018Q2
1308,107,9,16.4,2018Q3
1308,107,12,13.61,2018Q4
1308,108,3,14.25,2019Q1
1308,108,6,13.79,2019Q2
1308,108,9,15.32,2019Q3
1308,108,12,15.81,2019Q4
1308,109,3,13.95,2020Q1
1308,109,6,18.94,2020Q2
1308,109,9,19.63,2020Q3
1308,109,12,20.85,2020Q4
1308,110,3,23.81,2021Q1
1308,110,6,33.49,2021Q2
1308,110,9,44.9,2021Q3
1308,110,12,37.17,2021Q4
1308,111,3,38.16,2022Q1
1308,111,6,29.42,2022Q2
1308,111,9,28.34,2022Q3
1308,111,12,28.27,2022Q4
1308,112,3,28.88,2023Q1
1308,112,6,26.59,2023Q2
1308,112,9,25.48,2023Q3
1308,112,12,23.91,2023Q4
1308,113,3,20.25,2024Q1
1308,113,6,17.57,2024Q2
1308,113,9,17.96,2024Q3
1308,113,12,14.74,2024Q4
1308,114,3,14.47,2025Q1
1308,114,6,,2025Q2
1308,114,9,,2025Q3
1308,114,12,,2025Q4
1309,105,3,8.05,2016Q1
1309,105,6,7.25,2016Q2
1309,105,9,7.69,2016Q3
1309,105,12,10.45,2016Q4
1309,106,3,10.5,2017Q1
1309,106,6,9.63,2017Q2
1309,106,9,11.46,2017Q3
1309,106,12,14.09,2017Q4
1309,107,3,12.08,2018Q1
1309,107,6,15.88,2018Q2
1309,107,9,14.16,2018Q3
1309,107,12,10.53,2018Q4
1309,108,3,10.28,2019Q1
1309,108,6,10.44,2019Q2
1309,108,9,11.82,2019Q3
1309,108,12,11.1,2019Q4
1309,109,3,8.05,2020Q1
1309,109,6,14.76,2020Q2
1309,109,9,28.87,2020Q3
1309,109,12,34.76,2020Q4
1309,110,3,40.82,2021Q1
1309,110,6,42.91,2021Q2
1309,110,9,39.35,2021Q3
1309,110,12,33.88,2021Q4
1309,111,3,33.66,2022Q1
1309,111,6,29.2,2022Q2
1309,111,9,21.51,2022Q3
1309,111,12,22.12,2022Q4
1309,112,3,22.11,2023Q1
1309,112,6,20.21,2023Q2
1309,112,9,17.97,2023Q3
1309,112,12,16.84,2023Q4
1309,113,3,15.6,2024Q1
1309,113,6,17.66,2024Q2
1309,113,9,20.06,2024Q3
1309,113,12,15.15,2024Q4
1309,114,3,14.47,2025Q1
1309,114,6,,2025Q2
1309,114,9,,2025Q3
1309,114,12,,2025Q4
1310,105,3,17.81,2016Q1
1310,105,6,15.41,2016Q2
1310,105,9,16.08,2016Q3
1310,105,12,20.9,2016Q4
1310,106,3,24.02,2017Q1
1310,106,6,23.56,2017Q2
1310,106,9,20.98,2017Q3
1310,106,12,22.05,2017Q4
1310,107,3,21.48,2018Q1
1310,107,6,24.02,2018Q2
1310,107,9,23.17,2018Q3
1310,107,12,25.47,2018Q4
1310,108,3,24.33,2019Q1
1310,108,6,24.28,2019Q2
1310,108,9,22.4,2019Q3
1310,108,12,20.81,2019Q4
1310,109,3,15.22,2020Q1
1310,109,6,16.52,2020Q2
1310,109,9,16.73,2020Q3
1310,109,12,18.85,2020Q4
1310,110,3,18.74,2021Q1
1310,110,6,20.8,2021Q2
1310,110,9,20.65,2021Q3
1310,110,12,17.27,2021Q4
1310,111,3,17.17,2022Q1
1310,111,6,15.08,2022Q2
1310,111,9,13.87,2022Q3
1310,111,12,13.74,2022Q4
1310,112,3,13.94,2023Q1
1310,112,6,16.81,2023Q2
1310,112,9,16.12,2023Q3
1310,112,12,16.02,2023Q4
1310,113,3,13.68,2024Q1
1310,113,6,13.12,2024Q2
1310,113,9,12.52,2024Q3
1310,113,12,10.35,2024Q4
1310,114,3,10.43,2025Q1
1310,114,6,,2025Q2
1310,114,9,,2025Q3
1310,114,12,,2025Q4
1312,105,3,17.47,2016Q1
1312,105,6,15.21,2016Q2
1312,105,9,15.96,2016Q3
1312,105,12,21.75,2016Q4
1312,106,3,21.34,2017Q1
1312,106,6,20.75,2017Q2
1312,106,9,25.4,2017Q3
1312,106,12,29.68,2017Q4
1312,107,3,29.36,2018Q1
1312,107,6,30.26,2018Q2
1312,107,9,28.94,2018Q3
1312,107,12,23.25,2018Q4
1312,108,3,23.89,2019Q1
1312,108,6,20.22,2019Q2
1312,108,9,19.1,2019Q3
1312,108,12,18.4,2019Q4
1312,109,3,13.17,2020Q1
1312,109,6,14.93,2020Q2
1312,109,9,20.02,2020Q3
1312,109,12,22.78,2020Q4
1312,110,3,25.59,2021Q1
1312,110,6,29.3,2021Q2
1312,110,9,29.68,2021Q3
1312,110,12,28.47,2021Q4
1312,111,3,27.49,2022Q1
1312,111,6,23.5,2022Q2
1312,111,9,18.12,2022Q3
1312,111,12,19.49,2022Q4
1312,112,3,19.67,2023Q1
1312,112,6,19.37,2023Q2
1312,112,9,17.17,2023Q3
1312,112,12,15.24,2023Q4
1312,113,3,13.54,2024Q1
1312,113,6,14.07,2024Q2
1312,113,9,12.87,2024Q3
1312,113,12,10.9,2024Q4
1312,114,3,11.14,2025Q1
1312,114,6,,2025Q2
1312,114,9,,2025Q3
1312,114,12,,2025Q4
1313,105,3,9.39,2016Q1
1313,105,6,8.94,2016Q2
1313,105,9,9.93,2016Q3
1313,105,12,13.04,2016Q4
1313,106,3,13.42,2017Q1
1313,106,6,13.3,2017Q2
1313,106,9,16.09,2017Q3
1313,106,12,18.71,2017Q4
1313,107,3,18.67,2018Q1
1313,107,6,20.48,2018Q2
1313,107,9,15.04,2018Q3
1313,107,12,12.05,2018Q4
1313,108,3,12.95,2019Q1
1313,108,6,11.25,2019Q2
1313,108,9,10.64,2019Q3
1313,108,12,10.99,2019Q4
1313,109,3,8.39,2020Q1
1313,109,6,9.9,2020Q2
1313,109,9,13.44,2020Q3
1313,109,12,18.05,2020Q4
1313,110,3,19.13,2021Q1
1313,110,6,27.61,2021Q2
1313,110,9,25.19,2021Q3
1313,110,12,21.26,2021Q4
1313,111,3,19.63,2022Q1
1313,111,6,16.59,2022Q2
1313,111,9,12.96,2022Q3
1313,111,12,13.86,2022Q4
1313,112,3,14.88,2023Q1
1313,112,6,14.73,2023Q2
1313,112,9,15.44,2023Q3
1313,112,12,15.71,2023Q4
1313,113,3,13.58,2024Q1
1313,113,6,12.51,2024Q2
1313,113,9,11.69,2024Q3
1313,113,12,9.61,2024Q4
1313,114,3,9.21,2025Q1
1313,114,6,,2025Q2
1313,114,9,,2025Q3
1313,114,12,,2025Q4
1314,105,3,8.41,2016Q1
1314,105,6,7.36,2016Q2
1314,105,9,7.59,2016Q3
1314,105,12,10.15,2016Q4
1314,106,3,12.13,2017Q1
1314,106,6,11.42,2017Q2
1314,106,9,14.26,2017Q3
1314,106,12,15.55,2017Q4
1314,107,3,12.89,2018Q1
1314,107,6,13.27,2018Q2
1314,107,9,13.64,2018Q3
1314,107,12,11.67,2018Q4
1314,108,3,11.56,2019Q1
1314,108,6,11.33,2019Q2
1314,108,9,10.55,2019Q3
1314,108,12,9.82,2019Q4
1314,109,3,7.25,2020Q1
1314,109,6,8.42,2020Q2
1314,109,9,8.84,2020Q3
1314,109,12,10.7,2020Q4
1314,110,3,11.05,2021Q1
1314,110,6,13.73,2021Q2
1314,110,9,12.8,2021Q3
1314,110,12,12.66,2021Q4
1314,111,3,12.14,2022Q1
1314,111,6,10.57,2022Q2
1314,111,9,9.87,2022Q3
1314,111,12,10.08,2022Q4
1314,112,3,10.04,2023Q1
1314,112,6,9.88,2023Q2
1314,112,9,9.61,2023Q3
1314,112,12,9.82,2023Q4
1314,113,3,9.32,2024Q1
1314,113,6,10.23,2024Q2
1314,113,9,9.27,2024Q3
1314,113,12,7.75,2024Q4
1314,114,3,7.97,2025Q1
1314,114,6,,2025Q2
1314,114,9,,2025Q3
1314,114,12,,2025Q4
1315,105,3,22.6,2016Q1
1315,105,6,24.55,2016Q2
1315,105,9,24.47,2016Q3
1315,105,12,25.18,2016Q4
1315,106,3,26.08,2017Q1
1315,106,6,26.0,2017Q2
1315,106,9,25.41,2017Q3
1315,106,12,25.4,2017Q4
1315,107,3,26.43,2018Q1
1315,107,6,26.69,2018Q2
1315,107,9,26.44,2018Q3
1315,107,12,26.49,2018Q4
1315,108,3,30.05,2019Q1
1315,108,6,31.44,2019Q2
1315,108,9,31.64,2019Q3
1315,108,12,46.86,2019Q4
1315,109,3,45.42,2020Q1
1315,109,6,57.99,2020Q2
1315,109,9,52.7,2020Q3
1315,109,12,71.42,2020Q4
1315,110,3,76.59,2021Q1
1315,110,6,75.88,2021Q2
1315,110,9,64.36,2021Q3
1315,110,12,75.98,2021Q4
1315,111,3,83.57,2022Q1
1315,111,6,76.59,2022Q2
1315,111,9,68.3,2022Q3
1315,111,12,71.07,2022Q4
1315,112,3,71.42,2023Q1
1315,112,6,70.78,2023Q2
1315,112,9,71.17,2023Q3
1315,112,12,71.85,2023Q4
1315,113,3,72.12,2024Q1
1315,113,6,72.06,2024Q2
1315,113,9,70.27,2024Q3
1315,113,12,70.06,2024Q4
1315,114,3,69.67,2025Q1
1315,114,6,,2025Q2
1315,114,9,,2025Q3
1315,114,12,,2025Q4
1316,105,3,11.39,2016Q1
1316,105,6,11.37,2016Q2
1316,105,9,11.03,2016Q3
1316,105,12,10.96,2016Q4
1316,106,3,26.58,2017Q1
1316,106,6,25.28,2017Q2
1316,106,9,27.6,2017Q3
1316,106,12,24.57,2017Q4
1316,107,3,21.27,2018Q1
1316,107,6,22.28,2018Q2
1316,107,9,18.45,2018Q3
1316,107,12,12.44,2018Q4
1316,108,3,15.68,2019Q1
1316,108,6,15.32,2019Q2
1316,108,9,12.97,2019Q3
1316,108,12,14.05,2019Q4
1316,109,3,9.44,2020Q1
1316,109,6,11.91,2020Q2
1316,109,9,11.69,2020Q3
1316,109,12,12.28,2020Q4
1316,110,3,11.9,2021Q1
1316,110,6,11.91,2021Q2
1316,110,9,14.16,2021Q3
1316,110,12,20.68,2021Q4
1316,111,3,19.92,2022Q1
1316,111,6,17.67,2022Q2
1316,111,9,13.29,2022Q3
1316,111,12,12.54,2022Q4
1316,112,3,13.14,2023Q1
1316,112,6,12.42,2023Q2
1316,112,9,10.54,2023Q3
1316,112,12,12.81,2023Q4
1316,113,3,22.56,2024Q1
1316,113,6,19.96,2024Q2
1316,113,9,18.25,2024Q3
1316,113,12,14.5,2024Q4
1316,114,3,17.49,2025Q1
1316,114,6,,2025Q2
1316,114,9,,2025Q3
1316,114,12,,2025Q4
1319,105,3,47.08,2016Q1
1319,105,6,48.37,2016Q2
1319,105,9,68.15,2016Q3
1319,105,12,63.62,2016Q4
1319,106,3,57.1,2017Q1
1319,106,6,54.88,2017Q2
1319,106,9,61.49,2017Q3
1319,106,12,56.83,2017Q4
1319,107,3,52.93,2018Q1
1319,107,6,49.58,2018Q2
1319,107,9,42.46,2018Q3
1319,107,12,38.66,2018Q4
1319,108,3,40.39,2019Q1
1319,108,6,43.12,2019Q2
1319,108,9,48.11,2019Q3
1319,108,12,46.23,2019Q4
1319,109,3,31.87,2020Q1
1319,109,6,39.06,2020Q2
1319,109,9,37.82,2020Q3
1319,109,12,38.43,2020Q4
1319,110,3,36.42,2021Q1
1319,110,6,34.16,2021Q2
1319,110,9,34.09,2021Q3
1319,110,12,32.95,2021Q4
1319,111,3,31.51,2022Q1
1319,111,6,44.54,2022Q2
1319,111,9,53.86,2022Q3
1319,111,12,45.69,2022Q4
1319,112,3,45.3,2023Q1
1319,112,6,52.95,2023Q2
1319,112,9,75.11,2023Q3
1319,112,12,82.78,2023Q4
1319,113,3,115.33,2024Q1
1319,113,6,115.63,2024Q2
1319,113,9,105.71,2024Q3
1319,113,12,114.38,2024Q4
1319,114,3,127.86,2025Q1
1319,114,6,,2025Q2
1319,114,9,,2025Q3
1319,114,12,,2025Q4
1321,105,3,27.1,2016Q1
1321,105,6,25.35,2016Q2
1321,105,9,25.7,2016Q3
1321,105,12,24.98,2016Q4
1321,106,3,26.61,2017Q1
1321,106,6,25.83,2017Q2
1321,106,9,29.48,2017Q3
1321,106,12,28.33,2017Q4
1321,107,3,27.75,2018Q1
1321,107,6,27.9,2018Q2
1321,107,9,27.22,2018Q3
1321,107,12,26.6,2018Q4
1321,108,3,26.18,2019Q1
1321,108,6,28.17,2019Q2
1321,108,9,30.12,2019Q3
1321,108,12,38.16,2019Q4
1321,109,3,26.78,2020Q1
1321,109,6,32.06,2020Q2
1321,109,9,35.9,2020Q3
1321,109,12,35.32,2020Q4
1321,110,3,35.66,2021Q1
1321,110,6,37.05,2021Q2
1321,110,9,32.76,2021Q3
1321,110,12,35.05,2021Q4
1321,111,3,33.96,2022Q1
1321,111,6,32.71,2022Q2
1321,111,9,36.14,2022Q3
1321,111,12,33.61,2022Q4
1321,112,3,36.95,2023Q1
1321,112,6,34.66,2023Q2
1321,112,9,35.5,2023Q3
1321,112,12,39.03,2023Q4
1321,113,3,35.25,2024Q1
1321,113,6,38.22,2024Q2
1321,113,9,37.94,2024Q3
1321,113,12,33.07,2024Q4
1321,114,3,37.21,2025Q1
1321,114,6,,2025Q2
1321,114,9,,2025Q3
1321,114,12,,2025Q4
1323,105,3,32.58,2016Q1
1323,105,6,33.32,2016Q2
1323,105,9,32.6,2016Q3
1323,105,12,34.64,2016Q4
1323,106,3,33.99,2017Q1
1323,106,6,33.14,2017Q2
1323,106,9,33.38,2017Q3
1323,106,12,38.11,2017Q4
1323,107,3,35.82,2018Q1
1323,107,6,37.94,2018Q2
1323,107,9,36.04,2018Q3
1323,107,12,35.55,2018Q4
1323,108,3,36.88,2019Q1
1323,108,6,34.11,2019Q2
1323,108,9,33.69,2019Q3
1323,108,12,33.84,2019Q4
1323,109,3,29.66,2020Q1
1323,109,6,33.15,2020Q2
1323,109,9,33.48,2020Q3
1323,109,12,32.9,2020Q4
1323,110,3,34.07,2021Q1
1323,110,6,34.25,2021Q2
1323,110,9,34.46,2021Q3
1323,110,12,34.8,2021Q4
1323,111,3,35.98,2022Q1
1323,111,6,34.29,2022Q2
1323,111,9,33.23,2022Q3
1323,111,12,32.94,2022Q4
1323,112,3,33.11,2023Q1
1323,112,6,32.12,2023Q2
1323,112,9,31.6,2023Q3
1323,112,12,31.12,2023Q4
1323,113,3,30.9,2024Q1
1323,113,6,30.56,2024Q2
1323,113,9,28.23,2024Q3
1323,113,12,25.13,2024Q4
1323,114,3,24.02,2025Q1
1323,114,6,,2025Q2
1323,114,9,,2025Q3
1323,114,12,,2025Q4
1324,105,3,11.39,2016Q1
1324,105,6,11.06,2016Q2
1324,105,9,12.54,2016Q3
1324,105,12,13.02,2016Q4
1324,106,3,13.17,2017Q1
1324,106,6,13.14,2017Q2
1324,106,9,12.59,2017Q3
1324,106,12,12.47,2017Q4
1324,107,3,14.79,2018Q1
1324,107,6,12.57,2018Q2
1324,107,9,12.42,2018Q3
1324,107,12,11.14,2018Q4
1324,108,3,11.0,2019Q1
1324,108,6,11.26,2019Q2
1324,108,9,9.92,2019Q3
1324,108,12,9.66,2019Q4
1324,109,3,8.12,2020Q1
1324,109,6,9.83,2020Q2
1324,109,9,10.06,2020Q3
1324,109,12,10.38,2020Q4
1324,110,3,10.27,2021Q1
1324,110,6,11.43,2021Q2
1324,110,9,11.06,2021Q3
1324,110,12,11.66,2021Q4
1324,111,3,11.06,2022Q1
1324,111,6,10.7,2022Q2
1324,111,9,10.78,2022Q3
1324,111,12,10.63,2022Q4
1324,112,3,11.3,2023Q1
1324,112,6,11.77,2023Q2
1324,112,9,13.67,2023Q3
1324,112,12,19.42,2023Q4
1324,113,3,15.45,2024Q1
1324,113,6,13.44,2024Q2
1324,113,9,13.04,2024Q3
1324,113,12,12.56,2024Q4
1324,114,3,12.45,2025Q1
1324,114,6,,2025Q2
1324,114,9,,2025Q3
1324,114,12,,2025Q4
1325,105,3,20.64,2016Q1
1325,105,6,19.56,2016Q2
1325,105,9,19.43,2016Q3
1325,105,12,21.06,2016Q4
1325,106,3,21.71,2017Q1
1325,106,6,21.02,2017Q2
1325,106,9,19.56,2017Q3
1325,106,12,19.36,2017Q4
1325,107,3,18.1,2018Q1
1325,107,6,18.04,2018Q2
1325,107,9,17.57,2018Q3
1325,107,12,16.66,2018Q4
1325,108,3,16.3,2019Q1
1325,108,6,16.02,2019Q2
1325,108,9,15.56,2019Q3
1325,108,12,16.39,2019Q4
1325,109,3,38.13,2020Q1
1325,109,6,183.76,2020Q2
1325,109,9,137.37,2020Q3
1325,109,12,96.26,2020Q4
1325,110,3,90.44,2021Q1
1325,110,6,90.61,2021Q2
1325,110,9,57.31,2021Q3
1325,110,12,46.49,2021Q4
1325,111,3,42.58,2022Q1
1325,111,6,30.49,2022Q2
1325,111,9,25.47,2022Q3
1325,111,12,27.65,2022Q4
1325,112,3,23.92,2023Q1
1325,112,6,24.9,2023Q2
1325,112,9,22.69,2023Q3
1325,112,12,41.5,2023Q4
1325,113,3,31.33,2024Q1
1325,113,6,33.61,2024Q2
1325,113,9,27.64,2024Q3
1325,113,12,28.58,2024Q4
1325,114,3,29.27,2025Q1
1325,114,6,,2025Q2
1325,114,9,,2025Q3
1325,114,12,,2025Q4
1326,105,3,78.25,2016Q1
1326,105,6,81.66,2016Q2
1326,105,9,83.45,2016Q3
1326,105,12,97.14,2016Q4
1326,106,3,94.09,2017Q1
1326,106,6,91.85,2017Q2
1326,106,9,94.07,2017Q3
1326,106,12,97.47,2017Q4
1326,107,3,107.84,2018Q1
1326,107,6,115.53,2018Q2
1326,107,9,123.23,2018Q3
1326,107,12,104.81,2018Q4
1326,108,3,108.59,2019Q1
1326,108,6,108.12,2019Q2
1326,108,9,89.25,2019Q3
1326,108,12,87.84,2019Q4
1326,109,3,69.59,2020Q1
1326,109,6,74.83,2020Q2
1326,109,9,68.65,2020Q3
1326,109,12,80.35,2020Q4
1326,110,3,87.47,2021Q1
1326,110,6,85.65,2021Q2
1326,110,9,82.65,2021Q3
1326,110,12,79.88,2021Q4
1326,111,3,79.78,2022Q1
1326,111,6,80.25,2022Q2
1326,111,9,67.84,2022Q3
1326,111,12,71.59,2022Q4
1326,112,3,69.24,2023Q1
1326,112,6,68.28,2023Q2
1326,112,9,64.01,2023Q3
1326,112,12,62.92,2023Q4
1326,113,3,55.01,2024Q1
1326,113,6,51.44,2024Q2
1326,113,9,40.23,2024Q3
1326,113,12,30.67,2024Q4
1326,114,3,28.64,2025Q1
1326,114,6,,2025Q2
1326,114,9,,2025Q3
1326,114,12,,2025Q4
1337,105,3,19.72,2016Q1
1337,105,6,18.78,2016Q2
1337,105,9,18.9,2016Q3
1337,105,12,16.93,2016Q4
1337,106,3,16.54,2017Q1
1337,106,6,13.62,2017Q2
1337,106,9,13.18,2017Q3
1337,106,12,12.43,2017Q4
1337,107,3,11.36,2018Q1
1337,107,6,10.62,2018Q2
1337,107,9,8.06,2018Q3
1337,107,12,6.94,2018Q4
1337,108,3,7.07,2019Q1
1337,108,6,6.68,2019Q2
1337,108,9,6.02,2019Q3
1337,108,12,6.04,2019Q4
1337,109,3,4.02,2020Q1
1337,109,6,5.15,2020Q2
1337,109,9,8.16,2020Q3
1337,109,12,9.81,2020Q4
1337,110,3,8.78,2021Q1
1337,110,6,7.93,2021Q2
1337,110,9,7.37,2021Q3
1337,110,12,7.19,2021Q4
1337,111,3,6.78,2022Q1
1337,111,6,6.61,2022Q2
1337,111,9,7.43,2022Q3
1337,111,12,7.08,2022Q4
1337,112,3,7.08,2023Q1
1337,112,6,8.76,2023Q2
1337,112,9,7.42,2023Q3
1337,112,12,7.59,2023Q4
1337,113,3,7.35,2024Q1
1337,113,6,7.5,2024Q2
1337,113,9,7.11,2024Q3
1337,113,12,6.76,2024Q4
1337,114,3,6.54,2025Q1
1337,114,6,,2025Q2
1337,114,9,,2025Q3
1337,114,12,,2025Q4
1338,105,3,129.53,2016Q1
1338,105,6,115.64,2016Q2
1338,105,9,118.89,2016Q3
1338,105,12,94.74,2016Q4
1338,106,3,98.36,2017Q1
1338,106,6,106.47,2017Q2
1338,106,9,115.41,2017Q3
1338,106,12,113.35,2017Q4
1338,107,3,107.37,2018Q1
1338,107,6,103.76,2018Q2
1338,107,9,86.47,2018Q3
1338,107,12,76.94,2018Q4
1338,108,3,77.65,2019Q1
1338,108,6,65.22,2019Q2
1338,108,9,68.13,2019Q3
1338,108,12,65.7,2019Q4
1338,109,3,41.47,2020Q1
1338,109,6,56.78,2020Q2
1338,109,9,57.66,2020Q3
1338,109,12,58.13,2020Q4
1338,110,3,67.33,2021Q1
1338,110,6,64.87,2021Q2
1338,110,9,49.79,2021Q3
1338,110,12,55.13,2021Q4
1338,111,3,57.39,2022Q1
1338,111,6,57.65,2022Q2
1338,111,9,55.64,2022Q3
1338,111,12,45.08,2022Q4
1338,112,3,46.36,2023Q1
1338,112,6,44.78,2023Q2
1338,112,9,37.14,2023Q3
1338,112,12,43.61,2023Q4
1338,113,3,36.5,2024Q1
1338,113,6,32.98,2024Q2
1338,113,9,31.58,2024Q3
1338,113,12,28.05,2024Q4
1338,114,3,29.92,2025Q1
1338,114,6,,2025Q2
1338,114,9,,2025Q3
1338,114,12,,2025Q4
1339,105,3,59.61,2016Q1
1339,105,6,44.37,2016Q2
1339,105,9,43.41,2016Q3
1339,105,12,37.99,2016Q4
1339,106,3,41.98,2017Q1
1339,106,6,45.53,2017Q2
1339,106,9,47.49,2017Q3
1339,106,12,42.25,2017Q4
1339,107,3,40.09,2018Q1
1339,107,6,41.88,2018Q2
1339,107,9,39.47,2018Q3
1339,107,12,35.03,2018Q4
1339,108,3,36.09,2019Q1
1339,108,6,35.75,2019Q2
1339,108,9,44.96,2019Q3
1339,108,12,50.58,2019Q4
1339,109,3,38.39,2020Q1
1339,109,6,45.17,2020Q2
1339,109,9,44.93,2020Q3
1339,109,12,42.39,2020Q4
1339,110,3,40.4,2021Q1
1339,110,6,38.49,2021Q2
1339,110,9,35.18,2021Q3
1339,110,12,34.68,2021Q4
1339,111,3,34.4,2022Q1
1339,111,6,41.81,2022Q2
1339,111,9,42.73,2022Q3
1339,111,12,42.4,2022Q4
1339,112,3,46.4,2023Q1
1339,112,6,45.46,2023Q2
1339,112,9,56.65,2023Q3
1339,112,12,70.52,2023Q4
1339,113,3,70.74,2024Q1
1339,113,6,68.14,2024Q2
1339,113,9,58.33,2024Q3
1339,113,12,55.32,2024Q4
1339,114,3,57.86,2025Q1
1339,114,6,,2025Q2
1339,114,9,,2025Q3
1339,114,12,,2025Q4
1340,105,3,72.07,2016Q1
1340,105,6,63.19,2016Q2
1340,105,9,61.02,2016Q3
1340,105,12,56.8,2016Q4
1340,106,3,57.24,2017Q1
1340,106,6,51.71,2017Q2
1340,106,9,49.88,2017Q3
1340,106,12,46.2,2017Q4
1340,107,3,46.29,2018Q1
1340,107,6,41.08,2018Q2
1340,107,9,27.98,2018Q3
1340,107,12,18.12,2018Q4
1340,108,3,18.14,2019Q1
1340,108,6,18.19,2019Q2
1340,108,9,16.81,2019Q3
1340,108,12,16.03,2019Q4
1340,109,3,9.98,2020Q1
1340,109,6,10.29,2020Q2
1340,109,9,12.94,2020Q3
1340,109,12,12.77,2020Q4
1340,110,3,10.71,2021Q1
1340,110,6,11.55,2021Q2
1340,110,9,10.37,2021Q3
1340,110,12,11.34,2021Q4
1340,111,3,10.53,2022Q1
1340,111,6,10.34,2022Q2
1340,111,9,10.1,2022Q3
1340,111,12,10.06,2022Q4
1340,112,3,10.81,2023Q1
1340,112,6,13.82,2023Q2
1340,112,9,11.78,2023Q3
1340,112,12,11.38,2023Q4
1340,113,3,10.4,2024Q1
1340,113,6,10.01,2024Q2
1340,113,9,10.18,2024Q3
1340,113,12,9.51,2024Q4
1340,114,3,8.82,2025Q1
1340,114,6,,2025Q2
1340,114,9,,2025Q3
1340,114,12,,2025Q4
1402,105,3,27.0,2016Q1
1402,105,6,23.13,2016Q2
1402,105,9,23.84,2016Q3
1402,105,12,24.4,2016Q4
1402,106,3,26.91,2017Q1
1402,106,6,24.17,2017Q2
1402,106,9,24.49,2017Q3
1402,106,12,25.81,2017Q4
1402,107,3,26.01,2018Q1
1402,107,6,29.06,2018Q2
1402,107,9,35.67,2018Q3
1402,107,12,28.33,2018Q4
1402,108,3,30.39,2019Q1
1402,108,6,33.17,2019Q2
1402,108,9,28.97,2019Q3
1402,108,12,29.78,2019Q4
1402,109,3,23.63,2020Q1
1402,109,6,27.77,2020Q2
1402,109,9,26.19,2020Q3
1402,109,12,27.94,2020Q4
1402,110,3,29.35,2021Q1
1402,110,6,31.67,2021Q2
1402,110,9,29.47,2021Q3
1402,110,12,28.46,2021Q4
1402,111,3,30.23,2022Q1
1402,111,6,31.23,2022Q2
1402,111,9,32.31,2022Q3
1402,111,12,32.25,2022Q4
1402,112,3,31.44,2023Q1
1402,112,6,32.83,2023Q2
1402,112,9,28.97,2023Q3
1402,112,12,31.15,2023Q4
1402,113,3,32.46,2024Q1
1402,113,6,35.19,2024Q2
1402,113,9,36.49,2024Q3
1402,113,12,32.18,2024Q4
1402,114,3,33.41,2025Q1
1402,114,6,,2025Q2
1402,114,9,,2025Q3
1402,114,12,,2025Q4
1410,105,3,24.3,2016Q1
1410,105,6,24.38,2016Q2
1410,105,9,24.34,2016Q3
1410,105,12,24.43,2016Q4
1410,106,3,26.1,2017Q1
1410,106,6,24.62,2017Q2
1410,106,9,24.26,2017Q3
1410,106,12,23.47,2017Q4
1410,107,3,23.45,2018Q1
1410,107,6,24.22,2018Q2
1410,107,9,24.12,2018Q3
1410,107,12,24.12,2018Q4
1410,108,3,25.31,2019Q1
1410,108,6,27.33,2019Q2
1410,108,9,26.31,2019Q3
1410,108,12,31.4,2019Q4
1410,109,3,28.01,2020Q1
1410,109,6,32.13,2020Q2
1410,109,9,34.16,2020Q3
1410,109,12,33.86,2020Q4
1410,110,3,33.84,2021Q1
1410,110,6,34.92,2021Q2
1410,110,9,34.84,2021Q3
1410,110,12,37.31,2021Q4
1410,111,3,37.04,2022Q1
1410,111,6,35.25,2022Q2
1410,111,9,41.48,2022Q3
1410,111,12,43.22,2022Q4
1410,112,3,39.32,2023Q1
1410,112,6,39.42,2023Q2
1410,112,9,37.6,2023Q3
1410,112,12,37.69,2023Q4
1410,113,3,36.42,2024Q1
1410,113,6,37.62,2024Q2
1410,113,9,36.97,2024Q3
1410,113,12,36.34,2024Q4
1410,114,3,35.89,2025Q1
1410,114,6,,2025Q2
1410,114,9,,2025Q3
1410,114,12,,2025Q4
1413,105,3,7.17,2016Q1
1413,105,6,6.55,2016Q2
1413,105,9,6.32,2016Q3
1413,105,12,5.92,2016Q4
1413,106,3,5.91,2017Q1
1413,106,6,6.34,2017Q2
1413,106,9,7.92,2017Q3
1413,106,12,9.26,2017Q4
1413,107,3,10.1,2018Q1
1413,107,6,13.53,2018Q2
1413,107,9,13.09,2018Q3
1413,107,12,11.25,2018Q4
1413,108,3,12.84,2019Q1
1413,108,6,12.27,2019Q2
1413,108,9,11.06,2019Q3
1413,108,12,9.59,2019Q4
1413,109,3,7.24,2020Q1
1413,109,6,8.53,2020Q2
1413,109,9,8.99,2020Q3
1413,109,12,8.84,2020Q4
1413,110,3,8.49,2021Q1
1413,110,6,11.99,2021Q2
1413,110,9,10.31,2021Q3
1413,110,12,10.47,2021Q4
1413,111,3,10.69,2022Q1
1413,111,6,9.95,2022Q2
1413,111,9,11.09,2022Q3
1413,111,12,9.57,2022Q4
1413,112,3,9.61,2023Q1
1413,112,6,9.07,2023Q2
1413,112,9,8.16,2023Q3
1413,112,12,8.33,2023Q4
1413,113,3,9.01,2024Q1
1413,113,6,10.96,2024Q2
1413,113,9,9.96,2024Q3
1413,113,12,11.14,2024Q4
1413,114,3,12.07,2025Q1
1413,114,6,,2025Q2
1413,114,9,,2025Q3
1413,114,12,,2025Q4
1414,105,3,6.42,2016Q1
1414,105,6,5.94,2016Q2
1414,105,9,5.98,2016Q3
1414,105,12,6.32,2016Q4
1414,106,3,6.6,2017Q1
1414,106,6,6.63,2017Q2
1414,106,9,6.33,2017Q3
1414,106,12,7.33,2017Q4
1414,107,3,7.67,2018Q1
1414,107,6,7.96,2018Q2
1414,107,9,7.73,2018Q3
1414,107,12,7.15,2018Q4
1414,108,3,7.25,2019Q1
1414,108,6,6.86,2019Q2
1414,108,9,7.03,2019Q3
1414,108,12,7.15,2019Q4
1414,109,3,5.78,2020Q1
1414,109,6,7.24,2020Q2
1414,109,9,8.58,2020Q3
1414,109,12,14.49,2020Q4
1414,110,3,14.1,2021Q1
1414,110,6,18.54,2021Q2
1414,110,9,16.29,2021Q3
1414,110,12,19.46,2021Q4
1414,111,3,17.93,2022Q1
1414,111,6,17.53,2022Q2
1414,111,9,17.51,2022Q3
1414,111,12,17.48,2022Q4
1414,112,3,17.79,2023Q1
1414,112,6,17.58,2023Q2
1414,112,9,17.58,2023Q3
1414,112,12,17.63,2023Q4
1414,113,3,19.07,2024Q1
1414,113,6,22.05,2024Q2
1414,113,9,22.73,2024Q3
1414,113,12,24.39,2024Q4
1414,114,3,21.72,2025Q1
1414,114,6,,2025Q2
1414,114,9,,2025Q3
1414,114,12,,2025Q4
1416,105,3,18.69,2016Q1
1416,105,6,19.28,2016Q2
1416,105,9,22.46,2016Q3
1416,105,12,25.13,2016Q4
1416,106,3,28.49,2017Q1
1416,106,6,27.91,2017Q2
1416,106,9,21.44,2017Q3
1416,106,12,16.73,2017Q4
1416,107,3,16.15,2018Q1
1416,107,6,17.78,2018Q2
1416,107,9,15.1,2018Q3
1416,107,12,14.37,2018Q4
1416,108,3,14.97,2019Q1
1416,108,6,15.48,2019Q2
1416,108,9,14.01,2019Q3
1416,108,12,13.46,2019Q4
1416,109,3,12.25,2020Q1
1416,109,6,13.62,2020Q2
1416,109,9,14.11,2020Q3
1416,109,12,11.84,2020Q4
1416,110,3,11.08,2021Q1
1416,110,6,11.24,2021Q2
1416,110,9,10.71,2021Q3
1416,110,12,11.18,2021Q4
1416,111,3,11.65,2022Q1
1416,111,6,11.06,2022Q2
1416,111,9,10.65,2022Q3
1416,111,12,10.35,2022Q4
1416,112,3,10.97,2023Q1
1416,112,6,11.94,2023Q2
1416,112,9,10.29,2023Q3
1416,112,12,11.64,2023Q4
1416,113,3,12.95,2024Q1
1416,113,6,12.58,2024Q2
1416,113,9,12.67,2024Q3
1416,113,12,13.13,2024Q4
1416,114,3,12.66,2025Q1
1416,114,6,,2025Q2
1416,114,9,,2025Q3
1416,114,12,,2025Q4
1417,105,3,5.48,2016Q1
1417,105,6,4.51,2016Q2
1417,105,9,5.39,2016Q3
1417,105,12,5.34,2016Q4
1417,106,3,5.64,2017Q1
1417,106,6,4.89,2017Q2
1417,106,9,4.89,2017Q3
1417,106,12,4.69,2017Q4
1417,107,3,4.61,2018Q1
1417,107,6,6.53,2018Q2
1417,107,9,5.0,2018Q3
1417,107,12,5.28,2018Q4
1417,108,3,5.65,2019Q1
1417,108,6,6.09,2019Q2
1417,108,9,9.34,2019Q3
1417,108,12,10.34,2019Q4
1417,109,3,8.26,2020Q1
1417,109,6,9.44,2020Q2
1417,109,9,11.94,2020Q3
1417,109,12,11.2,2020Q4
1417,110,3,11.86,2021Q1
1417,110,6,16.22,2021Q2
1417,110,9,14.16,2021Q3
1417,110,12,14.58,2021Q4
1417,111,3,13.64,2022Q1
1417,111,6,10.83,2022Q2
1417,111,9,10.64,2022Q3
1417,111,12,14.86,2022Q4
1417,112,3,13.68,2023Q1
1417,112,6,13.96,2023Q2
1417,112,9,13.31,2023Q3
1417,112,12,11.99,2023Q4
1417,113,3,11.52,2024Q1
1417,113,6,11.32,2024Q2
1417,113,9,10.43,2024Q3
1417,113,12,9.87,2024Q4
1417,114,3,9.27,2025Q1
1417,114,6,,2025Q2
1417,114,9,,2025Q3
1417,114,12,,2025Q4
1418,105,3,5.57,2016Q1
1418,105,6,4.48,2016Q2
1418,105,9,4.46,2016Q3
1418,105,12,5.74,2016Q4
1418,106,3,6.28,2017Q1
1418,106,6,6.03,2017Q2
1418,106,9,4.7,2017Q3
1418,106,12,7.89,2017Q4
1418,107,3,9.47,2018Q1
1418,107,6,10.26,2018Q2
1418,107,9,7.97,2018Q3
1418,107,12,6.76,2018Q4
1418,108,3,8.46,2019Q1
1418,108,6,7.51,2019Q2
1418,108,9,6.8,2019Q3
1418,108,12,5.82,2019Q4
1418,109,3,6.02,2020Q1
1418,109,6,5.76,2020Q2
1418,109,9,7.88,2020Q3
1418,109,12,7.21,2020Q4
1418,110,3,7.09,2021Q1
1418,110,6,11.03,2021Q2
1418,110,9,11.07,2021Q3
1418,110,12,11.34,2021Q4
1418,111,3,15.76,2022Q1
1418,111,6,16.85,2022Q2
1418,111,9,15.03,2022Q3
1418,111,12,14.17,2022Q4
1418,112,3,14.07,2023Q1
1418,112,6,21.06,2023Q2
1418,112,9,23.51,2023Q3
1418,112,12,20.78,2023Q4
1418,113,3,32.92,2024Q1
1418,113,6,35.71,2024Q2
1418,113,9,33.14,2024Q3
1418,113,12,28.92,2024Q4
1418,114,3,26.89,2025Q1
1418,114,6,,2025Q2
1418,114,9,,2025Q3
1418,114,12,,2025Q4
1419,105,3,36.2,2016Q1
1419,105,6,41.76,2016Q2
1419,105,9,39.82,2016Q3
1419,105,12,39.49,2016Q4
1419,106,3,40.01,2017Q1
1419,106,6,40.73,2017Q2
1419,106,9,41.79,2017Q3
1419,106,12,44.09,2017Q4
1419,107,3,47.6,2018Q1
1419,107,6,47.45,2018Q2
1419,107,9,44.06,2018Q3
1419,107,12,42.28,2018Q4
1419,108,3,42.27,2019Q1
1419,108,6,42.79,2019Q2
1419,108,9,41.84,2019Q3
1419,108,12,42.31,2019Q4
1419,109,3,38.41,2020Q1
1419,109,6,44.72,2020Q2
1419,109,9,44.48,2020Q3
1419,109,12,42.31,2020Q4
1419,110,3,40.63,2021Q1
1419,110,6,40.58,2021Q2
1419,110,9,41.35,2021Q3
1419,110,12,42.93,2021Q4
1419,111,3,42.33,2022Q1
1419,111,6,41.7,2022Q2
1419,111,9,39.67,2022Q3
1419,111,12,40.07,2022Q4
1419,112,3,41.37,2023Q1
1419,112,6,44.72,2023Q2
1419,112,9,43.0,2023Q3
1419,112,12,46.97,2023Q4
1419,113,3,45.19,2024Q1
1419,113,6,48.26,2024Q2
1419,113,9,47.06,2024Q3
1419,113,12,44.68,2024Q4
1419,114,3,43.67,2025Q1
1419,114,6,,2025Q2
1419,114,9,,2025Q3
1419,114,12,,2025Q4
1423,105,3,6.71,2016Q1
1423,105,6,6.29,2016Q2
1423,105,9,6.64,2016Q3
1423,105,12,6.84,2016Q4
1423,106,3,7.44,2017Q1
1423,106,6,6.95,2017Q2
1423,106,9,7.4,2017Q3
1423,106,12,8.35,2017Q4
1423,107,3,9.45,2018Q1
1423,107,6,10.08,2018Q2
1423,107,9,10.21,2018Q3
1423,107,12,10.44,2018Q4
1423,108,3,10.3,2019Q1
1423,108,6,10.35,2019Q2
1423,108,9,10.42,2019Q3
1423,108,12,10.36,2019Q4
1423,109,3,9.62,2020Q1
1423,109,6,14.93,2020Q2
1423,109,9,14.85,2020Q3
1423,109,12,15.43,2020Q4
1423,110,3,21.19,2021Q1
1423,110,6,21.79,2021Q2
1423,110,9,18.14,2021Q3
1423,110,12,19.72,2021Q4
1423,111,3,19.87,2022Q1
1423,111,6,19.54,2022Q2
1423,111,9,19.4,2022Q3
1423,111,12,20.11,2022Q4
1423,112,3,20.67,2023Q1
1423,112,6,22.98,2023Q2
1423,112,9,23.64,2023Q3
1423,112,12,31.01,2023Q4
1423,113,3,31.07,2024Q1
1423,113,6,41.52,2024Q2
1423,113,9,44.89,2024Q3
1423,113,12,36.87,2024Q4
1423,114,3,37.05,2025Q1
1423,114,6,,2025Q2
1423,114,9,,2025Q3
1423,114,12,,2025Q4
1432,105,3,22.61,2016Q1
1432,105,6,21.44,2016Q2
1432,105,9,18.73,2016Q3
1432,105,12,16.84,2016Q4
1432,106,3,15.49,2017Q1
1432,106,6,14.88,2017Q2
1432,106,9,14.38,2017Q3
1432,106,12,13.35,2017Q4
1432,107,3,11.67,2018Q1
1432,107,6,10.23,2018Q2
1432,107,9,8.8,2018Q3
1432,107,12,10.11,2018Q4
1432,108,3,9.07,2019Q1
1432,108,6,7.23,2019Q2
1432,108,9,7.13,2019Q3
1432,108,12,6.72,2019Q4
1432,109,3,4.55,2020Q1
1432,109,6,6.27,2020Q2
1432,109,9,11.26,2020Q3
1432,109,12,15.22,2020Q4
1432,110,3,15.52,2021Q1
1432,110,6,13.77,2021Q2
1432,110,9,13.6,2021Q3
1432,110,12,12.08,2021Q4
1432,111,3,15.8,2022Q1
1432,111,6,12.87,2022Q2
1432,111,9,12.55,2022Q3
1432,111,12,12.02,2022Q4
1432,112,3,18.69,2023Q1
1432,112,6,18.73,2023Q2
1432,112,9,16.74,2023Q3
1432,112,12,18.17,2023Q4
1432,113,3,20.86,2024Q1
1432,113,6,17.73,2024Q2
1432,113,9,18.21,2024Q3
1432,113,12,20.08,2024Q4
1432,114,3,19.12,2025Q1
1432,114,6,,2025Q2
1432,114,9,,2025Q3
1432,114,12,,2025Q4
1434,105,3,31.47,2016Q1
1434,105,6,31.02,2016Q2
1434,105,9,29.93,2016Q3
1434,105,12,29.58,2016Q4
1434,106,3,31.78,2017Q1
1434,106,6,30.61,2017Q2
1434,106,9,30.66,2017Q3
1434,106,12,30.66,2017Q4
1434,107,3,31.55,2018Q1
1434,107,6,34.31,2018Q2
1434,107,9,35.95,2018Q3
1434,107,12,34.64,2018Q4
1434,108,3,36.29,2019Q1
1434,108,6,38.93,2019Q2
1434,108,9,34.42,2019Q3
1434,108,12,34.08,2019Q4
1434,109,3,30.42,2020Q1
1434,109,6,38.08,2020Q2
1434,109,9,32.33,2020Q3
1434,109,12,30.6,2020Q4
1434,110,3,30.62,2021Q1
1434,110,6,31.83,2021Q2
1434,110,9,29.83,2021Q3
1434,110,12,28.58,2021Q4
1434,111,3,28.16,2022Q1
1434,111,6,26.48,2022Q2
1434,111,9,27.16,2022Q3
1434,111,12,26.49,2022Q4
1434,112,3,27.83,2023Q1
1434,112,6,28.03,2023Q2
1434,112,9,25.58,2023Q3
1434,112,12,25.33,2023Q4
1434,113,3,22.6,2024Q1
1434,113,6,22.62,2024Q2
1434,113,9,19.91,2024Q3
1434,113,12,19.25,2024Q4
1434,114,3,19.15,2025Q1
1434,114,6,,2025Q2
1434,114,9,,2025Q3
1434,114,12,,2025Q4
1435,105,3,4.83,2016Q1
1435,105,6,4.17,2016Q2
1435,105,9,4.4,2016Q3
1435,105,12,4.19,2016Q4
1435,106,3,6.21,2017Q1
1435,106,6,5.5,2017Q2
1435,106,9,5.48,2017Q3
1435,106,12,5.32,2017Q4
1435,107,3,5.58,2018Q1
1435,107,6,5.54,2018Q2
1435,107,9,5.45,2018Q3
1435,107,12,5.51,2018Q4
1435,108,3,5.5,2019Q1
1435,108,6,5.35,2019Q2
1435,108,9,5.72,2019Q3
1435,108,12,7.07,2019Q4
1435,109,3,8.15,2020Q1
1435,109,6,8.62,2020Q2
1435,109,9,12.64,2020Q3
1435,109,12,23.29,2020Q4
1435,110,3,25.23,2021Q1
1435,110,6,19.86,2021Q2
1435,110,9,22.09,2021Q3
1435,110,12,28.69,2021Q4
1435,111,3,59.05,2022Q1
1435,111,6,54.47,2022Q2
1435,111,9,,2022Q3
1435,111,12,,2022Q4
1435,112,3,34.39,2023Q1
1435,112,6,,2023Q2
1435,112,9,40.24,2023Q3
1435,112,12,44.35,2023Q4
1435,113,3,49.54,2024Q1
1435,113,6,47.54,2024Q2
1435,113,9,45.45,2024Q3
1435,113,12,34.18,2024Q4
1435,114,3,40.56,2025Q1
1435,114,6,,2025Q2
1435,114,9,,2025Q3
1435,114,12,,2025Q4
1436,105,3,40.03,2016Q1
1436,105,6,39.79,2016Q2
1436,105,9,40.25,2016Q3
1436,105,12,39.27,2016Q4
1436,106,3,38.38,2017Q1
1436,106,6,38.11,2017Q2
1436,106,9,37.92,2017Q3
1436,106,12,39.95,2017Q4
1436,107,3,39.93,2018Q1
1436,107,6,39.61,2018Q2
1436,107,9,37.3,2018Q3
1436,107,12,36.93,2018Q4
1436,108,3,39.95,2019Q1
1436,108,6,40.81,2019Q2
1436,108,9,35.87,2019Q3
1436,108,12,38.49,2019Q4
1436,109,3,37.39,2020Q1
1436,109,6,38.49,2020Q2
1436,109,9,37.23,2020Q3
1436,109,12,38.74,2020Q4
1436,110,3,39.22,2021Q1
1436,110,6,39.74,2021Q2
1436,110,9,48.31,2021Q3
1436,110,12,53.8,2021Q4
1436,111,3,60.21,2022Q1
1436,111,6,65.96,2022Q2
1436,111,9,56.33,2022Q3
1436,111,12,56.27,2022Q4
1436,112,3,56.34,2023Q1
1436,112,6,60.78,2023Q2
1436,112,9,65.42,2023Q3
1436,112,12,78.9,2023Q4
1436,113,3,104.15,2024Q1
1436,113,6,155.81,2024Q2
1436,113,9,146.08,2024Q3
1436,113,12,123.8,2024Q4
1436,114,3,138.23,2025Q1
1436,114,6,,2025Q2
1436,114,9,,2025Q3
1436,114,12,,2025Q4
1437,105,3,12.38,2016Q1
1437,105,6,14.42,2016Q2
1437,105,9,15.01,2016Q3
1437,105,12,16.16,2016Q4
1437,106,3,18.81,2017Q1
1437,106,6,18.01,2017Q2
1437,106,9,17.44,2017Q3
1437,106,12,17.45,2017Q4
1437,107,3,17.83,2018Q1
1437,107,6,20.1,2018Q2
1437,107,9,18.43,2018Q3
1437,107,12,17.92,2018Q4
1437,108,3,18.71,2019Q1
1437,108,6,21.04,2019Q2
1437,108,9,22.77,2019Q3
1437,108,12,25.22,2019Q4
1437,109,3,19.37,2020Q1
1437,109,6,21.89,2020Q2
1437,109,9,22.93,2020Q3
1437,109,12,24.08,2020Q4
1437,110,3,23.82,2021Q1
1437,110,6,25.16,2021Q2
1437,110,9,24.8,2021Q3
1437,110,12,25.56,2021Q4
1437,111,3,28.33,2022Q1
1437,111,6,25.13,2022Q2
1437,111,9,24.92,2022Q3
1437,111,12,26.27,2022Q4
1437,112,3,29.3,2023Q1
1437,112,6,29.09,2023Q2
1437,112,9,28.41,2023Q3
1437,112,12,30.14,2023Q4
1437,113,3,31.65,2024Q1
1437,113,6,37.99,2024Q2
1437,113,9,35.33,2024Q3
1437,113,12,33.67,2024Q4
1437,114,3,34.25,2025Q1
1437,114,6,,2025Q2
1437,114,9,,2025Q3
1437,114,12,,2025Q4
1438,105,3,4.39,2016Q1
1438,105,6,4.06,2016Q2
1438,105,9,4.13,2016Q3
1438,105,12,3.95,2016Q4
1438,106,3,4.93,2017Q1
1438,106,6,5.01,2017Q2
1438,106,9,4.99,2017Q3
1438,106,12,5.05,2017Q4
1438,107,3,6.97,2018Q1
1438,107,6,7.59,2018Q2
1438,107,9,7.62,2018Q3
1438,107,12,7.64,2018Q4
1438,108,3,9.51,2019Q1
1438,108,6,10.55,2019Q2
1438,108,9,12.95,2019Q3
1438,108,12,13.19,2019Q4
1438,109,3,10.69,2020Q1
1438,109,6,12.51,2020Q2
1438,109,9,14.06,2020Q3
1438,109,12,12.35,2020Q4
1438,110,3,19.11,2021Q1
1438,110,6,30.36,2021Q2
1438,110,9,31.22,2021Q3
1438,110,12,30.37,2021Q4
1438,111,3,30.53,2022Q1
1438,111,6,31.34,2022Q2
1438,111,9,32.25,2022Q3
1438,111,12,31.76,2022Q4
1438,112,3,35.17,2023Q1
1438,112,6,30.51,2023Q2
1438,112,9,30.06,2023Q3
1438,112,12,31.6,2023Q4
1438,113,3,44.41,2024Q1
1438,113,6,60.99,2024Q2
1438,113,9,69.66,2024Q3
1438,113,12,55.87,2024Q4
1438,114,3,49.08,2025Q1
1438,114,6,,2025Q2
1438,114,9,,2025Q3
1438,114,12,,2025Q4
1439,105,3,13.54,2016Q1
1439,105,6,13.02,2016Q2
1439,105,9,17.75,2016Q3
1439,105,12,16.13,2016Q4
1439,106,3,24.08,2017Q1
1439,106,6,22.05,2017Q2
1439,106,9,20.27,2017Q3
1439,106,12,20.13,2017Q4
1439,107,3,26.07,2018Q1
1439,107,6,41.58,2018Q2
1439,107,9,28.27,2018Q3
1439,107,12,35.16,2018Q4
1439,108,3,30.3,2019Q1
1439,108,6,31.44,2019Q2
1439,108,9,29.66,2019Q3
1439,108,12,33.3,2019Q4
1439,109,3,31.08,2020Q1
1439,109,6,37.2,2020Q2
1439,109,9,28.88,2020Q3
1439,109,12,28.25,2020Q4
1439,110,3,25.92,2021Q1
1439,110,6,24.87,2021Q2
1439,110,9,22.57,2021Q3
1439,110,12,23.76,2021Q4
1439,111,3,22.83,2022Q1
1439,111,6,19.94,2022Q2
1439,111,9,19.75,2022Q3
1439,111,12,21.48,2022Q4
1439,112,3,24.99,2023Q1
1439,112,6,22.47,2023Q2
1439,112,9,23.3,2023Q3
1439,112,12,24.68,2023Q4
1439,113,3,26.59,2024Q1
1439,113,6,28.93,2024Q2
1439,113,9,32.6,2024Q3
1439,113,12,31.76,2024Q4
1439,114,3,32.21,2025Q1
1439,114,6,,2025Q2
1439,114,9,,2025Q3
1439,114,12,,2025Q4
1440,105,3,13.94,2016Q1
1440,105,6,12.4,2016Q2
1440,105,9,12.5,2016Q3
1440,105,12,12.41,2016Q4
1440,106,3,14.99,2017Q1
1440,106,6,13.22,2017Q2
1440,106,9,13.78,2017Q3
1440,106,12,13.58,2017Q4
1440,107,3,13.27,2018Q1
1440,107,6,14.63,2018Q2
1440,107,9,13.34,2018Q3
1440,107,12,12.27,2018Q4
1440,108,3,12.27,2019Q1
1440,108,6,12.18,2019Q2
1440,108,9,11.45,2019Q3
1440,108,12,10.52,2019Q4
1440,109,3,8.49,2020Q1
1440,109,6,12.53,2020Q2
1440,109,9,12.3,2020Q3
1440,109,12,15.06,2020Q4
1440,110,3,17.95,2021Q1
1440,110,6,28.98,2021Q2
1440,110,9,23.7,2021Q3
1440,110,12,25.84,2021Q4
1440,111,3,23.19,2022Q1
1440,111,6,20.11,2022Q2
1440,111,9,17.7,2022Q3
1440,111,12,17.3,2022Q4
1440,112,3,17.29,2023Q1
1440,112,6,16.45,2023Q2
1440,112,9,14.96,2023Q3
1440,112,12,16.39,2023Q4
1440,113,3,15.21,2024Q1
1440,113,6,18.0,2024Q2
1440,113,9,15.81,2024Q3
1440,113,12,14.76,2024Q4
1440,114,3,14.33,2025Q1
1440,114,6,,2025Q2
1440,114,9,,2025Q3
1440,114,12,,2025Q4
1441,105,3,7.17,2016Q1
1441,105,6,7.77,2016Q2
1441,105,9,7.36,2016Q3
1441,105,12,6.23,2016Q4
1441,106,3,7.16,2017Q1
1441,106,6,7.92,2017Q2
1441,106,9,7.38,2017Q3
1441,106,12,6.83,2017Q4
1441,107,3,13.01,2018Q1
1441,107,6,15.34,2018Q2
1441,107,9,13.21,2018Q3
1441,107,12,13.16,2018Q4
1441,108,3,14.32,2019Q1
1441,108,6,14.66,2019Q2
1441,108,9,9.5,2019Q3
1441,108,12,9.6,2019Q4
1441,109,3,6.71,2020Q1
1441,109,6,7.98,2020Q2
1441,109,9,9.09,2020Q3
1441,109,12,8.42,2020Q4
1441,110,3,8.24,2021Q1
1441,110,6,11.78,2021Q2
1441,110,9,9.51,2021Q3
1441,110,12,9.34,2021Q4
1441,111,3,8.52,2022Q1
1441,111,6,8.13,2022Q2
1441,111,9,8.07,2022Q3
1441,111,12,7.91,2022Q4
1441,112,3,8.13,2023Q1
1441,112,6,8.11,2023Q2
1441,112,9,13.1,2023Q3
1441,112,12,13.99,2023Q4
1441,113,3,13.77,2024Q1
1441,113,6,13.5,2024Q2
1441,113,9,16.21,2024Q3
1441,113,12,14.11,2024Q4
1441,114,3,13.59,2025Q1
1441,114,6,,2025Q2
1441,114,9,,2025Q3
1441,114,12,,2025Q4
1442,105,3,18.65,2016Q1
1442,105,6,20.38,2016Q2
1442,105,9,19.95,2016Q3
1442,105,12,17.86,2016Q4
1442,106,3,19.39,2017Q1
1442,106,6,22.02,2017Q2
1442,106,9,19.97,2017Q3
1442,106,12,18.43,2017Q4
1442,107,3,19.17,2018Q1
1442,107,6,19.82,2018Q2
1442,107,9,16.75,2018Q3
1442,107,12,15.66,2018Q4
1442,108,3,15.51,2019Q1
1442,108,6,16.59,2019Q2
1442,108,9,16.11,2019Q3
1442,108,12,19.05,2019Q4
1442,109,3,15.45,2020Q1
1442,109,6,17.79,2020Q2
1442,109,9,19.28,2020Q3
1442,109,12,17.9,2020Q4
1442,110,3,18.2,2021Q1
1442,110,6,18.9,2021Q2
1442,110,9,22.01,2021Q3
1442,110,12,22.69,2021Q4
1442,111,3,22.99,2022Q1
1442,111,6,22.27,2022Q2
1442,111,9,28.63,2022Q3
1442,111,12,36.37,2022Q4
1442,112,3,32.71,2023Q1
1442,112,6,32.16,2023Q2
1442,112,9,35.3,2023Q3
1442,112,12,38.25,2023Q4
1442,113,3,41.69,2024Q1
1442,113,6,62.1,2024Q2
1442,113,9,68.77,2024Q3
1442,113,12,75.27,2024Q4
1442,114,3,80.73,2025Q1
1442,114,6,,2025Q2
1442,114,9,,2025Q3
1442,114,12,,2025Q4
1443,105,3,5.19,2016Q1
1443,105,6,4.78,2016Q2
1443,105,9,4.7,2016Q3
1443,105,12,4.51,2016Q4
1443,106,3,6.14,2017Q1
1443,106,6,5.71,2017Q2
1443,106,9,5.87,2017Q3
1443,106,12,5.2,2017Q4
1443,107,3,5.75,2018Q1
1443,107,6,6.16,2018Q2
1443,107,9,7.0,2018Q3
1443,107,12,6.79,2018Q4
1443,108,3,7.04,2019Q1
1443,108,6,7.93,2019Q2
1443,108,9,9.44,2019Q3
1443,108,12,9.73,2019Q4
1443,109,3,8.76,2020Q1
1443,109,6,9.07,2020Q2
1443,109,9,8.85,2020Q3
1443,109,12,10.86,2020Q4
1443,110,3,11.11,2021Q1
1443,110,6,16.06,2021Q2
1443,110,9,15.06,2021Q3
1443,110,12,16.8,2021Q4
1443,111,3,15.88,2022Q1
1443,111,6,16.6,2022Q2
1443,111,9,20.11,2022Q3
1443,111,12,21.04,2022Q4
1443,112,3,30.23,2023Q1
1443,112,6,28.94,2023Q2
1443,112,9,28.26,2023Q3
1443,112,12,28.57,2023Q4
1443,113,3,28.46,2024Q1
1443,113,6,31.53,2024Q2
1443,113,9,32.09,2024Q3
1443,113,12,31.85,2024Q4
1443,114,3,30.35,2025Q1
1443,114,6,,2025Q2
1443,114,9,,2025Q3
1443,114,12,,2025Q4
1444,105,3,9.76,2016Q1
1444,105,6,8.74,2016Q2
1444,105,9,8.51,2016Q3
1444,105,12,8.44,2016Q4
1444,106,3,8.43,2017Q1
1444,106,6,8.04,2017Q2
1444,106,9,10.99,2017Q3
1444,106,12,11.69,2017Q4
1444,107,3,11.18,2018Q1
1444,107,6,11.28,2018Q2
1444,107,9,11.08,2018Q3
1444,107,12,10.31,2018Q4
1444,108,3,10.04,2019Q1
1444,108,6,9.99,2019Q2
1444,108,9,9.25,2019Q3
1444,108,12,9.44,2019Q4
1444,109,3,7.26,2020Q1
1444,109,6,7.69,2020Q2
1444,109,9,12.07,2020Q3
1444,109,12,13.1,2020Q4
1444,110,3,12.04,2021Q1
1444,110,6,12.85,2021Q2
1444,110,9,11.88,2021Q3
1444,110,12,11.12,2021Q4
1444,111,3,10.47,2022Q1
1444,111,6,10.56,2022Q2
1444,111,9,11.52,2022Q3
1444,111,12,10.45,2022Q4
1444,112,3,10.55,2023Q1
1444,112,6,11.1,2023Q2
1444,112,9,10.75,2023Q3
1444,112,12,10.52,2023Q4
1444,113,3,9.6,2024Q1
1444,113,6,9.78,2024Q2
1444,113,9,9.23,2024Q3
1444,113,12,9.2,2024Q4
1444,114,3,8.31,2025Q1
1444,114,6,,2025Q2
1444,114,9,,2025Q3
1444,114,12,,2025Q4
1445,105,3,9.53,2016Q1
1445,105,6,9.64,2016Q2
1445,105,9,9.42,2016Q3
1445,105,12,9.33,2016Q4
1445,106,3,9.25,2017Q1
1445,106,6,8.79,2017Q2
1445,106,9,8.54,2017Q3
1445,106,12,8.32,2017Q4
1445,107,3,8.42,2018Q1
1445,107,6,8.18,2018Q2
1445,107,9,7.89,2018Q3
1445,107,12,8.02,2018Q4
1445,108,3,7.84,2019Q1
1445,108,6,7.64,2019Q2
1445,108,9,7.07,2019Q3
1445,108,12,7.04,2019Q4
1445,109,3,6.73,2020Q1
1445,109,6,9.12,2020Q2
1445,109,9,9.25,2020Q3
1445,109,12,11.56,2020Q4
1445,110,3,13.07,2021Q1
1445,110,6,12.25,2021Q2
1445,110,9,12.28,2021Q3
1445,110,12,15.56,2021Q4
1445,111,3,15.99,2022Q1
1445,111,6,15.48,2022Q2
1445,111,9,16.07,2022Q3
1445,111,12,16.04,2022Q4
1445,112,3,16.13,2023Q1
1445,112,6,21.15,2023Q2
1445,112,9,21.1,2023Q3
1445,112,12,21.15,2023Q4
1445,113,3,23.42,2024Q1
1445,113,6,22.23,2024Q2
1445,113,9,19.16,2024Q3
1445,113,12,16.96,2024Q4
1445,114,3,16.83,2025Q1
1445,114,6,,2025Q2
1445,114,9,,2025Q3
1445,114,12,,2025Q4
1446,105,3,20.93,2016Q1
1446,105,6,18.51,2016Q2
1446,105,9,18.14,2016Q3
1446,105,12,17.76,2016Q4
1446,106,3,21.27,2017Q1
1446,106,6,24.01,2017Q2
1446,106,9,21.63,2017Q3
1446,106,12,21.36,2017Q4
1446,107,3,22.89,2018Q1
1446,107,6,24.81,2018Q2
1446,107,9,26.25,2018Q3
1446,107,12,24.04,2018Q4
1446,108,3,25.88,2019Q1
1446,108,6,29.63,2019Q2
1446,108,9,31.38,2019Q3
1446,108,12,36.05,2019Q4
1446,109,3,24.52,2020Q1
1446,109,6,29.52,2020Q2
1446,109,9,32.49,2020Q3
1446,109,12,30.64,2020Q4
1446,110,3,30.19,2021Q1
1446,110,6,33.69,2021Q2
1446,110,9,31.9,2021Q3
1446,110,12,33.89,2021Q4
1446,111,3,31.49,2022Q1
1446,111,6,32.77,2022Q2
1446,111,9,36.26,2022Q3
1446,111,12,30.33,2022Q4
1446,112,3,32.03,2023Q1
1446,112,6,35.36,2023Q2
1446,112,9,38.6,2023Q3
1446,112,12,37.6,2023Q4
1446,113,3,34.59,2024Q1
1446,113,6,55.64,2024Q2
1446,113,9,47.28,2024Q3
1446,113,12,48.7,2024Q4
1446,114,3,36.92,2025Q1
1446,114,6,,2025Q2
1446,114,9,,2025Q3
1446,114,12,,2025Q4
1447,105,3,8.78,2016Q1
1447,105,6,6.95,2016Q2
1447,105,9,7.64,2016Q3
1447,105,12,8.39,2016Q4
1447,106,3,8.59,2017Q1
1447,106,6,7.99,2017Q2
1447,106,9,8.3,2017Q3
1447,106,12,8.89,2017Q4
1447,107,3,8.12,2018Q1
1447,107,6,8.45,2018Q2
1447,107,9,9.29,2018Q3
1447,107,12,8.12,2018Q4
1447,108,3,7.81,2019Q1
1447,108,6,7.49,2019Q2
1447,108,9,7.03,2019Q3
1447,108,12,7.04,2019Q4
1447,109,3,5.48,2020Q1
1447,109,6,6.7,2020Q2
1447,109,9,7.11,2020Q3
1447,109,12,8.85,2020Q4
1447,110,3,9.75,2021Q1
1447,110,6,12.9,2021Q2
1447,110,9,11.0,2021Q3
1447,110,12,10.21,2021Q4
1447,111,3,9.28,2022Q1
1447,111,6,8.12,2022Q2
1447,111,9,8.89,2022Q3
1447,111,12,7.87,2022Q4
1447,112,3,8.17,2023Q1
1447,112,6,7.97,2023Q2
1447,112,9,7.52,2023Q3
1447,112,12,8.06,2023Q4
1447,113,3,8.21,2024Q1
1447,113,6,10.1,2024Q2
1447,113,9,8.59,2024Q3
1447,113,12,7.47,2024Q4
1447,114,3,7.12,2025Q1
1447,114,6,,2025Q2
1447,114,9,,2025Q3
1447,114,12,,2025Q4
1449,105,3,5.15,2016Q1
1449,105,6,3.8,2016Q2
1449,105,9,4.47,2016Q3
1449,105,12,4.1,2016Q4
1449,106,3,5.4,2017Q1
1449,106,6,5.5,2017Q2
1449,106,9,5.31,2017Q3
1449,106,12,5.46,2017Q4
1449,107,3,6.12,2018Q1
1449,107,6,5.57,2018Q2
1449,107,9,4.86,2018Q3
1449,107,12,4.99,2018Q4
1449,108,3,4.73,2019Q1
1449,108,6,4.5,2019Q2
1449,108,9,4.64,2019Q3
1449,108,12,11.97,2019Q4
1449,109,3,11.57,2020Q1
1449,109,6,18.02,2020Q2
1449,109,9,17.65,2020Q3
1449,109,12,29.41,2020Q4
1449,110,3,22.19,2021Q1
1449,110,6,16.71,2021Q2
1449,110,9,15.7,2021Q3
1449,110,12,15.05,2021Q4
1449,111,3,13.49,2022Q1
1449,111,6,10.96,2022Q2
1449,111,9,14.18,2022Q3
1449,111,12,16.28,2022Q4
1449,112,3,15.8,2023Q1
1449,112,6,20.5,2023Q2
1449,112,9,18.32,2023Q3
1449,112,12,22.03,2023Q4
1449,113,3,20.38,2024Q1
1449,113,6,18.99,2024Q2
1449,113,9,18.96,2024Q3
1449,113,12,25.36,2024Q4
1449,114,3,17.93,2025Q1
1449,114,6,,2025Q2
1449,114,9,,2025Q3
1449,114,12,,2025Q4
1451,105,3,24.06,2016Q1
1451,105,6,24.58,2016Q2
1451,105,9,23.69,2016Q3
1451,105,12,24.17,2016Q4
1451,106,3,27.04,2017Q1
1451,106,6,25.42,2017Q2
1451,106,9,23.37,2017Q3
1451,106,12,27.74,2017Q4
1451,107,3,24.22,2018Q1
1451,107,6,25.83,2018Q2
1451,107,9,24.35,2018Q3
1451,107,12,25.87,2018Q4
1451,108,3,27.87,2019Q1
1451,108,6,28.0,2019Q2
1451,108,9,23.17,2019Q3
1451,108,12,21.07,2019Q4
1451,109,3,16.56,2020Q1
1451,109,6,16.99,2020Q2
1451,109,9,16.65,2020Q3
1451,109,12,17.05,2020Q4
1451,110,3,16.64,2021Q1
1451,110,6,21.37,2021Q2
1451,110,9,20.69,2021Q3
1451,110,12,20.88,2021Q4
1451,111,3,20.17,2022Q1
1451,111,6,23.1,2022Q2
1451,111,9,24.89,2022Q3
1451,111,12,21.31,2022Q4
1451,112,3,23.0,2023Q1
1451,112,6,21.9,2023Q2
1451,112,9,18.98,2023Q3
1451,112,12,18.97,2023Q4
1451,113,3,19.05,2024Q1
1451,113,6,20.66,2024Q2
1451,113,9,19.94,2024Q3
1451,113,12,20.56,2024Q4
1451,114,3,22.02,2025Q1
1451,114,6,,2025Q2
1451,114,9,,2025Q3
1451,114,12,,2025Q4
1452,105,3,24.89,2016Q1
1452,105,6,19.7,2016Q2
1452,105,9,21.16,2016Q3
1452,105,12,21.72,2016Q4
1452,106,3,21.82,2017Q1
1452,106,6,25.15,2017Q2
1452,106,9,24.07,2017Q3
1452,106,12,22.0,2017Q4
1452,107,3,21.57,2018Q1
1452,107,6,20.61,2018Q2
1452,107,9,19.38,2018Q3
1452,107,12,17.29,2018Q4
1452,108,3,20.03,2019Q1
1452,108,6,20.83,2019Q2
1452,108,9,18.14,2019Q3
1452,108,12,18.46,2019Q4
1452,109,3,16.81,2020Q1
1452,109,6,17.46,2020Q2
1452,109,9,15.74,2020Q3
1452,109,12,17.37,2020Q4
1452,110,3,17.99,2021Q1
1452,110,6,26.4,2021Q2
1452,110,9,25.05,2021Q3
1452,110,12,24.02,2021Q4
1452,111,3,24.38,2022Q1
1452,111,6,21.92,2022Q2
1452,111,9,18.26,2022Q3
1452,111,12,17.63,2022Q4
1452,112,3,17.88,2023Q1
1452,112,6,17.62,2023Q2
1452,112,9,16.4,2023Q3
1452,112,12,17.13,2023Q4
1452,113,3,16.43,2024Q1
1452,113,6,17.09,2024Q2
1452,113,9,16.84,2024Q3
1452,113,12,15.75,2024Q4
1452,114,3,15.03,2025Q1
1452,114,6,,2025Q2
1452,114,9,,2025Q3
1452,114,12,,2025Q4
1453,105,3,8.67,2016Q1
1453,105,6,8.33,2016Q2
1453,105,9,8.07,2016Q3
1453,105,12,7.89,2016Q4
1453,106,3,7.95,2017Q1
1453,106,6,9.02,2017Q2
1453,106,9,8.24,2017Q3
1453,106,12,9.62,2017Q4
1453,107,3,10.14,2018Q1
1453,107,6,9.95,2018Q2
1453,107,9,8.99,2018Q3
1453,107,12,9.04,2018Q4
1453,108,3,9.39,2019Q1
1453,108,6,9.09,2019Q2
1453,108,9,7.98,2019Q3
1453,108,12,8.03,2019Q4
1453,109,3,6.67,2020Q1
1453,109,6,7.91,2020Q2
1453,109,9,8.73,2020Q3
1453,109,12,8.86,2020Q4
1453,110,3,8.45,2021Q1
1453,110,6,9.27,2021Q2
1453,110,9,8.61,2021Q3
1453,110,12,9.0,2021Q4
1453,111,3,9.55,2022Q1
1453,111,6,26.1,2022Q2
1453,111,9,19.14,2022Q3
1453,111,12,16.76,2022Q4
1453,112,3,16.5,2023Q1
1453,112,6,14.77,2023Q2
1453,112,9,13.37,2023Q3
1453,112,12,15.62,2023Q4
1453,113,3,15.13,2024Q1
1453,113,6,28.94,2024Q2
1453,113,9,18.95,2024Q3
1453,113,12,15.26,2024Q4
1453,114,3,17.4,2025Q1
1453,114,6,,2025Q2
1453,114,9,,2025Q3
1453,114,12,,2025Q4
1454,105,3,9.37,2016Q1
1454,105,6,8.56,2016Q2
1454,105,9,8.74,2016Q3
1454,105,12,8.5,2016Q4
1454,106,3,8.69,2017Q1
1454,106,6,8.39,2017Q2
1454,106,9,8.52,2017Q3
1454,106,12,8.42,2017Q4
1454,107,3,8.34,2018Q1
1454,107,6,8.2,2018Q2
1454,107,9,8.01,2018Q3
1454,107,12,8.31,2018Q4
1454,108,3,8.25,2019Q1
1454,108,6,7.96,2019Q2
1454,108,9,8.02,2019Q3
1454,108,12,7.79,2019Q4
1454,109,3,7.35,2020Q1
1454,109,6,8.39,2020Q2
1454,109,9,8.37,2020Q3
1454,109,12,8.74,2020Q4
1454,110,3,8.76,2021Q1
1454,110,6,10.38,2021Q2
1454,110,9,10.26,2021Q3
1454,110,12,13.85,2021Q4
1454,111,3,14.49,2022Q1
1454,111,6,16.99,2022Q2
1454,111,9,12.93,2022Q3
1454,111,12,13.14,2022Q4
1454,112,3,12.79,2023Q1
1454,112,6,16.8,2023Q2
1454,112,9,17.86,2023Q3
1454,112,12,16.81,2023Q4
1454,113,3,16.09,2024Q1
1454,113,6,16.85,2024Q2
1454,113,9,18.43,2024Q3
1454,113,12,15.53,2024Q4
1454,114,3,16.19,2025Q1
1454,114,6,,2025Q2
1454,114,9,,2025Q3
1454,114,12,,2025Q4
1455,105,3,9.42,2016Q1
1455,105,6,8.04,2016Q2
1455,105,9,8.4,2016Q3
1455,105,12,9.72,2016Q4
1455,106,3,11.24,2017Q1
1455,106,6,9.14,2017Q2
1455,106,9,9.88,2017Q3
1455,106,12,12.46,2017Q4
1455,107,3,10.67,2018Q1
1455,107,6,10.83,2018Q2
1455,107,9,10.52,2018Q3
1455,107,12,9.14,2018Q4
1455,108,3,9.23,2019Q1
1455,108,6,8.88,2019Q2
1455,108,9,8.62,2019Q3
1455,108,12,8.0,2019Q4
1455,109,3,5.55,2020Q1
1455,109,6,7.57,2020Q2
1455,109,9,9.0,2020Q3
1455,109,12,11.21,2020Q4
1455,110,3,11.79,2021Q1
1455,110,6,26.04,2021Q2
1455,110,9,19.61,2021Q3
1455,110,12,16.78,2021Q4
1455,111,3,16.16,2022Q1
1455,111,6,12.22,2022Q2
1455,111,9,10.02,2022Q3
1455,111,12,10.56,2022Q4
1455,112,3,10.98,2023Q1
1455,112,6,10.46,2023Q2
1455,112,9,9.77,2023Q3
1455,112,12,11.38,2023Q4
1455,113,3,14.33,2024Q1
1455,113,6,14.55,2024Q2
1455,113,9,11.06,2024Q3
1455,113,12,9.8,2024Q4
1455,114,3,9.82,2025Q1
1455,114,6,,2025Q2
1455,114,9,,2025Q3
1455,114,12,,2025Q4
1456,105,3,8.17,2016Q1
1456,105,6,9.14,2016Q2
1456,105,9,9.16,2016Q3
1456,105,12,8.3,2016Q4
1456,106,3,12.56,2017Q1
1456,106,6,11.7,2017Q2
1456,106,9,10.78,2017Q3
1456,106,12,10.78,2017Q4
1456,107,3,10.1,2018Q1
1456,107,6,9.16,2018Q2
1456,107,9,8.64,2018Q3
1456,107,12,7.15,2018Q4
1456,108,3,8.56,2019Q1
1456,108,6,9.03,2019Q2
1456,108,9,8.61,2019Q3
1456,108,12,12.46,2019Q4
1456,109,3,7.86,2020Q1
1456,109,6,10.7,2020Q2
1456,109,9,10.46,2020Q3
1456,109,12,16.89,2020Q4
1456,110,3,18.99,2021Q1
1456,110,6,19.61,2021Q2
1456,110,9,26.81,2021Q3
1456,110,12,22.67,2021Q4
1456,111,3,20.54,2022Q1
1456,111,6,17.5,2022Q2
1456,111,9,16.89,2022Q3
1456,111,12,15.82,2022Q4
1456,112,3,15.75,2023Q1
1456,112,6,16.78,2023Q2
1456,112,9,16.14,2023Q3
1456,112,12,16.84,2023Q4
1456,113,3,22.14,2024Q1
1456,113,6,20.11,2024Q2
1456,113,9,19.2,2024Q3
1456,113,12,16.07,2024Q4
1456,114,3,16.28,2025Q1
1456,114,6,,2025Q2
1456,114,9,,2025Q3
1456,114,12,,2025Q4
1457,105,3,12.25,2016Q1
1457,105,6,10.23,2016Q2
1457,105,9,10.18,2016Q3
1457,105,12,10.45,2016Q4
1457,106,3,12.0,2017Q1
1457,106,6,10.81,2017Q2
1457,106,9,10.87,2017Q3
1457,106,12,14.32,2017Q4
1457,107,3,14.04,2018Q1
1457,107,6,14.74,2018Q2
1457,107,9,13.66,2018Q3
1457,107,12,12.75,2018Q4
1457,108,3,13.31,2019Q1
1457,108,6,14.62,2019Q2
1457,108,9,13.91,2019Q3
1457,108,12,14.18,2019Q4
1457,109,3,11.51,2020Q1
1457,109,6,12.73,2020Q2
1457,109,9,13.89,2020Q3
1457,109,12,15.98,2020Q4
1457,110,3,16.75,2021Q1
1457,110,6,20.03,2021Q2
1457,110,9,17.69,2021Q3
1457,110,12,19.11,2021Q4
1457,111,3,18.87,2022Q1
1457,111,6,19.19,2022Q2
1457,111,9,18.04,2022Q3
1457,111,12,18.86,2022Q4
1457,112,3,19.28,2023Q1
1457,112,6,18.36,2023Q2
1457,112,9,17.6,2023Q3
1457,112,12,18.98,2023Q4
1457,113,3,20.09,2024Q1
1457,113,6,22.16,2024Q2
1457,113,9,20.26,2024Q3
1457,113,12,19.83,2024Q4
1457,114,3,20.3,2025Q1
1457,114,6,,2025Q2
1457,114,9,,2025Q3
1457,114,12,,2025Q4
1459,105,3,10.46,2016Q1
1459,105,6,8.17,2016Q2
1459,105,9,8.24,2016Q3
1459,105,12,9.02,2016Q4
1459,106,3,8.91,2017Q1
1459,106,6,8.26,2017Q2
1459,106,9,8.22,2017Q3
1459,106,12,9.68,2017Q4
1459,107,3,8.64,2018Q1
1459,107,6,9.11,2018Q2
1459,107,9,9.75,2018Q3
1459,107,12,8.14,2018Q4
1459,108,3,8.11,2019Q1
1459,108,6,7.8,2019Q2
1459,108,9,7.02,2019Q3
1459,108,12,7.11,2019Q4
1459,109,3,5.89,2020Q1
1459,109,6,8.58,2020Q2
1459,109,9,8.79,2020Q3
1459,109,12,8.96,2020Q4
1459,110,3,8.62,2021Q1
1459,110,6,14.96,2021Q2
1459,110,9,12.38,2021Q3
1459,110,12,13.1,2021Q4
1459,111,3,11.74,2022Q1
1459,111,6,11.41,2022Q2
1459,111,9,9.12,2022Q3
1459,111,12,8.48,2022Q4
1459,112,3,8.89,2023Q1
1459,112,6,9.08,2023Q2
1459,112,9,9.82,2023Q3
1459,112,12,10.01,2023Q4
1459,113,3,9.64,2024Q1
1459,113,6,10.85,2024Q2
1459,113,9,10.07,2024Q3
1459,113,12,9.71,2024Q4
1459,114,3,12.56,2025Q1
1459,114,6,,2025Q2
1459,114,9,,2025Q3
1459,114,12,,2025Q4
1460,105,3,16.22,2016Q1
1460,105,6,15.5,2016Q2
1460,105,9,15.42,2016Q3
1460,105,12,17.48,2016Q4
1460,106,3,16.96,2017Q1
1460,106,6,16.22,2017Q2
1460,106,9,15.07,2017Q3
1460,106,12,14.04,2017Q4
1460,107,3,13.41,2018Q1
1460,107,6,13.17,2018Q2
1460,107,9,14.19,2018Q3
1460,107,12,12.05,2018Q4
1460,108,3,11.57,2019Q1
1460,108,6,11.46,2019Q2
1460,108,9,10.27,2019Q3
1460,108,12,9.24,2019Q4
1460,109,3,6.23,2020Q1
1460,109,6,10.31,2020Q2
1460,109,9,9.57,2020Q3
1460,109,12,9.78,2020Q4
1460,110,3,8.25,2021Q1
1460,110,6,11.27,2021Q2
1460,110,9,10.62,2021Q3
1460,110,12,9.53,2021Q4
1460,111,3,8.33,2022Q1
1460,111,6,7.69,2022Q2
1460,111,9,7.98,2022Q3
1460,111,12,7.17,2022Q4
1460,112,3,7.58,2023Q1
1460,112,6,9.04,2023Q2
1460,112,9,7.84,2023Q3
1460,112,12,7.52,2023Q4
1460,113,3,7.82,2024Q1
1460,113,6,8.08,2024Q2
1460,113,9,7.16,2024Q3
1460,113,12,7.03,2024Q4
1460,114,3,7.47,2025Q1
1460,114,6,,2025Q2
1460,114,9,,2025Q3
1460,114,12,,2025Q4
1463,105,3,17.96,2016Q1
1463,105,6,17.65,2016Q2
1463,105,9,18.15,2016Q3
1463,105,12,20.63,2016Q4
1463,106,3,23.89,2017Q1
1463,106,6,29.25,2017Q2
1463,106,9,26.34,2017Q3
1463,106,12,25.18,2017Q4
1463,107,3,23.72,2018Q1
1463,107,6,23.0,2018Q2
1463,107,9,15.9,2018Q3
1463,107,12,13.02,2018Q4
1463,108,3,15.13,2019Q1
1463,108,6,15.87,2019Q2
1463,108,9,13.42,2019Q3
1463,108,12,13.15,2019Q4
1463,109,3,10.78,2020Q1
1463,109,6,12.22,2020Q2
1463,109,9,13.01,2020Q3
1463,109,12,12.91,2020Q4
1463,110,3,12.77,2021Q1
1463,110,6,16.89,2021Q2
1463,110,9,14.25,2021Q3
1463,110,12,14.64,2021Q4
1463,111,3,13.57,2022Q1
1463,111,6,13.85,2022Q2
1463,111,9,14.1,2022Q3
1463,111,12,14.38,2022Q4
1463,112,3,14.56,2023Q1
1463,112,6,14.58,2023Q2
1463,112,9,15.7,2023Q3
1463,112,12,17.57,2023Q4
1463,113,3,17.78,2024Q1
1463,113,6,20.65,2024Q2
1463,113,9,23.88,2024Q3
1463,113,12,24.9,2024Q4
1463,114,3,29.21,2025Q1
1463,114,6,,2025Q2
1463,114,9,,2025Q3
1463,114,12,,2025Q4
1464,105,3,37.18,2016Q1
1464,105,6,29.88,2016Q2
1464,105,9,27.83,2016Q3
1464,105,12,26.58,2016Q4
1464,106,3,27.86,2017Q1
1464,106,6,29.27,2017Q2
1464,106,9,26.55,2017Q3
1464,106,12,25.0,2017Q4
1464,107,3,25.25,2018Q1
1464,107,6,24.62,2018Q2
1464,107,9,22.2,2018Q3
1464,107,12,20.1,2018Q4
1464,108,3,21.13,2019Q1
1464,108,6,26.58,2019Q2
1464,108,9,24.27,2019Q3
1464,108,12,26.28,2019Q4
1464,109,3,18.83,2020Q1
1464,109,6,21.45,2020Q2
1464,109,9,17.96,2020Q3
1464,109,12,18.6,2020Q4
1464,110,3,17.86,2021Q1
1464,110,6,17.66,2021Q2
1464,110,9,16.22,2021Q3
1464,110,12,15.51,2021Q4
1464,111,3,15.3,2022Q1
1464,111,6,13.89,2022Q2
1464,111,9,15.22,2022Q3
1464,111,12,14.22,2022Q4
1464,112,3,14.95,2023Q1
1464,112,6,15.46,2023Q2
1464,112,9,13.78,2023Q3
1464,112,12,13.26,2023Q4
1464,113,3,13.09,2024Q1
1464,113,6,14.53,2024Q2
1464,113,9,13.92,2024Q3
1464,113,12,17.05,2024Q4
1464,114,3,18.61,2025Q1
1464,114,6,,2025Q2
1464,114,9,,2025Q3
1464,114,12,,2025Q4
1465,105,3,14.64,2016Q1
1465,105,6,14.01,2016Q2
1465,105,9,13.71,2016Q3
1465,105,12,12.63,2016Q4
1465,106,3,12.95,2017Q1
1465,106,6,12.83,2017Q2
1465,106,9,17.7,2017Q3
1465,106,12,15.16,2017Q4
1465,107,3,15.07,2018Q1
1465,107,6,14.65,2018Q2
1465,107,9,14.51,2018Q3
1465,107,12,14.12,2018Q4
1465,108,3,13.82,2019Q1
1465,108,6,15.03,2019Q2
1465,108,9,14.44,2019Q3
1465,108,12,15.0,2019Q4
1465,109,3,14.46,2020Q1
1465,109,6,15.58,2020Q2
1465,109,9,14.5,2020Q3
1465,109,12,13.1,2020Q4
1465,110,3,12.88,2021Q1
1465,110,6,13.19,2021Q2
1465,110,9,13.0,2021Q3
1465,110,12,12.48,2021Q4
1465,111,3,12.36,2022Q1
1465,111,6,12.9,2022Q2
1465,111,9,13.41,2022Q3
1465,111,12,13.97,2022Q4
1465,112,3,14.23,2023Q1
1465,112,6,14.35,2023Q2
1465,112,9,13.1,2023Q3
1465,112,12,13.96,2023Q4
1465,113,3,14.97,2024Q1
1465,113,6,15.28,2024Q2
1465,113,9,15.13,2024Q3
1465,113,12,14.61,2024Q4
1465,114,3,14.45,2025Q1
1465,114,6,,2025Q2
1465,114,9,,2025Q3
1465,114,12,,2025Q4
1466,105,3,15.8,2016Q1
1466,105,6,13.32,2016Q2
1466,105,9,13.26,2016Q3
1466,105,12,13.76,2016Q4
1466,106,3,12.69,2017Q1
1466,106,6,12.47,2017Q2
1466,106,9,11.85,2017Q3
1466,106,12,11.88,2017Q4
1466,107,3,10.92,2018Q1
1466,107,6,10.59,2018Q2
1466,107,9,10.71,2018Q3
1466,107,12,9.87,2018Q4
1466,108,3,9.5,2019Q1
1466,108,6,8.99,2019Q2
1466,108,9,7.96,2019Q3
1466,108,12,7.58,2019Q4
1466,109,3,6.5,2020Q1
1466,109,6,16.53,2020Q2
1466,109,9,21.83,2020Q3
1466,109,12,18.91,2020Q4
1466,110,3,16.67,2021Q1
1466,110,6,19.64,2021Q2
1466,110,9,16.9,2021Q3
1466,110,12,15.19,2021Q4
1466,111,3,14.83,2022Q1
1466,111,6,13.19,2022Q2
1466,111,9,11.47,2022Q3
1466,111,12,12.0,2022Q4
1466,112,3,11.7,2023Q1
1466,112,6,11.51,2023Q2
1466,112,9,11.15,2023Q3
1466,112,12,14.58,2023Q4
1466,113,3,13.76,2024Q1
1466,113,6,12.66,2024Q2
1466,113,9,12.58,2024Q3
1466,113,12,13.17,2024Q4
1466,114,3,17.09,2025Q1
1466,114,6,,2025Q2
1466,114,9,,2025Q3
1466,114,12,,2025Q4
1467,105,3,15.35,2016Q1
1467,105,6,13.37,2016Q2
1467,105,9,13.09,2016Q3
1467,105,12,10.91,2016Q4
1467,106,3,11.23,2017Q1
1467,106,6,10.09,2017Q2
1467,106,9,10.45,2017Q3
1467,106,12,11.94,2017Q4
1467,107,3,12.04,2018Q1
1467,107,6,12.54,2018Q2
1467,107,9,10.8,2018Q3
1467,107,12,9.57,2018Q4
1467,108,3,9.31,2019Q1
1467,108,6,9.35,2019Q2
1467,108,9,8.6,2019Q3
1467,108,12,8.49,2019Q4
1467,109,3,7.04,2020Q1
1467,109,6,22.42,2020Q2
1467,109,9,20.07,2020Q3
1467,109,12,19.79,2020Q4
1467,110,3,19.22,2021Q1
1467,110,6,17.24,2021Q2
1467,110,9,14.41,2021Q3
1467,110,12,13.96,2021Q4
1467,111,3,14.48,2022Q1
1467,111,6,13.69,2022Q2
1467,111,9,12.15,2022Q3
1467,111,12,12.08,2022Q4
1467,112,3,11.81,2023Q1
1467,112,6,12.01,2023Q2
1467,112,9,11.59,2023Q3
1467,112,12,11.4,2023Q4
1467,113,3,11.06,2024Q1
1467,113,6,11.38,2024Q2
1467,113,9,10.22,2024Q3
1467,113,12,10.6,2024Q4
1467,114,3,10.18,2025Q1
1467,114,6,,2025Q2
1467,114,9,,2025Q3
1467,114,12,,2025Q4
1468,105,3,10.03,2016Q1
1468,105,6,9.96,2016Q2
1468,105,9,10.51,2016Q3
1468,105,12,9.88,2016Q4
1468,106,3,10.49,2017Q1
1468,106,6,10.69,2017Q2
1468,106,9,10.15,2017Q3
1468,106,12,10.26,2017Q4
1468,107,3,9.83,2018Q1
1468,107,6,10.02,2018Q2
1468,107,9,11.26,2018Q3
1468,107,12,9.88,2018Q4
1468,108,3,9.93,2019Q1
1468,108,6,10.07,2019Q2
1468,108,9,10.02,2019Q3
1468,108,12,9.98,2019Q4
1468,109,3,9.45,2020Q1
1468,109,6,15.34,2020Q2
1468,109,9,11.83,2020Q3
1468,109,12,13.92,2020Q4
1468,110,3,14.44,2021Q1
1468,110,6,12.22,2021Q2
1468,110,9,11.7,2021Q3
1468,110,12,12.86,2021Q4
1468,111,3,11.92,2022Q1
1468,111,6,12.22,2022Q2
1468,111,9,12.33,2022Q3
1468,111,12,13.3,2022Q4
1468,112,3,15.36,2023Q1
1468,112,6,15.91,2023Q2
1468,112,9,13.15,2023Q3
1468,112,12,14.72,2023Q4
1468,113,3,14.19,2024Q1
1468,113,6,14.66,2024Q2
1468,113,9,13.83,2024Q3
1468,113,12,13.91,2024Q4
1468,114,3,14.13,2025Q1
1468,114,6,,2025Q2
1468,114,9,,2025Q3
1468,114,12,,2025Q4
1470,105,3,18.42,2016Q1
1470,105,6,18.21,2016Q2
1470,105,9,18.92,2016Q3
1470,105,12,19.34,2016Q4
1470,106,3,19.14,2017Q1
1470,106,6,17.92,2017Q2
1470,106,9,18.08,2017Q3
1470,106,12,18.44,2017Q4
1470,107,3,17.68,2018Q1
1470,107,6,19.05,2018Q2
1470,107,9,18.51,2018Q3
1470,107,12,17.77,2018Q4
1470,108,3,21.4,2019Q1
1470,108,6,22.51,2019Q2
1470,108,9,21.88,2019Q3
1470,108,12,22.1,2019Q4
1470,109,3,19.46,2020Q1
1470,109,6,19.12,2020Q2
1470,109,9,18.04,2020Q3
1470,109,12,18.18,2020Q4
1470,110,3,18.03,2021Q1
1470,110,6,16.35,2021Q2
1470,110,9,17.63,2021Q3
1470,110,12,18.13,2021Q4
1470,111,3,22.78,2022Q1
1470,111,6,23.75,2022Q2
1470,111,9,19.19,2022Q3
1470,111,12,18.46,2022Q4
1470,112,3,20.38,2023Q1
1470,112,6,20.33,2023Q2
1470,112,9,19.26,2023Q3
1470,112,12,19.21,2023Q4
1470,113,3,20.32,2024Q1
1470,113,6,20.68,2024Q2
1470,113,9,22.11,2024Q3
1470,113,12,21.42,2024Q4
1470,114,3,22.63,2025Q1
1470,114,6,,2025Q2
1470,114,9,,2025Q3
1470,114,12,,2025Q4
1471,105,3,6.01,2016Q1
1471,105,6,5.99,2016Q2
1471,105,9,5.25,2016Q3
1471,105,12,4.43,2016Q4
1471,106,3,5.66,2017Q1
1471,106,6,5.23,2017Q2
1471,106,9,5.27,2017Q3
1471,106,12,5.1,2017Q4
1471,107,3,7.46,2018Q1
1471,107,6,7.06,2018Q2
1471,107,9,6.1,2018Q3
1471,107,12,5.35,2018Q4
1471,108,3,5.8,2019Q1
1471,108,6,4.43,2019Q2
1471,108,9,3.81,2019Q3
1471,108,12,2.2,2019Q4
1471,109,3,1.73,2020Q1
1471,109,6,2.32,2020Q2
1471,109,9,6.9,2020Q3
1471,109,12,5.65,2020Q4
1471,110,3,6.64,2021Q1
1471,110,6,10.71,2021Q2
1471,110,9,7.6,2021Q3
1471,110,12,8.71,2021Q4
1471,111,3,7.41,2022Q1
1471,111,6,8.12,2022Q2
1471,111,9,8.55,2022Q3
1471,111,12,8.03,2022Q4
1471,112,3,7.98,2023Q1
1471,112,6,12.55,2023Q2
1471,112,9,20.39,2023Q3
1471,112,12,17.86,2023Q4
1471,113,3,17.34,2024Q1
1471,113,6,16.05,2024Q2
1471,113,9,13.35,2024Q3
1471,113,12,14.94,2024Q4
1471,114,3,11.96,2025Q1
1471,114,6,,2025Q2
1471,114,9,,2025Q3
1471,114,12,,2025Q4
1472,105,3,11.56,2016Q1
1472,105,6,9.45,2016Q2
1472,105,9,14.24,2016Q3
1472,105,12,12.52,2016Q4
1472,106,3,11.07,2017Q1
1472,106,6,15.21,2017Q2
1472,106,9,20.91,2017Q3
1472,106,12,43.32,2017Q4
1472,107,3,28.43,2018Q1
1472,107,6,37.0,2018Q2
1472,107,9,27.25,2018Q3
1472,107,12,28.53,2018Q4
1472,108,3,32.69,2019Q1
1472,108,6,34.52,2019Q2
1472,108,9,33.45,2019Q3
1472,108,12,27.52,2019Q4
1472,109,3,9.39,2020Q1
1472,109,6,14.86,2020Q2
1472,109,9,12.67,2020Q3
1472,109,12,10.38,2020Q4
1472,110,3,9.8,2021Q1
1472,110,6,10.32,2021Q2
1472,110,9,9.8,2021Q3
1472,110,12,31.02,2021Q4
1472,111,3,23.23,2022Q1
1472,111,6,25.16,2022Q2
1472,111,9,24.34,2022Q3
1472,111,12,22.01,2022Q4
1472,112,3,31.57,2023Q1
1472,112,6,38.98,2023Q2
1472,112,9,43.27,2023Q3
1472,112,12,65.78,2023Q4
1472,113,3,77.28,2024Q1
1472,113,6,71.41,2024Q2
1472,113,9,60.17,2024Q3
1472,113,12,65.43,2024Q4
1472,114,3,88.55,2025Q1
1472,114,6,,2025Q2
1472,114,9,,2025Q3
1472,114,12,,2025Q4
1473,105,3,39.38,2016Q1
1473,105,6,39.32,2016Q2
1473,105,9,29.65,2016Q3
1473,105,12,30.3,2016Q4
1473,106,3,28.3,2017Q1
1473,106,6,26.07,2017Q2
1473,106,9,24.45,2017Q3
1473,106,12,23.58,2017Q4
1473,107,3,23.61,2018Q1
1473,107,6,21.17,2018Q2
1473,107,9,19.86,2018Q3
1473,107,12,17.59,2018Q4
1473,108,3,19.66,2019Q1
1473,108,6,28.96,2019Q2
1473,108,9,26.48,2019Q3
1473,108,12,23.89,2019Q4
1473,109,3,27.56,2020Q1
1473,109,6,20.62,2020Q2
1473,109,9,18.42,2020Q3
1473,109,12,18.35,2020Q4
1473,110,3,17.97,2021Q1
1473,110,6,18.07,2021Q2
1473,110,9,17.61,2021Q3
1473,110,12,17.94,2021Q4
1473,111,3,18.66,2022Q1
1473,111,6,19.14,2022Q2
1473,111,9,20.5,2022Q3
1473,111,12,20.93,2022Q4
1473,112,3,25.2,2023Q1
1473,112,6,24.36,2023Q2
1473,112,9,26.55,2023Q3
1473,112,12,29.29,2023Q4
1473,113,3,30.84,2024Q1
1473,113,6,50.59,2024Q2
1473,113,9,37.12,2024Q3
1473,113,12,35.2,2024Q4
1473,114,3,37.23,2025Q1
1473,114,6,,2025Q2
1473,114,9,,2025Q3
1473,114,12,,2025Q4
1474,105,3,10.73,2016Q1
1474,105,6,10.39,2016Q2
1474,105,9,10.32,2016Q3
1474,105,12,11.2,2016Q4
1474,106,3,11.48,2017Q1
1474,106,6,11.52,2017Q2
1474,106,9,11.56,2017Q3
1474,106,12,11.28,2017Q4
1474,107,3,11.62,2018Q1
1474,107,6,12.23,2018Q2
1474,107,9,11.1,2018Q3
1474,107,12,10.57,2018Q4
1474,108,3,10.67,2019Q1
1474,108,6,10.01,2019Q2
1474,108,9,8.98,2019Q3
1474,108,12,9.58,2019Q4
1474,109,3,9.25,2020Q1
1474,109,6,16.24,2020Q2
1474,109,9,12.86,2020Q3
1474,109,12,13.13,2020Q4
1474,110,3,12.67,2021Q1
1474,110,6,17.34,2021Q2
1474,110,9,15.86,2021Q3
1474,110,12,15.23,2021Q4
1474,111,3,15.34,2022Q1
1474,111,6,12.66,2022Q2
1474,111,9,13.05,2022Q3
1474,111,12,12.24,2022Q4
1474,112,3,12.29,2023Q1
1474,112,6,13.0,2023Q2
1474,112,9,11.55,2023Q3
1474,112,12,11.92,2023Q4
1474,113,3,12.57,2024Q1
1474,113,6,14.08,2024Q2
1474,113,9,12.21,2024Q3
1474,113,12,12.91,2024Q4
1474,114,3,13.93,2025Q1
1474,114,6,,2025Q2
1474,114,9,,2025Q3
1474,114,12,,2025Q4
1475,105,3,8.71,2016Q1
1475,105,6,8.69,2016Q2
1475,105,9,10.15,2016Q3
1475,105,12,7.78,2016Q4
1475,106,3,10.08,2017Q1
1475,106,6,19.92,2017Q2
1475,106,9,38.48,2017Q3
1475,106,12,92.03,2017Q4
1475,107,3,45.6,2018Q1
1475,107,6,25.82,2018Q2
1475,107,9,11.63,2018Q3
1475,107,12,11.06,2018Q4
1475,108,3,7.93,2019Q1
1475,108,6,6.44,2019Q2
1475,108,9,5.42,2019Q3
1475,108,12,4.43,2019Q4
1475,109,3,7.3,2020Q1
1475,109,6,16.57,2020Q2
1475,109,9,24.75,2020Q3
1475,109,12,32.7,2020Q4
1475,110,3,38.93,2021Q1
1475,110,6,39.79,2021Q2
1475,110,9,44.92,2021Q3
1475,110,12,49.8,2021Q4
1475,111,3,63.36,2022Q1
1475,111,6,64.01,2022Q2
1475,111,9,54.99,2022Q3
1475,111,12,66.65,2022Q4
1475,112,3,62.97,2023Q1
1475,112,6,57.45,2023Q2
1475,112,9,52.46,2023Q3
1475,112,12,43.45,2023Q4
1475,113,3,49.45,2024Q1
1475,113,6,62.1,2024Q2
1475,113,9,60.78,2024Q3
1475,113,12,57.11,2024Q4
1475,114,3,58.23,2025Q1
1475,114,6,,2025Q2
1475,114,9,,2025Q3
1475,114,12,,2025Q4
1476,105,3,422.22,2016Q1
1476,105,6,308.44,2016Q2
1476,105,9,372.65,2016Q3
1476,105,12,335.75,2016Q4
1476,106,3,309.26,2017Q1
1476,106,6,345.29,2017Q2
1476,106,9,362.32,2017Q3
1476,106,12,288.47,2017Q4
1476,107,3,331.01,2018Q1
1476,107,6,362.61,2018Q2
1476,107,9,389.12,2018Q3
1476,107,12,342.2,2018Q4
1476,108,3,404.39,2019Q1
1476,108,6,404.59,2019Q2
1476,108,9,402.19,2019Q3
1476,108,12,400.64,2019Q4
1476,109,3,272.19,2020Q1
1476,109,6,335.59,2020Q2
1476,109,9,367.7,2020Q3
1476,109,12,399.69,2020Q4
1476,110,3,463.59,2021Q1
1476,110,6,635.23,2021Q2
1476,110,9,597.38,2021Q3
1476,110,12,610.59,2021Q4
1476,111,3,473.57,2022Q1
1476,111,6,466.46,2022Q2
1476,111,9,443.48,2022Q3
1476,111,12,474.43,2022Q4
1476,112,3,472.34,2023Q1
1476,112,6,492.59,2023Q2
1476,112,9,507.78,2023Q3
1476,112,12,570.67,2023Q4
1476,113,3,556.33,2024Q1
1476,113,6,529.42,2024Q2
1476,113,9,544.54,2024Q3
1476,113,12,520.35,2024Q4
1476,114,3,499.85,2025Q1
1476,114,6,,2025Q2
1476,114,9,,2025Q3
1476,114,12,,2025Q4
1477,105,3,198.88,2016Q1
1477,105,6,151.92,2016Q2
1477,105,9,148.37,2016Q3
1477,105,12,126.02,2016Q4
1477,106,3,126.87,2017Q1
1477,106,6,142.17,2017Q2
1477,106,9,137.76,2017Q3
1477,106,12,121.93,2017Q4
1477,107,3,134.9,2018Q1
1477,107,6,135.02,2018Q2
1477,107,9,151.76,2018Q3
1477,107,12,164.46,2018Q4
1477,108,3,201.84,2019Q1
1477,108,6,206.35,2019Q2
1477,108,9,174.74,2019Q3
1477,108,12,155.34,2019Q4
1477,109,3,118.64,2020Q1
1477,109,6,157.2,2020Q2
1477,109,9,183.58,2020Q3
1477,109,12,191.14,2020Q4
1477,110,3,226.03,2021Q1
1477,110,6,268.49,2021Q2
1477,110,9,249.16,2021Q3
1477,110,12,244.56,2021Q4
1477,111,3,204.05,2022Q1
1477,111,6,155.82,2022Q2
1477,111,9,195.59,2022Q3
1477,111,12,239.16,2022Q4
1477,112,3,223.08,2023Q1
1477,112,6,263.89,2023Q2
1477,112,9,333.1,2023Q3
1477,112,12,347.85,2023Q4
1477,113,3,383.84,2024Q1
1477,113,6,398.91,2024Q2
1477,113,9,373.2,2024Q3
1477,113,12,314.79,2024Q4
1477,114,3,348.01,2025Q1
1477,114,6,,2025Q2
1477,114,9,,2025Q3
1477,114,12,,2025Q4
1503,105,3,39.54,2016Q1
1503,105,6,39.97,2016Q2
1503,105,9,39.67,2016Q3
1503,105,12,39.99,2016Q4
1503,106,3,40.86,2017Q1
1503,106,6,41.26,2017Q2
1503,106,9,41.83,2017Q3
1503,106,12,41.7,2017Q4
1503,107,3,41.39,2018Q1
1503,107,6,41.07,2018Q2
1503,107,9,49.69,2018Q3
1503,107,12,40.33,2018Q4
1503,108,3,42.0,2019Q1
1503,108,6,46.33,2019Q2
1503,108,9,45.39,2019Q3
1503,108,12,45.21,2019Q4
1503,109,3,40.27,2020Q1
1503,109,6,45.83,2020Q2
1503,109,9,50.33,2020Q3
1503,109,12,50.29,2020Q4
1503,110,3,48.92,2021Q1
1503,110,6,52.81,2021Q2
1503,110,9,51.23,2021Q3
1503,110,12,53.37,2021Q4
1503,111,3,51.68,2022Q1
1503,111,6,60.86,2022Q2
1503,111,9,60.81,2022Q3
1503,111,12,60.35,2022Q4
1503,112,3,82.88,2023Q1
1503,112,6,152.98,2023Q2
1503,112,9,115.12,2023Q3
1503,112,12,126.08,2023Q4
1503,113,3,220.12,2024Q1
1503,113,6,274.03,2024Q2
1503,113,9,218.57,2024Q3
1503,113,12,195.63,2024Q4
1503,114,3,171.48,2025Q1
1503,114,6,,2025Q2
1503,114,9,,2025Q3
1503,114,12,,2025Q4
1504,105,3,27.35,2016Q1
1504,105,6,26.55,2016Q2
1504,105,9,26.98,2016Q3
1504,105,12,27.61,2016Q4
1504,106,3,30.0,2017Q1
1504,106,6,28.92,2017Q2
1504,106,9,28.16,2017Q3
1504,106,12,28.23,2017Q4
1504,107,3,24.18,2018Q1
1504,107,6,23.63,2018Q2
1504,107,9,21.69,2018Q3
1504,107,12,18.04,2018Q4
1504,108,3,20.03,2019Q1
1504,108,6,22.78,2019Q2
1504,108,9,24.93,2019Q3
1504,108,12,26.58,2019Q4
1504,109,3,24.94,2020Q1
1504,109,6,27.63,2020Q2
1504,109,9,30.04,2020Q3
1504,109,12,28.26,2020Q4
1504,110,3,31.45,2021Q1
1504,110,6,33.21,2021Q2
1504,110,9,30.92,2021Q3
1504,110,12,30.8,2021Q4
1504,111,3,30.81,2022Q1
1504,111,6,29.36,2022Q2
1504,111,9,28.67,2022Q3
1504,111,12,27.83,2022Q4
1504,112,3,38.7,2023Q1
1504,112,6,55.12,2023Q2
1504,112,9,50.04,2023Q3
1504,112,12,46.12,2023Q4
1504,113,3,54.45,2024Q1
1504,113,6,56.11,2024Q2
1504,113,9,48.23,2024Q3
1504,113,12,52.48,2024Q4
1504,114,3,51.95,2025Q1
1504,114,6,,2025Q2
1504,114,9,,2025Q3
1504,114,12,,2025Q4
1506,105,3,17.07,2016Q1
1506,105,6,16.07,2016Q2
1506,105,9,14.46,2016Q3
1506,105,12,15.17,2016Q4
1506,106,3,20.1,2017Q1
1506,106,6,25.7,2017Q2
1506,106,9,21.67,2017Q3
1506,106,12,21.01,2017Q4
1506,107,3,20.88,2018Q1
1506,107,6,20.66,2018Q2
1506,107,9,22.49,2018Q3
1506,107,12,20.85,2018Q4
1506,108,3,20.58,2019Q1
1506,108,6,17.96,2019Q2
1506,108,9,15.1,2019Q3
1506,108,12,14.69,2019Q4
1506,109,3,11.32,2020Q1
1506,109,6,12.11,2020Q2
1506,109,9,11.65,2020Q3
1506,109,12,11.15,2020Q4
1506,110,3,9.82,2021Q1
1506,110,6,10.47,2021Q2
1506,110,9,9.92,2021Q3
1506,110,12,14.63,2021Q4
1506,111,3,13.85,2022Q1
1506,111,6,16.93,2022Q2
1506,111,9,16.48,2022Q3
1506,111,12,17.63,2022Q4
1506,112,3,21.71,2023Q1
1506,112,6,18.98,2023Q2
1506,112,9,16.88,2023Q3
1506,112,12,17.5,2023Q4
1506,113,3,16.14,2024Q1
1506,113,6,16.86,2024Q2
1506,113,9,15.29,2024Q3
1506,113,12,13.01,2024Q4
1506,114,3,13.31,2025Q1
1506,114,6,,2025Q2
1506,114,9,,2025Q3
1506,114,12,,2025Q4
1512,105,3,5.7,2016Q1
1512,105,6,4.57,2016Q2
1512,105,9,5.35,2016Q3
1512,105,12,5.6,2016Q4
1512,106,3,7.67,2017Q1
1512,106,6,11.64,2017Q2
1512,106,9,13.52,2017Q3
1512,106,12,12.44,2017Q4
1512,107,3,12.64,2018Q1
1512,107,6,10.64,2018Q2
1512,107,9,9.95,2018Q3
1512,107,12,7.83,2018Q4
1512,108,3,7.0,2019Q1
1512,108,6,5.13,2019Q2
1512,108,9,5.09,2019Q3
1512,108,12,3.87,2019Q4
1512,109,3,3.16,2020Q1
1512,109,6,5.49,2020Q2
1512,109,9,4.85,2020Q3
1512,109,12,4.49,2020Q4
1512,110,3,4.86,2021Q1
1512,110,6,4.46,2021Q2
1512,110,9,4.05,2021Q3
1512,110,12,3.79,2021Q4
1512,111,3,4.36,2022Q1
1512,111,6,3.64,2022Q2
1512,111,9,3.38,2022Q3
1512,111,12,4.76,2022Q4
1512,112,3,12.87,2023Q1
1512,112,6,14.28,2023Q2
1512,112,9,12.26,2023Q3
1512,112,12,12.28,2023Q4
1512,113,3,10.77,2024Q1
1512,113,6,8.74,2024Q2
1512,113,9,7.27,2024Q3
1512,113,12,6.77,2024Q4
1512,114,3,7.01,2025Q1
1512,114,6,,2025Q2
1512,114,9,,2025Q3
1512,114,12,,2025Q4
1513,105,3,18.86,2016Q1
1513,105,6,18.37,2016Q2
1513,105,9,17.61,2016Q3
1513,105,12,18.94,2016Q4
1513,106,3,20.53,2017Q1
1513,106,6,20.75,2017Q2
1513,106,9,22.64,2017Q3
1513,106,12,22.28,2017Q4
1513,107,3,21.65,2018Q1
1513,107,6,21.01,2018Q2
1513,107,9,20.46,2018Q3
1513,107,12,19.71,2018Q4
1513,108,3,20.43,2019Q1
1513,108,6,21.09,2019Q2
1513,108,9,20.33,2019Q3
1513,108,12,22.73,2019Q4
1513,109,3,22.76,2020Q1
1513,109,6,28.19,2020Q2
1513,109,9,47.67,2020Q3
1513,109,12,57.37,2020Q4
1513,110,3,53.65,2021Q1
1513,110,6,51.39,2021Q2
1513,110,9,47.85,2021Q3
1513,110,12,44.46,2021Q4
1513,111,3,52.15,2022Q1
1513,111,6,53.19,2022Q2
1513,111,9,64.22,2022Q3
1513,111,12,65.37,2022Q4
1513,112,3,96.98,2023Q1
1513,112,6,125.86,2023Q2
1513,112,9,105.85,2023Q3
1513,112,12,124.68,2023Q4
1513,113,3,176.25,2024Q1
1513,113,6,183.84,2024Q2
1513,113,9,168.06,2024Q3
1513,113,12,155.92,2024Q4
1513,114,3,145.38,2025Q1
1513,114,6,,2025Q2
1513,114,9,,2025Q3
1513,114,12,,2025Q4
1514,105,3,9.32,2016Q1
1514,105,6,10.14,2016Q2
1514,105,9,10.55,2016Q3
1514,105,12,9.39,2016Q4
1514,106,3,10.36,2017Q1
1514,106,6,10.31,2017Q2
1514,106,9,10.34,2017Q3
1514,106,12,11.74,2017Q4
1514,107,3,12.44,2018Q1
1514,107,6,17.15,2018Q2
1514,107,9,14.58,2018Q3
1514,107,12,13.26,2018Q4
1514,108,3,14.79,2019Q1
1514,108,6,16.63,2019Q2
1514,108,9,17.5,2019Q3
1514,108,12,17.51,2019Q4
1514,109,3,16.82,2020Q1
1514,109,6,22.87,2020Q2
1514,109,9,28.64,2020Q3
1514,109,12,26.97,2020Q4
1514,110,3,25.34,2021Q1
1514,110,6,25.26,2021Q2
1514,110,9,23.74,2021Q3
1514,110,12,25.06,2021Q4
1514,111,3,27.81,2022Q1
1514,111,6,29.43,2022Q2
1514,111,9,30.73,2022Q3
1514,111,12,30.55,2022Q4
1514,112,3,40.05,2023Q1
1514,112,6,59.36,2023Q2
1514,112,9,50.92,2023Q3
1514,112,12,82.59,2023Q4
1514,113,3,110.23,2024Q1
1514,113,6,137.65,2024Q2
1514,113,9,125.91,2024Q3
1514,113,12,103.9,2024Q4
1514,114,3,110.61,2025Q1
1514,114,6,,2025Q2
1514,114,9,,2025Q3
1514,114,12,,2025Q4
1515,105,3,10.91,2016Q1
1515,105,6,13.08,2016Q2
1515,105,9,16.32,2016Q3
1515,105,12,14.5,2016Q4
1515,106,3,17.32,2017Q1
1515,106,6,23.35,2017Q2
1515,106,9,41.74,2017Q3
1515,106,12,56.11,2017Q4
1515,107,3,45.13,2018Q1
1515,107,6,39.83,2018Q2
1515,107,9,52.82,2018Q3
1515,107,12,69.11,2018Q4
1515,108,3,88.64,2019Q1
1515,108,6,84.36,2019Q2
1515,108,9,92.47,2019Q3
1515,108,12,73.76,2019Q4
1515,109,3,47.52,2020Q1
1515,109,6,82.57,2020Q2
1515,109,9,93.11,2020Q3
1515,109,12,75.54,2020Q4
1515,110,3,91.28,2021Q1
1515,110,6,79.24,2021Q2
1515,110,9,70.44,2021Q3
1515,110,12,58.27,2021Q4
1515,111,3,44.13,2022Q1
1515,111,6,32.59,2022Q2
1515,111,9,33.24,2022Q3
1515,111,12,32.49,2022Q4
1515,112,3,29.59,2023Q1
1515,112,6,34.28,2023Q2
1515,112,9,42.63,2023Q3
1515,112,12,54.76,2023Q4
1515,113,3,49.46,2024Q1
1515,113,6,45.8,2024Q2
1515,113,9,36.65,2024Q3
1515,113,12,30.77,2024Q4
1515,114,3,35.21,2025Q1
1515,114,6,,2025Q2
1515,114,9,,2025Q3
1515,114,12,,2025Q4
1516,105,3,27.69,2016Q1
1516,105,6,23.62,2016Q2
1516,105,9,23.85,2016Q3
1516,105,12,16.92,2016Q4
1516,106,3,22.43,2017Q1
1516,106,6,16.57,2017Q2
1516,106,9,14.7,2017Q3
1516,106,12,15.23,2017Q4
1516,107,3,25.54,2018Q1
1516,107,6,22.57,2018Q2
1516,107,9,19.24,2018Q3
1516,107,12,16.22,2018Q4
1516,108,3,16.06,2019Q1
1516,108,6,15.31,2019Q2
1516,108,9,16.08,2019Q3
1516,108,12,16.46,2019Q4
1516,109,3,15.69,2020Q1
1516,109,6,13.57,2020Q2
1516,109,9,18.03,2020Q3
1516,109,12,23.49,2020Q4
1516,110,3,25.05,2021Q1
1516,110,6,21.75,2021Q2
1516,110,9,19.54,2021Q3
1516,110,12,24.29,2021Q4
1516,111,3,29.91,2022Q1
1516,111,6,26.52,2022Q2
1516,111,9,24.12,2022Q3
1516,111,12,21.0,2022Q4
1516,112,3,20.38,2023Q1
1516,112,6,21.09,2023Q2
1516,112,9,17.25,2023Q3
1516,112,12,19.2,2023Q4
1516,113,3,16.84,2024Q1
1516,113,6,23.97,2024Q2
1516,113,9,19.14,2024Q3
1516,113,12,18.49,2024Q4
1516,114,3,16.36,2025Q1
1516,114,6,,2025Q2
1516,114,9,,2025Q3
1516,114,12,,2025Q4
1517,105,3,11.45,2016Q1
1517,105,6,10.82,2016Q2
1517,105,9,10.54,2016Q3
1517,105,12,10.4,2016Q4
1517,106,3,11.46,2017Q1
1517,106,6,10.32,2017Q2
1517,106,9,11.14,2017Q3
1517,106,12,11.65,2017Q4
1517,107,3,10.85,2018Q1
1517,107,6,10.4,2018Q2
1517,107,9,10.41,2018Q3
1517,107,12,9.88,2018Q4
1517,108,3,10.4,2019Q1
1517,108,6,9.64,2019Q2
1517,108,9,9.27,2019Q3
1517,108,12,9.05,2019Q4
1517,109,3,7.38,2020Q1
1517,109,6,9.31,2020Q2
1517,109,9,12.12,2020Q3
1517,109,12,14.33,2020Q4
1517,110,3,17.06,2021Q1
1517,110,6,26.75,2021Q2
1517,110,9,28.33,2021Q3
1517,110,12,27.71,2021Q4
1517,111,3,24.08,2022Q1
1517,111,6,22.97,2022Q2
1517,111,9,24.71,2022Q3
1517,111,12,21.67,2022Q4
1517,112,3,20.26,2023Q1
1517,112,6,18.94,2023Q2
1517,112,9,15.75,2023Q3
1517,112,12,15.61,2023Q4
1517,113,3,17.46,2024Q1
1517,113,6,16.88,2024Q2
1517,113,9,15.69,2024Q3
1517,113,12,14.97,2024Q4
1517,114,3,14.22,2025Q1
1517,114,6,,2025Q2
1517,114,9,,2025Q3
1517,114,12,,2025Q4
1519,105,3,16.35,2016Q1
1519,105,6,15.37,2016Q2
1519,105,9,18.58,2016Q3
1519,105,12,18.08,2016Q4
1519,106,3,17.22,2017Q1
1519,106,6,17.25,2017Q2
1519,106,9,22.43,2017Q3
1519,106,12,20.24,2017Q4
1519,107,3,24.92,2018Q1
1519,107,6,23.04,2018Q2
1519,107,9,24.16,2018Q3
1519,107,12,18.99,2018Q4
1519,108,3,23.15,2019Q1
1519,108,6,26.37,2019Q2
1519,108,9,25.0,2019Q3
1519,108,12,29.21,2019Q4
1519,109,3,25.77,2020Q1
1519,109,6,27.83,2020Q2
1519,109,9,44.32,2020Q3
1519,109,12,52.88,2020Q4
1519,110,3,45.42,2021Q1
1519,110,6,42.99,2021Q2
1519,110,9,38.3,2021Q3
1519,110,12,36.37,2021Q4
1519,111,3,41.03,2022Q1
1519,111,6,35.44,2022Q2
1519,111,9,42.68,2022Q3
1519,111,12,48.53,2022Q4
1519,112,3,69.73,2023Q1
1519,112,6,157.35,2023Q2
1519,112,9,268.67,2023Q3
1519,112,12,337.65,2023Q4
1519,113,3,611.16,2024Q1
1519,113,6,828.09,2024Q2
1519,113,9,615.13,2024Q3
1519,113,12,551.8,2024Q4
1519,114,3,565.01,2025Q1
1519,114,6,,2025Q2
1519,114,9,,2025Q3
1519,114,12,,2025Q4
1521,105,3,84.6,2016Q1
1521,105,6,80.11,2016Q2
1521,105,9,82.44,2016Q3
1521,105,12,82.26,2016Q4
1521,106,3,80.79,2017Q1
1521,106,6,84.93,2017Q2
1521,106,9,82.05,2017Q3
1521,106,12,78.51,2017Q4
1521,107,3,78.96,2018Q1
1521,107,6,80.74,2018Q2
1521,107,9,68.81,2018Q3
1521,107,12,54.59,2018Q4
1521,108,3,62.32,2019Q1
1521,108,6,63.12,2019Q2
1521,108,9,66.64,2019Q3
1521,108,12,64.92,2019Q4
1521,109,3,54.27,2020Q1
1521,109,6,60.86,2020Q2
1521,109,9,53.43,2020Q3
1521,109,12,55.79,2020Q4
1521,110,3,54.17,2021Q1
1521,110,6,45.97,2021Q2
1521,110,9,42.62,2021Q3
1521,110,12,40.76,2021Q4
1521,111,3,39.22,2022Q1
1521,111,6,39.39,2022Q2
1521,111,9,35.33,2022Q3
1521,111,12,35.67,2022Q4
1521,112,3,38.62,2023Q1
1521,112,6,41.32,2023Q2
1521,112,9,39.15,2023Q3
1521,112,12,45.88,2023Q4
1521,113,3,41.76,2024Q1
1521,113,6,39.73,2024Q2
1521,113,9,38.56,2024Q3
1521,113,12,31.76,2024Q4
1521,114,3,28.67,2025Q1
1521,114,6,,2025Q2
1521,114,9,,2025Q3
1521,114,12,,2025Q4
1522,105,3,26.78,2016Q1
1522,105,6,26.01,2016Q2
1522,105,9,37.49,2016Q3
1522,105,12,35.7,2016Q4
1522,106,3,35.07,2017Q1
1522,106,6,32.34,2017Q2
1522,106,9,33.34,2017Q3
1522,106,12,33.04,2017Q4
1522,107,3,30.63,2018Q1
1522,107,6,32.71,2018Q2
1522,107,9,28.52,2018Q3
1522,107,12,25.64,2018Q4
1522,108,3,26.5,2019Q1
1522,108,6,27.27,2019Q2
1522,108,9,31.42,2019Q3
1522,108,12,29.23,2019Q4
1522,109,3,19.97,2020Q1
1522,109,6,24.85,2020Q2
1522,109,9,21.73,2020Q3
1522,109,12,23.11,2020Q4
1522,110,3,23.86,2021Q1
1522,110,6,21.85,2021Q2
1522,110,9,19.91,2021Q3
1522,110,12,19.11,2021Q4
1522,111,3,18.22,2022Q1
1522,111,6,28.78,2022Q2
1522,111,9,28.88,2022Q3
1522,111,12,28.3,2022Q4
1522,112,3,29.24,2023Q1
1522,112,6,35.64,2023Q2
1522,112,9,41.78,2023Q3
1522,112,12,43.1,2023Q4
1522,113,3,49.67,2024Q1
1522,113,6,69.0,2024Q2
1522,113,9,64.49,2024Q3
1522,113,12,64.15,2024Q4
1522,114,3,59.79,2025Q1
1522,114,6,,2025Q2
1522,114,9,,2025Q3
1522,114,12,,2025Q4
1524,105,3,7.19,2016Q1
1524,105,6,8.64,2016Q2
1524,105,9,12.07,2016Q3
1524,105,12,11.23,2016Q4
1524,106,3,13.08,2017Q1
1524,106,6,11.57,2017Q2
1524,106,9,11.8,2017Q3
1524,106,12,12.0,2017Q4
1524,107,3,10.58,2018Q1
1524,107,6,11.06,2018Q2
1524,107,9,10.22,2018Q3
1524,107,12,10.43,2018Q4
1524,108,3,10.49,2019Q1
1524,108,6,10.43,2019Q2
1524,108,9,9.95,2019Q3
1524,108,12,9.95,2019Q4
1524,109,3,8.33,2020Q1
1524,109,6,8.89,2020Q2
1524,109,9,9.82,2020Q3
1524,109,12,10.16,2020Q4
1524,110,3,11.26,2021Q1
1524,110,6,10.33,2021Q2
1524,110,9,9.95,2021Q3
1524,110,12,11.14,2021Q4
1524,111,3,10.38,2022Q1
1524,111,6,21.11,2022Q2
1524,111,9,27.23,2022Q3
1524,111,12,25.35,2022Q4
1524,112,3,26.25,2023Q1
1524,112,6,24.55,2023Q2
1524,112,9,25.74,2023Q3
1524,112,12,35.75,2023Q4
1524,113,3,35.85,2024Q1
1524,113,6,36.73,2024Q2
1524,113,9,34.17,2024Q3
1524,113,12,39.82,2024Q4
1524,114,3,41.87,2025Q1
1524,114,6,,2025Q2
1524,114,9,,2025Q3
1524,114,12,,2025Q4
1525,105,3,101.01,2016Q1
1525,105,6,129.01,2016Q2
1525,105,9,143.33,2016Q3
1525,105,12,115.98,2016Q4
1525,106,3,111.21,2017Q1
1525,106,6,119.43,2017Q2
1525,106,9,105.32,2017Q3
1525,106,12,94.11,2017Q4
1525,107,3,80.26,2018Q1
1525,107,6,75.92,2018Q2
1525,107,9,66.48,2018Q3
1525,107,12,57.02,2018Q4
1525,108,3,65.0,2019Q1
1525,108,6,56.13,2019Q2
1525,108,9,56.7,2019Q3
1525,108,12,55.45,2019Q4
1525,109,3,42.36,2020Q1
1525,109,6,49.27,2020Q2
1525,109,9,70.59,2020Q3
1525,109,12,66.66,2020Q4
1525,110,3,77.71,2021Q1
1525,110,6,71.58,2021Q2
1525,110,9,62.67,2021Q3
1525,110,12,60.12,2021Q4
1525,111,3,59.94,2022Q1
1525,111,6,59.05,2022Q2
1525,111,9,62.07,2022Q3
1525,111,12,58.43,2022Q4
1525,112,3,63.07,2023Q1
1525,112,6,115.55,2023Q2
1525,112,9,81.63,2023Q3
1525,112,12,81.73,2023Q4
1525,113,3,73.46,2024Q1
1525,113,6,76.98,2024Q2
1525,113,9,67.98,2024Q3
1525,113,12,62.03,2024Q4
1525,114,3,63.92,2025Q1
1525,114,6,,2025Q2
1525,114,9,,2025Q3
1525,114,12,,2025Q4
1526,105,3,14.05,2016Q1
1526,105,6,12.66,2016Q2
1526,105,9,15.1,2016Q3
1526,105,12,14.51,2016Q4
1526,106,3,15.48,2017Q1
1526,106,6,18.64,2017Q2
1526,106,9,34.89,2017Q3
1526,106,12,57.76,2017Q4
1526,107,3,79.81,2018Q1
1526,107,6,44.08,2018Q2
1526,107,9,25.59,2018Q3
1526,107,12,34.23,2018Q4
1526,108,3,37.9,2019Q1
1526,108,6,29.87,2019Q2
1526,108,9,29.29,2019Q3
1526,108,12,24.23,2019Q4
1526,109,3,16.3,2020Q1
1526,109,6,33.12,2020Q2
1526,109,9,49.28,2020Q3
1526,109,12,49.41,2020Q4
1526,110,3,46.09,2021Q1
1526,110,6,52.76,2021Q2
1526,110,9,50.88,2021Q3
1526,110,12,48.94,2021Q4
1526,111,3,47.37,2022Q1
1526,111,6,48.21,2022Q2
1526,111,9,56.59,2022Q3
1526,111,12,43.97,2022Q4
1526,112,3,43.05,2023Q1
1526,112,6,40.45,2023Q2
1526,112,9,35.04,2023Q3
1526,112,12,33.6,2023Q4
1526,113,3,35.19,2024Q1
1526,113,6,32.34,2024Q2
1526,113,9,28.12,2024Q3
1526,113,12,25.83,2024Q4
1526,114,3,25.45,2025Q1
1526,114,6,,2025Q2
1526,114,9,,2025Q3
1526,114,12,,2025Q4
1527,105,3,71.24,2016Q1
1527,105,6,80.32,2016Q2
1527,105,9,103.2,2016Q3
1527,105,12,89.28,2016Q4
1527,106,3,94.29,2017Q1
1527,106,6,87.2,2017Q2
1527,106,9,88.41,2017Q3
1527,106,12,69.22,2017Q4
1527,107,3,55.05,2018Q1
1527,107,6,63.68,2018Q2
1527,107,9,56.05,2018Q3
1527,107,12,47.21,2018Q4
1527,108,3,54.68,2019Q1
1527,108,6,57.4,2019Q2
1527,108,9,50.37,2019Q3
1527,108,12,49.68,2019Q4
1527,109,3,40.07,2020Q1
1527,109,6,41.06,2020Q2
1527,109,9,38.84,2020Q3
1527,109,12,42.08,2020Q4
1527,110,3,46.96,2021Q1
1527,110,6,49.67,2021Q2
1527,110,9,45.63,2021Q3
1527,110,12,42.82,2021Q4
1527,111,3,41.33,2022Q1
1527,111,6,46.52,2022Q2
1527,111,9,41.92,2022Q3
1527,111,12,41.5,2022Q4
1527,112,3,44.06,2023Q1
1527,112,6,41.95,2023Q2
1527,112,9,39.77,2023Q3
1527,112,12,41.08,2023Q4
1527,113,3,41.32,2024Q1
1527,113,6,43.92,2024Q2
1527,113,9,47.21,2024Q3
1527,113,12,43.29,2024Q4
1527,114,3,42.52,2025Q1
1527,114,6,,2025Q2
1527,114,9,,2025Q3
1527,114,12,,2025Q4
1528,105,3,10.65,2016Q1
1528,105,6,10.72,2016Q2
1528,105,9,10.11,2016Q3
1528,105,12,10.13,2016Q4
1528,106,3,10.69,2017Q1
1528,106,6,10.35,2017Q2
1528,106,9,11.97,2017Q3
1528,106,12,14.89,2017Q4
1528,107,3,16.62,2018Q1
1528,107,6,15.98,2018Q2
1528,107,9,12.43,2018Q3
1528,107,12,10.58,2018Q4
1528,108,3,10.35,2019Q1
1528,108,6,9.31,2019Q2
1528,108,9,9.24,2019Q3
1528,108,12,9.42,2019Q4
1528,109,3,6.2,2020Q1
1528,109,6,7.81,2020Q2
1528,109,9,8.42,2020Q3
1528,109,12,9.32,2020Q4
1528,110,3,10.22,2021Q1
1528,110,6,11.43,2021Q2
1528,110,9,10.73,2021Q3
1528,110,12,11.69,2021Q4
1528,111,3,10.16,2022Q1
1528,111,6,10.42,2022Q2
1528,111,9,10.75,2022Q3
1528,111,12,10.27,2022Q4
1528,112,3,11.01,2023Q1
1528,112,6,15.93,2023Q2
1528,112,9,12.28,2023Q3
1528,112,12,11.8,2023Q4
1528,113,3,13.49,2024Q1
1528,113,6,13.08,2024Q2
1528,113,9,14.06,2024Q3
1528,113,12,16.29,2024Q4
1528,114,3,17.22,2025Q1
1528,114,6,,2025Q2
1528,114,9,,2025Q3
1528,114,12,,2025Q4
1529,105,3,3.03,2016Q1
1529,105,6,4.35,2016Q2
1529,105,9,4.34,2016Q3
1529,105,12,3.43,2016Q4
1529,106,3,3.95,2017Q1
1529,106,6,3.25,2017Q2
1529,106,9,3.36,2017Q3
1529,106,12,3.08,2017Q4
1529,107,3,3.6,2018Q1
1529,107,6,3.29,2018Q2
1529,107,9,2.94,2018Q3
1529,107,12,4.18,2018Q4
1529,108,3,13.83,2019Q1
1529,108,6,15.67,2019Q2
1529,108,9,17.34,2019Q3
1529,108,12,18.5,2019Q4
1529,109,3,13.4,2020Q1
1529,109,6,17.12,2020Q2
1529,109,9,16.38,2020Q3
1529,109,12,17.13,2020Q4
1529,110,3,15.75,2021Q1
1529,110,6,17.17,2021Q2
1529,110,9,16.87,2021Q3
1529,110,12,21.86,2021Q4
1529,111,3,25.54,2022Q1
1529,111,6,19.73,2022Q2
1529,111,9,20.97,2022Q3
1529,111,12,19.85,2022Q4
1529,112,3,28.07,2023Q1
1529,112,6,41.84,2023Q2
1529,112,9,31.6,2023Q3
1529,112,12,35.24,2023Q4
1529,113,3,35.32,2024Q1
1529,113,6,33.98,2024Q2
1529,113,9,29.4,2024Q3
1529,113,12,24.14,2024Q4
1529,114,3,27.33,2025Q1
1529,114,6,,2025Q2
1529,114,9,,2025Q3
1529,114,12,,2025Q4
1530,105,3,31.95,2016Q1
1530,105,6,28.42,2016Q2
1530,105,9,28.24,2016Q3
1530,105,12,28.01,2016Q4
1530,106,3,34.95,2017Q1
1530,106,6,32.84,2017Q2
1530,106,9,35.97,2017Q3
1530,106,12,31.74,2017Q4
1530,107,3,32.72,2018Q1
1530,107,6,38.43,2018Q2
1530,107,9,32.82,2018Q3
1530,107,12,29.7,2018Q4
1530,108,3,31.24,2019Q1
1530,108,6,30.27,2019Q2
1530,108,9,28.31,2019Q3
1530,108,12,29.77,2019Q4
1530,109,3,27.06,2020Q1
1530,109,6,31.37,2020Q2
1530,109,9,29.94,2020Q3
1530,109,12,31.51,2020Q4
1530,110,3,34.89,2021Q1
1530,110,6,39.89,2021Q2
1530,110,9,36.03,2021Q3
1530,110,12,33.0,2021Q4
1530,111,3,31.39,2022Q1
1530,111,6,31.08,2022Q2
1530,111,9,31.11,2022Q3
1530,111,12,31.02,2022Q4
1530,112,3,32.83,2023Q1
1530,112,6,33.0,2023Q2
1530,112,9,30.01,2023Q3
1530,112,12,32.95,2023Q4
1530,113,3,32.44,2024Q1
1530,113,6,32.2,2024Q2
1530,113,9,34.78,2024Q3
1530,113,12,30.83,2024Q4
1530,114,3,32.3,2025Q1
1530,114,6,,2025Q2
1530,114,9,,2025Q3
1530,114,12,,2025Q4
1531,105,3,18.31,2016Q1
1531,105,6,16.31,2016Q2
1531,105,9,16.45,2016Q3
1531,105,12,15.87,2016Q4
1531,106,3,18.38,2017Q1
1531,106,6,20.43,2017Q2
1531,106,9,21.29,2017Q3
1531,106,12,22.9,2017Q4
1531,107,3,21.94,2018Q1
1531,107,6,20.06,2018Q2
1531,107,9,18.14,2018Q3
1531,107,12,16.02,2018Q4
1531,108,3,16.56,2019Q1
1531,108,6,16.06,2019Q2
1531,108,9,15.08,2019Q3
1531,108,12,15.15,2019Q4
1531,109,3,10.72,2020Q1
1531,109,6,12.31,2020Q2
1531,109,9,11.35,2020Q3
1531,109,12,13.2,2020Q4
1531,110,3,14.68,2021Q1
1531,110,6,14.61,2021Q2
1531,110,9,15.55,2021Q3
1531,110,12,15.7,2021Q4
1531,111,3,15.18,2022Q1
1531,111,6,14.58,2022Q2
1531,111,9,14.15,2022Q3
1531,111,12,14.04,2022Q4
1531,112,3,14.35,2023Q1
1531,112,6,14.59,2023Q2
1531,112,9,13.39,2023Q3
1531,112,12,13.78,2023Q4
1531,113,3,13.47,2024Q1
1531,113,6,14.66,2024Q2
1531,113,9,14.07,2024Q3
1531,113,12,15.38,2024Q4
1531,114,3,13.8,2025Q1
1531,114,6,,2025Q2
1531,114,9,,2025Q3
1531,114,12,,2025Q4
1532,105,3,28.34,2016Q1
1532,105,6,37.24,2016Q2
1532,105,9,30.97,2016Q3
1532,105,12,33.66,2016Q4
1532,106,3,32.17,2017Q1
1532,106,6,30.24,2017Q2
1532,106,9,30.58,2017Q3
1532,106,12,27.96,2017Q4
1532,107,3,28.84,2018Q1
1532,107,6,29.38,2018Q2
1532,107,9,31.26,2018Q3
1532,107,12,36.39,2018Q4
1532,108,3,38.95,2019Q1
1532,108,6,35.41,2019Q2
1532,108,9,30.84,2019Q3
1532,108,12,30.94,2019Q4
1532,109,3,24.45,2020Q1
1532,109,6,28.3,2020Q2
1532,109,9,31.0,2020Q3
1532,109,12,32.33,2020Q4
1532,110,3,31.86,2021Q1
1532,110,6,33.1,2021Q2
1532,110,9,34.7,2021Q3
1532,110,12,32.57,2021Q4
1532,111,3,34.43,2022Q1
1532,111,6,32.25,2022Q2
1532,111,9,29.58,2022Q3
1532,111,12,29.31,2022Q4
1532,112,3,34.72,2023Q1
1532,112,6,36.58,2023Q2
1532,112,9,36.52,2023Q3
1532,112,12,40.15,2023Q4
1532,113,3,37.83,2024Q1
1532,113,6,50.39,2024Q2
1532,113,9,38.29,2024Q3
1532,113,12,32.61,2024Q4
1532,114,3,31.02,2025Q1
1532,114,6,,2025Q2
1532,114,9,,2025Q3
1532,114,12,,2025Q4
1533,105,3,52.73,2016Q1
1533,105,6,44.54,2016Q2
1533,105,9,44.45,2016Q3
1533,105,12,43.87,2016Q4
1533,106,3,43.24,2017Q1
1533,106,6,40.71,2017Q2
1533,106,9,41.89,2017Q3
1533,106,12,40.94,2017Q4
1533,107,3,37.92,2018Q1
1533,107,6,38.91,2018Q2
1533,107,9,35.44,2018Q3
1533,107,12,37.69,2018Q4
1533,108,3,36.9,2019Q1
1533,108,6,34.65,2019Q2
1533,108,9,38.45,2019Q3
1533,108,12,37.36,2019Q4
1533,109,3,26.6,2020Q1
1533,109,6,30.25,2020Q2
1533,109,9,29.74,2020Q3
1533,109,12,37.34,2020Q4
1533,110,3,68.77,2021Q1
1533,110,6,61.89,2021Q2
1533,110,9,49.65,2021Q3
1533,110,12,60.85,2021Q4
1533,111,3,57.45,2022Q1
1533,111,6,64.76,2022Q2
1533,111,9,58.45,2022Q3
1533,111,12,51.79,2022Q4
1533,112,3,51.98,2023Q1
1533,112,6,63.61,2023Q2
1533,112,9,58.61,2023Q3
1533,112,12,56.55,2023Q4
1533,113,3,49.6,2024Q1
1533,113,6,46.35,2024Q2
1533,113,9,41.45,2024Q3
1533,113,12,39.8,2024Q4
1533,114,3,38.32,2025Q1
1533,114,6,,2025Q2
1533,114,9,,2025Q3
1533,114,12,,2025Q4
1535,105,3,59.39,2016Q1
1535,105,6,51.81,2016Q2
1535,105,9,45.62,2016Q3
1535,105,12,44.43,2016Q4
1535,106,3,47.31,2017Q1
1535,106,6,43.81,2017Q2
1535,106,9,39.69,2017Q3
1535,106,12,41.87,2017Q4
1535,107,3,45.7,2018Q1
1535,107,6,40.19,2018Q2
1535,107,9,36.18,2018Q3
1535,107,12,30.23,2018Q4
1535,108,3,33.58,2019Q1
1535,108,6,32.37,2019Q2
1535,108,9,33.72,2019Q3
1535,108,12,34.81,2019Q4
1535,109,3,29.14,2020Q1
1535,109,6,32.53,2020Q2
1535,109,9,32.16,2020Q3
1535,109,12,34.03,2020Q4
1535,110,3,38.85,2021Q1
1535,110,6,37.6,2021Q2
1535,110,9,39.43,2021Q3
1535,110,12,39.6,2021Q4
1535,111,3,42.91,2022Q1
1535,111,6,41.76,2022Q2
1535,111,9,43.78,2022Q3
1535,111,12,43.05,2022Q4
1535,112,3,48.98,2023Q1
1535,112,6,54.52,2023Q2
1535,112,9,53.46,2023Q3
1535,112,12,56.16,2023Q4
1535,113,3,70.77,2024Q1
1535,113,6,69.71,2024Q2
1535,113,9,60.32,2024Q3
1535,113,12,62.58,2024Q4
1535,114,3,59.83,2025Q1
1535,114,6,,2025Q2
1535,114,9,,2025Q3
1535,114,12,,2025Q4
1536,105,3,129.21,2016Q1
1536,105,6,150.6,2016Q2
1536,105,9,156.55,2016Q3
1536,105,12,127.12,2016Q4
1536,106,3,132.78,2017Q1
1536,106,6,147.19,2017Q2
1536,106,9,140.7,2017Q3
1536,106,12,142.88,2017Q4
1536,107,3,130.85,2018Q1
1536,107,6,150.46,2018Q2
1536,107,9,131.12,2018Q3
1536,107,12,127.22,2018Q4
1536,108,3,116.1,2019Q1
1536,108,6,95.09,2019Q2
1536,108,9,113.63,2019Q3
1536,108,12,115.69,2019Q4
1536,109,3,84.8,2020Q1
1536,109,6,104.33,2020Q2
1536,109,9,99.53,2020Q3
1536,109,12,107.74,2020Q4
1536,110,3,111.65,2021Q1
1536,110,6,105.4,2021Q2
1536,110,9,94.06,2021Q3
1536,110,12,90.66,2021Q4
1536,111,3,77.36,2022Q1
1536,111,6,69.32,2022Q2
1536,111,9,91.69,2022Q3
1536,111,12,73.34,2022Q4
1536,112,3,72.87,2023Q1
1536,112,6,72.76,2023Q2
1536,112,9,65.86,2023Q3
1536,112,12,60.86,2023Q4
1536,113,3,52.79,2024Q1
1536,113,6,56.2,2024Q2
1536,113,9,60.14,2024Q3
1536,113,12,65.67,2024Q4
1536,114,3,74.81,2025Q1
1536,114,6,,2025Q2
1536,114,9,,2025Q3
1536,114,12,,2025Q4
1537,105,3,137.65,2016Q1
1537,105,6,139.2,2016Q2
1537,105,9,150.63,2016Q3
1537,105,12,151.87,2016Q4
1537,106,3,159.35,2017Q1
1537,106,6,160.07,2017Q2
1537,106,9,151.56,2017Q3
1537,106,12,144.36,2017Q4
1537,107,3,145.55,2018Q1
1537,107,6,147.0,2018Q2
1537,107,9,141.82,2018Q3
1537,107,12,145.37,2018Q4
1537,108,3,163.18,2019Q1
1537,108,6,163.21,2019Q2
1537,108,9,147.69,2019Q3
1537,108,12,148.28,2019Q4
1537,109,3,132.06,2020Q1
1537,109,6,146.4,2020Q2
1537,109,9,138.22,2020Q3
1537,109,12,142.82,2020Q4
1537,110,3,145.97,2021Q1
1537,110,6,148.36,2021Q2
1537,110,9,138.22,2021Q3
1537,110,12,138.48,2021Q4
1537,111,3,137.8,2022Q1
1537,111,6,136.39,2022Q2
1537,111,9,139.97,2022Q3
1537,111,12,137.06,2022Q4
1537,112,3,141.56,2023Q1
1537,112,6,141.05,2023Q2
1537,112,9,131.65,2023Q3
1537,112,12,131.64,2023Q4
1537,113,3,138.19,2024Q1
1537,113,6,146.15,2024Q2
1537,113,9,150.85,2024Q3
1537,113,12,158.19,2024Q4
1537,114,3,153.96,2025Q1
1537,114,6,,2025Q2
1537,114,9,,2025Q3
1537,114,12,,2025Q4
1538,105,3,5.91,2016Q1
1538,105,6,4.83,2016Q2
1538,105,9,6.63,2016Q3
1538,105,12,5.98,2016Q4
1538,106,3,6.51,2017Q1
1538,106,6,8.48,2017Q2
1538,106,9,6.1,2017Q3
1538,106,12,4.96,2017Q4
1538,107,3,5.7,2018Q1
1538,107,6,4.17,2018Q2
1538,107,9,5.32,2018Q3
1538,107,12,5.07,2018Q4
1538,108,3,5.0,2019Q1
1538,108,6,4.41,2019Q2
1538,108,9,3.77,2019Q3
1538,108,12,4.7,2019Q4
1538,109,3,2.41,2020Q1
1538,109,6,3.62,2020Q2
1538,109,9,4.41,2020Q3
1538,109,12,8.16,2020Q4
1538,110,3,7.94,2021Q1
1538,110,6,12.51,2021Q2
1538,110,9,9.92,2021Q3
1538,110,12,10.63,2021Q4
1538,111,3,8.55,2022Q1
1538,111,6,7.11,2022Q2
1538,111,9,7.52,2022Q3
1538,111,12,7.1,2022Q4
1538,112,3,8.63,2023Q1
1538,112,6,9.44,2023Q2
1538,112,9,11.82,2023Q3
1538,112,12,20.55,2023Q4
1538,113,3,20.85,2024Q1
1538,113,6,17.23,2024Q2
1538,113,9,17.65,2024Q3
1538,113,12,18.34,2024Q4
1538,114,3,28.17,2025Q1
1538,114,6,,2025Q2
1538,114,9,,2025Q3
1538,114,12,,2025Q4
1539,105,3,34.75,2016Q1
1539,105,6,31.88,2016Q2
1539,105,9,30.57,2016Q3
1539,105,12,27.08,2016Q4
1539,106,3,27.1,2017Q1
1539,106,6,22.67,2017Q2
1539,106,9,21.73,2017Q3
1539,106,12,20.47,2017Q4
1539,107,3,18.05,2018Q1
1539,107,6,21.0,2018Q2
1539,107,9,29.05,2018Q3
1539,107,12,24.4,2018Q4
1539,108,3,25.7,2019Q1
1539,108,6,23.97,2019Q2
1539,108,9,21.01,2019Q3
1539,108,12,20.0,2019Q4
1539,109,3,14.09,2020Q1
1539,109,6,17.83,2020Q2
1539,109,9,23.03,2020Q3
1539,109,12,19.6,2020Q4
1539,110,3,20.37,2021Q1
1539,110,6,18.04,2021Q2
1539,110,9,16.83,2021Q3
1539,110,12,22.88,2021Q4
1539,111,3,18.4,2022Q1
1539,111,6,29.95,2022Q2
1539,111,9,38.29,2022Q3
1539,111,12,31.76,2022Q4
1539,112,3,32.41,2023Q1
1539,112,6,29.21,2023Q2
1539,112,9,23.78,2023Q3
1539,112,12,24.68,2023Q4
1539,113,3,25.64,2024Q1
1539,113,6,23.95,2024Q2
1539,113,9,32.63,2024Q3
1539,113,12,23.0,2024Q4
1539,114,3,22.53,2025Q1
1539,114,6,,2025Q2
1539,114,9,,2025Q3
1539,114,12,,2025Q4
1540,105,3,16.94,2016Q1
1540,105,6,15.29,2016Q2
1540,105,9,14.61,2016Q3
1540,105,12,13.02,2016Q4
1540,106,3,15.23,2017Q1
1540,106,6,15.28,2017Q2
1540,106,9,15.24,2017Q3
1540,106,12,15.5,2017Q4
1540,107,3,16.85,2018Q1
1540,107,6,15.72,2018Q2
1540,107,9,16.77,2018Q3
1540,107,12,15.95,2018Q4
1540,108,3,17.5,2019Q1
1540,108,6,21.96,2019Q2
1540,108,9,19.77,2019Q3
1540,108,12,19.4,2019Q4
1540,109,3,15.66,2020Q1
1540,109,6,16.66,2020Q2
1540,109,9,14.82,2020Q3
1540,109,12,15.18,2020Q4
1540,110,3,15.59,2021Q1
1540,110,6,16.34,2021Q2
1540,110,9,14.98,2021Q3
1540,110,12,15.1,2021Q4
1540,111,3,14.72,2022Q1
1540,111,6,16.04,2022Q2
1540,111,9,15.76,2022Q3
1540,111,12,15.61,2022Q4
1540,112,3,17.89,2023Q1
1540,112,6,17.85,2023Q2
1540,112,9,18.22,2023Q3
1540,112,12,17.89,2023Q4
1540,113,3,18.51,2024Q1
1540,113,6,21.82,2024Q2
1540,113,9,46.7,2024Q3
1540,113,12,38.08,2024Q4
1540,114,3,37.61,2025Q1
1540,114,6,,2025Q2
1540,114,9,,2025Q3
1540,114,12,,2025Q4
1541,105,3,54.89,2016Q1
1541,105,6,60.05,2016Q2
1541,105,9,57.01,2016Q3
1541,105,12,51.41,2016Q4
1541,106,3,64.53,2017Q1
1541,106,6,51.61,2017Q2
1541,106,9,48.45,2017Q3
1541,106,12,46.41,2017Q4
1541,107,3,45.08,2018Q1
1541,107,6,40.74,2018Q2
1541,107,9,31.05,2018Q3
1541,107,12,31.53,2018Q4
1541,108,3,29.83,2019Q1
1541,108,6,35.75,2019Q2
1541,108,9,35.74,2019Q3
1541,108,12,36.76,2019Q4
1541,109,3,29.03,2020Q1
1541,109,6,38.28,2020Q2
1541,109,9,58.62,2020Q3
1541,109,12,54.17,2020Q4
1541,110,3,56.84,2021Q1
1541,110,6,50.02,2021Q2
1541,110,9,47.32,2021Q3
1541,110,12,43.51,2021Q4
1541,111,3,43.19,2022Q1
1541,111,6,54.61,2022Q2
1541,111,9,34.35,2022Q3
1541,111,12,34.29,2022Q4
1541,112,3,36.75,2023Q1
1541,112,6,38.03,2023Q2
1541,112,9,30.85,2023Q3
1541,112,12,32.89,2023Q4
1541,113,3,31.78,2024Q1
1541,113,6,31.61,2024Q2
1541,113,9,34.17,2024Q3
1541,113,12,27.48,2024Q4
1541,114,3,30.52,2025Q1
1541,114,6,,2025Q2
1541,114,9,,2025Q3
1541,114,12,,2025Q4
1558,105,3,151.8,2016Q1
1558,105,6,147.3,2016Q2
1558,105,9,159.53,2016Q3
1558,105,12,156.07,2016Q4
1558,106,3,155.01,2017Q1
1558,106,6,143.06,2017Q2
1558,106,9,131.33,2017Q3
1558,106,12,129.28,2017Q4
1558,107,3,129.37,2018Q1
1558,107,6,128.7,2018Q2
1558,107,9,140.69,2018Q3
1558,107,12,137.92,2018Q4
1558,108,3,148.89,2019Q1
1558,108,6,145.89,2019Q2
1558,108,9,133.62,2019Q3
1558,108,12,133.04,2019Q4
1558,109,3,119.4,2020Q1
1558,109,6,137.37,2020Q2
1558,109,9,138.04,2020Q3
1558,109,12,140.29,2020Q4
1558,110,3,161.09,2021Q1
1558,110,6,165.93,2021Q2
1558,110,9,147.89,2021Q3
1558,110,12,144.15,2021Q4
1558,111,3,141.43,2022Q1
1558,111,6,137.76,2022Q2
1558,111,9,127.65,2022Q3
1558,111,12,119.27,2022Q4
1558,112,3,117.05,2023Q1
1558,112,6,111.82,2023Q2
1558,112,9,105.72,2023Q3
1558,112,12,107.86,2023Q4
1558,113,3,99.81,2024Q1
1558,113,6,101.07,2024Q2
1558,113,9,114.59,2024Q3
1558,113,12,107.15,2024Q4
1558,114,3,110.64,2025Q1
1558,114,6,,2025Q2
1558,114,9,,2025Q3
1558,114,12,,2025Q4
1560,105,3,54.65,2016Q1
1560,105,6,51.61,2016Q2
1560,105,9,55.58,2016Q3
1560,105,12,60.83,2016Q4
1560,106,3,75.81,2017Q1
1560,106,6,76.75,2017Q2
1560,106,9,78.08,2017Q3
1560,106,12,84.71,2017Q4
1560,107,3,78.32,2018Q1
1560,107,6,74.03,2018Q2
1560,107,9,65.71,2018Q3
1560,107,12,58.42,2018Q4
1560,108,3,60.87,2019Q1
1560,108,6,60.03,2019Q2
1560,108,9,60.36,2019Q3
1560,108,12,69.68,2019Q4
1560,109,3,53.94,2020Q1
1560,109,6,60.95,2020Q2
1560,109,9,62.05,2020Q3
1560,109,12,65.66,2020Q4
1560,110,3,70.77,2021Q1
1560,110,6,66.52,2021Q2
1560,110,9,71.66,2021Q3
1560,110,12,106.76,2021Q4
1560,111,3,124.05,2022Q1
1560,111,6,159.85,2022Q2
1560,111,9,138.83,2022Q3
1560,111,12,122.06,2022Q4
1560,112,3,116.06,2023Q1
1560,112,6,126.16,2023Q2
1560,112,9,145.56,2023Q3
1560,112,12,183.74,2023Q4
1560,113,3,253.98,2024Q1
1560,113,6,302.04,2024Q2
1560,113,9,319.48,2024Q3
1560,113,12,296.5,2024Q4
1560,114,3,250.88,2025Q1
1560,114,6,,2025Q2
1560,114,9,,2025Q3
1560,114,12,,2025Q4
1568,105,3,27.13,2016Q1
1568,105,6,25.2,2016Q2
1568,105,9,37.76,2016Q3
1568,105,12,34.05,2016Q4
1568,106,3,31.78,2017Q1
1568,106,6,41.35,2017Q2
1568,106,9,45.78,2017Q3
1568,106,12,35.5,2017Q4
1568,107,3,32.35,2018Q1
1568,107,6,30.08,2018Q2
1568,107,9,20.53,2018Q3
1568,107,12,20.43,2018Q4
1568,108,3,19.96,2019Q1
1568,108,6,19.8,2019Q2
1568,108,9,21.85,2019Q3
1568,108,12,20.0,2019Q4
1568,109,3,13.77,2020Q1
1568,109,6,16.14,2020Q2
1568,109,9,16.23,2020Q3
1568,109,12,22.93,2020Q4
1568,110,3,30.92,2021Q1
1568,110,6,27.55,2021Q2
1568,110,9,21.87,2021Q3
1568,110,12,23.21,2021Q4
1568,111,3,20.31,2022Q1
1568,111,6,27.69,2022Q2
1568,111,9,28.52,2022Q3
1568,111,12,24.43,2022Q4
1568,112,3,24.22,2023Q1
1568,112,6,26.7,2023Q2
1568,112,9,28.69,2023Q3
1568,112,12,35.82,2023Q4
1568,113,3,31.97,2024Q1
1568,113,6,28.55,2024Q2
1568,113,9,28.4,2024Q3
1568,113,12,28.04,2024Q4
1568,114,3,28.06,2025Q1
1568,114,6,,2025Q2
1568,114,9,,2025Q3
1568,114,12,,2025Q4
1582,105,3,52.72,2016Q1
1582,105,6,52.78,2016Q2
1582,105,9,53.64,2016Q3
1582,105,12,62.78,2016Q4
1582,106,3,66.06,2017Q1
1582,106,6,70.17,2017Q2
1582,106,9,70.63,2017Q3
1582,106,12,63.61,2017Q4
1582,107,3,66.38,2018Q1
1582,107,6,63.01,2018Q2
1582,107,9,57.9,2018Q3
1582,107,12,66.42,2018Q4
1582,108,3,80.74,2019Q1
1582,108,6,81.77,2019Q2
1582,108,9,77.46,2019Q3
1582,108,12,89.16,2019Q4
1582,109,3,72.29,2020Q1
1582,109,6,81.58,2020Q2
1582,109,9,86.57,2020Q3
1582,109,12,85.53,2020Q4
1582,110,3,86.09,2021Q1
1582,110,6,83.33,2021Q2
1582,110,9,69.18,2021Q3
1582,110,12,69.19,2021Q4
1582,111,3,70.4,2022Q1
1582,111,6,67.78,2022Q2
1582,111,9,65.86,2022Q3
1582,111,12,58.88,2022Q4
1582,112,3,60.62,2023Q1
1582,112,6,59.75,2023Q2
1582,112,9,63.81,2023Q3
1582,112,12,89.88,2023Q4
1582,113,3,88.63,2024Q1
1582,113,6,114.67,2024Q2
1582,113,9,113.17,2024Q3
1582,113,12,91.82,2024Q4
1582,114,3,102.11,2025Q1
1582,114,6,,2025Q2
1582,114,9,,2025Q3
1582,114,12,,2025Q4
1583,105,3,67.12,2016Q1
1583,105,6,57.35,2016Q2
1583,105,9,57.54,2016Q3
1583,105,12,51.69,2016Q4
1583,106,3,75.48,2017Q1
1583,106,6,64.37,2017Q2
1583,106,9,63.43,2017Q3
1583,106,12,63.01,2017Q4
1583,107,3,64.71,2018Q1
1583,107,6,65.44,2018Q2
1583,107,9,60.51,2018Q3
1583,107,12,50.04,2018Q4
1583,108,3,54.86,2019Q1
1583,108,6,57.14,2019Q2
1583,108,9,52.55,2019Q3
1583,108,12,57.27,2019Q4
1583,109,3,54.28,2020Q1
1583,109,6,60.17,2020Q2
1583,109,9,59.75,2020Q3
1583,109,12,60.76,2020Q4
1583,110,3,63.51,2021Q1
1583,110,6,71.7,2021Q2
1583,110,9,63.74,2021Q3
1583,110,12,62.47,2021Q4
1583,111,3,56.98,2022Q1
1583,111,6,57.59,2022Q2
1583,111,9,61.56,2022Q3
1583,111,12,61.6,2022Q4
1583,112,3,70.05,2023Q1
1583,112,6,70.55,2023Q2
1583,112,9,62.87,2023Q3
1583,112,12,66.72,2023Q4
1583,113,3,75.7,2024Q1
1583,113,6,69.34,2024Q2
1583,113,9,62.22,2024Q3
1583,113,12,64.92,2024Q4
1583,114,3,62.51,2025Q1
1583,114,6,,2025Q2
1583,114,9,,2025Q3
1583,114,12,,2025Q4
1589,105,3,232.11,2016Q1
1589,105,6,205.33,2016Q2
1589,105,9,173.3,2016Q3
1589,105,12,106.44,2016Q4
1589,106,3,115.82,2017Q1
1589,106,6,90.26,2017Q2
1589,106,9,78.42,2017Q3
1589,106,12,66.87,2017Q4
1589,107,3,85.37,2018Q1
1589,107,6,67.52,2018Q2
1589,107,9,53.37,2018Q3
1589,107,12,52.3,2018Q4
1589,108,3,72.7,2019Q1
1589,108,6,60.35,2019Q2
1589,108,9,53.48,2019Q3
1589,108,12,63.04,2019Q4
1589,109,3,54.06,2020Q1
1589,109,6,61.64,2020Q2
1589,109,9,98.8,2020Q3
1589,109,12,84.64,2020Q4
1589,110,3,80.87,2021Q1
1589,110,6,73.55,2021Q2
1589,110,9,64.06,2021Q3
1589,110,12,61.91,2021Q4
1589,111,3,64.48,2022Q1
1589,111,6,57.4,2022Q2
1589,111,9,59.58,2022Q3
1589,111,12,56.92,2022Q4
1589,112,3,76.4,2023Q1
1589,112,6,71.93,2023Q2
1589,112,9,54.44,2023Q3
1589,112,12,51.61,2023Q4
1589,113,3,57.76,2024Q1
1589,113,6,44.83,2024Q2
1589,113,9,43.86,2024Q3
1589,113,12,37.39,2024Q4
1589,114,3,39.35,2025Q1
1589,114,6,,2025Q2
1589,114,9,,2025Q3
1589,114,12,,2025Q4
1590,105,3,186.37,2016Q1
1590,105,6,234.32,2016Q2
1590,105,9,255.99,2016Q3
1590,105,12,253.78,2016Q4
1590,106,3,295.25,2017Q1
1590,106,6,336.38,2017Q2
1590,106,9,425.96,2017Q3
1590,106,12,494.21,2017Q4
1590,107,3,494.6,2018Q1
1590,107,6,478.45,2018Q2
1590,107,9,293.78,2018Q3
1590,107,12,332.56,2018Q4
1590,108,3,385.12,2019Q1
1590,108,6,325.1,2019Q2
1590,108,9,359.77,2019Q3
1590,108,12,444.94,2019Q4
1590,109,3,424.15,2020Q1
1590,109,6,510.18,2020Q2
1590,109,9,665.59,2020Q3
1590,109,12,873.61,2020Q4
1590,110,3,976.94,2021Q1
1590,110,6,1030.1,2021Q2
1590,110,9,917.45,2021Q3
1590,110,12,925.69,2021Q4
1590,111,3,894.65,2022Q1
1590,111,6,1003.15,2022Q2
1590,111,9,770.95,2022Q3
1590,111,12,940.01,2022Q4
1590,112,3,1131.05,2023Q1
1590,112,6,1020.26,2023Q2
1590,112,9,965.08,2023Q3
1590,112,12,1009.94,2023Q4
1590,113,3,1111.06,2024Q1
1590,113,6,1024.28,2024Q2
1590,113,9,833.4,2024Q3
1590,113,12,826.19,2024Q4
1590,114,3,954.01,2025Q1
1590,114,6,,2025Q2
1590,114,9,,2025Q3
1590,114,12,,2025Q4
1597,105,3,,2016Q1
1597,105,6,,2016Q2
1597,105,9,,2016Q3
1597,105,12,,2016Q4
1597,106,3,,2017Q1
1597,106,6,,2017Q2
1597,106,9,,2017Q3
1597,106,12,,2017Q4
1597,107,3,,2018Q1
1597,107,6,,2018Q2
1597,107,9,,2018Q3
1597,107,12,,2018Q4
1597,108,3,,2019Q1
1597,108,6,,2019Q2
1597,108,9,,2019Q3
1597,108,12,,2019Q4
1597,109,3,,2020Q1
1597,109,6,,2020Q2
1597,109,9,,2020Q3
1597,109,12,85.93,2020Q4
1597,110,3,121.11,2021Q1
1597,110,6,115.96,2021Q2
1597,110,9,90.9,2021Q3
1597,110,12,86.9,2021Q4
1597,111,3,89.0,2022Q1
1597,111,6,80.89,2022Q2
1597,111,9,70.53,2022Q3
1597,111,12,74.08,2022Q4
1597,112,3,81.36,2023Q1
1597,112,6,74.34,2023Q2
1597,112,9,64.83,2023Q3
1597,112,12,64.86,2023Q4
1597,113,3,75.71,2024Q1
1597,113,6,71.36,2024Q2
1597,113,9,98.23,2024Q3
1597,113,12,106.31,2024Q4
1597,114,3,96.09,2025Q1
1597,114,6,,2025Q2
1597,114,9,,2025Q3
1597,114,12,,2025Q4
1598,105,3,,2016Q1
1598,105,6,,2016Q2
1598,105,9,47.42,2016Q3
1598,105,12,40.68,2016Q4
1598,106,3,43.3,2017Q1
1598,106,6,41.02,2017Q2
1598,106,9,42.11,2017Q3
1598,106,12,42.96,2017Q4
1598,107,3,40.82,2018Q1
1598,107,6,35.48,2018Q2
1598,107,9,30.38,2018Q3
1598,107,12,31.65,2018Q4
1598,108,3,34.59,2019Q1
1598,108,6,44.19,2019Q2
1598,108,9,41.05,2019Q3
1598,108,12,40.3,2019Q4
1598,109,3,33.43,2020Q1
1598,109,6,51.47,2020Q2
1598,109,9,127.25,2020Q3
1598,109,12,116.1,2020Q4
1598,110,3,114.5,2021Q1
1598,110,6,100.2,2021Q2
1598,110,9,62.81,2021Q3
1598,110,12,55.98,2021Q4
1598,111,3,46.73,2022Q1
1598,111,6,40.37,2022Q2
1598,111,9,41.51,2022Q3
1598,111,12,43.56,2022Q4
1598,112,3,47.58,2023Q1
1598,112,6,38.74,2023Q2
1598,112,9,34.62,2023Q3
1598,112,12,36.28,2023Q4
1598,113,3,31.03,2024Q1
1598,113,6,31.12,2024Q2
1598,113,9,28.21,2024Q3
1598,113,12,27.43,2024Q4
1598,114,3,28.15,2025Q1
1598,114,6,,2025Q2
1598,114,9,,2025Q3
1598,114,12,,2025Q4
1603,105,3,13.0,2016Q1
1603,105,6,12.87,2016Q2
1603,105,9,13.22,2016Q3
1603,105,12,22.45,2016Q4
1603,106,3,27.39,2017Q1
1603,106,6,26.32,2017Q2
1603,106,9,27.13,2017Q3
1603,106,12,29.42,2017Q4
1603,107,3,25.76,2018Q1
1603,107,6,25.99,2018Q2
1603,107,9,24.61,2018Q3
1603,107,12,23.92,2018Q4
1603,108,3,21.62,2019Q1
1603,108,6,,2019Q2
1603,108,9,20.74,2019Q3
1603,108,12,28.53,2019Q4
1603,109,3,29.33,2020Q1
1603,109,6,28.14,2020Q2
1603,109,9,28.34,2020Q3
1603,109,12,28.44,2020Q4
1603,110,3,26.83,2021Q1
1603,110,6,32.11,2021Q2
1603,110,9,26.22,2021Q3
1603,110,12,26.71,2021Q4
1603,111,3,28.47,2022Q1
1603,111,6,28.54,2022Q2
1603,111,9,27.47,2022Q3
1603,111,12,26.59,2022Q4
1603,112,3,29.14,2023Q1
1603,112,6,30.97,2023Q2
1603,112,9,34.36,2023Q3
1603,112,12,38.71,2023Q4
1603,113,3,43.05,2024Q1
1603,113,6,47.72,2024Q2
1603,113,9,38.09,2024Q3
1603,113,12,36.97,2024Q4
1603,114,3,37.37,2025Q1
1603,114,6,,2025Q2
1603,114,9,,2025Q3
1603,114,12,,2025Q4
1604,105,3,12.86,2016Q1
1604,105,6,13.75,2016Q2
1604,105,9,17.84,2016Q3
1604,105,12,17.81,2016Q4
1604,106,3,18.96,2017Q1
1604,106,6,17.5,2017Q2
1604,106,9,14.62,2017Q3
1604,106,12,12.85,2017Q4
1604,107,3,14.01,2018Q1
1604,107,6,13.92,2018Q2
1604,107,9,13.35,2018Q3
1604,107,12,13.84,2018Q4
1604,108,3,15.7,2019Q1
1604,108,6,17.66,2019Q2
1604,108,9,17.9,2019Q3
1604,108,12,20.16,2019Q4
1604,109,3,17.22,2020Q1
1604,109,6,21.21,2020Q2
1604,109,9,22.9,2020Q3
1604,109,12,25.87,2020Q4
1604,110,3,29.36,2021Q1
1604,110,6,29.92,2021Q2
1604,110,9,29.58,2021Q3
1604,110,12,29.59,2021Q4
1604,111,3,31.83,2022Q1
1604,111,6,30.26,2022Q2
1604,111,9,27.12,2022Q3
1604,111,12,25.71,2022Q4
1604,112,3,27.11,2023Q1
1604,112,6,26.97,2023Q2
1604,112,9,28.23,2023Q3
1604,112,12,28.79,2023Q4
1604,113,3,29.32,2024Q1
1604,113,6,28.67,2024Q2
1604,113,9,28.04,2024Q3
1604,113,12,28.15,2024Q4
1604,114,3,28.44,2025Q1
1604,114,6,,2025Q2
1604,114,9,,2025Q3
1604,114,12,,2025Q4
1605,105,3,8.78,2016Q1
1605,105,6,8.84,2016Q2
1605,105,9,10.73,2016Q3
1605,105,12,12.68,2016Q4
1605,106,3,14.28,2017Q1
1605,106,6,12.84,2017Q2
1605,106,9,14.89,2017Q3
1605,106,12,17.08,2017Q4
1605,107,3,17.64,2018Q1
1605,107,6,22.73,2018Q2
1605,107,9,20.13,2018Q3
1605,107,12,17.6,2018Q4
1605,108,3,18.09,2019Q1
1605,108,6,15.55,2019Q2
1605,108,9,14.59,2019Q3
1605,108,12,15.47,2019Q4
1605,109,3,12.09,2020Q1
1605,109,6,14.41,2020Q2
1605,109,9,17.0,2020Q3
1605,109,12,19.45,2020Q4
1605,110,3,18.62,2021Q1
1605,110,6,27.39,2021Q2
1605,110,9,26.22,2021Q3
1605,110,12,26.31,2021Q4
1605,111,3,29.44,2022Q1
1605,111,6,43.0,2022Q2
1605,111,9,40.31,2022Q3
1605,111,12,47.83,2022Q4
1605,112,3,51.48,2023Q1
1605,112,6,44.71,2023Q2
1605,112,9,37.56,2023Q3
1605,112,12,38.44,2023Q4
1605,113,3,36.98,2024Q1
1605,113,6,36.32,2024Q2
1605,113,9,33.22,2024Q3
1605,113,12,24.96,2024Q4
1605,114,3,26.7,2025Q1
1605,114,6,,2025Q2
1605,114,9,,2025Q3
1605,114,12,,2025Q4
1608,105,3,7.36,2016Q1
1608,105,6,6.33,2016Q2
1608,105,9,7.04,2016Q3
1608,105,12,8.32,2016Q4
1608,106,3,9.41,2017Q1
1608,106,6,9.23,2017Q2
1608,106,9,9.97,2017Q3
1608,106,12,11.18,2017Q4
1608,107,3,11.45,2018Q1
1608,107,6,11.76,2018Q2
1608,107,9,9.47,2018Q3
1608,107,12,9.64,2018Q4
1608,108,3,9.54,2019Q1
1608,108,6,10.13,2019Q2
1608,108,9,10.06,2019Q3
1608,108,12,9.9,2019Q4
1608,109,3,7.44,2020Q1
1608,109,6,9.6,2020Q2
1608,109,9,10.76,2020Q3
1608,109,12,13.66,2020Q4
1608,110,3,13.5,2021Q1
1608,110,6,29.3,2021Q2
1608,110,9,24.12,2021Q3
1608,110,12,21.86,2021Q4
1608,111,3,22.04,2022Q1
1608,111,6,18.02,2022Q2
1608,111,9,13.59,2022Q3
1608,111,12,14.39,2022Q4
1608,112,3,15.12,2023Q1
1608,112,6,23.75,2023Q2
1608,112,9,20.51,2023Q3
1608,112,12,22.27,2023Q4
1608,113,3,27.56,2024Q1
1608,113,6,39.11,2024Q2
1608,113,9,32.32,2024Q3
1608,113,12,26.9,2024Q4
1608,114,3,28.61,2025Q1
1608,114,6,,2025Q2
1608,114,9,,2025Q3
1608,114,12,,2025Q4
1609,105,3,4.73,2016Q1
1609,105,6,4.23,2016Q2
1609,105,9,5.14,2016Q3
1609,105,12,5.57,2016Q4
1609,106,3,6.91,2017Q1
1609,106,6,6.35,2017Q2
1609,106,9,8.16,2017Q3
1609,106,12,13.68,2017Q4
1609,107,3,14.41,2018Q1
1609,107,6,14.57,2018Q2
1609,107,9,12.58,2018Q3
1609,107,12,10.59,2018Q4
1609,108,3,11.3,2019Q1
1609,108,6,11.31,2019Q2
1609,108,9,10.68,2019Q3
1609,108,12,11.0,2019Q4
1609,109,3,8.59,2020Q1
1609,109,6,10.72,2020Q2
1609,109,9,16.68,2020Q3
1609,109,12,20.51,2020Q4
1609,110,3,19.71,2021Q1
1609,110,6,29.27,2021Q2
1609,110,9,26.27,2021Q3
1609,110,12,24.77,2021Q4
1609,111,3,27.06,2022Q1
1609,111,6,25.11,2022Q2
1609,111,9,20.0,2022Q3
1609,111,12,20.61,2022Q4
1609,112,3,25.98,2023Q1
1609,112,6,37.87,2023Q2
1609,112,9,36.26,2023Q3
1609,112,12,35.12,2023Q4
1609,113,3,41.45,2024Q1
1609,113,6,53.46,2024Q2
1609,113,9,50.07,2024Q3
1609,113,12,43.92,2024Q4
1609,114,3,43.49,2025Q1
1609,114,6,,2025Q2
1609,114,9,,2025Q3
1609,114,12,,2025Q4
1611,105,3,9.94,2016Q1
1611,105,6,7.66,2016Q2
1611,105,9,7.94,2016Q3
1611,105,12,7.49,2016Q4
1611,106,3,8.5,2017Q1
1611,106,6,8.07,2017Q2
1611,106,9,9.71,2017Q3
1611,106,12,9.59,2017Q4
1611,107,3,10.62,2018Q1
1611,107,6,12.22,2018Q2
1611,107,9,9.8,2018Q3
1611,107,12,9.24,2018Q4
1611,108,3,9.96,2019Q1
1611,108,6,9.47,2019Q2
1611,108,9,9.03,2019Q3
1611,108,12,10.88,2019Q4
1611,109,3,11.6,2020Q1
1611,109,6,12.96,2020Q2
1611,109,9,11.69,2020Q3
1611,109,12,13.33,2020Q4
1611,110,3,13.4,2021Q1
1611,110,6,11.56,2021Q2
1611,110,9,10.15,2021Q3
1611,110,12,19.46,2021Q4
1611,111,3,18.75,2022Q1
1611,111,6,20.33,2022Q2
1611,111,9,16.12,2022Q3
1611,111,12,14.03,2022Q4
1611,112,3,15.85,2023Q1
1611,112,6,18.94,2023Q2
1611,112,9,16.51,2023Q3
1611,112,12,17.35,2023Q4
1611,113,3,17.13,2024Q1
1611,113,6,19.27,2024Q2
1611,113,9,17.23,2024Q3
1611,113,12,16.64,2024Q4
1611,114,3,15.99,2025Q1
1611,114,6,,2025Q2
1611,114,9,,2025Q3
1611,114,12,,2025Q4
1612,105,3,8.62,2016Q1
1612,105,6,8.15,2016Q2
1612,105,9,8.51,2016Q3
1612,105,12,9.01,2016Q4
1612,106,3,10.77,2017Q1
1612,106,6,9.68,2017Q2
1612,106,9,10.72,2017Q3
1612,106,12,10.85,2017Q4
1612,107,3,11.57,2018Q1
1612,107,6,11.35,2018Q2
1612,107,9,10.24,2018Q3
1612,107,12,9.56,2018Q4
1612,108,3,9.92,2019Q1
1612,108,6,10.06,2019Q2
1612,108,9,11.14,2019Q3
1612,108,12,10.89,2019Q4
1612,109,3,9.3,2020Q1
1612,109,6,10.5,2020Q2
1612,109,9,14.93,2020Q3
1612,109,12,18.54,2020Q4
1612,110,3,22.18,2021Q1
1612,110,6,26.86,2021Q2
1612,110,9,24.67,2021Q3
1612,110,12,26.95,2021Q4
1612,111,3,29.7,2022Q1
1612,111,6,23.21,2022Q2
1612,111,9,15.88,2022Q3
1612,111,12,16.62,2022Q4
1612,112,3,19.14,2023Q1
1612,112,6,26.59,2023Q2
1612,112,9,26.62,2023Q3
1612,112,12,28.75,2023Q4
1612,113,3,30.1,2024Q1
1612,113,6,38.96,2024Q2
1612,113,9,34.26,2024Q3
1612,113,12,35.24,2024Q4
1612,114,3,34.79,2025Q1
1612,114,6,,2025Q2
1612,114,9,,2025Q3
1612,114,12,,2025Q4
1614,105,3,24.61,2016Q1
1614,105,6,24.38,2016Q2
1614,105,9,24.23,2016Q3
1614,105,12,24.35,2016Q4
1614,106,3,26.01,2017Q1
1614,106,6,24.99,2017Q2
1614,106,9,23.81,2017Q3
1614,106,12,22.79,2017Q4
1614,107,3,23.37,2018Q1
1614,107,6,24.26,2018Q2
1614,107,9,23.38,2018Q3
1614,107,12,22.37,2018Q4
1614,108,3,24.65,2019Q1
1614,108,6,28.82,2019Q2
1614,108,9,28.83,2019Q3
1614,108,12,30.83,2019Q4
1614,109,3,27.15,2020Q1
1614,109,6,33.57,2020Q2
1614,109,9,38.81,2020Q3
1614,109,12,39.13,2020Q4
1614,110,3,35.98,2021Q1
1614,110,6,33.85,2021Q2
1614,110,9,34.07,2021Q3
1614,110,12,35.86,2021Q4
1614,111,3,37.61,2022Q1
1614,111,6,37.33,2022Q2
1614,111,9,35.47,2022Q3
1614,111,12,35.76,2022Q4
1614,112,3,36.58,2023Q1
1614,112,6,38.7,2023Q2
1614,112,9,38.51,2023Q3
1614,112,12,38.17,2023Q4
1614,113,3,39.11,2024Q1
1614,113,6,45.23,2024Q2
1614,113,9,40.81,2024Q3
1614,113,12,38.54,2024Q4
1614,114,3,40.01,2025Q1
1614,114,6,,2025Q2
1614,114,9,,2025Q3
1614,114,12,,2025Q4
1615,105,3,9.75,2016Q1
1615,105,6,8.75,2016Q2
1615,105,9,9.94,2016Q3
1615,105,12,10.35,2016Q4
1615,106,3,11.67,2017Q1
1615,106,6,11.98,2017Q2
1615,106,9,14.4,2017Q3
1615,106,12,15.32,2017Q4
1615,107,3,16.22,2018Q1
1615,107,6,21.34,2018Q2
1615,107,9,16.37,2018Q3
1615,107,12,15.96,2018Q4
1615,108,3,17.38,2019Q1
1615,108,6,17.24,2019Q2
1615,108,9,16.55,2019Q3
1615,108,12,17.59,2019Q4
1615,109,3,18.42,2020Q1
1615,109,6,23.46,2020Q2
1615,109,9,22.34,2020Q3
1615,109,12,24.27,2020Q4
1615,110,3,28.5,2021Q1
1615,110,6,40.52,2021Q2
1615,110,9,32.4,2021Q3
1615,110,12,31.94,2021Q4
1615,111,3,33.82,2022Q1
1615,111,6,33.53,2022Q2
1615,111,9,29.49,2022Q3
1615,111,12,28.54,2022Q4
1615,112,3,33.11,2023Q1
1615,112,6,38.6,2023Q2
1615,112,9,36.8,2023Q3
1615,112,12,44.3,2023Q4
1615,113,3,56.89,2024Q1
1615,113,6,71.36,2024Q2
1615,113,9,63.65,2024Q3
1615,113,12,57.19,2024Q4
1615,114,3,60.1,2025Q1
1615,114,6,,2025Q2
1615,114,9,,2025Q3
1615,114,12,,2025Q4
1616,105,3,4.57,2016Q1
1616,105,6,3.93,2016Q2
1616,105,9,4.99,2016Q3
1616,105,12,5.08,2016Q4
1616,106,3,6.81,2017Q1
1616,106,6,5.59,2017Q2
1616,106,9,5.93,2017Q3
1616,106,12,5.73,2017Q4
1616,107,3,6.04,2018Q1
1616,107,6,6.47,2018Q2
1616,107,9,5.13,2018Q3
1616,107,12,4.56,2018Q4
1616,108,3,4.54,2019Q1
1616,108,6,4.5,2019Q2
1616,108,9,4.75,2019Q3
1616,108,12,4.79,2019Q4
1616,109,3,4.01,2020Q1
1616,109,6,4.4,2020Q2
1616,109,9,5.57,2020Q3
1616,109,12,6.79,2020Q4
1616,110,3,6.15,2021Q1
1616,110,6,10.16,2021Q2
1616,110,9,8.53,2021Q3
1616,110,12,11.79,2021Q4
1616,111,3,10.17,2022Q1
1616,111,6,9.05,2022Q2
1616,111,9,8.09,2022Q3
1616,111,12,7.53,2022Q4
1616,112,3,8.96,2023Q1
1616,112,6,10.64,2023Q2
1616,112,9,11.7,2023Q3
1616,112,12,14.93,2023Q4
1616,113,3,18.63,2024Q1
1616,113,6,25.13,2024Q2
1616,113,9,20.12,2024Q3
1616,113,12,20.64,2024Q4
1616,114,3,23.38,2025Q1
1616,114,6,,2025Q2
1616,114,9,,2025Q3
1616,114,12,,2025Q4
1617,105,3,6.79,2016Q1
1617,105,6,6.6,2016Q2
1617,105,9,6.93,2016Q3
1617,105,12,7.53,2016Q4
1617,106,3,8.51,2017Q1
1617,106,6,9.03,2017Q2
1617,106,9,13.97,2017Q3
1617,106,12,14.59,2017Q4
1617,107,3,14.17,2018Q1
1617,107,6,14.11,2018Q2
1617,107,9,13.5,2018Q3
1617,107,12,12.48,2018Q4
1617,108,3,13.37,2019Q1
1617,108,6,13.37,2019Q2
1617,108,9,12.06,2019Q3
1617,108,12,12.06,2019Q4
1617,109,3,10.2,2020Q1
1617,109,6,11.25,2020Q2
1617,109,9,12.93,2020Q3
1617,109,12,14.33,2020Q4
1617,110,3,15.29,2021Q1
1617,110,6,19.44,2021Q2
1617,110,9,17.52,2021Q3
1617,110,12,17.92,2021Q4
1617,111,3,18.14,2022Q1
1617,111,6,15.9,2022Q2
1617,111,9,15.12,2022Q3
1617,111,12,14.98,2022Q4
1617,112,3,14.92,2023Q1
1617,112,6,16.59,2023Q2
1617,112,9,16.3,2023Q3
1617,112,12,16.62,2023Q4
1617,113,3,18.98,2024Q1
1617,113,6,27.91,2024Q2
1617,113,9,21.83,2024Q3
1617,113,12,18.21,2024Q4
1617,114,3,19.94,2025Q1
1617,114,6,,2025Q2
1617,114,9,,2025Q3
1617,114,12,,2025Q4
1618,105,3,8.0,2016Q1
1618,105,6,7.55,2016Q2
1618,105,9,8.13,2016Q3
1618,105,12,8.46,2016Q4
1618,106,3,8.82,2017Q1
1618,106,6,8.35,2017Q2
1618,106,9,9.74,2017Q3
1618,106,12,9.31,2017Q4
1618,107,3,9.34,2018Q1
1618,107,6,9.81,2018Q2
1618,107,9,8.93,2018Q3
1618,107,12,8.74,2018Q4
1618,108,3,8.85,2019Q1
1618,108,6,8.45,2019Q2
1618,108,9,8.18,2019Q3
1618,108,12,9.52,2019Q4
1618,109,3,6.82,2020Q1
1618,109,6,8.4,2020Q2
1618,109,9,9.86,2020Q3
1618,109,12,13.49,2020Q4
1618,110,3,15.14,2021Q1
1618,110,6,17.22,2021Q2
1618,110,9,14.14,2021Q3
1618,110,12,14.47,2021Q4
1618,111,3,13.22,2022Q1
1618,111,6,13.28,2022Q2
1618,111,9,15.34,2022Q3
1618,111,12,14.44,2022Q4
1618,112,3,16.62,2023Q1
1618,112,6,20.7,2023Q2
1618,112,9,28.66,2023Q3
1618,112,12,34.1,2023Q4
1618,113,3,36.58,2024Q1
1618,113,6,57.76,2024Q2
1618,113,9,46.14,2024Q3
1618,113,12,45.76,2024Q4
1618,114,3,47.7,2025Q1
1618,114,6,,2025Q2
1618,114,9,,2025Q3
1618,114,12,,2025Q4
1626,105,3,22.98,2016Q1
1626,105,6,28.25,2016Q2
1626,105,9,26.38,2016Q3
1626,105,12,26.13,2016Q4
1626,106,3,28.75,2017Q1
1626,106,6,31.84,2017Q2
1626,106,9,28.19,2017Q3
1626,106,12,23.63,2017Q4
1626,107,3,24.17,2018Q1
1626,107,6,21.29,2018Q2
1626,107,9,17.84,2018Q3
1626,107,12,13.39,2018Q4
1626,108,3,25.43,2019Q1
1626,108,6,25.38,2019Q2
1626,108,9,31.84,2019Q3
1626,108,12,29.48,2019Q4
1626,109,3,21.64,2020Q1
1626,109,6,27.72,2020Q2
1626,109,9,25.07,2020Q3
1626,109,12,22.98,2020Q4
1626,110,3,26.53,2021Q1
1626,110,6,25.99,2021Q2
1626,110,9,23.08,2021Q3
1626,110,12,21.83,2021Q4
1626,111,3,20.12,2022Q1
1626,111,6,18.92,2022Q2
1626,111,9,18.56,2022Q3
1626,111,12,17.2,2022Q4
1626,112,3,18.96,2023Q1
1626,112,6,18.68,2023Q2
1626,112,9,16.97,2023Q3
1626,112,12,16.58,2023Q4
1626,113,3,16.16,2024Q1
1626,113,6,15.99,2024Q2
1626,113,9,16.65,2024Q3
1626,113,12,14.23,2024Q4
1626,114,3,13.61,2025Q1
1626,114,6,,2025Q2
1626,114,9,,2025Q3
1626,114,12,,2025Q4
1702,105,3,63.76,2016Q1
1702,105,6,65.31,2016Q2
1702,105,9,69.83,2016Q3
1702,105,12,62.85,2016Q4
1702,106,3,62.81,2017Q1
1702,106,6,62.97,2017Q2
1702,106,9,60.84,2017Q3
1702,106,12,61.47,2017Q4
1702,107,3,61.6,2018Q1
1702,107,6,61.69,2018Q2
1702,107,9,51.72,2018Q3
1702,107,12,46.44,2018Q4
1702,108,3,54.05,2019Q1
1702,108,6,55.09,2019Q2
1702,108,9,50.64,2019Q3
1702,108,12,50.49,2019Q4
1702,109,3,41.11,2020Q1
1702,109,6,45.95,2020Q2
1702,109,9,42.79,2020Q3
1702,109,12,46.17,2020Q4
1702,110,3,47.24,2021Q1
1702,110,6,53.29,2021Q2
1702,110,9,48.57,2021Q3
1702,110,12,49.46,2021Q4
1702,111,3,48.7,2022Q1
1702,111,6,46.11,2022Q2
1702,111,9,44.7,2022Q3
1702,111,12,44.97,2022Q4
1702,112,3,47.04,2023Q1
1702,112,6,48.36,2023Q2
1702,112,9,48.72,2023Q3
1702,112,12,50.21,2023Q4
1702,113,3,56.78,2024Q1
1702,113,6,57.89,2024Q2
1702,113,9,53.9,2024Q3
1702,113,12,50.99,2024Q4
1702,114,3,49.49,2025Q1
1702,114,6,,2025Q2
1702,114,9,,2025Q3
1702,114,12,,2025Q4
1707,105,3,191.66,2016Q1
1707,105,6,206.44,2016Q2
1707,105,9,249.58,2016Q3
1707,105,12,209.73,2016Q4
1707,106,3,196.01,2017Q1
1707,106,6,198.76,2017Q2
1707,106,9,182.06,2017Q3
1707,106,12,206.46,2017Q4
1707,107,3,239.4,2018Q1
1707,107,6,234.25,2018Q2
1707,107,9,208.15,2018Q3
1707,107,12,191.77,2018Q4
1707,108,3,203.39,2019Q1
1707,108,6,210.26,2019Q2
1707,108,9,187.74,2019Q3
1707,108,12,192.53,2019Q4
1707,109,3,211.26,2020Q1
1707,109,6,195.97,2020Q2
1707,109,9,176.94,2020Q3
1707,109,12,178.78,2020Q4
1707,110,3,179.88,2021Q1
1707,110,6,170.83,2021Q2
1707,110,9,162.91,2021Q3
1707,110,12,161.3,2021Q4
1707,111,3,146.28,2022Q1
1707,111,6,140.26,2022Q2
1707,111,9,140.83,2022Q3
1707,111,12,160.45,2022Q4
1707,112,3,181.93,2023Q1
1707,112,6,174.29,2023Q2
1707,112,9,156.72,2023Q3
1707,112,12,154.23,2023Q4
1707,113,3,157.23,2024Q1
1707,113,6,158.82,2024Q2
1707,113,9,143.58,2024Q3
1707,113,12,153.76,2024Q4
1707,114,3,145.76,2025Q1
1707,114,6,,2025Q2
1707,114,9,,2025Q3
1707,114,12,,2025Q4
1708,105,3,31.03,2016Q1
1708,105,6,27.21,2016Q2
1708,105,9,25.83,2016Q3
1708,105,12,27.38,2016Q4
1708,106,3,29.74,2017Q1
1708,106,6,28.35,2017Q2
1708,106,9,30.18,2017Q3
1708,106,12,29.22,2017Q4
1708,107,3,30.19,2018Q1
1708,107,6,28.92,2018Q2
1708,107,9,26.99,2018Q3
1708,107,12,25.52,2018Q4
1708,108,3,25.8,2019Q1
1708,108,6,26.28,2019Q2
1708,108,9,25.7,2019Q3
1708,108,12,24.97,2019Q4
1708,109,3,21.59,2020Q1
1708,109,6,25.55,2020Q2
1708,109,9,23.38,2020Q3
1708,109,12,23.85,2020Q4
1708,110,3,23.53,2021Q1
1708,110,6,37.8,2021Q2
1708,110,9,30.48,2021Q3
1708,110,12,35.53,2021Q4
1708,111,3,51.96,2022Q1
1708,111,6,51.4,2022Q2
1708,111,9,49.05,2022Q3
1708,111,12,42.91,2022Q4
1708,112,3,43.56,2023Q1
1708,112,6,38.4,2023Q2
1708,112,9,32.02,2023Q3
1708,112,12,33.66,2023Q4
1708,113,3,30.75,2024Q1
1708,113,6,33.69,2024Q2
1708,113,9,40.13,2024Q3
1708,113,12,39.25,2024Q4
1708,114,3,40.58,2025Q1
1708,114,6,,2025Q2
1708,114,9,,2025Q3
1708,114,12,,2025Q4
1709,105,3,16.67,2016Q1
1709,105,6,16.69,2016Q2
1709,105,9,16.46,2016Q3
1709,105,12,17.03,2016Q4
1709,106,3,19.03,2017Q1
1709,106,6,19.94,2017Q2
1709,106,9,18.35,2017Q3
1709,106,12,18.21,2017Q4
1709,107,3,18.52,2018Q1
1709,107,6,18.93,2018Q2
1709,107,9,17.77,2018Q3
1709,107,12,15.54,2018Q4
1709,108,3,14.8,2019Q1
1709,108,6,13.43,2019Q2
1709,108,9,12.94,2019Q3
1709,108,12,12.95,2019Q4
1709,109,3,14.49,2020Q1
1709,109,6,13.35,2020Q2
1709,109,9,14.28,2020Q3
1709,109,12,15.74,2020Q4
1709,110,3,15.88,2021Q1
1709,110,6,21.41,2021Q2
1709,110,9,20.62,2021Q3
1709,110,12,22.5,2021Q4
1709,111,3,28.22,2022Q1
1709,111,6,24.81,2022Q2
1709,111,9,24.11,2022Q3
1709,111,12,22.76,2022Q4
1709,112,3,24.97,2023Q1
1709,112,6,24.93,2023Q2
1709,112,9,21.17,2023Q3
1709,112,12,21.01,2023Q4
1709,113,3,20.2,2024Q1
1709,113,6,23.17,2024Q2
1709,113,9,24.37,2024Q3
1709,113,12,21.06,2024Q4
1709,114,3,20.6,2025Q1
1709,114,6,,2025Q2
1709,114,9,,2025Q3
1709,114,12,,2025Q4
1710,105,3,22.38,2016Q1
1710,105,6,19.77,2016Q2
1710,105,9,19.92,2016Q3
1710,105,12,23.37,2016Q4
1710,106,3,24.77,2017Q1
1710,106,6,24.05,2017Q2
1710,106,9,26.09,2017Q3
1710,106,12,31.12,2017Q4
1710,107,3,30.12,2018Q1
1710,107,6,32.47,2018Q2
1710,107,9,33.55,2018Q3
1710,107,12,26.3,2018Q4
1710,108,3,25.83,2019Q1
1710,108,6,25.26,2019Q2
1710,108,9,22.21,2019Q3
1710,108,12,20.85,2019Q4
1710,109,3,16.37,2020Q1
1710,109,6,17.04,2020Q2
1710,109,9,17.19,2020Q3
1710,109,12,19.56,2020Q4
1710,110,3,20.29,2021Q1
1710,110,6,22.09,2021Q2
1710,110,9,21.94,2021Q3
1710,110,12,22.18,2021Q4
1710,111,3,22.37,2022Q1
1710,111,6,19.33,2022Q2
1710,111,9,18.1,2022Q3
1710,111,12,18.8,2022Q4
1710,112,3,19.79,2023Q1
1710,112,6,22.9,2023Q2
1710,112,9,20.16,2023Q3
1710,112,12,20.06,2023Q4
1710,113,3,18.33,2024Q1
1710,113,6,17.13,2024Q2
1710,113,9,18.43,2024Q3
1710,113,12,14.83,2024Q4
1710,114,3,16.6,2025Q1
1710,114,6,,2025Q2
1710,114,9,,2025Q3
1710,114,12,,2025Q4
1711,105,3,21.1,2016Q1
1711,105,6,20.9,2016Q2
1711,105,9,20.44,2016Q3
1711,105,12,20.27,2016Q4
1711,106,3,21.73,2017Q1
1711,106,6,18.6,2017Q2
1711,106,9,19.73,2017Q3
1711,106,12,18.86,2017Q4
1711,107,3,17.95,2018Q1
1711,107,6,19.2,2018Q2
1711,107,9,17.95,2018Q3
1711,107,12,15.88,2018Q4
1711,108,3,17.09,2019Q1
1711,108,6,16.88,2019Q2
1711,108,9,16.4,2019Q3
1711,108,12,15.61,2019Q4
1711,109,3,14.22,2020Q1
1711,109,6,14.86,2020Q2
1711,109,9,16.94,2020Q3
1711,109,12,16.82,2020Q4
1711,110,3,16.83,2021Q1
1711,110,6,19.68,2021Q2
1711,110,9,25.73,2021Q3
1711,110,12,26.92,2021Q4
1711,111,3,26.27,2022Q1
1711,111,6,22.7,2022Q2
1711,111,9,19.38,2022Q3
1711,111,12,19.34,2022Q4
1711,112,3,18.87,2023Q1
1711,112,6,21.61,2023Q2
1711,112,9,19.62,2023Q3
1711,112,12,20.18,2023Q4
1711,113,3,20.61,2024Q1
1711,113,6,19.21,2024Q2
1711,113,9,26.7,2024Q3
1711,113,12,22.12,2024Q4
1711,114,3,20.59,2025Q1
1711,114,6,,2025Q2
1711,114,9,,2025Q3
1711,114,12,,2025Q4
1712,105,3,14.17,2016Q1
1712,105,6,14.0,2016Q2
1712,105,9,15.26,2016Q3
1712,105,12,15.35,2016Q4
1712,106,3,16.4,2017Q1
1712,106,6,15.87,2017Q2
1712,106,9,16.77,2017Q3
1712,106,12,16.96,2017Q4
1712,107,3,17.05,2018Q1
1712,107,6,17.36,2018Q2
1712,107,9,17.23,2018Q3
1712,107,12,16.7,2018Q4
1712,108,3,17.68,2019Q1
1712,108,6,21.08,2019Q2
1712,108,9,18.79,2019Q3
1712,108,12,18.82,2019Q4
1712,109,3,17.85,2020Q1
1712,109,6,18.29,2020Q2
1712,109,9,20.27,2020Q3
1712,109,12,20.83,2020Q4
1712,110,3,22.31,2021Q1
1712,110,6,22.2,2021Q2
1712,110,9,23.38,2021Q3
1712,110,12,27.78,2021Q4
1712,111,3,34.08,2022Q1
1712,111,6,31.99,2022Q2
1712,111,9,42.91,2022Q3
1712,111,12,38.4,2022Q4
1712,112,3,39.71,2023Q1
1712,112,6,35.58,2023Q2
1712,112,9,36.69,2023Q3
1712,112,12,38.24,2023Q4
1712,113,3,40.5,2024Q1
1712,113,6,43.01,2024Q2
1712,113,9,42.61,2024Q3
1712,113,12,44.31,2024Q4
1712,114,3,44.5,2025Q1
1712,114,6,,2025Q2
1712,114,9,,2025Q3
1712,114,12,,2025Q4
1713,105,3,15.74,2016Q1
1713,105,6,14.86,2016Q2
1713,105,9,14.97,2016Q3
1713,105,12,14.69,2016Q4
1713,106,3,15.86,2017Q1
1713,106,6,16.29,2017Q2
1713,106,9,15.66,2017Q3
1713,106,12,16.82,2017Q4
1713,107,3,18.84,2018Q1
1713,107,6,18.08,2018Q2
1713,107,9,18.56,2018Q3
1713,107,12,19.02,2018Q4
1713,108,3,19.18,2019Q1
1713,108,6,18.88,2019Q2
1713,108,9,18.14,2019Q3
1713,108,12,18.05,2019Q4
1713,109,3,16.63,2020Q1
1713,109,6,18.06,2020Q2
1713,109,9,17.83,2020Q3
1713,109,12,20.13,2020Q4
1713,110,3,20.09,2021Q1
1713,110,6,24.31,2021Q2
1713,110,9,24.12,2021Q3
1713,110,12,24.47,2021Q4
1713,111,3,24.14,2022Q1
1713,111,6,23.99,2022Q2
1713,111,9,24.92,2022Q3
1713,111,12,25.01,2022Q4
1713,112,3,27.54,2023Q1
1713,112,6,33.79,2023Q2
1713,112,9,34.51,2023Q3
1713,112,12,42.27,2023Q4
1713,113,3,45.35,2024Q1
1713,113,6,54.72,2024Q2
1713,113,9,54.24,2024Q3
1713,113,12,47.04,2024Q4
1713,114,3,56.49,2025Q1
1713,114,6,,2025Q2
1713,114,9,,2025Q3
1713,114,12,,2025Q4
1714,105,3,7.75,2016Q1
1714,105,6,6.92,2016Q2
1714,105,9,7.3,2016Q3
1714,105,12,8.48,2016Q4
1714,106,3,8.78,2017Q1
1714,106,6,8.26,2017Q2
1714,106,9,9.44,2017Q3
1714,106,12,10.34,2017Q4
1714,107,3,8.79,2018Q1
1714,107,6,8.87,2018Q2
1714,107,9,7.82,2018Q3
1714,107,12,6.65,2018Q4
1714,108,3,6.81,2019Q1
1714,108,6,7.44,2019Q2
1714,108,9,7.19,2019Q3
1714,108,12,7.18,2019Q4
1714,109,3,7.16,2020Q1
1714,109,6,7.38,2020Q2
1714,109,9,10.76,2020Q3
1714,109,12,10.23,2020Q4
1714,110,3,9.62,2021Q1
1714,110,6,12.24,2021Q2
1714,110,9,10.41,2021Q3
1714,110,12,11.22,2021Q4
1714,111,3,10.51,2022Q1
1714,111,6,9.52,2022Q2
1714,111,9,9.05,2022Q3
1714,111,12,8.76,2022Q4
1714,112,3,8.97,2023Q1
1714,112,6,9.18,2023Q2
1714,112,9,8.46,2023Q3
1714,112,12,9.24,2023Q4
1714,113,3,8.94,2024Q1
1714,113,6,9.96,2024Q2
1714,113,9,8.81,2024Q3
1714,113,12,8.2,2024Q4
1714,114,3,8.51,2025Q1
1714,114,6,,2025Q2
1714,114,9,,2025Q3
1714,114,12,,2025Q4
1717,105,3,32.81,2016Q1
1717,105,6,33.09,2016Q2
1717,105,9,34.44,2016Q3
1717,105,12,32.94,2016Q4
1717,106,3,33.11,2017Q1
1717,106,6,33.42,2017Q2
1717,106,9,30.8,2017Q3
1717,106,12,30.65,2017Q4
1717,107,3,30.02,2018Q1
1717,107,6,28.02,2018Q2
1717,107,9,26.72,2018Q3
1717,107,12,23.81,2018Q4
1717,108,3,25.2,2019Q1
1717,108,6,26.82,2019Q2
1717,108,9,25.22,2019Q3
1717,108,12,26.31,2019Q4
1717,109,3,23.55,2020Q1
1717,109,6,31.86,2020Q2
1717,109,9,34.54,2020Q3
1717,109,12,36.57,2020Q4
1717,110,3,35.58,2021Q1
1717,110,6,40.89,2021Q2
1717,110,9,38.73,2021Q3
1717,110,12,38.83,2021Q4
1717,111,3,36.41,2022Q1
1717,111,6,33.53,2022Q2
1717,111,9,33.27,2022Q3
1717,111,12,31.81,2022Q4
1717,112,3,31.98,2023Q1
1717,112,6,33.22,2023Q2
1717,112,9,28.63,2023Q3
1717,112,12,29.07,2023Q4
1717,113,3,32.1,2024Q1
1717,113,6,31.03,2024Q2
1717,113,9,32.7,2024Q3
1717,113,12,28.55,2024Q4
1717,114,3,29.09,2025Q1
1717,114,6,,2025Q2
1717,114,9,,2025Q3
1717,114,12,,2025Q4
1720,105,3,36.21,2016Q1
1720,105,6,33.32,2016Q2
1720,105,9,32.74,2016Q3
1720,105,12,32.44,2016Q4
1720,106,3,34.12,2017Q1
1720,106,6,34.28,2017Q2
1720,106,9,33.26,2017Q3
1720,106,12,37.66,2017Q4
1720,107,3,33.87,2018Q1
1720,107,6,34.61,2018Q2
1720,107,9,33.06,2018Q3
1720,107,12,31.05,2018Q4
1720,108,3,33.52,2019Q1
1720,108,6,33.0,2019Q2
1720,108,9,32.49,2019Q3
1720,108,12,33.7,2019Q4
1720,109,3,34.2,2020Q1
1720,109,6,46.12,2020Q2
1720,109,9,38.79,2020Q3
1720,109,12,37.74,2020Q4
1720,110,3,38.22,2021Q1
1720,110,6,39.33,2021Q2
1720,110,9,38.17,2021Q3
1720,110,12,41.91,2021Q4
1720,111,3,43.39,2022Q1
1720,111,6,44.44,2022Q2
1720,111,9,47.04,2022Q3
1720,111,12,60.06,2022Q4
1720,112,3,58.13,2023Q1
1720,112,6,72.23,2023Q2
1720,112,9,65.5,2023Q3
1720,112,12,67.5,2023Q4
1720,113,3,65.98,2024Q1
1720,113,6,72.27,2024Q2
1720,113,9,64.74,2024Q3
1720,113,12,62.79,2024Q4
1720,114,3,62.3,2025Q1
1720,114,6,,2025Q2
1720,114,9,,2025Q3
1720,114,12,,2025Q4
1721,105,3,13.49,2016Q1
1721,105,6,15.82,2016Q2
1721,105,9,15.43,2016Q3
1721,105,12,15.08,2016Q4
1721,106,3,15.84,2017Q1
1721,106,6,14.36,2017Q2
1721,106,9,13.01,2017Q3
1721,106,12,13.81,2017Q4
1721,107,3,12.72,2018Q1
1721,107,6,10.92,2018Q2
1721,107,9,10.03,2018Q3
1721,107,12,10.23,2018Q4
1721,108,3,9.72,2019Q1
1721,108,6,9.17,2019Q2
1721,108,9,8.86,2019Q3
1721,108,12,8.77,2019Q4
1721,109,3,9.44,2020Q1
1721,109,6,9.81,2020Q2
1721,109,9,10.74,2020Q3
1721,109,12,11.4,2020Q4
1721,110,3,10.49,2021Q1
1721,110,6,9.92,2021Q2
1721,110,9,10.7,2021Q3
1721,110,12,29.12,2021Q4
1721,111,3,22.98,2022Q1
1721,111,6,19.5,2022Q2
1721,111,9,16.56,2022Q3
1721,111,12,16.24,2022Q4
1721,112,3,14.69,2023Q1
1721,112,6,16.18,2023Q2
1721,112,9,13.36,2023Q3
1721,112,12,15.83,2023Q4
1721,113,3,15.38,2024Q1
1721,113,6,14.46,2024Q2
1721,113,9,23.05,2024Q3
1721,113,12,17.39,2024Q4
1721,114,3,15.21,2025Q1
1721,114,6,,2025Q2
1721,114,9,,2025Q3
1721,114,12,,2025Q4
1722,105,3,47.3,2016Q1
1722,105,6,42.68,2016Q2
1722,105,9,42.2,2016Q3
1722,105,12,40.52,2016Q4
1722,106,3,41.68,2017Q1
1722,106,6,40.38,2017Q2
1722,106,9,39.66,2017Q3
1722,106,12,38.07,2017Q4
1722,107,3,38.7,2018Q1
1722,107,6,42.9,2018Q2
1722,107,9,45.27,2018Q3
1722,107,12,44.31,2018Q4
1722,108,3,45.66,2019Q1
1722,108,6,47.89,2019Q2
1722,108,9,46.03,2019Q3
1722,108,12,49.04,2019Q4
1722,109,3,42.96,2020Q1
1722,109,6,49.74,2020Q2
1722,109,9,51.79,2020Q3
1722,109,12,53.41,2020Q4
1722,110,3,54.27,2021Q1
1722,110,6,57.33,2021Q2
1722,110,9,61.96,2021Q3
1722,110,12,69.43,2021Q4
1722,111,3,74.66,2022Q1
1722,111,6,66.66,2022Q2
1722,111,9,58.36,2022Q3
1722,111,12,54.29,2022Q4
1722,112,3,56.73,2023Q1
1722,112,6,61.42,2023Q2
1722,112,9,60.21,2023Q3
1722,112,12,66.76,2023Q4
1722,113,3,64.69,2024Q1
1722,113,6,64.78,2024Q2
1722,113,9,57.04,2024Q3
1722,113,12,52.74,2024Q4
1722,114,3,52.36,2025Q1
1722,114,6,,2025Q2
1722,114,9,,2025Q3
1722,114,12,,2025Q4
1723,105,3,116.68,2016Q1
1723,105,6,106.34,2016Q2
1723,105,9,104.31,2016Q3
1723,105,12,118.17,2016Q4
1723,106,3,121.37,2017Q1
1723,106,6,119.25,2017Q2
1723,106,9,117.94,2017Q3
1723,106,12,123.62,2017Q4
1723,107,3,153.98,2018Q1
1723,107,6,149.9,2018Q2
1723,107,9,144.18,2018Q3
1723,107,12,136.19,2018Q4
1723,108,3,135.04,2019Q1
1723,108,6,139.27,2019Q2
1723,108,9,126.43,2019Q3
1723,108,12,121.55,2019Q4
1723,109,3,99.27,2020Q1
1723,109,6,105.81,2020Q2
1723,109,9,92.64,2020Q3
1723,109,12,105.12,2020Q4
1723,110,3,107.97,2021Q1
1723,110,6,111.39,2021Q2
1723,110,9,117.97,2021Q3
1723,110,12,117.27,2021Q4
1723,111,3,119.96,2022Q1
1723,111,6,122.63,2022Q2
1723,111,9,110.92,2022Q3
1723,111,12,106.77,2022Q4
1723,112,3,113.22,2023Q1
1723,112,6,116.48,2023Q2
1723,112,9,112.83,2023Q3
1723,112,12,116.96,2023Q4
1723,113,3,120.1,2024Q1
1723,113,6,109.67,2024Q2
1723,113,9,98.32,2024Q3
1723,113,12,92.19,2024Q4
1723,114,3,98.41,2025Q1
1723,114,6,,2025Q2
1723,114,9,,2025Q3
1723,114,12,,2025Q4
1725,105,3,14.37,2016Q1
1725,105,6,14.01,2016Q2
1725,105,9,12.99,2016Q3
1725,105,12,13.97,2016Q4
1725,106,3,14.78,2017Q1
1725,106,6,14.17,2017Q2
1725,106,9,14.38,2017Q3
1725,106,12,14.87,2017Q4
1725,107,3,17.71,2018Q1
1725,107,6,19.12,2018Q2
1725,107,9,16.91,2018Q3
1725,107,12,14.47,2018Q4
1725,108,3,14.77,2019Q1
1725,108,6,14.9,2019Q2
1725,108,9,14.61,2019Q3
1725,108,12,14.82,2019Q4
1725,109,3,13.32,2020Q1
1725,109,6,14.24,2020Q2
1725,109,9,14.0,2020Q3
1725,109,12,16.6,2020Q4
1725,110,3,20.11,2021Q1
1725,110,6,21.05,2021Q2
1725,110,9,26.29,2021Q3
1725,110,12,35.31,2021Q4
1725,111,3,27.18,2022Q1
1725,111,6,21.83,2022Q2
1725,111,9,22.67,2022Q3
1725,111,12,21.5,2022Q4
1725,112,3,21.28,2023Q1
1725,112,6,22.87,2023Q2
1725,112,9,20.33,2023Q3
1725,112,12,21.84,2023Q4
1725,113,3,35.04,2024Q1
1725,113,6,47.47,2024Q2
1725,113,9,42.82,2024Q3
1725,113,12,37.98,2024Q4
1725,114,3,37.92,2025Q1
1725,114,6,,2025Q2
1725,114,9,,2025Q3
1725,114,12,,2025Q4
1726,105,3,77.77,2016Q1
1726,105,6,75.08,2016Q2
1726,105,9,75.98,2016Q3
1726,105,12,78.23,2016Q4
1726,106,3,82.15,2017Q1
1726,106,6,83.08,2017Q2
1726,106,9,79.91,2017Q3
1726,106,12,81.19,2017Q4
1726,107,3,81.95,2018Q1
1726,107,6,80.04,2018Q2
1726,107,9,79.05,2018Q3
1726,107,12,70.83,2018Q4
1726,108,3,74.19,2019Q1
1726,108,6,74.1,2019Q2
1726,108,9,70.69,2019Q3
1726,108,12,70.3,2019Q4
1726,109,3,64.61,2020Q1
1726,109,6,69.62,2020Q2
1726,109,9,69.34,2020Q3
1726,109,12,71.53,2020Q4
1726,110,3,71.89,2021Q1
1726,110,6,74.52,2021Q2
1726,110,9,72.8,2021Q3
1726,110,12,73.32,2021Q4
1726,111,3,73.32,2022Q1
1726,111,6,71.96,2022Q2
1726,111,9,70.63,2022Q3
1726,111,12,70.42,2022Q4
1726,112,3,72.29,2023Q1
1726,112,6,75.29,2023Q2
1726,112,9,73.33,2023Q3
1726,112,12,74.89,2023Q4
1726,113,3,77.43,2024Q1
1726,113,6,81.73,2024Q2
1726,113,9,77.82,2024Q3
1726,113,12,75.88,2024Q4
1726,114,3,76.11,2025Q1
1726,114,6,,2025Q2
1726,114,9,,2025Q3
1726,114,12,,2025Q4
1727,105,3,14.46,2016Q1
1727,105,6,12.87,2016Q2
1727,105,9,13.13,2016Q3
1727,105,12,13.16,2016Q4
1727,106,3,13.9,2017Q1
1727,106,6,12.77,2017Q2
1727,106,9,12.82,2017Q3
1727,106,12,15.49,2017Q4
1727,107,3,14.87,2018Q1
1727,107,6,14.99,2018Q2
1727,107,9,14.63,2018Q3
1727,107,12,14.24,2018Q4
1727,108,3,14.11,2019Q1
1727,108,6,13.17,2019Q2
1727,108,9,12.2,2019Q3
1727,108,12,11.74,2019Q4
1727,109,3,9.5,2020Q1
1727,109,6,9.47,2020Q2
1727,109,9,11.1,2020Q3
1727,109,12,11.16,2020Q4
1727,110,3,11.17,2021Q1
1727,110,6,14.58,2021Q2
1727,110,9,29.61,2021Q3
1727,110,12,51.28,2021Q4
1727,111,3,48.74,2022Q1
1727,111,6,42.17,2022Q2
1727,111,9,29.01,2022Q3
1727,111,12,28.59,2022Q4
1727,112,3,26.05,2023Q1
1727,112,6,40.55,2023Q2
1727,112,9,29.74,2023Q3
1727,112,12,30.58,2023Q4
1727,113,3,30.51,2024Q1
1727,113,6,30.21,2024Q2
1727,113,9,39.11,2024Q3
1727,113,12,31.54,2024Q4
1727,114,3,29.3,2025Q1
1727,114,6,,2025Q2
1727,114,9,,2025Q3
1727,114,12,,2025Q4
1730,105,3,36.93,2016Q1
1730,105,6,36.91,2016Q2
1730,105,9,36.76,2016Q3
1730,105,12,38.16,2016Q4
1730,106,3,40.14,2017Q1
1730,106,6,41.23,2017Q2
1730,106,9,41.05,2017Q3
1730,106,12,40.69,2017Q4
1730,107,3,44.82,2018Q1
1730,107,6,48.64,2018Q2
1730,107,9,50.71,2018Q3
1730,107,12,65.2,2018Q4
1730,108,3,70.96,2019Q1
1730,108,6,89.99,2019Q2
1730,108,9,76.38,2019Q3
1730,108,12,71.24,2019Q4
1730,109,3,61.0,2020Q1
1730,109,6,76.61,2020Q2
1730,109,9,70.99,2020Q3
1730,109,12,71.54,2020Q4
1730,110,3,71.24,2021Q1
1730,110,6,68.57,2021Q2
1730,110,9,65.04,2021Q3
1730,110,12,63.31,2021Q4
1730,111,3,62.23,2022Q1
1730,111,6,59.39,2022Q2
1730,111,9,56.71,2022Q3
1730,111,12,55.93,2022Q4
1730,112,3,56.33,2023Q1
1730,112,6,59.65,2023Q2
1730,112,9,57.79,2023Q3
1730,112,12,57.49,2023Q4
1730,113,3,56.41,2024Q1
1730,113,6,56.2,2024Q2
1730,113,9,53.25,2024Q3
1730,113,12,54.46,2024Q4
1730,114,3,55.05,2025Q1
1730,114,6,,2025Q2
1730,114,9,,2025Q3
1730,114,12,,2025Q4
1731,105,3,15.8,2016Q1
1731,105,6,13.56,2016Q2
1731,105,9,13.13,2016Q3
1731,105,12,13.65,2016Q4
1731,106,3,14.06,2017Q1
1731,106,6,14.07,2017Q2
1731,106,9,13.64,2017Q3
1731,106,12,13.84,2017Q4
1731,107,3,14.41,2018Q1
1731,107,6,14.34,2018Q2
1731,107,9,13.61,2018Q3
1731,107,12,12.74,2018Q4
1731,108,3,13.24,2019Q1
1731,108,6,13.37,2019Q2
1731,108,9,13.2,2019Q3
1731,108,12,13.22,2019Q4
1731,109,3,13.82,2020Q1
1731,109,6,14.84,2020Q2
1731,109,9,17.28,2020Q3
1731,109,12,17.09,2020Q4
1731,110,3,18.75,2021Q1
1731,110,6,21.01,2021Q2
1731,110,9,18.7,2021Q3
1731,110,12,19.41,2021Q4
1731,111,3,19.92,2022Q1
1731,111,6,18.94,2022Q2
1731,111,9,18.52,2022Q3
1731,111,12,19.51,2022Q4
1731,112,3,19.79,2023Q1
1731,112,6,24.7,2023Q2
1731,112,9,20.94,2023Q3
1731,112,12,22.52,2023Q4
1731,113,3,26.03,2024Q1
1731,113,6,25.78,2024Q2
1731,113,9,23.38,2024Q3
1731,113,12,23.1,2024Q4
1731,114,3,23.69,2025Q1
1731,114,6,,2025Q2
1731,114,9,,2025Q3
1731,114,12,,2025Q4
1732,105,3,13.81,2016Q1
1732,105,6,13.14,2016Q2
1732,105,9,13.71,2016Q3
1732,105,12,13.55,2016Q4
1732,106,3,13.48,2017Q1
1732,106,6,12.73,2017Q2
1732,106,9,12.58,2017Q3
1732,106,12,12.41,2017Q4
1732,107,3,12.17,2018Q1
1732,107,6,11.78,2018Q2
1732,107,9,11.23,2018Q3
1732,107,12,10.92,2018Q4
1732,108,3,10.4,2019Q1
1732,108,6,10.44,2019Q2
1732,108,9,10.11,2019Q3
1732,108,12,11.26,2019Q4
1732,109,3,30.09,2020Q1
1732,109,6,29.97,2020Q2
1732,109,9,23.24,2020Q3
1732,109,12,23.5,2020Q4
1732,110,3,25.69,2021Q1
1732,110,6,39.3,2021Q2
1732,110,9,31.68,2021Q3
1732,110,12,32.66,2021Q4
1732,111,3,40.33,2022Q1
1732,111,6,31.05,2022Q2
1732,111,9,35.49,2022Q3
1732,111,12,31.91,2022Q4
1732,112,3,28.63,2023Q1
1732,112,6,28.48,2023Q2
1732,112,9,24.83,2023Q3
1732,112,12,33.77,2023Q4
1732,113,3,28.84,2024Q1
1732,113,6,30.7,2024Q2
1732,113,9,28.27,2024Q3
1732,113,12,30.56,2024Q4
1732,114,3,27.36,2025Q1
1732,114,6,,2025Q2
1732,114,9,,2025Q3
1732,114,12,,2025Q4
1733,105,3,46.6,2016Q1
1733,105,6,52.57,2016Q2
1733,105,9,44.09,2016Q3
1733,105,12,41.72,2016Q4
1733,106,3,40.05,2017Q1
1733,106,6,33.79,2017Q2
1733,106,9,34.21,2017Q3
1733,106,12,31.9,2017Q4
1733,107,3,32.12,2018Q1
1733,107,6,29.55,2018Q2
1733,107,9,28.64,2018Q3
1733,107,12,30.73,2018Q4
1733,108,3,35.95,2019Q1
1733,108,6,31.94,2019Q2
1733,108,9,27.38,2019Q3
1733,108,12,28.8,2019Q4
1733,109,3,22.2,2020Q1
1733,109,6,26.93,2020Q2
1733,109,9,25.43,2020Q3
1733,109,12,24.13,2020Q4
1733,110,3,23.71,2021Q1
1733,110,6,24.34,2021Q2
1733,110,9,22.92,2021Q3
1733,110,12,24.91,2021Q4
1733,111,3,25.58,2022Q1
1733,111,6,26.73,2022Q2
1733,111,9,26.9,2022Q3
1733,111,12,25.8,2022Q4
1733,112,3,25.89,2023Q1
1733,112,6,28.99,2023Q2
1733,112,9,27.34,2023Q3
1733,112,12,38.08,2023Q4
1733,113,3,33.17,2024Q1
1733,113,6,34.13,2024Q2
1733,113,9,29.26,2024Q3
1733,113,12,29.09,2024Q4
1733,114,3,32.9,2025Q1
1733,114,6,,2025Q2
1733,114,9,,2025Q3
1733,114,12,,2025Q4
1734,105,3,30.47,2016Q1
1734,105,6,27.13,2016Q2
1734,105,9,26.15,2016Q3
1734,105,12,24.29,2016Q4
1734,106,3,24.87,2017Q1
1734,106,6,22.34,2017Q2
1734,106,9,22.32,2017Q3
1734,106,12,21.52,2017Q4
1734,107,3,23.38,2018Q1
1734,107,6,22.23,2018Q2
1734,107,9,20.57,2018Q3
1734,107,12,19.99,2018Q4
1734,108,3,20.47,2019Q1
1734,108,6,19.45,2019Q2
1734,108,9,19.36,2019Q3
1734,108,12,19.33,2019Q4
1734,109,3,18.66,2020Q1
1734,109,6,30.45,2020Q2
1734,109,9,41.19,2020Q3
1734,109,12,31.1,2020Q4
1734,110,3,31.29,2021Q1
1734,110,6,30.75,2021Q2
1734,110,9,39.74,2021Q3
1734,110,12,28.83,2021Q4
1734,111,3,28.17,2022Q1
1734,111,6,29.18,2022Q2
1734,111,9,32.22,2022Q3
1734,111,12,34.42,2022Q4
1734,112,3,31.06,2023Q1
1734,112,6,37.17,2023Q2
1734,112,9,32.7,2023Q3
1734,112,12,33.89,2023Q4
1734,113,3,35.51,2024Q1
1734,113,6,37.91,2024Q2
1734,113,9,33.63,2024Q3
1734,113,12,29.98,2024Q4
1734,114,3,31.59,2025Q1
1734,114,6,,2025Q2
1734,114,9,,2025Q3
1734,114,12,,2025Q4
1735,105,3,13.6,2016Q1
1735,105,6,13.14,2016Q2
1735,105,9,12.11,2016Q3
1735,105,12,12.56,2016Q4
1735,106,3,13.64,2017Q1
1735,106,6,12.64,2017Q2
1735,106,9,13.44,2017Q3
1735,106,12,19.17,2017Q4
1735,107,3,14.91,2018Q1
1735,107,6,16.76,2018Q2
1735,107,9,15.75,2018Q3
1735,107,12,14.82,2018Q4
1735,108,3,15.55,2019Q1
1735,108,6,16.1,2019Q2
1735,108,9,15.94,2019Q3
1735,108,12,17.51,2019Q4
1735,109,3,16.31,2020Q1
1735,109,6,16.89,2020Q2
1735,109,9,16.54,2020Q3
1735,109,12,16.95,2020Q4
1735,110,3,16.45,2021Q1
1735,110,6,18.35,2021Q2
1735,110,9,17.78,2021Q3
1735,110,12,18.31,2021Q4
1735,111,3,18.03,2022Q1
1735,111,6,16.26,2022Q2
1735,111,9,14.74,2022Q3
1735,111,12,14.94,2022Q4
1735,112,3,15.99,2023Q1
1735,112,6,16.64,2023Q2
1735,112,9,16.84,2023Q3
1735,112,12,17.31,2023Q4
1735,113,3,17.31,2024Q1
1735,113,6,18.02,2024Q2
1735,113,9,26.67,2024Q3
1735,113,12,20.3,2024Q4
1735,114,3,19.76,2025Q1
1735,114,6,,2025Q2
1735,114,9,,2025Q3
1735,114,12,,2025Q4
1736,105,3,54.5,2016Q1
1736,105,6,47.78,2016Q2
1736,105,9,49.77,2016Q3
1736,105,12,46.42,2016Q4
1736,106,3,45.34,2017Q1
1736,106,6,39.09,2017Q2
1736,106,9,36.88,2017Q3
1736,106,12,36.63,2017Q4
1736,107,3,32.75,2018Q1
1736,107,6,29.61,2018Q2
1736,107,9,38.74,2018Q3
1736,107,12,32.79,2018Q4
1736,108,3,40.09,2019Q1
1736,108,6,68.29,2019Q2
1736,108,9,85.05,2019Q3
1736,108,12,86.1,2019Q4
1736,109,3,54.55,2020Q1
1736,109,6,73.68,2020Q2
1736,109,9,70.43,2020Q3
1736,109,12,91.75,2020Q4
1736,110,3,88.68,2021Q1
1736,110,6,83.59,2021Q2
1736,110,9,68.12,2021Q3
1736,110,12,56.63,2021Q4
1736,111,3,53.6,2022Q1
1736,111,6,54.51,2022Q2
1736,111,9,72.52,2022Q3
1736,111,12,80.69,2022Q4
1736,112,3,66.98,2023Q1
1736,112,6,68.93,2023Q2
1736,112,9,77.08,2023Q3
1736,112,12,69.1,2023Q4
1736,113,3,71.75,2024Q1
1736,113,6,88.27,2024Q2
1736,113,9,135.73,2024Q3
1736,113,12,186.14,2024Q4
1736,114,3,202.54,2025Q1
1736,114,6,,2025Q2
1736,114,9,,2025Q3
1736,114,12,,2025Q4
1737,105,3,30.51,2016Q1
1737,105,6,30.57,2016Q2
1737,105,9,29.42,2016Q3
1737,105,12,29.59,2016Q4
1737,106,3,30.56,2017Q1
1737,106,6,30.39,2017Q2
1737,106,9,28.47,2017Q3
1737,106,12,27.73,2017Q4
1737,107,3,28.06,2018Q1
1737,107,6,30.08,2018Q2
1737,107,9,30.73,2018Q3
1737,107,12,29.89,2018Q4
1737,108,3,31.28,2019Q1
1737,108,6,33.71,2019Q2
1737,108,9,32.98,2019Q3
1737,108,12,32.3,2019Q4
1737,109,3,29.4,2020Q1
1737,109,6,31.33,2020Q2
1737,109,9,30.64,2020Q3
1737,109,12,32.69,2020Q4
1737,110,3,33.45,2021Q1
1737,110,6,32.37,2021Q2
1737,110,9,33.09,2021Q3
1737,110,12,33.18,2021Q4
1737,111,3,33.9,2022Q1
1737,111,6,33.27,2022Q2
1737,111,9,32.48,2022Q3
1737,111,12,32.12,2022Q4
1737,112,3,33.33,2023Q1
1737,112,6,34.44,2023Q2
1737,112,9,33.74,2023Q3
1737,112,12,34.13,2023Q4
1737,113,3,33.96,2024Q1
1737,113,6,33.78,2024Q2
1737,113,9,35.21,2024Q3
1737,113,12,32.32,2024Q4
1737,114,3,32.57,2025Q1
1737,114,6,,2025Q2
1737,114,9,,2025Q3
1737,114,12,,2025Q4
1752,105,3,,2016Q1
1752,105,6,,2016Q2
1752,105,9,,2016Q3
1752,105,12,,2016Q4
1752,106,3,,2017Q1
1752,106,6,,2017Q2
1752,106,9,,2017Q3
1752,106,12,,2017Q4
1752,107,3,,2018Q1
1752,107,6,,2018Q2
1752,107,9,,2018Q3
1752,107,12,,2018Q4
1752,108,3,,2019Q1
1752,108,6,,2019Q2
1752,108,9,,2019Q3
1752,108,12,,2019Q4
1752,109,3,,2020Q1
1752,109,6,,2020Q2
1752,109,9,,2020Q3
1752,109,12,,2020Q4
1752,110,3,,2021Q1
1752,110,6,,2021Q2
1752,110,9,,2021Q3
1752,110,12,,2021Q4
1752,111,3,37.53,2022Q1
1752,111,6,36.95,2022Q2
1752,111,9,37.99,2022Q3
1752,111,12,59.11,2022Q4
1752,112,3,59.98,2023Q1
1752,112,6,64.17,2023Q2
1752,112,9,55.25,2023Q3
1752,112,12,58.02,2023Q4
1752,113,3,47.68,2024Q1
1752,113,6,54.38,2024Q2
1752,113,9,44.44,2024Q3
1752,113,12,42.11,2024Q4
1752,114,3,42.35,2025Q1
1752,114,6,,2025Q2
1752,114,9,,2025Q3
1752,114,12,,2025Q4
1762,105,3,39.57,2016Q1
1762,105,6,32.52,2016Q2
1762,105,9,29.76,2016Q3
1762,105,12,26.68,2016Q4
1762,106,3,27.85,2017Q1
1762,106,6,24.24,2017Q2
1762,106,9,22.65,2017Q3
1762,106,12,25.86,2017Q4
1762,107,3,25.43,2018Q1
1762,107,6,24.47,2018Q2
1762,107,9,24.26,2018Q3
1762,107,12,23.07,2018Q4
1762,108,3,24.81,2019Q1
1762,108,6,27.38,2019Q2
1762,108,9,34.09,2019Q3
1762,108,12,35.64,2019Q4
1762,109,3,40.33,2020Q1
1762,109,6,60.87,2020Q2
1762,109,9,68.15,2020Q3
1762,109,12,62.4,2020Q4
1762,110,3,58.68,2021Q1
1762,110,6,65.33,2021Q2
1762,110,9,80.28,2021Q3
1762,110,12,66.13,2021Q4
1762,111,3,54.66,2022Q1
1762,111,6,56.92,2022Q2
1762,111,9,56.69,2022Q3
1762,111,12,65.33,2022Q4
1762,112,3,73.88,2023Q1
1762,112,6,88.75,2023Q2
1762,112,9,60.92,2023Q3
1762,112,12,58.2,2023Q4
1762,113,3,49.43,2024Q1
1762,113,6,50.21,2024Q2
1762,113,9,42.16,2024Q3
1762,113,12,35.01,2024Q4
1762,114,3,33.13,2025Q1
1762,114,6,,2025Q2
1762,114,9,,2025Q3
1762,114,12,,2025Q4
1773,105,3,43.43,2016Q1
1773,105,6,43.16,2016Q2
1773,105,9,47.85,2016Q3
1773,105,12,53.78,2016Q4
1773,106,3,62.27,2017Q1
1773,106,6,66.56,2017Q2
1773,106,9,66.42,2017Q3
1773,106,12,74.54,2017Q4
1773,107,3,86.56,2018Q1
1773,107,6,99.27,2018Q2
1773,107,9,98.32,2018Q3
1773,107,12,84.63,2018Q4
1773,108,3,92.1,2019Q1
1773,108,6,83.7,2019Q2
1773,108,9,83.64,2019Q3
1773,108,12,94.13,2019Q4
1773,109,3,89.84,2020Q1
1773,109,6,105.97,2020Q2
1773,109,9,102.86,2020Q3
1773,109,12,108.19,2020Q4
1773,110,3,111.69,2021Q1
1773,110,6,125.99,2021Q2
1773,110,9,144.79,2021Q3
1773,110,12,164.35,2021Q4
1773,111,3,211.49,2022Q1
1773,111,6,201.19,2022Q2
1773,111,9,122.81,2022Q3
1773,111,12,117.84,2022Q4
1773,112,3,120.24,2023Q1
1773,112,6,135.55,2023Q2
1773,112,9,132.22,2023Q3
1773,112,12,135.78,2023Q4
1773,113,3,179.72,2024Q1
1773,113,6,156.92,2024Q2
1773,113,9,174.35,2024Q3
1773,113,12,161.39,2024Q4
1773,114,3,150.74,2025Q1
1773,114,6,,2025Q2
1773,114,9,,2025Q3
1773,114,12,,2025Q4
1776,105,3,,2016Q1
1776,105,6,26.22,2016Q2
1776,105,9,23.33,2016Q3
1776,105,12,21.72,2016Q4
1776,106,3,22.49,2017Q1
1776,106,6,22.63,2017Q2
1776,106,9,21.02,2017Q3
1776,106,12,20.86,2017Q4
1776,107,3,21.95,2018Q1
1776,107,6,21.37,2018Q2
1776,107,9,20.6,2018Q3
1776,107,12,15.49,2018Q4
1776,108,3,16.52,2019Q1
1776,108,6,15.79,2019Q2
1776,108,9,15.1,2019Q3
1776,108,12,15.8,2019Q4
1776,109,3,17.22,2020Q1
1776,109,6,17.43,2020Q2
1776,109,9,15.89,2020Q3
1776,109,12,16.39,2020Q4
1776,110,3,16.61,2021Q1
1776,110,6,17.96,2021Q2
1776,110,9,26.0,2021Q3
1776,110,12,21.5,2021Q4
1776,111,3,21.47,2022Q1
1776,111,6,19.99,2022Q2
1776,111,9,17.91,2022Q3
1776,111,12,16.68,2022Q4
1776,112,3,16.92,2023Q1
1776,112,6,18.39,2023Q2
1776,112,9,16.62,2023Q3
1776,112,12,17.03,2023Q4
1776,113,3,17.59,2024Q1
1776,113,6,17.88,2024Q2
1776,113,9,24.54,2024Q3
1776,113,12,18.58,2024Q4
1776,114,3,19.32,2025Q1
1776,114,6,,2025Q2
1776,114,9,,2025Q3
1776,114,12,,2025Q4
1783,105,3,24.97,2016Q1
1783,105,6,21.12,2016Q2
1783,105,9,26.08,2016Q3
1783,105,12,24.24,2016Q4
1783,106,3,23.72,2017Q1
1783,106,6,22.42,2017Q2
1783,106,9,23.43,2017Q3
1783,106,12,23.62,2017Q4
1783,107,3,25.25,2018Q1
1783,107,6,34.22,2018Q2
1783,107,9,28.63,2018Q3
1783,107,12,23.06,2018Q4
1783,108,3,27.89,2019Q1
1783,108,6,24.54,2019Q2
1783,108,9,26.04,2019Q3
1783,108,12,25.22,2019Q4
1783,109,3,17.64,2020Q1
1783,109,6,31.25,2020Q2
1783,109,9,23.96,2020Q3
1783,109,12,22.83,2020Q4
1783,110,3,30.55,2021Q1
1783,110,6,36.0,2021Q2
1783,110,9,58.99,2021Q3
1783,110,12,55.81,2021Q4
1783,111,3,42.19,2022Q1
1783,111,6,47.36,2022Q2
1783,111,9,48.15,2022Q3
1783,111,12,49.64,2022Q4
1783,112,3,59.1,2023Q1
1783,112,6,61.35,2023Q2
1783,112,9,56.91,2023Q3
1783,112,12,48.5,2023Q4
1783,113,3,45.51,2024Q1
1783,113,6,45.65,2024Q2
1783,113,9,44.47,2024Q3
1783,113,12,47.64,2024Q4
1783,114,3,49.39,2025Q1
1783,114,6,,2025Q2
1783,114,9,,2025Q3
1783,114,12,,2025Q4
1786,105,3,62.87,2016Q1
1786,105,6,49.99,2016Q2
1786,105,9,59.29,2016Q3
1786,105,12,58.22,2016Q4
1786,106,3,52.73,2017Q1
1786,106,6,47.4,2017Q2
1786,106,9,42.33,2017Q3
1786,106,12,36.23,2017Q4
1786,107,3,73.72,2018Q1
1786,107,6,78.24,2018Q2
1786,107,9,76.78,2018Q3
1786,107,12,64.99,2018Q4
1786,108,3,72.18,2019Q1
1786,108,6,63.64,2019Q2
1786,108,9,73.7,2019Q3
1786,108,12,72.95,2019Q4
1786,109,3,47.83,2020Q1
1786,109,6,65.51,2020Q2
1786,109,9,72.51,2020Q3
1786,109,12,61.83,2020Q4
1786,110,3,57.19,2021Q1
1786,110,6,53.15,2021Q2
1786,110,9,54.95,2021Q3
1786,110,12,49.8,2021Q4
1786,111,3,41.61,2022Q1
1786,111,6,41.18,2022Q2
1786,111,9,48.57,2022Q3
1786,111,12,57.68,2022Q4
1786,112,3,68.79,2023Q1
1786,112,6,79.82,2023Q2
1786,112,9,87.78,2023Q3
1786,112,12,77.72,2023Q4
1786,113,3,91.61,2024Q1
1786,113,6,123.23,2024Q2
1786,113,9,131.07,2024Q3
1786,113,12,97.3,2024Q4
1786,114,3,122.05,2025Q1
1786,114,6,,2025Q2
1786,114,9,,2025Q3
1786,114,12,,2025Q4
1789,105,3,52.31,2016Q1
1789,105,6,43.55,2016Q2
1789,105,9,42.18,2016Q3
1789,105,12,38.68,2016Q4
1789,106,3,44.56,2017Q1
1789,106,6,42.84,2017Q2
1789,106,9,34.2,2017Q3
1789,106,12,35.33,2017Q4
1789,107,3,32.98,2018Q1
1789,107,6,33.28,2018Q2
1789,107,9,30.4,2018Q3
1789,107,12,25.6,2018Q4
1789,108,3,26.7,2019Q1
1789,108,6,24.78,2019Q2
1789,108,9,23.92,2019Q3
1789,108,12,27.14,2019Q4
1789,109,3,30.99,2020Q1
1789,109,6,36.15,2020Q2
1789,109,9,32.97,2020Q3
1789,109,12,28.69,2020Q4
1789,110,3,25.74,2021Q1
1789,110,6,27.0,2021Q2
1789,110,9,24.91,2021Q3
1789,110,12,24.44,2021Q4
1789,111,3,23.29,2022Q1
1789,111,6,25.12,2022Q2
1789,111,9,27.02,2022Q3
1789,111,12,26.4,2022Q4
1789,112,3,26.24,2023Q1
1789,112,6,28.53,2023Q2
1789,112,9,27.2,2023Q3
1789,112,12,26.55,2023Q4
1789,113,3,26.55,2024Q1
1789,113,6,28.81,2024Q2
1789,113,9,24.8,2024Q3
1789,113,12,22.5,2024Q4
1789,114,3,22.43,2025Q1
1789,114,6,,2025Q2
1789,114,9,,2025Q3
1789,114,12,,2025Q4
1795,105,3,,2016Q1
1795,105,6,,2016Q2
1795,105,9,,2016Q3
1795,105,12,,2016Q4
1795,106,3,,2017Q1
1795,106,6,,2017Q2
1795,106,9,,2017Q3
1795,106,12,,2017Q4
1795,107,3,,2018Q1
1795,107,6,,2018Q2
1795,107,9,,2018Q3
1795,107,12,,2018Q4
1795,108,3,,2019Q1
1795,108,6,,2019Q2
1795,108,9,,2019Q3
1795,108,12,112.27,2019Q4
1795,109,3,69.85,2020Q1
1795,109,6,84.11,2020Q2
1795,109,9,82.57,2020Q3
1795,109,12,82.81,2020Q4
1795,110,3,74.93,2021Q1
1795,110,6,91.95,2021Q2
1795,110,9,102.68,2021Q3
1795,110,12,98.94,2021Q4
1795,111,3,119.14,2022Q1
1795,111,6,145.16,2022Q2
1795,111,9,164.88,2022Q3
1795,111,12,240.58,2022Q4
1795,112,3,260.91,2023Q1
1795,112,6,324.86,2023Q2
1795,112,9,243.46,2023Q3
1795,112,12,272.21,2023Q4
1795,113,3,292.03,2024Q1
1795,113,6,295.94,2024Q2
1795,113,9,274.55,2024Q3
1795,113,12,275.09,2024Q4
1795,114,3,254.72,2025Q1
1795,114,6,,2025Q2
1795,114,9,,2025Q3
1795,114,12,,2025Q4
1802,105,3,14.64,2016Q1
1802,105,6,13.7,2016Q2
1802,105,9,14.64,2016Q3
1802,105,12,13.39,2016Q4
1802,106,3,17.25,2017Q1
1802,106,6,14.32,2017Q2
1802,106,9,16.03,2017Q3
1802,106,12,19.57,2017Q4
1802,107,3,17.59,2018Q1
1802,107,6,17.62,2018Q2
1802,107,9,15.93,2018Q3
1802,107,12,13.46,2018Q4
1802,108,3,13.68,2019Q1
1802,108,6,12.07,2019Q2
1802,108,9,11.9,2019Q3
1802,108,12,11.5,2019Q4
1802,109,3,8.1,2020Q1
1802,109,6,10.18,2020Q2
1802,109,9,12.76,2020Q3
1802,109,12,18.41,2020Q4
1802,110,3,19.86,2021Q1
1802,110,6,34.65,2021Q2
1802,110,9,32.6,2021Q3
1802,110,12,26.46,2021Q4
1802,111,3,24.46,2022Q1
1802,111,6,20.4,2022Q2
1802,111,9,16.87,2022Q3
1802,111,12,22.92,2022Q4
1802,112,3,21.22,2023Q1
1802,112,6,19.49,2023Q2
1802,112,9,20.52,2023Q3
1802,112,12,18.95,2023Q4
1802,113,3,17.53,2024Q1
1802,113,6,19.47,2024Q2
1802,113,9,17.31,2024Q3
1802,113,12,18.8,2024Q4
1802,114,3,17.48,2025Q1
1802,114,6,,2025Q2
1802,114,9,,2025Q3
1802,114,12,,2025Q4
1805,105,3,6.85,2016Q1
1805,105,6,6.52,2016Q2
1805,105,9,5.7,2016Q3
1805,105,12,5.54,2016Q4
1805,106,3,9.17,2017Q1
1805,106,6,12.24,2017Q2
1805,106,9,13.43,2017Q3
1805,106,12,13.29,2017Q4
1805,107,3,11.63,2018Q1
1805,107,6,14.81,2018Q2
1805,107,9,11.2,2018Q3
1805,107,12,9.23,2018Q4
1805,108,3,10.25,2019Q1
1805,108,6,10.01,2019Q2
1805,108,9,9.17,2019Q3
1805,108,12,8.98,2019Q4
1805,109,3,8.55,2020Q1
1805,109,6,9.81,2020Q2
1805,109,9,10.19,2020Q3
1805,109,12,10.18,2020Q4
1805,110,3,16.25,2021Q1
1805,110,6,13.42,2021Q2
1805,110,9,14.57,2021Q3
1805,110,12,14.29,2021Q4
1805,111,3,13.9,2022Q1
1805,111,6,11.55,2022Q2
1805,111,9,11.57,2022Q3
1805,111,12,10.61,2022Q4
1805,112,3,10.47,2023Q1
1805,112,6,9.95,2023Q2
1805,112,9,11.2,2023Q3
1805,112,12,13.79,2023Q4
1805,113,3,18.46,2024Q1
1805,113,6,20.04,2024Q2
1805,113,9,20.64,2024Q3
1805,113,12,17.73,2024Q4
1805,114,3,15.9,2025Q1
1805,114,6,,2025Q2
1805,114,9,,2025Q3
1805,114,12,,2025Q4
1806,105,3,7.16,2016Q1
1806,105,6,6.44,2016Q2
1806,105,9,7.1,2016Q3
1806,105,12,7.02,2016Q4
1806,106,3,8.35,2017Q1
1806,106,6,7.29,2017Q2
1806,106,9,7.7,2017Q3
1806,106,12,8.31,2017Q4
1806,107,3,8.53,2018Q1
1806,107,6,7.84,2018Q2
1806,107,9,7.79,2018Q3
1806,107,12,7.09,2018Q4
1806,108,3,6.95,2019Q1
1806,108,6,6.99,2019Q2
1806,108,9,6.54,2019Q3
1806,108,12,6.67,2019Q4
1806,109,3,4.45,2020Q1
1806,109,6,5.22,2020Q2
1806,109,9,6.55,2020Q3
1806,109,12,7.35,2020Q4
1806,110,3,8.39,2021Q1
1806,110,6,13.23,2021Q2
1806,110,9,11.33,2021Q3
1806,110,12,12.54,2021Q4
1806,111,3,12.36,2022Q1
1806,111,6,11.23,2022Q2
1806,111,9,8.79,2022Q3
1806,111,12,9.39,2022Q4
1806,112,3,9.11,2023Q1
1806,112,6,10.67,2023Q2
1806,112,9,9.41,2023Q3
1806,112,12,11.01,2023Q4
1806,113,3,11.25,2024Q1
1806,113,6,11.17,2024Q2
1806,113,9,11.96,2024Q3
1806,113,12,10.37,2024Q4
1806,114,3,9.53,2025Q1
1806,114,6,,2025Q2
1806,114,9,,2025Q3
1806,114,12,,2025Q4
1808,105,3,30.16,2016Q1
1808,105,6,35.11,2016Q2
1808,105,9,33.39,2016Q3
1808,105,12,32.15,2016Q4
1808,106,3,45.68,2017Q1
1808,106,6,48.67,2017Q2
1808,106,9,42.88,2017Q3
1808,106,12,41.11,2017Q4
1808,107,3,49.44,2018Q1
1808,107,6,59.02,2018Q2
1808,107,9,59.19,2018Q3
1808,107,12,56.03,2018Q4
1808,108,3,66.2,2019Q1
1808,108,6,63.72,2019Q2
1808,108,9,62.78,2019Q3
1808,108,12,59.36,2019Q4
1808,109,3,51.24,2020Q1
1808,109,6,62.08,2020Q2
1808,109,9,69.64,2020Q3
1808,109,12,59.77,2020Q4
1808,110,3,59.71,2021Q1
1808,110,6,56.85,2021Q2
1808,110,9,59.28,2021Q3
1808,110,12,56.49,2021Q4
1808,111,3,57.48,2022Q1
1808,111,6,67.7,2022Q2
1808,111,9,67.73,2022Q3
1808,111,12,67.23,2022Q4
1808,112,3,69.76,2023Q1
1808,112,6,75.97,2023Q2
1808,112,9,92.86,2023Q3
1808,112,12,104.57,2023Q4
1808,113,3,120.84,2024Q1
1808,113,6,112.61,2024Q2
1808,113,9,104.5,2024Q3
1808,113,12,38.99,2024Q4
1808,114,3,35.52,2025Q1
1808,114,6,,2025Q2
1808,114,9,,2025Q3
1808,114,12,,2025Q4
1809,105,3,11.29,2016Q1
1809,105,6,10.87,2016Q2
1809,105,9,12.31,2016Q3
1809,105,12,12.35,2016Q4
1809,106,3,13.01,2017Q1
1809,106,6,11.34,2017Q2
1809,106,9,13.78,2017Q3
1809,106,12,12.4,2017Q4
1809,107,3,12.96,2018Q1
1809,107,6,14.95,2018Q2
1809,107,9,11.51,2018Q3
1809,107,12,10.98,2018Q4
1809,108,3,10.55,2019Q1
1809,108,6,15.19,2019Q2
1809,108,9,13.22,2019Q3
1809,108,12,11.97,2019Q4
1809,109,3,8.31,2020Q1
1809,109,6,9.24,2020Q2
1809,109,9,11.85,2020Q3
1809,109,12,12.83,2020Q4
1809,110,3,12.75,2021Q1
1809,110,6,15.17,2021Q2
1809,110,9,14.9,2021Q3
1809,110,12,15.6,2021Q4
1809,111,3,14.46,2022Q1
1809,111,6,12.22,2022Q2
1809,111,9,12.39,2022Q3
1809,111,12,13.1,2022Q4
1809,112,3,13.95,2023Q1
1809,112,6,15.2,2023Q2
1809,112,9,15.46,2023Q3
1809,112,12,16.0,2023Q4
1809,113,3,28.36,2024Q1
1809,113,6,25.32,2024Q2
1809,113,9,21.65,2024Q3
1809,113,12,20.57,2024Q4
1809,114,3,18.83,2025Q1
1809,114,6,,2025Q2
1809,114,9,,2025Q3
1809,114,12,,2025Q4
1810,105,3,8.66,2016Q1
1810,105,6,7.53,2016Q2
1810,105,9,8.1,2016Q3
1810,105,12,9.23,2016Q4
1810,106,3,10.04,2017Q1
1810,106,6,9.21,2017Q2
1810,106,9,9.74,2017Q3
1810,106,12,9.79,2017Q4
1810,107,3,9.49,2018Q1
1810,107,6,9.57,2018Q2
1810,107,9,8.91,2018Q3
1810,107,12,8.0,2018Q4
1810,108,3,7.93,2019Q1
1810,108,6,7.87,2019Q2
1810,108,9,7.58,2019Q3
1810,108,12,8.27,2019Q4
1810,109,3,6.73,2020Q1
1810,109,6,7.44,2020Q2
1810,109,9,9.71,2020Q3
1810,109,12,9.88,2020Q4
1810,110,3,10.18,2021Q1
1810,110,6,12.14,2021Q2
1810,110,9,13.27,2021Q3
1810,110,12,17.22,2021Q4
1810,111,3,16.01,2022Q1
1810,111,6,12.13,2022Q2
1810,111,9,10.35,2022Q3
1810,111,12,20.26,2022Q4
1810,112,3,18.79,2023Q1
1810,112,6,24.67,2023Q2
1810,112,9,21.04,2023Q3
1810,112,12,18.24,2023Q4
1810,113,3,17.21,2024Q1
1810,113,6,18.72,2024Q2
1810,113,9,18.89,2024Q3
1810,113,12,16.68,2024Q4
1810,114,3,18.77,2025Q1
1810,114,6,,2025Q2
1810,114,9,,2025Q3
1810,114,12,,2025Q4
1817,105,3,40.83,2016Q1
1817,105,6,35.71,2016Q2
1817,105,9,39.12,2016Q3
1817,105,12,37.22,2016Q4
1817,106,3,38.2,2017Q1
1817,106,6,38.71,2017Q2
1817,106,9,40.72,2017Q3
1817,106,12,44.77,2017Q4
1817,107,3,42.62,2018Q1
1817,107,6,40.43,2018Q2
1817,107,9,37.93,2018Q3
1817,107,12,36.55,2018Q4
1817,108,3,37.16,2019Q1
1817,108,6,38.95,2019Q2
1817,108,9,35.83,2019Q3
1817,108,12,35.15,2019Q4
1817,109,3,28.21,2020Q1
1817,109,6,31.58,2020Q2
1817,109,9,30.93,2020Q3
1817,109,12,33.44,2020Q4
1817,110,3,35.01,2021Q1
1817,110,6,38.8,2021Q2
1817,110,9,35.17,2021Q3
1817,110,12,36.86,2021Q4
1817,111,3,35.82,2022Q1
1817,111,6,34.63,2022Q2
1817,111,9,35.98,2022Q3
1817,111,12,37.74,2022Q4
1817,112,3,38.31,2023Q1
1817,112,6,38.93,2023Q2
1817,112,9,35.95,2023Q3
1817,112,12,36.86,2023Q4
1817,113,3,37.79,2024Q1
1817,113,6,39.88,2024Q2
1817,113,9,41.78,2024Q3
1817,113,12,42.39,2024Q4
1817,114,3,49.15,2025Q1
1817,114,6,,2025Q2
1817,114,9,,2025Q3
1817,114,12,,2025Q4
1903,105,3,31.81,2016Q1
1903,105,6,33.42,2016Q2
1903,105,9,31.58,2016Q3
1903,105,12,32.1,2016Q4
1903,106,3,36.22,2017Q1
1903,106,6,31.71,2017Q2
1903,106,9,32.96,2017Q3
1903,106,12,32.12,2017Q4
1903,107,3,35.36,2018Q1
1903,107,6,32.6,2018Q2
1903,107,9,31.87,2018Q3
1903,107,12,29.81,2018Q4
1903,108,3,32.78,2019Q1
1903,108,6,30.94,2019Q2
1903,108,9,31.91,2019Q3
1903,108,12,32.76,2019Q4
1903,109,3,30.16,2020Q1
1903,109,6,55.39,2020Q2
1903,109,9,62.74,2020Q3
1903,109,12,59.03,2020Q4
1903,110,3,56.66,2021Q1
1903,110,6,69.89,2021Q2
1903,110,9,69.72,2021Q3
1903,110,12,65.48,2021Q4
1903,111,3,61.46,2022Q1
1903,111,6,57.72,2022Q2
1903,111,9,55.13,2022Q3
1903,111,12,50.33,2022Q4
1903,112,3,44.82,2023Q1
1903,112,6,53.96,2023Q2
1903,112,9,58.38,2023Q3
1903,112,12,57.55,2023Q4
1903,113,3,54.18,2024Q1
1903,113,6,62.9,2024Q2
1903,113,9,55.91,2024Q3
1903,113,12,53.11,2024Q4
1903,114,3,49.86,2025Q1
1903,114,6,,2025Q2
1903,114,9,,2025Q3
1903,114,12,,2025Q4
1904,105,3,11.54,2016Q1
1904,105,6,11.53,2016Q2
1904,105,9,11.52,2016Q3
1904,105,12,12.59,2016Q4
1904,106,3,16.34,2017Q1
1904,106,6,14.26,2017Q2
1904,106,9,19.38,2017Q3
1904,106,12,16.11,2017Q4
1904,107,3,16.75,2018Q1
1904,107,6,17.74,2018Q2
1904,107,9,23.45,2018Q3
1904,107,12,19.97,2018Q4
1904,108,3,20.4,2019Q1
1904,108,6,20.14,2019Q2
1904,108,9,18.09,2019Q3
1904,108,12,18.91,2019Q4
1904,109,3,21.39,2020Q1
1904,109,6,23.51,2020Q2
1904,109,9,30.45,2020Q3
1904,109,12,32.52,2020Q4
1904,110,3,33.09,2021Q1
1904,110,6,46.51,2021Q2
1904,110,9,36.24,2021Q3
1904,110,12,34.76,2021Q4
1904,111,3,34.49,2022Q1
1904,111,6,29.14,2022Q2
1904,111,9,27.08,2022Q3
1904,111,12,27.5,2022Q4
1904,112,3,28.21,2023Q1
1904,112,6,33.69,2023Q2
1904,112,9,28.34,2023Q3
1904,112,12,29.96,2023Q4
1904,113,3,28.95,2024Q1
1904,113,6,28.85,2024Q2
1904,113,9,24.29,2024Q3
1904,113,12,20.21,2024Q4
1904,114,3,20.19,2025Q1
1904,114,6,,2025Q2
1904,114,9,,2025Q3
1904,114,12,,2025Q4
1905,105,3,9.82,2016Q1
1905,105,6,9.4,2016Q2
1905,105,9,8.89,2016Q3
1905,105,12,9.18,2016Q4
1905,106,3,11.97,2017Q1
1905,106,6,10.06,2017Q2
1905,106,9,11.82,2017Q3
1905,106,12,11.2,2017Q4
1905,107,3,11.71,2018Q1
1905,107,6,10.78,2018Q2
1905,107,9,10.07,2018Q3
1905,107,12,10.18,2018Q4
1905,108,3,9.79,2019Q1
1905,108,6,9.63,2019Q2
1905,108,9,9.75,2019Q3
1905,108,12,9.01,2019Q4
1905,109,3,7.65,2020Q1
1905,109,6,8.91,2020Q2
1905,109,9,9.72,2020Q3
1905,109,12,11.53,2020Q4
1905,110,3,12.79,2021Q1
1905,110,6,28.6,2021Q2
1905,110,9,25.35,2021Q3
1905,110,12,24.79,2021Q4
1905,111,3,22.13,2022Q1
1905,111,6,19.04,2022Q2
1905,111,9,17.12,2022Q3
1905,111,12,16.85,2022Q4
1905,112,3,16.78,2023Q1
1905,112,6,28.3,2023Q2
1905,112,9,22.9,2023Q3
1905,112,12,24.16,2023Q4
1905,113,3,23.45,2024Q1
1905,113,6,21.85,2024Q2
1905,113,9,20.5,2024Q3
1905,113,12,17.1,2024Q4
1905,114,3,16.39,2025Q1
1905,114,6,,2025Q2
1905,114,9,,2025Q3
1905,114,12,,2025Q4
1906,105,3,8.99,2016Q1
1906,105,6,9.08,2016Q2
1906,105,9,11.89,2016Q3
1906,105,12,16.98,2016Q4
1906,106,3,28.56,2017Q1
1906,106,6,27.02,2017Q2
1906,106,9,36.45,2017Q3
1906,106,12,28.63,2017Q4
1906,107,3,28.52,2018Q1
1906,107,6,21.86,2018Q2
1906,107,9,20.09,2018Q3
1906,107,12,15.15,2018Q4
1906,108,3,17.05,2019Q1
1906,108,6,13.31,2019Q2
1906,108,9,12.7,2019Q3
1906,108,12,13.72,2019Q4
1906,109,3,13.87,2020Q1
1906,109,6,13.04,2020Q2
1906,109,9,14.87,2020Q3
1906,109,12,17.01,2020Q4
1906,110,3,17.66,2021Q1
1906,110,6,21.3,2021Q2
1906,110,9,21.69,2021Q3
1906,110,12,20.56,2021Q4
1906,111,3,19.77,2022Q1
1906,111,6,20.18,2022Q2
1906,111,9,18.67,2022Q3
1906,111,12,16.93,2022Q4
1906,112,3,17.27,2023Q1
1906,112,6,16.35,2023Q2
1906,112,9,15.56,2023Q3
1906,112,12,15.52,2023Q4
1906,113,3,15.45,2024Q1
1906,113,6,15.94,2024Q2
1906,113,9,15.02,2024Q3
1906,113,12,14.29,2024Q4
1906,114,3,13.77,2025Q1
1906,114,6,,2025Q2
1906,114,9,,2025Q3
1906,114,12,,2025Q4
1907,105,3,10.58,2016Q1
1907,105,6,9.74,2016Q2
1907,105,9,9.02,2016Q3
1907,105,12,9.63,2016Q4
1907,106,3,11.85,2017Q1
1907,106,6,9.87,2017Q2
1907,106,9,12.58,2017Q3
1907,106,12,13.3,2017Q4
1907,107,3,13.6,2018Q1
1907,107,6,12.67,2018Q2
1907,107,9,12.25,2018Q3
1907,107,12,11.49,2018Q4
1907,108,3,11.86,2019Q1
1907,108,6,11.77,2019Q2
1907,108,9,11.78,2019Q3
1907,108,12,13.44,2019Q4
1907,109,3,11.98,2020Q1
1907,109,6,13.84,2020Q2
1907,109,9,18.17,2020Q3
1907,109,12,26.46,2020Q4
1907,110,3,29.35,2021Q1
1907,110,6,46.41,2021Q2
1907,110,9,35.7,2021Q3
1907,110,12,35.15,2021Q4
1907,111,3,33.18,2022Q1
1907,111,6,26.64,2022Q2
1907,111,9,24.1,2022Q3
1907,111,12,25.4,2022Q4
1907,112,3,26.95,2023Q1
1907,112,6,36.26,2023Q2
1907,112,9,31.28,2023Q3
1907,112,12,33.29,2023Q4
1907,113,3,30.1,2024Q1
1907,113,6,30.44,2024Q2
1907,113,9,31.2,2024Q3
1907,113,12,29.96,2024Q4
1907,114,3,29.5,2025Q1
1907,114,6,,2025Q2
1907,114,9,,2025Q3
1907,114,12,,2025Q4
1909,105,3,11.98,2016Q1
1909,105,6,14.81,2016Q2
1909,105,9,15.6,2016Q3
1909,105,12,16.05,2016Q4
1909,106,3,30.02,2017Q1
1909,106,6,33.11,2017Q2
1909,106,9,48.34,2017Q3
1909,106,12,39.63,2017Q4
1909,107,3,35.84,2018Q1
1909,107,6,29.29,2018Q2
1909,107,9,21.26,2018Q3
1909,107,12,16.15,2018Q4
1909,108,3,18.86,2019Q1
1909,108,6,14.49,2019Q2
1909,108,9,14.46,2019Q3
1909,108,12,14.29,2019Q4
1909,109,3,14.88,2020Q1
1909,109,6,14.28,2020Q2
1909,109,9,17.59,2020Q3
1909,109,12,21.65,2020Q4
1909,110,3,25.39,2021Q1
1909,110,6,27.05,2021Q2
1909,110,9,27.89,2021Q3
1909,110,12,24.24,2021Q4
1909,111,3,20.74,2022Q1
1909,111,6,17.61,2022Q2
1909,111,9,15.34,2022Q3
1909,111,12,15.85,2022Q4
1909,112,3,17.42,2023Q1
1909,112,6,17.04,2023Q2
1909,112,9,14.85,2023Q3
1909,112,12,14.9,2023Q4
1909,113,3,14.38,2024Q1
1909,113,6,13.97,2024Q2
1909,113,9,13.92,2024Q3
1909,113,12,11.84,2024Q4
1909,114,3,11.17,2025Q1
1909,114,6,,2025Q2
1909,114,9,,2025Q3
1909,114,12,,2025Q4
2002,105,3,22.08,2016Q1
2002,105,6,20.85,2016Q2
2002,105,9,22.04,2016Q3
2002,105,12,25.19,2016Q4
2002,106,3,25.58,2017Q1
2002,106,6,24.48,2017Q2
2002,106,9,24.77,2017Q3
2002,106,12,24.39,2017Q4
2002,107,3,23.67,2018Q1
2002,107,6,23.81,2018Q2
2002,107,9,24.93,2018Q3
2002,107,12,24.1,2018Q4
2002,108,3,25.03,2019Q1
2002,108,6,24.64,2019Q2
2002,108,9,23.23,2019Q3
2002,108,12,23.67,2019Q4
2002,109,3,20.27,2020Q1
2002,109,6,20.72,2020Q2
2002,109,9,20.61,2020Q3
2002,109,12,24.3,2020Q4
2002,110,3,25.39,2021Q1
2002,110,6,37.33,2021Q2
2002,110,9,38.01,2021Q3
2002,110,12,34.91,2021Q4
2002,111,3,38.77,2022Q1
2002,111,6,31.51,2022Q2
2002,111,9,28.37,2022Q3
2002,111,12,29.42,2022Q4
2002,112,3,30.89,2023Q1
2002,112,6,29.66,2023Q2
2002,112,9,26.2,2023Q3
2002,112,12,26.16,2023Q4
2002,113,3,23.93,2024Q1
2002,113,6,23.45,2024Q2
2002,113,9,21.7,2024Q3
2002,113,12,20.38,2024Q4
2002,114,3,23.91,2025Q1
2002,114,6,,2025Q2
2002,114,9,,2025Q3
2002,114,12,,2025Q4
2006,105,3,19.84,2016Q1
2006,105,6,18.93,2016Q2
2006,105,9,18.62,2016Q3
2006,105,12,21.71,2016Q4
2006,106,3,24.01,2017Q1
2006,106,6,24.02,2017Q2
2006,106,9,23.81,2017Q3
2006,106,12,25.06,2017Q4
2006,107,3,24.47,2018Q1
2006,107,6,23.86,2018Q2
2006,107,9,22.88,2018Q3
2006,107,12,19.54,2018Q4
2006,108,3,20.88,2019Q1
2006,108,6,22.91,2019Q2
2006,108,9,21.16,2019Q3
2006,108,12,22.79,2019Q4
2006,109,3,22.18,2020Q1
2006,109,6,23.04,2020Q2
2006,109,9,29.48,2020Q3
2006,109,12,36.1,2020Q4
2006,110,3,40.19,2021Q1
2006,110,6,50.21,2021Q2
2006,110,9,42.19,2021Q3
2006,110,12,65.34,2021Q4
2006,111,3,76.45,2022Q1
2006,111,6,61.8,2022Q2
2006,111,9,52.6,2022Q3
2006,111,12,51.98,2022Q4
2006,112,3,61.18,2023Q1
2006,112,6,57.94,2023Q2
2006,112,9,61.87,2023Q3
2006,112,12,71.51,2023Q4
2006,113,3,74.71,2024Q1
2006,113,6,69.27,2024Q2
2006,113,9,77.4,2024Q3
2006,113,12,69.79,2024Q4
2006,114,3,74.85,2025Q1
2006,114,6,,2025Q2
2006,114,9,,2025Q3
2006,114,12,,2025Q4
2007,105,3,5.18,2016Q1
2007,105,6,4.53,2016Q2
2007,105,9,4.82,2016Q3
2007,105,12,4.71,2016Q4
2007,106,3,5.97,2017Q1
2007,106,6,5.03,2017Q2
2007,106,9,4.88,2017Q3
2007,106,12,4.93,2017Q4
2007,107,3,5.42,2018Q1
2007,107,6,5.06,2018Q2
2007,107,9,4.95,2018Q3
2007,107,12,5.62,2018Q4
2007,108,3,5.28,2019Q1
2007,108,6,4.84,2019Q2
2007,108,9,4.71,2019Q3
2007,108,12,4.11,2019Q4
2007,109,3,3.79,2020Q1
2007,109,6,4.02,2020Q2
2007,109,9,6.83,2020Q3
2007,109,12,9.11,2020Q4
2007,110,3,9.17,2021Q1
2007,110,6,15.4,2021Q2
2007,110,9,30.41,2021Q3
2007,110,12,21.56,2021Q4
2007,111,3,20.6,2022Q1
2007,111,6,13.42,2022Q2
2007,111,9,10.81,2022Q3
2007,111,12,11.81,2022Q4
2007,112,3,11.85,2023Q1
2007,112,6,10.55,2023Q2
2007,112,9,9.88,2023Q3
2007,112,12,12.89,2023Q4
2007,113,3,10.22,2024Q1
2007,113,6,11.86,2024Q2
2007,113,9,11.23,2024Q3
2007,113,12,9.75,2024Q4
2007,114,3,10.76,2025Q1
2007,114,6,,2025Q2
2007,114,9,,2025Q3
2007,114,12,,2025Q4
2008,105,3,9.4,2016Q1
2008,105,6,7.8,2016Q2
2008,105,9,8.39,2016Q3
2008,105,12,11.71,2016Q4
2008,106,3,11.1,2017Q1
2008,106,6,10.3,2017Q2
2008,106,9,10.04,2017Q3
2008,106,12,11.42,2017Q4
2008,107,3,12.69,2018Q1
2008,107,6,12.54,2018Q2
2008,107,9,12.46,2018Q3
2008,107,12,12.36,2018Q4
2008,108,3,12.39,2019Q1
2008,108,6,12.34,2019Q2
2008,108,9,12.34,2019Q3
2008,108,12,12.36,2019Q4
2008,109,3,12.27,2020Q1
2008,109,6,12.4,2020Q2
2008,109,9,13.84,2020Q3
2008,109,12,18.28,2020Q4
2008,110,3,17.11,2021Q1
2008,110,6,21.4,2021Q2
2008,110,9,22.42,2021Q3
2008,110,12,20.01,2021Q4
2008,111,3,20.08,2022Q1
2008,111,6,17.13,2022Q2
2008,111,9,16.77,2022Q3
2008,111,12,17.53,2022Q4
2008,112,3,19.93,2023Q1
2008,112,6,19.64,2023Q2
2008,112,9,21.19,2023Q3
2008,112,12,23.33,2023Q4
2008,113,3,22.34,2024Q1
2008,113,6,25.19,2024Q2
2008,113,9,34.11,2024Q3
2008,113,12,30.56,2024Q4
2008,114,3,27.87,2025Q1
2008,114,6,,2025Q2
2008,114,9,,2025Q3
2008,114,12,,2025Q4
2009,105,3,8.14,2016Q1
2009,105,6,6.49,2016Q2
2009,105,9,6.59,2016Q3
2009,105,12,7.72,2016Q4
2009,106,3,11.14,2017Q1
2009,106,6,9.32,2017Q2
2009,106,9,10.57,2017Q3
2009,106,12,12.56,2017Q4
2009,107,3,11.89,2018Q1
2009,107,6,11.28,2018Q2
2009,107,9,10.19,2018Q3
2009,107,12,9.68,2018Q4
2009,108,3,10.46,2019Q1
2009,108,6,10.18,2019Q2
2009,108,9,9.81,2019Q3
2009,108,12,9.46,2019Q4
2009,109,3,6.17,2020Q1
2009,109,6,7.68,2020Q2
2009,109,9,10.04,2020Q3
2009,109,12,22.2,2020Q4
2009,110,3,30.63,2021Q1
2009,110,6,65.9,2021Q2
2009,110,9,52.36,2021Q3
2009,110,12,43.7,2021Q4
2009,111,3,49.55,2022Q1
2009,111,6,30.21,2022Q2
2009,111,9,23.97,2022Q3
2009,111,12,31.56,2022Q4
2009,112,3,34.32,2023Q1
2009,112,6,32.73,2023Q2
2009,112,9,29.84,2023Q3
2009,112,12,32.46,2023Q4
2009,113,3,35.91,2024Q1
2009,113,6,51.25,2024Q2
2009,113,9,45.93,2024Q3
2009,113,12,38.39,2024Q4
2009,114,3,45.04,2025Q1
2009,114,6,,2025Q2
2009,114,9,,2025Q3
2009,114,12,,2025Q4
2010,105,3,10.19,2016Q1
2010,105,6,10.42,2016Q2
2010,105,9,10.79,2016Q3
2010,105,12,12.09,2016Q4
2010,106,3,12.7,2017Q1
2010,106,6,12.1,2017Q2
2010,106,9,11.39,2017Q3
2010,106,12,11.2,2017Q4
2010,107,3,12.07,2018Q1
2010,107,6,11.26,2018Q2
2010,107,9,11.07,2018Q3
2010,107,12,10.08,2018Q4
2010,108,3,10.46,2019Q1
2010,108,6,10.67,2019Q2
2010,108,9,10.31,2019Q3
2010,108,12,10.16,2019Q4
2010,109,3,9.12,2020Q1
2010,109,6,9.83,2020Q2
2010,109,9,11.3,2020Q3
2010,109,12,14.24,2020Q4
2010,110,3,14.07,2021Q1
2010,110,6,25.28,2021Q2
2010,110,9,28.47,2021Q3
2010,110,12,24.51,2021Q4
2010,111,3,24.96,2022Q1
2010,111,6,17.99,2022Q2
2010,111,9,15.36,2022Q3
2010,111,12,16.11,2022Q4
2010,112,3,16.23,2023Q1
2010,112,6,17.37,2023Q2
2010,112,9,17.92,2023Q3
2010,112,12,18.36,2023Q4
2010,113,3,18.37,2024Q1
2010,113,6,20.21,2024Q2
2010,113,9,17.78,2024Q3
2010,113,12,18.4,2024Q4
2010,114,3,20.31,2025Q1
2010,114,6,,2025Q2
2010,114,9,,2025Q3
2010,114,12,,2025Q4
2012,105,3,13.98,2016Q1
2012,105,6,13.37,2016Q2
2012,105,9,13.27,2016Q3
2012,105,12,13.4,2016Q4
2012,106,3,13.89,2017Q1
2012,106,6,14.31,2017Q2
2012,106,9,14.54,2017Q3
2012,106,12,14.55,2017Q4
2012,107,3,17.89,2018Q1
2012,107,6,19.83,2018Q2
2012,107,9,20.15,2018Q3
2012,107,12,19.57,2018Q4
2012,108,3,21.89,2019Q1
2012,108,6,23.34,2019Q2
2012,108,9,20.28,2019Q3
2012,108,12,20.0,2019Q4
2012,109,3,17.36,2020Q1
2012,109,6,17.84,2020Q2
2012,109,9,16.85,2020Q3
2012,109,12,20.34,2020Q4
2012,110,3,19.72,2021Q1
2012,110,6,33.47,2021Q2
2012,110,9,32.5,2021Q3
2012,110,12,31.06,2021Q4
2012,111,3,31.78,2022Q1
2012,111,6,25.92,2022Q2
2012,111,9,23.05,2022Q3
2012,111,12,23.35,2022Q4
2012,112,3,25.33,2023Q1
2012,112,6,29.2,2023Q2
2012,112,9,24.4,2023Q3
2012,112,12,25.15,2023Q4
2012,113,3,22.99,2024Q1
2012,113,6,24.94,2024Q2
2012,113,9,25.63,2024Q3
2012,113,12,25.67,2024Q4
2012,114,3,25.24,2025Q1
2012,114,6,,2025Q2
2012,114,9,,2025Q3
2012,114,12,,2025Q4
2013,105,3,24.83,2016Q1
2013,105,6,21.15,2016Q2
2013,105,9,21.43,2016Q3
2013,105,12,22.08,2016Q4
2013,106,3,22.2,2017Q1
2013,106,6,20.59,2017Q2
2013,106,9,19.96,2017Q3
2013,106,12,19.4,2017Q4
2013,107,3,24.05,2018Q1
2013,107,6,30.51,2018Q2
2013,107,9,32.93,2018Q3
2013,107,12,26.79,2018Q4
2013,108,3,27.2,2019Q1
2013,108,6,25.82,2019Q2
2013,108,9,25.09,2019Q3
2013,108,12,24.72,2019Q4
2013,109,3,19.94,2020Q1
2013,109,6,25.44,2020Q2
2013,109,9,31.71,2020Q3
2013,109,12,33.08,2020Q4
2013,110,3,40.81,2021Q1
2013,110,6,45.82,2021Q2
2013,110,9,68.36,2021Q3
2013,110,12,60.14,2021Q4
2013,111,3,58.85,2022Q1
2013,111,6,57.47,2022Q2
2013,111,9,56.98,2022Q3
2013,111,12,59.06,2022Q4
2013,112,3,59.73,2023Q1
2013,112,6,57.84,2023Q2
2013,112,9,55.23,2023Q3
2013,112,12,55.1,2023Q4
2013,113,3,60.12,2024Q1
2013,113,6,58.26,2024Q2
2013,113,9,53.07,2024Q3
2013,113,12,51.31,2024Q4
2013,114,3,51.32,2025Q1
2013,114,6,,2025Q2
2013,114,9,,2025Q3
2013,114,12,,2025Q4
2014,105,3,7.1,2016Q1
2014,105,6,5.52,2016Q2
2014,105,9,6.86,2016Q3
2014,105,12,10.15,2016Q4
2014,106,3,11.64,2017Q1
2014,106,6,9.6,2017Q2
2014,106,9,11.3,2017Q3
2014,106,12,11.85,2017Q4
2014,107,3,12.22,2018Q1
2014,107,6,12.47,2018Q2
2014,107,9,13.82,2018Q3
2014,107,12,11.42,2018Q4
2014,108,3,11.92,2019Q1
2014,108,6,10.49,2019Q2
2014,108,9,10.06,2019Q3
2014,108,12,10.15,2019Q4
2014,109,3,7.3,2020Q1
2014,109,6,8.26,2020Q2
2014,109,9,10.02,2020Q3
2014,109,12,14.78,2020Q4
2014,110,3,18.26,2021Q1
2014,110,6,54.37,2021Q2
2014,110,9,44.19,2021Q3
2014,110,12,41.01,2021Q4
2014,111,3,44.99,2022Q1
2014,111,6,29.94,2022Q2
2014,111,9,23.61,2022Q3
2014,111,12,26.55,2022Q4
2014,112,3,27.48,2023Q1
2014,112,6,24.43,2023Q2
2014,112,9,23.95,2023Q3
2014,112,12,26.76,2023Q4
2014,113,3,22.31,2024Q1
2014,113,6,22.0,2024Q2
2014,113,9,21.27,2024Q3
2014,113,12,18.76,2024Q4
2014,114,3,24.14,2025Q1
2014,114,6,,2025Q2
2014,114,9,,2025Q3
2014,114,12,,2025Q4
2015,105,3,41.29,2016Q1
2015,105,6,42.54,2016Q2
2015,105,9,40.94,2016Q3
2015,105,12,45.11,2016Q4
2015,106,3,51.58,2017Q1
2015,106,6,51.58,2017Q2
2015,106,9,52.53,2017Q3
2015,106,12,54.03,2017Q4
2015,107,3,59.52,2018Q1
2015,107,6,58.76,2018Q2
2015,107,9,58.78,2018Q3
2015,107,12,57.04,2018Q4
2015,108,3,60.12,2019Q1
2015,108,6,63.36,2019Q2
2015,108,9,53.44,2019Q3
2015,108,12,53.64,2019Q4
2015,109,3,48.07,2020Q1
2015,109,6,54.02,2020Q2
2015,109,9,57.1,2020Q3
2015,109,12,69.14,2020Q4
2015,110,3,70.96,2021Q1
2015,110,6,77.09,2021Q2
2015,110,9,80.83,2021Q3
2015,110,12,82.71,2021Q4
2015,111,3,92.68,2022Q1
2015,111,6,73.72,2022Q2
2015,111,9,63.13,2022Q3
2015,111,12,65.72,2022Q4
2015,112,3,72.57,2023Q1
2015,112,6,70.08,2023Q2
2015,112,9,67.13,2023Q3
2015,112,12,67.76,2023Q4
2015,113,3,70.88,2024Q1
2015,113,6,75.18,2024Q2
2015,113,9,82.95,2024Q3
2015,113,12,71.07,2024Q4
2015,114,3,72.98,2025Q1
2015,114,6,,2025Q2
2015,114,9,,2025Q3
2015,114,12,,2025Q4
2017,105,3,7.65,2016Q1
2017,105,6,6.28,2016Q2
2017,105,9,8.07,2016Q3
2017,105,12,8.45,2016Q4
2017,106,3,10.35,2017Q1
2017,106,6,8.83,2017Q2
2017,106,9,9.11,2017Q3
2017,106,12,9.88,2017Q4
2017,107,3,11.17,2018Q1
2017,107,6,10.25,2018Q2
2017,107,9,9.2,2018Q3
2017,107,12,8.55,2018Q4
2017,108,3,8.13,2019Q1
2017,108,6,8.02,2019Q2
2017,108,9,6.9,2019Q3
2017,108,12,6.68,2019Q4
2017,109,3,6.58,2020Q1
2017,109,6,8.12,2020Q2
2017,109,9,8.96,2020Q3
2017,109,12,11.8,2020Q4
2017,110,3,12.04,2021Q1
2017,110,6,25.32,2021Q2
2017,110,9,23.83,2021Q3
2017,110,12,20.31,2021Q4
2017,111,3,19.67,2022Q1
2017,111,6,14.27,2022Q2
2017,111,9,13.55,2022Q3
2017,111,12,14.05,2022Q4
2017,112,3,18.89,2023Q1
2017,112,6,17.36,2023Q2
2017,112,9,14.34,2023Q3
2017,112,12,15.44,2023Q4
2017,113,3,14.2,2024Q1
2017,113,6,14.63,2024Q2
2017,113,9,12.37,2024Q3
2017,113,12,11.17,2024Q4
2017,114,3,12.03,2025Q1
2017,114,6,,2025Q2
2017,114,9,,2025Q3
2017,114,12,,2025Q4
2020,105,3,12.5,2016Q1
2020,105,6,12.07,2016Q2
2020,105,9,13.32,2016Q3
2020,105,12,14.56,2016Q4
2020,106,3,14.56,2017Q1
2020,106,6,13.35,2017Q2
2020,106,9,13.93,2017Q3
2020,106,12,13.67,2017Q4
2020,107,3,15.44,2018Q1
2020,107,6,15.94,2018Q2
2020,107,9,14.53,2018Q3
2020,107,12,14.27,2018Q4
2020,108,3,15.27,2019Q1
2020,108,6,16.55,2019Q2
2020,108,9,14.63,2019Q3
2020,108,12,15.36,2019Q4
2020,109,3,14.92,2020Q1
2020,109,6,17.85,2020Q2
2020,109,9,16.57,2020Q3
2020,109,12,19.06,2020Q4
2020,110,3,21.55,2021Q1
2020,110,6,37.02,2021Q2
2020,110,9,32.1,2021Q3
2020,110,12,32.0,2021Q4
2020,111,3,33.14,2022Q1
2020,111,6,27.59,2022Q2
2020,111,9,25.68,2022Q3
2020,111,12,23.54,2022Q4
2020,112,3,23.73,2023Q1
2020,112,6,24.02,2023Q2
2020,112,9,28.75,2023Q3
2020,112,12,32.19,2023Q4
2020,113,3,37.22,2024Q1
2020,113,6,37.98,2024Q2
2020,113,9,28.78,2024Q3
2020,113,12,28.47,2024Q4
2020,114,3,29.99,2025Q1
2020,114,6,,2025Q2
2020,114,9,,2025Q3
2020,114,12,,2025Q4
2022,105,3,4.04,2016Q1
2022,105,6,3.53,2016Q2
2022,105,9,4.28,2016Q3
2022,105,12,4.89,2016Q4
2022,106,3,6.66,2017Q1
2022,106,6,5.53,2017Q2
2022,106,9,6.18,2017Q3
2022,106,12,6.24,2017Q4
2022,107,3,6.62,2018Q1
2022,107,6,6.74,2018Q2
2022,107,9,8.77,2018Q3
2022,107,12,7.03,2018Q4
2022,108,3,6.9,2019Q1
2022,108,6,6.75,2019Q2
2022,108,9,6.52,2019Q3
2022,108,12,5.27,2019Q4
2022,109,3,3.77,2020Q1
2022,109,6,4.16,2020Q2
2022,109,9,5.77,2020Q3
2022,109,12,7.59,2020Q4
2022,110,3,6.97,2021Q1
2022,110,6,18.42,2021Q2
2022,110,9,17.85,2021Q3
2022,110,12,14.17,2021Q4
2022,111,3,13.94,2022Q1
2022,111,6,9.22,2022Q2
2022,111,9,8.1,2022Q3
2022,111,12,8.55,2022Q4
2022,112,3,8.38,2023Q1
2022,112,6,9.92,2023Q2
2022,112,9,12.71,2023Q3
2022,112,12,13.02,2023Q4
2022,113,3,10.84,2024Q1
2022,113,6,11.41,2024Q2
2022,113,9,10.13,2024Q3
2022,113,12,8.97,2024Q4
2022,114,3,10.04,2025Q1
2022,114,6,,2025Q2
2022,114,9,,2025Q3
2022,114,12,,2025Q4
2023,105,3,8.39,2016Q1
2023,105,6,7.97,2016Q2
2023,105,9,10.43,2016Q3
2023,105,12,11.68,2016Q4
2023,106,3,14.32,2017Q1
2023,106,6,12.75,2017Q2
2023,106,9,11.98,2017Q3
2023,106,12,11.63,2017Q4
2023,107,3,11.07,2018Q1
2023,107,6,10.43,2018Q2
2023,107,9,10.28,2018Q3
2023,107,12,10.56,2018Q4
2023,108,3,10.06,2019Q1
2023,108,6,9.18,2019Q2
2023,108,9,9.17,2019Q3
2023,108,12,9.18,2019Q4
2023,109,3,8.31,2020Q1
2023,109,6,8.77,2020Q2
2023,109,9,10.42,2020Q3
2023,109,12,13.2,2020Q4
2023,110,3,13.4,2021Q1
2023,110,6,25.38,2021Q2
2023,110,9,30.77,2021Q3
2023,110,12,24.92,2021Q4
2023,111,3,24.91,2022Q1
2023,111,6,18.28,2022Q2
2023,111,9,14.46,2022Q3
2023,111,12,16.29,2022Q4
2023,112,3,16.37,2023Q1
2023,112,6,15.57,2023Q2
2023,112,9,15.27,2023Q3
2023,112,12,18.32,2023Q4
2023,113,3,15.22,2024Q1
2023,113,6,15.64,2024Q2
2023,113,9,15.51,2024Q3
2023,113,12,14.91,2024Q4
2023,114,3,16.77,2025Q1
2023,114,6,,2025Q2
2023,114,9,,2025Q3
2023,114,12,,2025Q4
2024,105,3,7.39,2016Q1
2024,105,6,6.72,2016Q2
2024,105,9,7.23,2016Q3
2024,105,12,8.73,2016Q4
2024,106,3,9.63,2017Q1
2024,106,6,8.93,2017Q2
2024,106,9,9.02,2017Q3
2024,106,12,10.18,2017Q4
2024,107,3,11.26,2018Q1
2024,107,6,11.15,2018Q2
2024,107,9,10.14,2018Q3
2024,107,12,9.5,2018Q4
2024,108,3,10.38,2019Q1
2024,108,6,10.68,2019Q2
2024,108,9,11.68,2019Q3
2024,108,12,11.99,2019Q4
2024,109,3,12.16,2020Q1
2024,109,6,14.84,2020Q2
2024,109,9,14.37,2020Q3
2024,109,12,15.92,2020Q4
2024,110,3,16.66,2021Q1
2024,110,6,21.15,2021Q2
2024,110,9,23.88,2021Q3
2024,110,12,20.02,2021Q4
2024,111,3,27.13,2022Q1
2024,111,6,19.13,2022Q2
2024,111,9,19.19,2022Q3
2024,111,12,18.65,2022Q4
2024,112,3,19.35,2023Q1
2024,112,6,18.02,2023Q2
2024,112,9,16.09,2023Q3
2024,112,12,21.14,2023Q4
2024,113,3,21.88,2024Q1
2024,113,6,22.52,2024Q2
2024,113,9,22.03,2024Q3
2024,113,12,19.61,2024Q4
2024,114,3,19.13,2025Q1
2024,114,6,,2025Q2
2024,114,9,,2025Q3
2024,114,12,,2025Q4
2025,105,3,1.73,2016Q1
2025,105,6,,2016Q2
2025,105,9,2.03,2016Q3
2025,105,12,2.9,2016Q4
2025,106,3,3.75,2017Q1
2025,106,6,2.9,2017Q2
2025,106,9,2.77,2017Q3
2025,106,12,2.7,2017Q4
2025,107,3,3.35,2018Q1
2025,107,6,3.93,2018Q2
2025,107,9,2.35,2018Q3
2025,107,12,,2018Q4
2025,108,3,,2019Q1
2025,108,6,1.7,2019Q2
2025,108,9,1.68,2019Q3
2025,108,12,2.13,2019Q4
2025,109,3,1.58,2020Q1
2025,109,6,1.75,2020Q2
2025,109,9,3.22,2020Q3
2025,109,12,3.06,2020Q4
2025,110,3,2.77,2021Q1
2025,110,6,4.18,2021Q2
2025,110,9,5.44,2021Q3
2025,110,12,5.75,2021Q4
2025,111,3,5.89,2022Q1
2025,111,6,5.92,2022Q2
2025,111,9,4.71,2022Q3
2025,111,12,5.08,2022Q4
2025,112,3,5.72,2023Q1
2025,112,6,5.7,2023Q2
2025,112,9,7.31,2023Q3
2025,112,12,7.36,2023Q4
2025,113,3,11.65,2024Q1
2025,113,6,12.85,2024Q2
2025,113,9,11.37,2024Q3
2025,113,12,10.47,2024Q4
2025,114,3,16.92,2025Q1
2025,114,6,,2025Q2
2025,114,9,,2025Q3
2025,114,12,,2025Q4
2027,105,3,16.38,2016Q1
2027,105,6,15.7,2016Q2
2027,105,9,16.12,2016Q3
2027,105,12,18.21,2016Q4
2027,106,3,18.0,2017Q1
2027,106,6,16.97,2017Q2
2027,106,9,18.79,2017Q3
2027,106,12,20.32,2017Q4
2027,107,3,28.49,2018Q1
2027,107,6,37.78,2018Q2
2027,107,9,48.65,2018Q3
2027,107,12,42.41,2018Q4
2027,108,3,45.31,2019Q1
2027,108,6,45.68,2019Q2
2027,108,9,37.85,2019Q3
2027,108,12,30.97,2019Q4
2027,109,3,28.3,2020Q1
2027,109,6,26.6,2020Q2
2027,109,9,21.21,2020Q3
2027,109,12,31.15,2020Q4
2027,110,3,31.05,2021Q1
2027,110,6,52.09,2021Q2
2027,110,9,48.22,2021Q3
2027,110,12,47.46,2021Q4
2027,111,3,51.68,2022Q1
2027,111,6,38.77,2022Q2
2027,111,9,38.26,2022Q3
2027,111,12,42.95,2022Q4
2027,112,3,45.5,2023Q1
2027,112,6,47.23,2023Q2
2027,112,9,37.39,2023Q3
2027,112,12,39.44,2023Q4
2027,113,3,36.4,2024Q1
2027,113,6,37.07,2024Q2
2027,113,9,33.95,2024Q3
2027,113,12,31.44,2024Q4
2027,114,3,50.11,2025Q1
2027,114,6,,2025Q2
2027,114,9,,2025Q3
2027,114,12,,2025Q4
2028,105,3,1.91,2016Q1
2028,105,6,1.78,2016Q2
2028,105,9,1.96,2016Q3
2028,105,12,3.43,2016Q4
2028,106,3,6.37,2017Q1
2028,106,6,5.94,2017Q2
2028,106,9,7.83,2017Q3
2028,106,12,9.16,2017Q4
2028,107,3,10.14,2018Q1
2028,107,6,11.29,2018Q2
2028,107,9,9.6,2018Q3
2028,107,12,8.11,2018Q4
2028,108,3,9.07,2019Q1
2028,108,6,9.31,2019Q2
2028,108,9,9.19,2019Q3
2028,108,12,9.2,2019Q4
2028,109,3,9.06,2020Q1
2028,109,6,9.34,2020Q2
2028,109,9,10.29,2020Q3
2028,109,12,21.62,2020Q4
2028,110,3,25.22,2021Q1
2028,110,6,53.22,2021Q2
2028,110,9,43.39,2021Q3
2028,110,12,45.62,2021Q4
2028,111,3,41.79,2022Q1
2028,111,6,28.55,2022Q2
2028,111,9,25.57,2022Q3
2028,111,12,28.11,2022Q4
2028,112,3,28.44,2023Q1
2028,112,6,25.03,2023Q2
2028,112,9,24.58,2023Q3
2028,112,12,27.23,2023Q4
2028,113,3,25.75,2024Q1
2028,113,6,26.71,2024Q2
2028,113,9,26.69,2024Q3
2028,113,12,21.29,2024Q4
2028,114,3,23.0,2025Q1
2028,114,6,,2025Q2
2028,114,9,,2025Q3
2028,114,12,,2025Q4
2029,105,3,19.51,2016Q1
2029,105,6,20.66,2016Q2
2029,105,9,25.85,2016Q3
2029,105,12,37.23,2016Q4
2029,106,3,41.04,2017Q1
2029,106,6,34.16,2017Q2
2029,106,9,35.49,2017Q3
2029,106,12,28.17,2017Q4
2029,107,3,27.45,2018Q1
2029,107,6,26.2,2018Q2
2029,107,9,21.39,2018Q3
2029,107,12,19.41,2018Q4
2029,108,3,19.94,2019Q1
2029,108,6,18.73,2019Q2
2029,108,9,20.02,2019Q3
2029,108,12,19.58,2019Q4
2029,109,3,16.09,2020Q1
2029,109,6,17.54,2020Q2
2029,109,9,18.79,2020Q3
2029,109,12,23.15,2020Q4
2029,110,3,23.53,2021Q1
2029,110,6,41.34,2021Q2
2029,110,9,40.55,2021Q3
2029,110,12,33.38,2021Q4
2029,111,3,33.3,2022Q1
2029,111,6,28.57,2022Q2
2029,111,9,24.6,2022Q3
2029,111,12,24.37,2022Q4
2029,112,3,25.57,2023Q1
2029,112,6,25.36,2023Q2
2029,112,9,24.51,2023Q3
2029,112,12,30.25,2023Q4
2029,113,3,28.17,2024Q1
2029,113,6,27.74,2024Q2
2029,113,9,25.4,2024Q3
2029,113,12,24.38,2024Q4
2029,114,3,26.83,2025Q1
2029,114,6,,2025Q2
2029,114,9,,2025Q3
2029,114,12,,2025Q4
2030,105,3,10.7,2016Q1
2030,105,6,9.74,2016Q2
2030,105,9,9.41,2016Q3
2030,105,12,10.93,2016Q4
2030,106,3,12.26,2017Q1
2030,106,6,12.16,2017Q2
2030,106,9,16.26,2017Q3
2030,106,12,15.46,2017Q4
2030,107,3,16.51,2018Q1
2030,107,6,16.1,2018Q2
2030,107,9,14.71,2018Q3
2030,107,12,12.99,2018Q4
2030,108,3,14.32,2019Q1
2030,108,6,12.81,2019Q2
2030,108,9,13.64,2019Q3
2030,108,12,12.14,2019Q4
2030,109,3,9.72,2020Q1
2030,109,6,10.62,2020Q2
2030,109,9,10.62,2020Q3
2030,109,12,13.98,2020Q4
2030,110,3,13.62,2021Q1
2030,110,6,25.28,2021Q2
2030,110,9,36.17,2021Q3
2030,110,12,30.87,2021Q4
2030,111,3,33.99,2022Q1
2030,111,6,26.51,2022Q2
2030,111,9,24.24,2022Q3
2030,111,12,23.27,2022Q4
2030,112,3,23.48,2023Q1
2030,112,6,23.04,2023Q2
2030,112,9,18.77,2023Q3
2030,112,12,20.32,2023Q4
2030,113,3,18.44,2024Q1
2030,113,6,18.05,2024Q2
2030,113,9,18.54,2024Q3
2030,113,12,16.96,2024Q4
2030,114,3,18.42,2025Q1
2030,114,6,,2025Q2
2030,114,9,,2025Q3
2030,114,12,,2025Q4
2031,105,3,15.0,2016Q1
2031,105,6,15.0,2016Q2
2031,105,9,17.32,2016Q3
2031,105,12,22.68,2016Q4
2031,106,3,23.43,2017Q1
2031,106,6,24.79,2017Q2
2031,106,9,29.54,2017Q3
2031,106,12,27.03,2017Q4
2031,107,3,35.02,2018Q1
2031,107,6,41.43,2018Q2
2031,107,9,42.52,2018Q3
2031,107,12,31.72,2018Q4
2031,108,3,33.27,2019Q1
2031,108,6,31.26,2019Q2
2031,108,9,28.38,2019Q3
2031,108,12,30.42,2019Q4
2031,109,3,22.16,2020Q1
2031,109,6,25.74,2020Q2
2031,109,9,32.36,2020Q3
2031,109,12,39.78,2020Q4
2031,110,3,39.78,2021Q1
2031,110,6,71.37,2021Q2
2031,110,9,65.24,2021Q3
2031,110,12,58.69,2021Q4
2031,111,3,64.58,2022Q1
2031,111,6,44.49,2022Q2
2031,111,9,37.35,2022Q3
2031,111,12,41.78,2022Q4
2031,112,3,46.18,2023Q1
2031,112,6,47.41,2023Q2
2031,112,9,48.84,2023Q3
2031,112,12,57.77,2023Q4
2031,113,3,63.62,2024Q1
2031,113,6,65.31,2024Q2
2031,113,9,58.03,2024Q3
2031,113,12,46.9,2024Q4
2031,114,3,51.99,2025Q1
2031,114,6,,2025Q2
2031,114,9,,2025Q3
2031,114,12,,2025Q4
2032,105,3,10.29,2016Q1
2032,105,6,9.24,2016Q2
2032,105,9,9.97,2016Q3
2032,105,12,10.85,2016Q4
2032,106,3,10.95,2017Q1
2032,106,6,9.85,2017Q2
2032,106,9,10.07,2017Q3
2032,106,12,9.99,2017Q4
2032,107,3,10.74,2018Q1
2032,107,6,10.22,2018Q2
2032,107,9,10.18,2018Q3
2032,107,12,9.04,2018Q4
2032,108,3,9.09,2019Q1
2032,108,6,8.71,2019Q2
2032,108,9,9.51,2019Q3
2032,108,12,9.15,2019Q4
2032,109,3,7.43,2020Q1
2032,109,6,8.55,2020Q2
2032,109,9,10.78,2020Q3
2032,109,12,14.02,2020Q4
2032,110,3,14.27,2021Q1
2032,110,6,21.89,2021Q2
2032,110,9,31.12,2021Q3
2032,110,12,23.92,2021Q4
2032,111,3,33.45,2022Q1
2032,111,6,22.83,2022Q2
2032,111,9,19.72,2022Q3
2032,111,12,20.52,2022Q4
2032,112,3,20.23,2023Q1
2032,112,6,18.17,2023Q2
2032,112,9,16.72,2023Q3
2032,112,12,19.01,2023Q4
2032,113,3,16.08,2024Q1
2032,113,6,17.3,2024Q2
2032,113,9,16.49,2024Q3
2032,113,12,14.11,2024Q4
2032,114,3,20.26,2025Q1
2032,114,6,,2025Q2
2032,114,9,,2025Q3
2032,114,12,,2025Q4
2033,105,3,9.53,2016Q1
2033,105,6,8.97,2016Q2
2033,105,9,9.02,2016Q3
2033,105,12,9.34,2016Q4
2033,106,3,9.51,2017Q1
2033,106,6,9.16,2017Q2
2033,106,9,9.11,2017Q3
2033,106,12,9.04,2017Q4
2033,107,3,16.57,2018Q1
2033,107,6,12.79,2018Q2
2033,107,9,11.98,2018Q3
2033,107,12,9.83,2018Q4
2033,108,3,9.55,2019Q1
2033,108,6,9.86,2019Q2
2033,108,9,9.28,2019Q3
2033,108,12,8.97,2019Q4
2033,109,3,8.11,2020Q1
2033,109,6,9.17,2020Q2
2033,109,9,10.78,2020Q3
2033,109,12,13.17,2020Q4
2033,110,3,13.45,2021Q1
2033,110,6,21.07,2021Q2
2033,110,9,20.13,2021Q3
2033,110,12,17.82,2021Q4
2033,111,3,23.67,2022Q1
2033,111,6,17.2,2022Q2
2033,111,9,14.23,2022Q3
2033,111,12,15.84,2022Q4
2033,112,3,15.75,2023Q1
2033,112,6,15.18,2023Q2
2033,112,9,15.22,2023Q3
2033,112,12,18.66,2023Q4
2033,113,3,16.37,2024Q1
2033,113,6,15.58,2024Q2
2033,113,9,20.67,2024Q3
2033,113,12,23.73,2024Q4
2033,114,3,22.25,2025Q1
2033,114,6,,2025Q2
2033,114,9,,2025Q3
2033,114,12,,2025Q4
2034,105,3,24.55,2016Q1
2034,105,6,23.04,2016Q2
2034,105,9,22.58,2016Q3
2034,105,12,28.38,2016Q4
2034,106,3,26.13,2017Q1
2034,106,6,25.44,2017Q2
2034,106,9,26.6,2017Q3
2034,106,12,25.94,2017Q4
2034,107,3,26.3,2018Q1
2034,107,6,27.03,2018Q2
2034,107,9,25.98,2018Q3
2034,107,12,24.61,2018Q4
2034,108,3,26.18,2019Q1
2034,108,6,26.8,2019Q2
2034,108,9,26.86,2019Q3
2034,108,12,25.85,2019Q4
2034,109,3,22.85,2020Q1
2034,109,6,24.66,2020Q2
2034,109,9,23.6,2020Q3
2034,109,12,27.64,2020Q4
2034,110,3,26.84,2021Q1
2034,110,6,38.36,2021Q2
2034,110,9,36.71,2021Q3
2034,110,12,32.45,2021Q4
2034,111,3,35.09,2022Q1
2034,111,6,28.69,2022Q2
2034,111,9,29.34,2022Q3
2034,111,12,28.97,2022Q4
2034,112,3,29.96,2023Q1
2034,112,6,29.06,2023Q2
2034,112,9,27.56,2023Q3
2034,112,12,27.19,2023Q4
2034,113,3,24.95,2024Q1
2034,113,6,25.41,2024Q2
2034,113,9,23.25,2024Q3
2034,113,12,20.12,2024Q4
2034,114,3,26.51,2025Q1
2034,114,6,,2025Q2
2034,114,9,,2025Q3
2034,114,12,,2025Q4
2038,105,3,6.46,2016Q1
2038,105,6,5.99,2016Q2
2038,105,9,6.33,2016Q3
2038,105,12,7.08,2016Q4
2038,106,3,8.42,2017Q1
2038,106,6,8.12,2017Q2
2038,106,9,7.97,2017Q3
2038,106,12,8.11,2017Q4
2038,107,3,13.93,2018Q1
2038,107,6,12.28,2018Q2
2038,107,9,10.37,2018Q3
2038,107,12,8.06,2018Q4
2038,108,3,8.13,2019Q1
2038,108,6,7.39,2019Q2
2038,108,9,7.38,2019Q3
2038,108,12,7.22,2019Q4
2038,109,3,5.46,2020Q1
2038,109,6,7.14,2020Q2
2038,109,9,10.31,2020Q3
2038,109,12,19.0,2020Q4
2038,110,3,18.84,2021Q1
2038,110,6,52.65,2021Q2
2038,110,9,38.04,2021Q3
2038,110,12,36.41,2021Q4
2038,111,3,34.49,2022Q1
2038,111,6,22.78,2022Q2
2038,111,9,21.31,2022Q3
2038,111,12,22.02,2022Q4
2038,112,3,22.68,2023Q1
2038,112,6,20.33,2023Q2
2038,112,9,18.12,2023Q3
2038,112,12,21.92,2023Q4
2038,113,3,18.97,2024Q1
2038,113,6,20.32,2024Q2
2038,113,9,19.22,2024Q3
2038,113,12,16.28,2024Q4
2038,114,3,19.31,2025Q1
2038,114,6,,2025Q2
2038,114,9,,2025Q3
2038,114,12,,2025Q4
2049,105,3,149.24,2016Q1
2049,105,6,143.25,2016Q2
2049,105,9,165.89,2016Q3
2049,105,12,143.38,2016Q4
2049,106,3,200.8,2017Q1
2049,106,6,206.61,2017Q2
2049,106,9,279.89,2017Q3
2049,106,12,318.74,2017Q4
2049,107,3,396.09,2018Q1
2049,107,6,391.31,2018Q2
2049,107,9,262.96,2018Q3
2049,107,12,239.74,2018Q4
2049,108,3,266.16,2019Q1
2049,108,6,246.03,2019Q2
2049,108,9,269.1,2019Q3
2049,108,12,274.56,2019Q4
2049,109,3,231.84,2020Q1
2049,109,6,304.6,2020Q2
2049,109,9,305.21,2020Q3
2049,109,12,356.04,2020Q4
2049,110,3,415.22,2021Q1
2049,110,6,389.36,2021Q2
2049,110,9,328.77,2021Q3
2049,110,12,294.08,2021Q4
2049,111,3,249.94,2022Q1
2049,111,6,250.04,2022Q2
2049,111,9,191.06,2022Q3
2049,111,12,186.77,2022Q4
2049,112,3,252.77,2023Q1
2049,112,6,242.29,2023Q2
2049,112,9,203.8,2023Q3
2049,112,12,228.4,2023Q4
2049,113,3,262.63,2024Q1
2049,113,6,212.38,2024Q2
2049,113,9,210.01,2024Q3
2049,113,12,297.89,2024Q4
2049,114,3,290.84,2025Q1
2049,114,6,,2025Q2
2049,114,9,,2025Q3
2049,114,12,,2025Q4
2059,105,3,386.62,2016Q1
2059,105,6,358.82,2016Q2
2059,105,9,400.73,2016Q3
2059,105,12,394.05,2016Q4
2059,106,3,423.17,2017Q1
2059,106,6,431.2,2017Q2
2059,106,9,401.99,2017Q3
2059,106,12,399.44,2017Q4
2059,107,3,413.64,2018Q1
2059,107,6,433.56,2018Q2
2059,107,9,389.31,2018Q3
2059,107,12,325.63,2018Q4
2059,108,3,343.47,2019Q1
2059,108,6,296.04,2019Q2
2059,108,9,342.17,2019Q3
2059,108,12,351.3,2019Q4
2059,109,3,314.53,2020Q1
2059,109,6,340.62,2020Q2
2059,109,9,293.67,2020Q3
2059,109,12,300.74,2020Q4
2059,110,3,320.43,2021Q1
2059,110,6,400.04,2021Q2
2059,110,9,383.64,2021Q3
2059,110,12,495.5,2021Q4
2059,111,3,427.35,2022Q1
2059,111,6,434.22,2022Q2
2059,111,9,458.59,2022Q3
2059,111,12,402.97,2022Q4
2059,112,3,386.4,2023Q1
2059,112,6,543.82,2023Q2
2059,112,9,845.43,2023Q3
2059,112,12,887.24,2023Q4
2059,113,3,1315.22,2024Q1
2059,113,6,1185.47,2024Q2
2059,113,9,1169.17,2024Q3
2059,113,12,1531.85,2024Q4
2059,114,3,1894.18,2025Q1
2059,114,6,,2025Q2
2059,114,9,,2025Q3
2059,114,12,,2025Q4
2062,105,3,42.41,2016Q1
2062,105,6,40.85,2016Q2
2062,105,9,43.32,2016Q3
2062,105,12,40.78,2016Q4
2062,106,3,41.45,2017Q1
2062,106,6,45.14,2017Q2
2062,106,9,38.97,2017Q3
2062,106,12,36.83,2017Q4
2062,107,3,35.77,2018Q1
2062,107,6,36.15,2018Q2
2062,107,9,36.4,2018Q3
2062,107,12,33.85,2018Q4
2062,108,3,32.49,2019Q1
2062,108,6,35.18,2019Q2
2062,108,9,30.6,2019Q3
2062,108,12,27.4,2019Q4
2062,109,3,18.32,2020Q1
2062,109,6,20.97,2020Q2
2062,109,9,26.89,2020Q3
2062,109,12,24.29,2020Q4
2062,110,3,30.18,2021Q1
2062,110,6,29.64,2021Q2
2062,110,9,26.64,2021Q3
2062,110,12,27.24,2021Q4
2062,111,3,26.66,2022Q1
2062,111,6,24.81,2022Q2
2062,111,9,23.77,2022Q3
2062,111,12,22.42,2022Q4
2062,112,3,23.3,2023Q1
2062,112,6,22.63,2023Q2
2062,112,9,22.16,2023Q3
2062,112,12,25.62,2023Q4
2062,113,3,28.48,2024Q1
2062,113,6,28.31,2024Q2
2062,113,9,39.8,2024Q3
2062,113,12,35.03,2024Q4
2062,114,3,32.72,2025Q1
2062,114,6,,2025Q2
2062,114,9,,2025Q3
2062,114,12,,2025Q4
2069,105,3,19.99,2016Q1
2069,105,6,17.66,2016Q2
2069,105,9,18.13,2016Q3
2069,105,12,23.51,2016Q4
2069,106,3,29.56,2017Q1
2069,106,6,26.16,2017Q2
2069,106,9,25.94,2017Q3
2069,106,12,24.51,2017Q4
2069,107,3,23.99,2018Q1
2069,107,6,24.81,2018Q2
2069,107,9,23.9,2018Q3
2069,107,12,24.19,2018Q4
2069,108,3,27.13,2019Q1
2069,108,6,23.9,2019Q2
2069,108,9,21.23,2019Q3
2069,108,12,18.79,2019Q4
2069,109,3,13.87,2020Q1
2069,109,6,15.32,2020Q2
2069,109,9,14.89,2020Q3
2069,109,12,18.08,2020Q4
2069,110,3,16.9,2021Q1
2069,110,6,28.79,2021Q2
2069,110,9,39.61,2021Q3
2069,110,12,35.7,2021Q4
2069,111,3,35.68,2022Q1
2069,111,6,23.92,2022Q2
2069,111,9,21.74,2022Q3
2069,111,12,21.12,2022Q4
2069,112,3,20.68,2023Q1
2069,112,6,19.66,2023Q2
2069,112,9,17.03,2023Q3
2069,112,12,17.78,2023Q4
2069,113,3,15.99,2024Q1
2069,113,6,16.43,2024Q2
2069,113,9,18.91,2024Q3
2069,113,12,16.94,2024Q4
2069,114,3,18.8,2025Q1
2069,114,6,,2025Q2
2069,114,9,,2025Q3
2069,114,12,,2025Q4
2101,105,3,31.57,2016Q1
2101,105,6,27.23,2016Q2
2101,105,9,29.92,2016Q3
2101,105,12,29.45,2016Q4
2101,106,3,30.22,2017Q1
2101,106,6,28.14,2017Q2
2101,106,9,27.39,2017Q3
2101,106,12,26.53,2017Q4
2101,107,3,26.07,2018Q1
2101,107,6,26.57,2018Q2
2101,107,9,25.32,2018Q3
2101,107,12,26.07,2018Q4
2101,108,3,30.58,2019Q1
2101,108,6,35.0,2019Q2
2101,108,9,42.1,2019Q3
2101,108,12,48.28,2019Q4
2101,109,3,39.3,2020Q1
2101,109,6,44.34,2020Q2
2101,109,9,46.44,2020Q3
2101,109,12,42.33,2020Q4
2101,110,3,41.89,2021Q1
2101,110,6,38.41,2021Q2
2101,110,9,39.17,2021Q3
2101,110,12,38.39,2021Q4
2101,111,3,41.3,2022Q1
2101,111,6,38.73,2022Q2
2101,111,9,38.33,2022Q3
2101,111,12,34.41,2022Q4
2101,112,3,37.73,2023Q1
2101,112,6,40.5,2023Q2
2101,112,9,38.61,2023Q3
2101,112,12,40.43,2023Q4
2101,113,3,39.77,2024Q1
2101,113,6,59.59,2024Q2
2101,113,9,49.95,2024Q3
2101,113,12,49.53,2024Q4
2101,114,3,43.3,2025Q1
2101,114,6,,2025Q2
2101,114,9,,2025Q3
2101,114,12,,2025Q4
2102,105,3,15.32,2016Q1
2102,105,6,13.83,2016Q2
2102,105,9,13.73,2016Q3
2102,105,12,12.81,2016Q4
2102,106,3,15.21,2017Q1
2102,106,6,14.03,2017Q2
2102,106,9,14.5,2017Q3
2102,106,12,13.34,2017Q4
2102,107,3,12.96,2018Q1
2102,107,6,12.51,2018Q2
2102,107,9,12.65,2018Q3
2102,107,12,11.13,2018Q4
2102,108,3,11.26,2019Q1
2102,108,6,12.43,2019Q2
2102,108,9,12.06,2019Q3
2102,108,12,13.56,2019Q4
2102,109,3,11.78,2020Q1
2102,109,6,17.42,2020Q2
2102,109,9,21.62,2020Q3
2102,109,12,20.65,2020Q4
2102,110,3,19.47,2021Q1
2102,110,6,31.16,2021Q2
2102,110,9,29.64,2021Q3
2102,110,12,28.32,2021Q4
2102,111,3,27.16,2022Q1
2102,111,6,21.2,2022Q2
2102,111,9,21.44,2022Q3
2102,111,12,20.93,2022Q4
2102,112,3,21.35,2023Q1
2102,112,6,19.62,2023Q2
2102,112,9,18.18,2023Q3
2102,112,12,20.08,2023Q4
2102,113,3,18.24,2024Q1
2102,113,6,20.72,2024Q2
2102,113,9,21.77,2024Q3
2102,113,12,20.11,2024Q4
2102,114,3,17.77,2025Q1
2102,114,6,,2025Q2
2102,114,9,,2025Q3
2102,114,12,,2025Q4
2103,105,3,28.12,2016Q1
2103,105,6,27.65,2016Q2
2103,105,9,28.99,2016Q3
2103,105,12,33.39,2016Q4
2103,106,3,35.58,2017Q1
2103,106,6,33.92,2017Q2
2103,106,9,32.48,2017Q3
2103,106,12,36.54,2017Q4
2103,107,3,31.06,2018Q1
2103,107,6,31.71,2018Q2
2103,107,9,32.65,2018Q3
2103,107,12,27.43,2018Q4
2103,108,3,27.67,2019Q1
2103,108,6,27.58,2019Q2
2103,108,9,24.63,2019Q3
2103,108,12,23.69,2019Q4
2103,109,3,15.99,2020Q1
2103,109,6,17.49,2020Q2
2103,109,9,18.18,2020Q3
2103,109,12,22.98,2020Q4
2103,110,3,28.23,2021Q1
2103,110,6,34.46,2021Q2
2103,110,9,30.58,2021Q3
2103,110,12,39.55,2021Q4
2103,111,3,34.34,2022Q1
2103,111,6,30.9,2022Q2
2103,111,9,27.01,2022Q3
2103,111,12,27.65,2022Q4
2103,112,3,28.11,2023Q1
2103,112,6,26.25,2023Q2
2103,112,9,24.31,2023Q3
2103,112,12,24.09,2023Q4
2103,113,3,23.0,2024Q1
2103,113,6,24.08,2024Q2
2103,113,9,22.8,2024Q3
2103,113,12,21.52,2024Q4
2103,114,3,20.76,2025Q1
2103,114,6,,2025Q2
2103,114,9,,2025Q3
2103,114,12,,2025Q4
2104,105,3,24.97,2016Q1
2104,105,6,22.94,2016Q2
2104,105,9,25.49,2016Q3
2104,105,12,28.51,2016Q4
2104,106,3,29.88,2017Q1
2104,106,6,31.21,2017Q2
2104,106,9,43.37,2017Q3
2104,106,12,42.8,2017Q4
2104,107,3,48.44,2018Q1
2104,107,6,46.49,2018Q2
2104,107,9,39.59,2018Q3
2104,107,12,39.72,2018Q4
2104,108,3,43.36,2019Q1
2104,108,6,36.46,2019Q2
2104,108,9,33.06,2019Q3
2104,108,12,30.84,2019Q4
2104,109,3,21.18,2020Q1
2104,109,6,20.9,2020Q2
2104,109,9,20.36,2020Q3
2104,109,12,24.49,2020Q4
2104,110,3,26.2,2021Q1
2104,110,6,26.35,2021Q2
2104,110,9,23.49,2021Q3
2104,110,12,27.19,2021Q4
2104,111,3,27.35,2022Q1
2104,111,6,20.29,2022Q2
2104,111,9,20.85,2022Q3
2104,111,12,20.2,2022Q4
2104,112,3,20.12,2023Q1
2104,112,6,22.09,2023Q2
2104,112,9,20.23,2023Q3
2104,112,12,19.56,2023Q4
2104,113,3,17.45,2024Q1
2104,113,6,17.36,2024Q2
2104,113,9,15.65,2024Q3
2104,113,12,13.73,2024Q4
2104,114,3,12.41,2025Q1
2104,114,6,,2025Q2
2104,114,9,,2025Q3
2104,114,12,,2025Q4
2105,105,3,61.25,2016Q1
2105,105,6,67.04,2016Q2
2105,105,9,66.58,2016Q3
2105,105,12,60.28,2016Q4
2105,106,3,64.56,2017Q1
2105,106,6,62.14,2017Q2
2105,106,9,60.84,2017Q3
2105,106,12,51.55,2017Q4
2105,107,3,49.03,2018Q1
2105,107,6,46.03,2018Q2
2105,107,9,47.29,2018Q3
2105,107,12,41.84,2018Q4
2105,108,3,42.54,2019Q1
2105,108,6,40.01,2019Q2
2105,108,9,44.51,2019Q3
2105,108,12,41.74,2019Q4
2105,109,3,33.52,2020Q1
2105,109,6,34.8,2020Q2
2105,109,9,37.03,2020Q3
2105,109,12,44.27,2020Q4
2105,110,3,45.03,2021Q1
2105,110,6,46.16,2021Q2
2105,110,9,36.21,2021Q3
2105,110,12,35.79,2021Q4
2105,111,3,34.91,2022Q1
2105,111,6,35.17,2022Q2
2105,111,9,37.72,2022Q3
2105,111,12,34.36,2022Q4
2105,112,3,36.0,2023Q1
2105,112,6,40.14,2023Q2
2105,112,9,42.03,2023Q3
2105,112,12,45.85,2023Q4
2105,113,3,48.19,2024Q1
2105,113,6,53.17,2024Q2
2105,113,9,49.46,2024Q3
2105,113,12,50.47,2024Q4
2105,114,3,50.07,2025Q1
2105,114,6,,2025Q2
2105,114,9,,2025Q3
2105,114,12,,2025Q4
2106,105,3,50.78,2016Q1
2106,105,6,51.51,2016Q2
2106,105,9,50.16,2016Q3
2106,105,12,47.75,2016Q4
2106,106,3,50.05,2017Q1
2106,106,6,47.67,2017Q2
2106,106,9,43.41,2017Q3
2106,106,12,38.04,2017Q4
2106,107,3,36.5,2018Q1
2106,107,6,34.46,2018Q2
2106,107,9,30.77,2018Q3
2106,107,12,29.6,2018Q4
2106,108,3,30.18,2019Q1
2106,108,6,29.24,2019Q2
2106,108,9,31.26,2019Q3
2106,108,12,30.94,2019Q4
2106,109,3,26.92,2020Q1
2106,109,6,29.79,2020Q2
2106,109,9,29.86,2020Q3
2106,109,12,35.76,2020Q4
2106,110,3,39.12,2021Q1
2106,110,6,40.29,2021Q2
2106,110,9,32.11,2021Q3
2106,110,12,30.55,2021Q4
2106,111,3,31.71,2022Q1
2106,111,6,32.74,2022Q2
2106,111,9,34.25,2022Q3
2106,111,12,30.71,2022Q4
2106,112,3,31.39,2023Q1
2106,112,6,31.74,2023Q2
2106,112,9,30.06,2023Q3
2106,112,12,30.94,2023Q4
2106,113,3,31.06,2024Q1
2106,113,6,34.07,2024Q2
2106,113,9,30.08,2024Q3
2106,113,12,27.45,2024Q4
2106,114,3,27.59,2025Q1
2106,114,6,,2025Q2
2106,114,9,,2025Q3
2106,114,12,,2025Q4
2107,105,3,17.81,2016Q1
2107,105,6,15.77,2016Q2
2107,105,9,14.94,2016Q3
2107,105,12,15.47,2016Q4
2107,106,3,17.39,2017Q1
2107,106,6,15.68,2017Q2
2107,106,9,15.25,2017Q3
2107,106,12,15.29,2017Q4
2107,107,3,15.12,2018Q1
2107,107,6,15.17,2018Q2
2107,107,9,14.83,2018Q3
2107,107,12,15.3,2018Q4
2107,108,3,17.65,2019Q1
2107,108,6,18.14,2019Q2
2107,108,9,18.78,2019Q3
2107,108,12,18.83,2019Q4
2107,109,3,15.57,2020Q1
2107,109,6,18.11,2020Q2
2107,109,9,21.2,2020Q3
2107,109,12,24.75,2020Q4
2107,110,3,24.73,2021Q1
2107,110,6,24.67,2021Q2
2107,110,9,22.16,2021Q3
2107,110,12,22.64,2021Q4
2107,111,3,22.09,2022Q1
2107,111,6,21.51,2022Q2
2107,111,9,21.21,2022Q3
2107,111,12,21.97,2022Q4
2107,112,3,22.43,2023Q1
2107,112,6,22.15,2023Q2
2107,112,9,22.36,2023Q3
2107,112,12,23.91,2023Q4
2107,113,3,24.07,2024Q1
2107,113,6,26.75,2024Q2
2107,113,9,25.82,2024Q3
2107,113,12,26.04,2024Q4
2107,114,3,26.41,2025Q1
2107,114,6,,2025Q2
2107,114,9,,2025Q3
2107,114,12,,2025Q4
2108,105,3,26.72,2016Q1
2108,105,6,26.0,2016Q2
2108,105,9,23.06,2016Q3
2108,105,12,22.25,2016Q4
2108,106,3,25.16,2017Q1
2108,106,6,23.82,2017Q2
2108,106,9,22.05,2017Q3
2108,106,12,23.31,2017Q4
2108,107,3,23.37,2018Q1
2108,107,6,28.33,2018Q2
2108,107,9,30.77,2018Q3
2108,107,12,28.48,2018Q4
2108,108,3,34.99,2019Q1
2108,108,6,35.99,2019Q2
2108,108,9,32.01,2019Q3
2108,108,12,29.66,2019Q4
2108,109,3,26.69,2020Q1
2108,109,6,39.52,2020Q2
2108,109,9,49.25,2020Q3
2108,109,12,61.16,2020Q4
2108,110,3,79.72,2021Q1
2108,110,6,150.53,2021Q2
2108,110,9,98.54,2021Q3
2108,110,12,84.42,2021Q4
2108,111,3,73.38,2022Q1
2108,111,6,48.04,2022Q2
2108,111,9,38.8,2022Q3
2108,111,12,38.52,2022Q4
2108,112,3,43.51,2023Q1
2108,112,6,37.9,2023Q2
2108,112,9,36.58,2023Q3
2108,112,12,37.95,2023Q4
2108,113,3,34.09,2024Q1
2108,113,6,35.7,2024Q2
2108,113,9,37.27,2024Q3
2108,113,12,33.53,2024Q4
2108,114,3,32.27,2025Q1
2108,114,6,,2025Q2
2108,114,9,,2025Q3
2108,114,12,,2025Q4
2109,105,3,12.67,2016Q1
2109,105,6,11.66,2016Q2
2109,105,9,11.13,2016Q3
2109,105,12,11.13,2016Q4
2109,106,3,11.07,2017Q1
2109,106,6,10.75,2017Q2
2109,106,9,11.3,2017Q3
2109,106,12,12.94,2017Q4
2109,107,3,15.68,2018Q1
2109,107,6,15.77,2018Q2
2109,107,9,14.27,2018Q3
2109,107,12,11.91,2018Q4
2109,108,3,12.71,2019Q1
2109,108,6,11.41,2019Q2
2109,108,9,11.14,2019Q3
2109,108,12,11.01,2019Q4
2109,109,3,11.45,2020Q1
2109,109,6,14.4,2020Q2
2109,109,9,12.43,2020Q3
2109,109,12,12.91,2020Q4
2109,110,3,15.48,2021Q1
2109,110,6,20.02,2021Q2
2109,110,9,16.9,2021Q3
2109,110,12,16.75,2021Q4
2109,111,3,15.48,2022Q1
2109,111,6,14.77,2022Q2
2109,111,9,14.79,2022Q3
2109,111,12,14.66,2022Q4
2109,112,3,14.71,2023Q1
2109,112,6,14.66,2023Q2
2109,112,9,14.32,2023Q3
2109,112,12,14.65,2023Q4
2109,113,3,16.69,2024Q1
2109,113,6,19.33,2024Q2
2109,113,9,19.24,2024Q3
2109,113,12,18.09,2024Q4
2109,114,3,18.93,2025Q1
2109,114,6,,2025Q2
2109,114,9,,2025Q3
2109,114,12,,2025Q4
2114,105,3,80.81,2016Q1
2114,105,6,80.19,2016Q2
2114,105,9,80.15,2016Q3
2114,105,12,77.27,2016Q4
2114,106,3,77.38,2017Q1
2114,106,6,71.09,2017Q2
2114,106,9,72.27,2017Q3
2114,106,12,88.72,2017Q4
2114,107,3,90.5,2018Q1
2114,107,6,94.19,2018Q2
2114,107,9,94.61,2018Q3
2114,107,12,78.8,2018Q4
2114,108,3,86.65,2019Q1
2114,108,6,85.92,2019Q2
2114,108,9,83.5,2019Q3
2114,108,12,82.71,2019Q4
2114,109,3,72.71,2020Q1
2114,109,6,81.88,2020Q2
2114,109,9,82.0,2020Q3
2114,109,12,87.62,2020Q4
2114,110,3,124.15,2021Q1
2114,110,6,133.44,2021Q2
2114,110,9,129.24,2021Q3
2114,110,12,121.16,2021Q4
2114,111,3,134.02,2022Q1
2114,111,6,122.11,2022Q2
2114,111,9,107.46,2022Q3
2114,111,12,98.44,2022Q4
2114,112,3,100.4,2023Q1
2114,112,6,113.31,2023Q2
2114,112,9,105.37,2023Q3
2114,112,12,107.91,2023Q4
2114,113,3,107.59,2024Q1
2114,113,6,103.7,2024Q2
2114,113,9,95.99,2024Q3
2114,113,12,94.47,2024Q4
2114,114,3,94.19,2025Q1
2114,114,6,,2025Q2
2114,114,9,,2025Q3
2114,114,12,,2025Q4
2115,105,3,48.08,2016Q1
2115,105,6,48.48,2016Q2
2115,105,9,63.22,2016Q3
2115,105,12,53.89,2016Q4
2115,106,3,56.36,2017Q1
2115,106,6,62.7,2017Q2
2115,106,9,54.82,2017Q3
2115,106,12,45.3,2017Q4
2115,107,3,41.2,2018Q1
2115,107,6,37.77,2018Q2
2115,107,9,31.28,2018Q3
2115,107,12,32.6,2018Q4
2115,108,3,36.33,2019Q1
2115,108,6,39.29,2019Q2
2115,108,9,39.19,2019Q3
2115,108,12,41.49,2019Q4
2115,109,3,35.1,2020Q1
2115,109,6,40.69,2020Q2
2115,109,9,41.26,2020Q3
2115,109,12,44.53,2020Q4
2115,110,3,50.0,2021Q1
2115,110,6,47.36,2021Q2
2115,110,9,42.6,2021Q3
2115,110,12,40.03,2021Q4
2115,111,3,40.57,2022Q1
2115,111,6,34.98,2022Q2
2115,111,9,31.45,2022Q3
2115,111,12,29.53,2022Q4
2115,112,3,32.11,2023Q1
2115,112,6,34.25,2023Q2
2115,112,9,30.67,2023Q3
2115,112,12,29.73,2023Q4
2115,113,3,29.88,2024Q1
2115,113,6,33.34,2024Q2
2115,113,9,30.85,2024Q3
2115,113,12,30.8,2024Q4
2115,114,3,30.4,2025Q1
2115,114,6,,2025Q2
2115,114,9,,2025Q3
2115,114,12,,2025Q4
2201,105,3,30.67,2016Q1
2201,105,6,27.35,2016Q2
2201,105,9,27.8,2016Q3
2201,105,12,27.02,2016Q4
2201,106,3,28.28,2017Q1
2201,106,6,26.97,2017Q2
2201,106,9,25.98,2017Q3
2201,106,12,23.18,2017Q4
2201,107,3,23.19,2018Q1
2201,107,6,22.3,2018Q2
2201,107,9,21.01,2018Q3
2201,107,12,20.0,2018Q4
2201,108,3,19.38,2019Q1
2201,108,6,22.51,2019Q2
2201,108,9,20.64,2019Q3
2201,108,12,19.31,2019Q4
2201,109,3,17.27,2020Q1
2201,109,6,22.49,2020Q2
2201,109,9,24.39,2020Q3
2201,109,12,41.49,2020Q4
2201,110,3,44.06,2021Q1
2201,110,6,40.92,2021Q2
2201,110,9,42.34,2021Q3
2201,110,12,41.7,2021Q4
2201,111,3,39.88,2022Q1
2201,111,6,47.89,2022Q2
2201,111,9,42.62,2022Q3
2201,111,12,64.48,2022Q4
2201,112,3,76.99,2023Q1
2201,112,6,87.27,2023Q2
2201,112,9,84.59,2023Q3
2201,112,12,75.28,2023Q4
2201,113,3,69.27,2024Q1
2201,113,6,69.62,2024Q2
2201,113,9,55.59,2024Q3
2201,113,12,53.38,2024Q4
2201,114,3,46.25,2025Q1
2201,114,6,,2025Q2
2201,114,9,,2025Q3
2201,114,12,,2025Q4
2204,105,3,22.16,2016Q1
2204,105,6,24.01,2016Q2
2204,105,9,23.89,2016Q3
2204,105,12,26.79,2016Q4
2204,106,3,28.43,2017Q1
2204,106,6,28.4,2017Q2
2204,106,9,27.2,2017Q3
2204,106,12,26.05,2017Q4
2204,107,3,26.93,2018Q1
2204,107,6,28.9,2018Q2
2204,107,9,25.44,2018Q3
2204,107,12,24.25,2018Q4
2204,108,3,27.39,2019Q1
2204,108,6,27.47,2019Q2
2204,108,9,24.97,2019Q3
2204,108,12,38.97,2019Q4
2204,109,3,29.04,2020Q1
2204,109,6,38.28,2020Q2
2204,109,9,42.14,2020Q3
2204,109,12,48.68,2020Q4
2204,110,3,61.05,2021Q1
2204,110,6,72.89,2021Q2
2204,110,9,71.66,2021Q3
2204,110,12,63.82,2021Q4
2204,111,3,58.96,2022Q1
2204,111,6,62.86,2022Q2
2204,111,9,44.28,2022Q3
2204,111,12,53.53,2022Q4
2204,112,3,60.67,2023Q1
2204,112,6,96.28,2023Q2
2204,112,9,102.92,2023Q3
2204,112,12,115.78,2023Q4
2204,113,3,128.78,2024Q1
2204,113,6,126.46,2024Q2
2204,113,9,71.33,2024Q3
2204,113,12,80.21,2024Q4
2204,114,3,78.08,2025Q1
2204,114,6,,2025Q2
2204,114,9,,2025Q3
2204,114,12,,2025Q4
2206,105,3,21.79,2016Q1
2206,105,6,21.03,2016Q2
2206,105,9,21.34,2016Q3
2206,105,12,21.08,2016Q4
2206,106,3,21.39,2017Q1
2206,106,6,21.75,2017Q2
2206,106,9,21.83,2017Q3
2206,106,12,21.18,2017Q4
2206,107,3,21.39,2018Q1
2206,107,6,22.08,2018Q2
2206,107,9,20.61,2018Q3
2206,107,12,20.26,2018Q4
2206,108,3,20.27,2019Q1
2206,108,6,22.22,2019Q2
2206,108,9,20.95,2019Q3
2206,108,12,21.14,2019Q4
2206,109,3,19.83,2020Q1
2206,109,6,21.5,2020Q2
2206,109,9,23.42,2020Q3
2206,109,12,35.37,2020Q4
2206,110,3,31.38,2021Q1
2206,110,6,29.28,2021Q2
2206,110,9,27.18,2021Q3
2206,110,12,26.57,2021Q4
2206,111,3,28.44,2022Q1
2206,111,6,34.25,2022Q2
2206,111,9,39.34,2022Q3
2206,111,12,36.1,2022Q4
2206,112,3,39.77,2023Q1
2206,112,6,90.98,2023Q2
2206,112,9,75.59,2023Q3
2206,112,12,72.33,2023Q4
2206,113,3,76.77,2024Q1
2206,113,6,79.24,2024Q2
2206,113,9,74.84,2024Q3
2206,113,12,69.21,2024Q4
2206,114,3,70.46,2025Q1
2206,114,6,,2025Q2
2206,114,9,,2025Q3
2206,114,12,,2025Q4
2207,105,3,351.72,2016Q1
2207,105,6,313.96,2016Q2
2207,105,9,357.99,2016Q3
2207,105,12,365.97,2016Q4
2207,106,3,350.46,2017Q1
2207,106,6,382.99,2017Q2
2207,106,9,354.94,2017Q3
2207,106,12,343.51,2017Q4
2207,107,3,304.5,2018Q1
2207,107,6,277.78,2018Q2
2207,107,9,259.38,2018Q3
2207,107,12,248.77,2018Q4
2207,108,3,363.27,2019Q1
2207,108,6,509.46,2019Q2
2207,108,9,451.83,2019Q3
2207,108,12,652.6,2019Q4
2207,109,3,464.14,2020Q1
2207,109,6,650.35,2020Q2
2207,109,9,623.0,2020Q3
2207,109,12,638.82,2020Q4
2207,110,3,589.46,2021Q1
2207,110,6,589.72,2021Q2
2207,110,9,590.82,2021Q3
2207,110,12,612.21,2021Q4
2207,111,3,588.06,2022Q1
2207,111,6,600.06,2022Q2
2207,111,9,585.96,2022Q3
2207,111,12,609.06,2022Q4
2207,112,3,614.72,2023Q1
2207,112,6,828.76,2023Q2
2207,112,9,672.58,2023Q3
2207,112,12,700.95,2023Q4
2207,113,3,651.59,2024Q1
2207,113,6,629.76,2024Q2
2207,113,9,657.94,2024Q3
2207,113,12,610.25,2024Q4
2207,114,3,608.75,2025Q1
2207,114,6,,2025Q2
2207,114,9,,2025Q3
2207,114,12,,2025Q4
2208,105,3,15.88,2016Q1
2208,105,6,15.28,2016Q2
2208,105,9,14.08,2016Q3
2208,105,12,13.59,2016Q4
2208,106,3,14.88,2017Q1
2208,106,6,13.15,2017Q2
2208,106,9,12.52,2017Q3
2208,106,12,11.41,2017Q4
2208,107,3,16.48,2018Q1
2208,107,6,18.99,2018Q2
2208,107,9,39.1,2018Q3
2208,107,12,27.01,2018Q4
2208,108,3,28.81,2019Q1
2208,108,6,26.5,2019Q2
2208,108,9,26.47,2019Q3
2208,108,12,26.77,2019Q4
2208,109,3,19.01,2020Q1
2208,109,6,24.38,2020Q2
2208,109,9,25.22,2020Q3
2208,109,12,29.07,2020Q4
2208,110,3,22.28,2021Q1
2208,110,6,28.63,2021Q2
2208,110,9,23.41,2021Q3
2208,110,12,21.85,2021Q4
2208,111,3,21.61,2022Q1
2208,111,6,18.47,2022Q2
2208,111,9,17.18,2022Q3
2208,111,12,19.92,2022Q4
2208,112,3,22.83,2023Q1
2208,112,6,24.61,2023Q2
2208,112,9,23.98,2023Q3
2208,112,12,21.01,2023Q4
2208,113,3,18.66,2024Q1
2208,113,6,17.7,2024Q2
2208,113,9,17.57,2024Q3
2208,113,12,15.83,2024Q4
2208,114,3,17.26,2025Q1
2208,114,6,,2025Q2
2208,114,9,,2025Q3
2208,114,12,,2025Q4
2227,105,3,226.62,2016Q1
2227,105,6,202.8,2016Q2
2227,105,9,205.11,2016Q3
2227,105,12,196.89,2016Q4
2227,106,3,207.39,2017Q1
2227,106,6,300.33,2017Q2
2227,106,9,254.02,2017Q3
2227,106,12,264.0,2017Q4
2227,107,3,257.2,2018Q1
2227,107,6,253.1,2018Q2
2227,107,9,237.92,2018Q3
2227,107,12,227.45,2018Q4
2227,108,3,248.91,2019Q1
2227,108,6,275.55,2019Q2
2227,108,9,248.51,2019Q3
2227,108,12,283.58,2019Q4
2227,109,3,222.59,2020Q1
2227,109,6,270.85,2020Q2
2227,109,9,248.78,2020Q3
2227,109,12,259.79,2020Q4
2227,110,3,271.61,2021Q1
2227,110,6,269.6,2021Q2
2227,110,9,254.78,2021Q3
2227,110,12,247.41,2021Q4
2227,111,3,247.16,2022Q1
2227,111,6,231.44,2022Q2
2227,111,9,198.85,2022Q3
2227,111,12,196.66,2022Q4
2227,112,3,196.99,2023Q1
2227,112,6,201.82,2023Q2
2227,112,9,187.43,2023Q3
2227,112,12,187.81,2023Q4
2227,113,3,143.22,2024Q1
2227,113,6,137.83,2024Q2
2227,113,9,114.0,2024Q3
2227,113,12,81.89,2024Q4
2227,114,3,74.99,2025Q1
2227,114,6,,2025Q2
2227,114,9,,2025Q3
2227,114,12,,2025Q4
2228,105,3,186.91,2016Q1
2228,105,6,208.75,2016Q2
2228,105,9,236.79,2016Q3
2228,105,12,164.75,2016Q4
2228,106,3,182.18,2017Q1
2228,106,6,151.35,2017Q2
2228,106,9,133.84,2017Q3
2228,106,12,121.77,2017Q4
2228,107,3,100.29,2018Q1
2228,107,6,90.36,2018Q2
2228,107,9,78.44,2018Q3
2228,107,12,84.44,2018Q4
2228,108,3,87.73,2019Q1
2228,108,6,87.13,2019Q2
2228,108,9,129.21,2019Q3
2228,108,12,113.54,2019Q4
2228,109,3,74.79,2020Q1
2228,109,6,97.28,2020Q2
2228,109,9,78.86,2020Q3
2228,109,12,83.17,2020Q4
2228,110,3,78.2,2021Q1
2228,110,6,71.43,2021Q2
2228,110,9,69.74,2021Q3
2228,110,12,68.33,2021Q4
2228,111,3,68.29,2022Q1
2228,111,6,65.94,2022Q2
2228,111,9,82.84,2022Q3
2228,111,12,78.95,2022Q4
2228,112,3,84.95,2023Q1
2228,112,6,96.04,2023Q2
2228,112,9,98.04,2023Q3
2228,112,12,93.35,2023Q4
2228,113,3,96.57,2024Q1
2228,113,6,118.65,2024Q2
2228,113,9,118.61,2024Q3
2228,113,12,101.73,2024Q4
2228,114,3,96.43,2025Q1
2228,114,6,,2025Q2
2228,114,9,,2025Q3
2228,114,12,,2025Q4
2231,105,3,387.69,2016Q1
2231,105,6,344.43,2016Q2
2231,105,9,359.48,2016Q3
2231,105,12,258.59,2016Q4
2231,106,3,256.41,2017Q1
2231,106,6,371.34,2017Q2
2231,106,9,363.84,2017Q3
2231,106,12,290.21,2017Q4
2231,107,3,399.69,2018Q1
2231,107,6,370.99,2018Q2
2231,107,9,233.13,2018Q3
2231,107,12,249.32,2018Q4
2231,108,3,312.28,2019Q1
2231,108,6,264.5,2019Q2
2231,108,9,264.93,2019Q3
2231,108,12,245.48,2019Q4
2231,109,3,135.59,2020Q1
2231,109,6,158.23,2020Q2
2231,109,9,169.47,2020Q3
2231,109,12,211.5,2020Q4
2231,110,3,224.7,2021Q1
2231,110,6,208.38,2021Q2
2231,110,9,148.02,2021Q3
2231,110,12,184.53,2021Q4
2231,111,3,152.05,2022Q1
2231,111,6,140.86,2022Q2
2231,111,9,169.01,2022Q3
2231,111,12,150.11,2022Q4
2231,112,3,172.78,2023Q1
2231,112,6,169.67,2023Q2
2231,112,9,144.79,2023Q3
2231,112,12,135.78,2023Q4
2231,113,3,120.18,2024Q1
2231,113,6,129.33,2024Q2
2231,113,9,98.54,2024Q3
2231,113,12,106.3,2024Q4
2231,114,3,89.34,2025Q1
2231,114,6,,2025Q2
2231,114,9,,2025Q3
2231,114,12,,2025Q4
2233,105,3,,2016Q1
2233,105,6,,2016Q2
2233,105,9,,2016Q3
2233,105,12,,2016Q4
2233,106,3,,2017Q1
2233,106,6,,2017Q2
2233,106,9,,2017Q3
2233,106,12,,2017Q4
2233,107,3,,2018Q1
2233,107,6,,2018Q2
2233,107,9,,2018Q3
2233,107,12,,2018Q4
2233,108,3,,2019Q1
2233,108,6,,2019Q2
2233,108,9,73.93,2019Q3
2233,108,12,71.11,2019Q4
2233,109,3,51.39,2020Q1
2233,109,6,65.44,2020Q2
2233,109,9,75.06,2020Q3
2233,109,12,82.05,2020Q4
2233,110,3,94.16,2021Q1
2233,110,6,129.5,2021Q2
2233,110,9,110.17,2021Q3
2233,110,12,96.52,2021Q4
2233,111,3,114.39,2022Q1
2233,111,6,123.04,2022Q2
2233,111,9,106.99,2022Q3
2233,111,12,100.62,2022Q4
2233,112,3,111.31,2023Q1
2233,112,6,110.23,2023Q2
2233,112,9,113.92,2023Q3
2233,112,12,141.84,2023Q4
2233,113,3,138.0,2024Q1
2233,113,6,137.24,2024Q2
2233,113,9,166.19,2024Q3
2233,113,12,236.29,2024Q4
2233,114,3,208.52,2025Q1
2233,114,6,,2025Q2
2233,114,9,,2025Q3
2233,114,12,,2025Q4
2236,105,3,51.09,2016Q1
2236,105,6,57.79,2016Q2
2236,105,9,68.86,2016Q3
2236,105,12,59.59,2016Q4
2236,106,3,54.4,2017Q1
2236,106,6,69.76,2017Q2
2236,106,9,56.79,2017Q3
2236,106,12,53.16,2017Q4
2236,107,3,51.31,2018Q1
2236,107,6,57.39,2018Q2
2236,107,9,35.68,2018Q3
2236,107,12,30.54,2018Q4
2236,108,3,28.77,2019Q1
2236,108,6,26.27,2019Q2
2236,108,9,23.82,2019Q3
2236,108,12,23.64,2019Q4
2236,109,3,15.53,2020Q1
2236,109,6,16.42,2020Q2
2236,109,9,17.78,2020Q3
2236,109,12,19.1,2020Q4
2236,110,3,19.94,2021Q1
2236,110,6,27.79,2021Q2
2236,110,9,31.0,2021Q3
2236,110,12,27.2,2021Q4
2236,111,3,27.89,2022Q1
2236,111,6,25.81,2022Q2
2236,111,9,21.28,2022Q3
2236,111,12,24.74,2022Q4
2236,112,3,40.41,2023Q1
2236,112,6,52.51,2023Q2
2236,112,9,80.43,2023Q3
2236,112,12,75.43,2023Q4
2236,113,3,78.96,2024Q1
2236,113,6,80.71,2024Q2
2236,113,9,114.55,2024Q3
2236,113,12,128.58,2024Q4
2236,114,3,113.77,2025Q1
2236,114,6,,2025Q2
2236,114,9,,2025Q3
2236,114,12,,2025Q4
2239,105,3,171.14,2016Q1
2239,105,6,167.04,2016Q2
2239,105,9,205.47,2016Q3
2239,105,12,180.3,2016Q4
2239,106,3,170.42,2017Q1
2239,106,6,165.76,2017Q2
2239,106,9,173.8,2017Q3
2239,106,12,142.88,2017Q4
2239,107,3,170.93,2018Q1
2239,107,6,168.34,2018Q2
2239,107,9,146.45,2018Q3
2239,107,12,120.77,2018Q4
2239,108,3,128.86,2019Q1
2239,108,6,105.14,2019Q2
2239,108,9,100.05,2019Q3
2239,108,12,94.36,2019Q4
2239,109,3,57.58,2020Q1
2239,109,6,83.29,2020Q2
2239,109,9,79.99,2020Q3
2239,109,12,99.47,2020Q4
2239,110,3,99.54,2021Q1
2239,110,6,90.1,2021Q2
2239,110,9,66.44,2021Q3
2239,110,12,82.29,2021Q4
2239,111,3,73.38,2022Q1
2239,111,6,56.4,2022Q2
2239,111,9,75.23,2022Q3
2239,111,12,61.79,2022Q4
2239,112,3,69.95,2023Q1
2239,112,6,81.65,2023Q2
2239,112,9,61.28,2023Q3
2239,112,12,62.91,2023Q4
2239,113,3,58.23,2024Q1
2239,113,6,53.93,2024Q2
2239,113,9,44.16,2024Q3
2239,113,12,36.18,2024Q4
2239,114,3,37.28,2025Q1
2239,114,6,,2025Q2
2239,114,9,,2025Q3
2239,114,12,,2025Q4
2301,105,3,37.58,2016Q1
2301,105,6,43.8,2016Q2
2301,105,9,47.22,2016Q3
2301,105,12,49.41,2016Q4
2301,106,3,52.41,2017Q1
2301,106,6,50.29,2017Q2
2301,106,9,43.65,2017Q3
2301,106,12,38.7,2017Q4
2301,107,3,41.92,2018Q1
2301,107,6,38.46,2018Q2
2301,107,9,37.2,2018Q3
2301,107,12,40.66,2018Q4
2301,108,3,44.01,2019Q1
2301,108,6,45.35,2019Q2
2301,108,9,48.83,2019Q3
2301,108,12,49.74,2019Q4
2301,109,3,41.68,2020Q1
2301,109,6,49.99,2020Q2
2301,109,9,46.22,2020Q3
2301,109,12,48.95,2020Q4
2301,110,3,60.0,2021Q1
2301,110,6,63.18,2021Q2
2301,110,9,61.93,2021Q3
2301,110,12,61.9,2021Q4
2301,111,3,68.52,2022Q1
2301,111,6,59.67,2022Q2
2301,111,9,66.95,2022Q3
2301,111,12,64.02,2022Q4
2301,112,3,72.86,2023Q1
2301,112,6,101.97,2023Q2
2301,112,9,126.45,2023Q3
2301,112,12,113.3,2023Q4
2301,113,3,114.54,2024Q1
2301,113,6,106.57,2024Q2
2301,113,9,100.65,2024Q3
2301,113,12,102.69,2024Q4
2301,114,3,103.85,2025Q1
2301,114,6,,2025Q2
2301,114,9,,2025Q3
2301,114,12,,2025Q4
2302,105,3,6.15,2016Q1
2302,105,6,5.81,2016Q2
2302,105,9,6.17,2016Q3
2302,105,12,6.38,2016Q4
2302,106,3,6.83,2017Q1
2302,106,6,5.73,2017Q2
2302,106,9,5.81,2017Q3
2302,106,12,6.07,2017Q4
2302,107,3,6.71,2018Q1
2302,107,6,9.91,2018Q2
2302,107,9,8.41,2018Q3
2302,107,12,8.02,2018Q4
2302,108,3,10.01,2019Q1
2302,108,6,7.77,2019Q2
2302,108,9,7.96,2019Q3
2302,108,12,8.34,2019Q4
2302,109,3,6.19,2020Q1
2302,109,6,7.4,2020Q2
2302,109,9,13.84,2020Q3
2302,109,12,22.99,2020Q4
2302,110,3,21.35,2021Q1
2302,110,6,18.88,2021Q2
2302,110,9,16.89,2021Q3
2302,110,12,16.96,2021Q4
2302,111,3,15.48,2022Q1
2302,111,6,18.78,2022Q2
2302,111,9,18.19,2022Q3
2302,111,12,18.14,2022Q4
2302,112,3,21.27,2023Q1
2302,112,6,20.98,2023Q2
2302,112,9,17.74,2023Q3
2302,112,12,18.55,2023Q4
2302,113,3,18.39,2024Q1
2302,113,6,18.57,2024Q2
2302,113,9,17.38,2024Q3
2302,113,12,19.86,2024Q4
2302,114,3,22.43,2025Q1
2302,114,6,,2025Q2
2302,114,9,,2025Q3
2302,114,12,,2025Q4
2303,105,3,13.27,2016Q1
2303,105,6,12.28,2016Q2
2303,105,9,11.62,2016Q3
2303,105,12,11.31,2016Q4
2303,106,3,12.33,2017Q1
2303,106,6,13.79,2017Q2
2303,106,9,15.98,2017Q3
2303,106,12,14.79,2017Q4
2303,107,3,15.12,2018Q1
2303,107,6,17.61,2018Q2
2303,107,9,15.91,2018Q3
2303,107,12,11.39,2018Q4
2303,108,3,11.64,2019Q1
2303,108,6,13.55,2019Q2
2303,108,9,13.62,2019Q3
2303,108,12,16.33,2019Q4
2303,109,3,14.3,2020Q1
2303,109,6,15.98,2020Q2
2303,109,9,25.58,2020Q3
2303,109,12,46.77,2020Q4
2303,110,3,48.7,2021Q1
2303,110,6,52.72,2021Q2
2303,110,9,66.8,2021Q3
2303,110,12,65.13,2021Q4
2303,111,3,52.46,2022Q1
2303,111,6,46.65,2022Q2
2303,111,9,38.92,2022Q3
2303,111,12,43.34,2022Q4
2303,112,3,52.15,2023Q1
2303,112,6,51.94,2023Q2
2303,112,9,46.02,2023Q3
2303,112,12,50.83,2023Q4
2303,113,3,51.73,2024Q1
2303,113,6,55.79,2024Q2
2303,113,9,54.11,2024Q3
2303,113,12,43.15,2024Q4
2303,114,3,44.4,2025Q1
2303,114,6,,2025Q2
2303,114,9,,2025Q3
2303,114,12,,2025Q4
2305,105,3,6.29,2016Q1
2305,105,6,9.58,2016Q2
2305,105,9,9.69,2016Q3
2305,105,12,8.02,2016Q4
2305,106,3,8.19,2017Q1
2305,106,6,6.9,2017Q2
2305,106,9,7.35,2017Q3
2305,106,12,9.84,2017Q4
2305,107,3,10.69,2018Q1
2305,107,6,9.78,2018Q2
2305,107,9,7.79,2018Q3
2305,107,12,6.33,2018Q4
2305,108,3,6.86,2019Q1
2305,108,6,5.95,2019Q2
2305,108,9,6.14,2019Q3
2305,108,12,6.66,2019Q4
2305,109,3,4.48,2020Q1
2305,109,6,5.93,2020Q2
2305,109,9,8.24,2020Q3
2305,109,12,9.18,2020Q4
2305,110,3,9.54,2021Q1
2305,110,6,8.82,2021Q2
2305,110,9,8.06,2021Q3
2305,110,12,9.78,2021Q4
2305,111,3,9.73,2022Q1
2305,111,6,16.05,2022Q2
2305,111,9,32.02,2022Q3
2305,111,12,27.41,2022Q4
2305,112,3,25.99,2023Q1
2305,112,6,24.44,2023Q2
2305,112,9,22.28,2023Q3
2305,112,12,22.78,2023Q4
2305,113,3,27.41,2024Q1
2305,113,6,23.44,2024Q2
2305,113,9,20.26,2024Q3
2305,113,12,15.77,2024Q4
2305,114,3,13.74,2025Q1
2305,114,6,,2025Q2
2305,114,9,,2025Q3
2305,114,12,,2025Q4
2308,105,3,140.94,2016Q1
2308,105,6,152.39,2016Q2
2308,105,9,166.09,2016Q3
2308,105,12,158.56,2016Q4
2308,106,3,165.49,2017Q1
2308,106,6,166.07,2017Q2
2308,106,9,159.73,2017Q3
2308,106,12,138.66,2017Q4
2308,107,3,133.72,2018Q1
2308,107,6,112.23,2018Q2
2308,107,9,122.15,2018Q3
2308,107,12,129.4,2018Q4
2308,108,3,154.04,2019Q1
2308,108,6,153.76,2019Q2
2308,108,9,141.83,2019Q3
2308,108,12,146.3,2019Q4
2308,109,3,122.62,2020Q1
2308,109,6,159.09,2020Q2
2308,109,9,186.02,2020Q3
2308,109,12,245.19,2020Q4
2308,110,3,280.92,2021Q1
2308,110,6,297.43,2021Q2
2308,110,9,260.45,2021Q3
2308,110,12,267.64,2021Q4
2308,111,3,254.94,2022Q1
2308,111,6,230.95,2022Q2
2308,111,9,261.98,2022Q3
2308,111,12,292.0,2022Q4
2308,112,3,294.11,2023Q1
2308,112,6,349.5,2023Q2
2308,112,9,334.32,2023Q3
2308,112,12,309.58,2023Q4
2308,113,3,326.86,2024Q1
2308,113,6,362.99,2024Q2
2308,113,9,383.46,2024Q3
2308,113,12,414.57,2024Q4
2308,114,3,386.05,2025Q1
2308,114,6,,2025Q2
2308,114,9,,2025Q3
2308,114,12,,2025Q4
2312,105,3,11.14,2016Q1
2312,105,6,12.05,2016Q2
2312,105,9,12.15,2016Q3
2312,105,12,11.7,2016Q4
2312,106,3,12.26,2017Q1
2312,106,6,11.21,2017Q2
2312,106,9,10.37,2017Q3
2312,106,12,10.4,2017Q4
2312,107,3,10.32,2018Q1
2312,107,6,10.01,2018Q2
2312,107,9,10.72,2018Q3
2312,107,12,10.04,2018Q4
2312,108,3,11.9,2019Q1
2312,108,6,10.5,2019Q2
2312,108,9,10.9,2019Q3
2312,108,12,13.17,2019Q4
2312,109,3,11.2,2020Q1
2312,109,6,11.32,2020Q2
2312,109,9,11.14,2020Q3
2312,109,12,12.47,2020Q4
2312,110,3,13.12,2021Q1
2312,110,6,13.36,2021Q2
2312,110,9,12.85,2021Q3
2312,110,12,15.54,2021Q4
2312,111,3,15.82,2022Q1
2312,111,6,13.47,2022Q2
2312,111,9,13.52,2022Q3
2312,111,12,14.15,2022Q4
2312,112,3,13.39,2023Q1
2312,112,6,14.77,2023Q2
2312,112,9,16.08,2023Q3
2312,112,12,16.3,2023Q4
2312,113,3,15.17,2024Q1
2312,113,6,17.95,2024Q2
2312,113,9,21.54,2024Q3
2312,113,12,27.94,2024Q4
2312,114,3,24.27,2025Q1
2312,114,6,,2025Q2
2312,114,9,,2025Q3
2312,114,12,,2025Q4
2313,105,3,20.79,2016Q1
2313,105,6,16.9,2016Q2
2313,105,9,16.41,2016Q3
2313,105,12,15.52,2016Q4
2313,106,3,21.78,2017Q1
2313,106,6,24.86,2017Q2
2313,106,9,34.58,2017Q3
2313,106,12,41.89,2017Q4
2313,107,3,32.19,2018Q1
2313,107,6,35.78,2018Q2
2313,107,9,25.02,2018Q3
2313,107,12,21.36,2018Q4
2313,108,3,22.48,2019Q1
2313,108,6,25.3,2019Q2
2313,108,9,36.0,2019Q3
2313,108,12,47.1,2019Q4
2313,109,3,32.06,2020Q1
2313,109,6,45.57,2020Q2
2313,109,9,45.27,2020Q3
2313,109,12,45.68,2020Q4
2313,110,3,42.97,2021Q1
2313,110,6,40.96,2021Q2
2313,110,9,38.39,2021Q3
2313,110,12,42.86,2021Q4
2313,111,3,48.7,2022Q1
2313,111,6,47.43,2022Q2
2313,111,9,48.84,2022Q3
2313,111,12,48.77,2022Q4
2313,112,3,45.41,2023Q1
2313,112,6,44.17,2023Q2
2313,112,9,53.69,2023Q3
2313,112,12,72.6,2023Q4
2313,113,3,79.5,2024Q1
2313,113,6,76.09,2024Q2
2313,113,9,72.81,2024Q3
2313,113,12,68.32,2024Q4
2313,114,3,64.25,2025Q1
2313,114,6,,2025Q2
2313,114,9,,2025Q3
2313,114,12,,2025Q4
2314,105,3,11.0,2016Q1
2314,105,6,10.15,2016Q2
2314,105,9,15.26,2016Q3
2314,105,12,26.51,2016Q4
2314,106,3,32.06,2017Q1
2314,106,6,36.63,2017Q2
2314,106,9,38.37,2017Q3
2314,106,12,31.37,2017Q4
2314,107,3,28.06,2018Q1
2314,107,6,27.47,2018Q2
2314,107,9,21.34,2018Q3
2314,107,12,21.35,2018Q4
2314,108,3,24.87,2019Q1
2314,108,6,24.66,2019Q2
2314,108,9,24.73,2019Q3
2314,108,12,24.74,2019Q4
2314,109,3,16.31,2020Q1
2314,109,6,22.37,2020Q2
2314,109,9,23.87,2020Q3
2314,109,12,32.2,2020Q4
2314,110,3,35.1,2021Q1
2314,110,6,48.68,2021Q2
2314,110,9,70.12,2021Q3
2314,110,12,77.0,2021Q4
2314,111,3,62.8,2022Q1
2314,111,6,60.84,2022Q2
2314,111,9,46.74,2022Q3
2314,111,12,41.27,2022Q4
2314,112,3,44.39,2023Q1
2314,112,6,45.69,2023Q2
2314,112,9,38.41,2023Q3
2314,112,12,39.34,2023Q4
2314,113,3,33.73,2024Q1
2314,113,6,33.32,2024Q2
2314,113,9,29.78,2024Q3
2314,113,12,35.92,2024Q4
2314,114,3,18.7,2025Q1
2314,114,6,,2025Q2
2314,114,9,,2025Q3
2314,114,12,,2025Q4
2316,105,3,30.82,2016Q1
2316,105,6,27.73,2016Q2
2316,105,9,20.15,2016Q3
2316,105,12,18.07,2016Q4
2316,106,3,20.0,2017Q1
2316,106,6,17.48,2017Q2
2316,106,9,20.68,2017Q3
2316,106,12,19.93,2017Q4
2316,107,3,17.72,2018Q1
2316,107,6,16.83,2018Q2
2316,107,9,17.43,2018Q3
2316,107,12,15.27,2018Q4
2316,108,3,20.8,2019Q1
2316,108,6,22.54,2019Q2
2316,108,9,41.86,2019Q3
2316,108,12,36.69,2019Q4
2316,109,3,28.27,2020Q1
2316,109,6,31.42,2020Q2
2316,109,9,31.28,2020Q3
2316,109,12,31.46,2020Q4
2316,110,3,31.08,2021Q1
2316,110,6,29.58,2021Q2
2316,110,9,27.45,2021Q3
2316,110,12,36.31,2021Q4
2316,111,3,31.74,2022Q1
2316,111,6,28.92,2022Q2
2316,111,9,26.55,2022Q3
2316,111,12,26.62,2022Q4
2316,112,3,28.68,2023Q1
2316,112,6,28.37,2023Q2
2316,112,9,38.43,2023Q3
2316,112,12,38.21,2023Q4
2316,113,3,41.6,2024Q1
2316,113,6,55.79,2024Q2
2316,113,9,48.33,2024Q3
2316,113,12,49.88,2024Q4
2316,114,3,44.82,2025Q1
2316,114,6,,2025Q2
2316,114,9,,2025Q3
2316,114,12,,2025Q4
2317,105,3,82.8,2016Q1
2317,105,6,80.79,2016Q2
2317,105,9,79.61,2016Q3
2317,105,12,83.54,2016Q4
2317,106,3,90.42,2017Q1
2317,106,6,111.7,2017Q2
2317,106,9,110.44,2017Q3
2317,106,12,94.64,2017Q4
2317,107,3,91.33,2018Q1
2317,107,6,85.72,2018Q2
2317,107,9,77.3,2018Q3
2317,107,12,70.95,2018Q4
2317,108,3,71.71,2019Q1
2317,108,6,74.75,2019Q2
2317,108,9,74.66,2019Q3
2317,108,12,90.93,2019Q4
2317,109,3,73.08,2020Q1
2317,109,6,80.23,2020Q2
2317,109,9,77.27,2020Q3
2317,109,12,88.16,2020Q4
2317,110,3,122.94,2021Q1
2317,110,6,111.71,2021Q2
2317,110,9,108.24,2021Q3
2317,110,12,104.82,2021Q4
2317,111,3,103.95,2022Q1
2317,111,6,111.98,2022Q2
2317,111,9,105.96,2022Q3
2317,111,12,102.1,2022Q4
2317,112,3,103.44,2023Q1
2317,112,6,111.6,2023Q2
2317,112,9,105.73,2023Q3
2317,112,12,102.2,2023Q4
2317,113,3,130.81,2024Q1
2317,113,6,196.71,2024Q2
2317,113,9,180.18,2024Q3
2317,113,12,189.46,2024Q4
2317,114,3,164.4,2025Q1
2317,114,6,,2025Q2
2317,114,9,,2025Q3
2317,114,12,,2025Q4
2321,105,3,1.76,2016Q1
2321,105,6,1.67,2016Q2
2321,105,9,2.49,2016Q3
2321,105,12,2.73,2016Q4
2321,106,3,3.16,2017Q1
2321,106,6,2.3,2017Q2
2321,106,9,2.87,2017Q3
2321,106,12,3.28,2017Q4
2321,107,3,2.93,2018Q1
2321,107,6,3.48,2018Q2
2321,107,9,2.76,2018Q3
2321,107,12,3.11,2018Q4
2321,108,3,2.4,2019Q1
2321,108,6,2.06,2019Q2
2321,108,9,1.74,2019Q3
2321,108,12,1.2,2019Q4
2321,109,3,1.31,2020Q1
2321,109,6,1.46,2020Q2
2321,109,9,4.51,2020Q3
2321,109,12,7.79,2020Q4
2321,110,3,6.39,2021Q1
2321,110,6,7.05,2021Q2
2321,110,9,6.31,2021Q3
2321,110,12,6.53,2021Q4
2321,111,3,6.64,2022Q1
2321,111,6,6.1,2022Q2
2321,111,9,6.02,2022Q3
2321,111,12,6.03,2022Q4
2321,112,3,19.28,2023Q1
2321,112,6,18.6,2023Q2
2321,112,9,17.18,2023Q3
2321,112,12,15.4,2023Q4
2321,113,3,15.96,2024Q1
2321,113,6,16.22,2024Q2
2321,113,9,14.74,2024Q3
2321,113,12,15.45,2024Q4
2321,114,3,14.66,2025Q1
2321,114,6,,2025Q2
2321,114,9,,2025Q3
2321,114,12,,2025Q4
2323,105,3,3.6,2016Q1
2323,105,6,3.78,2016Q2
2323,105,9,3.9,2016Q3
2323,105,12,3.53,2016Q4
2323,106,3,4.04,2017Q1
2323,106,6,4.09,2017Q2
2323,106,9,4.46,2017Q3
2323,106,12,4.23,2017Q4
2323,107,3,4.64,2018Q1
2323,107,6,11.37,2018Q2
2323,107,9,6.76,2018Q3
2323,107,12,6.82,2018Q4
2323,108,3,7.01,2019Q1
2323,108,6,7.04,2019Q2
2323,108,9,9.33,2019Q3
2323,108,12,9.96,2019Q4
2323,109,3,6.87,2020Q1
2323,109,6,7.47,2020Q2
2323,109,9,8.25,2020Q3
2323,109,12,9.27,2020Q4
2323,110,3,9.33,2021Q1
2323,110,6,10.21,2021Q2
2323,110,9,9.27,2021Q3
2323,110,12,9.99,2021Q4
2323,111,3,10.84,2022Q1
2323,111,6,8.41,2022Q2
2323,111,9,7.6,2022Q3
2323,111,12,7.78,2022Q4
2323,112,3,7.97,2023Q1
2323,112,6,13.46,2023Q2
2323,112,9,11.88,2023Q3
2323,112,12,11.21,2023Q4
2323,113,3,12.0,2024Q1
2323,113,6,12.68,2024Q2
2323,113,9,12.22,2024Q3
2323,113,12,10.96,2024Q4
2323,114,3,9.68,2025Q1
2323,114,6,,2025Q2
2323,114,9,,2025Q3
2323,114,12,,2025Q4
2324,105,3,20.37,2016Q1
2324,105,6,19.85,2016Q2
2324,105,9,18.97,2016Q3
2324,105,12,18.22,2016Q4
2324,106,3,19.62,2017Q1
2324,106,6,20.41,2017Q2
2324,106,9,21.82,2017Q3
2324,106,12,20.96,2017Q4
2324,107,3,20.25,2018Q1
2324,107,6,19.58,2018Q2
2324,107,9,18.87,2018Q3
2324,107,12,17.56,2018Q4
2324,108,3,18.91,2019Q1
2324,108,6,19.96,2019Q2
2324,108,9,18.14,2019Q3
2324,108,12,18.84,2019Q4
2324,109,3,17.08,2020Q1
2324,109,6,19.22,2020Q2
2324,109,9,19.27,2020Q3
2324,109,12,20.38,2020Q4
2324,110,3,24.43,2021Q1
2324,110,6,22.66,2021Q2
2324,110,9,23.44,2021Q3
2324,110,12,23.93,2021Q4
2324,111,3,26.38,2022Q1
2324,111,6,22.8,2022Q2
2324,111,9,22.34,2022Q3
2324,111,12,22.33,2022Q4
2324,112,3,24.56,2023Q1
2324,112,6,28.75,2023Q2
2324,112,9,31.33,2023Q3
2324,112,12,36.83,2023Q4
2324,113,3,37.83,2024Q1
2324,113,6,36.13,2024Q2
2324,113,9,33.19,2024Q3
2324,113,12,38.1,2024Q4
2324,114,3,36.66,2025Q1
2324,114,6,,2025Q2
2324,114,9,,2025Q3
2324,114,12,,2025Q4
2327,105,3,53.8,2016Q1
2327,105,6,54.18,2016Q2
2327,105,9,64.55,2016Q3
2327,105,12,57.81,2016Q4
2327,106,3,81.32,2017Q1
2327,106,6,106.64,2017Q2
2327,106,9,214.81,2017Q3
2327,106,12,319.33,2017Q4
2327,107,3,436.05,2018Q1
2327,107,6,1069.05,2018Q2
2327,107,9,535.06,2018Q3
2327,107,12,339.99,2018Q4
2327,108,3,336.55,2019Q1
2327,108,6,260.37,2019Q2
2327,108,9,236.48,2019Q3
2327,108,12,383.96,2019Q4
2327,109,3,322.73,2020Q1
2327,109,6,393.87,2020Q2
2327,109,9,345.24,2020Q3
2327,109,12,491.97,2020Q4
2327,110,3,562.3,2021Q1
2327,110,6,521.74,2021Q2
2327,110,9,469.51,2021Q3
2327,110,12,465.34,2021Q4
2327,111,3,432.83,2022Q1
2327,111,6,361.18,2022Q2
2327,111,9,313.76,2022Q3
2327,111,12,478.91,2022Q4
2327,112,3,521.35,2023Q1
2327,112,6,500.25,2023Q2
2327,112,9,511.44,2023Q3
2327,112,12,610.51,2023Q4
2327,113,3,573.14,2024Q1
2327,113,6,718.61,2024Q2
2327,113,9,617.41,2024Q3
2327,113,12,534.16,2024Q4
2327,114,3,529.15,2025Q1
2327,114,6,,2025Q2
2327,114,9,,2025Q3
2327,114,12,,2025Q4
2328,105,3,13.62,2016Q1
2328,105,6,12.03,2016Q2
2328,105,9,27.67,2016Q3
2328,105,12,24.82,2016Q4
2328,106,3,30.11,2017Q1
2328,106,6,27.41,2017Q2
2328,106,9,26.92,2017Q3
2328,106,12,26.09,2017Q4
2328,107,3,22.61,2018Q1
2328,107,6,22.83,2018Q2
2328,107,9,22.0,2018Q3
2328,107,12,20.18,2018Q4
2328,108,3,22.72,2019Q1
2328,108,6,23.88,2019Q2
2328,108,9,24.52,2019Q3
2328,108,12,23.97,2019Q4
2328,109,3,16.9,2020Q1
2328,109,6,18.23,2020Q2
2328,109,9,18.04,2020Q3
2328,109,12,23.41,2020Q4
2328,110,3,44.93,2021Q1
2328,110,6,40.89,2021Q2
2328,110,9,38.64,2021Q3
2328,110,12,39.27,2021Q4
2328,111,3,39.01,2022Q1
2328,111,6,38.81,2022Q2
2328,111,9,34.03,2022Q3
2328,111,12,39.71,2022Q4
2328,112,3,39.06,2023Q1
2328,112,6,41.7,2023Q2
2328,112,9,37.96,2023Q3
2328,112,12,35.13,2023Q4
2328,113,3,35.81,2024Q1
2328,113,6,40.33,2024Q2
2328,113,9,34.9,2024Q3
2328,113,12,41.22,2024Q4
2328,114,3,50.99,2025Q1
2328,114,6,,2025Q2
2328,114,9,,2025Q3
2328,114,12,,2025Q4
2329,105,3,12.79,2016Q1
2329,105,6,12.43,2016Q2
2329,105,9,13.08,2016Q3
2329,105,12,11.18,2016Q4
2329,106,3,10.75,2017Q1
2329,106,6,8.55,2017Q2
2329,106,9,9.45,2017Q3
2329,106,12,9.67,2017Q4
2329,107,3,8.87,2018Q1
2329,107,6,10.3,2018Q2
2329,107,9,10.82,2018Q3
2329,107,12,12.45,2018Q4
2329,108,3,15.2,2019Q1
2329,108,6,14.52,2019Q2
2329,108,9,18.42,2019Q3
2329,108,12,15.23,2019Q4
2329,109,3,10.63,2020Q1
2329,109,6,11.95,2020Q2
2329,109,9,10.79,2020Q3
2329,109,12,14.8,2020Q4
2329,110,3,16.65,2021Q1
2329,110,6,20.39,2021Q2
2329,110,9,27.97,2021Q3
2329,110,12,26.17,2021Q4
2329,111,3,22.29,2022Q1
2329,111,6,18.55,2022Q2
2329,111,9,17.29,2022Q3
2329,111,12,18.56,2022Q4
2329,112,3,20.44,2023Q1
2329,112,6,22.71,2023Q2
2329,112,9,43.46,2023Q3
2329,112,12,61.84,2023Q4
2329,113,3,69.15,2024Q1
2329,113,6,61.41,2024Q2
2329,113,9,39.3,2024Q3
2329,113,12,35.86,2024Q4
2329,114,3,37.25,2025Q1
2329,114,6,,2025Q2
2329,114,9,,2025Q3
2329,114,12,,2025Q4
2330,105,3,156.15,2016Q1
2330,105,6,161.01,2016Q2
2330,105,9,180.01,2016Q3
2330,105,12,182.06,2016Q4
2330,106,3,189.08,2017Q1
2330,106,6,211.12,2017Q2
2330,106,9,217.74,2017Q3
2330,106,12,227.52,2017Q4
2330,107,3,248.64,2018Q1
2330,107,6,223.68,2018Q2
2330,107,9,260.55,2018Q3
2330,107,12,223.82,2018Q4
2330,108,3,238.08,2019Q1
2330,108,6,239.31,2019Q2
2330,108,9,264.0,2019Q3
2330,108,12,328.08,2019Q4
2330,109,3,281.61,2020Q1
2330,109,6,312.21,2020Q2
2330,109,9,435.99,2020Q3
2330,109,12,509.86,2020Q4
2330,110,3,596.75,2021Q1
2330,110,6,595.19,2021Q2
2330,110,9,605.69,2021Q3
2330,110,12,605.89,2021Q4
2330,111,3,581.77,2022Q1
2330,111,6,509.44,2022Q2
2330,111,9,465.08,2022Q3
2330,111,12,472.45,2022Q4
2330,112,3,521.62,2023Q1
2330,112,6,575.03,2023Q2
2330,112,9,537.48,2023Q3
2330,112,12,579.92,2023Q4
2330,113,3,760.63,2024Q1
2330,113,6,926.84,2024Q2
2330,113,9,947.68,2024Q3
2330,113,12,1069.38,2024Q4
2330,114,3,981.73,2025Q1
2330,114,6,,2025Q2
2330,114,9,,2025Q3
2330,114,12,,2025Q4
2331,105,3,21.63,2016Q1
2331,105,6,18.77,2016Q2
2331,105,9,13.96,2016Q3
2331,105,12,14.38,2016Q4
2331,106,3,22.77,2017Q1
2331,106,6,20.99,2017Q2
2331,106,9,22.51,2017Q3
2331,106,12,20.09,2017Q4
2331,107,3,18.58,2018Q1
2331,107,6,17.8,2018Q2
2331,107,9,15.37,2018Q3
2331,107,12,12.89,2018Q4
2331,108,3,13.06,2019Q1
2331,108,6,11.76,2019Q2
2331,108,9,13.02,2019Q3
2331,108,12,13.45,2019Q4
2331,109,3,9.03,2020Q1
2331,109,6,11.75,2020Q2
2331,109,9,13.14,2020Q3
2331,109,12,22.99,2020Q4
2331,110,3,32.79,2021Q1
2331,110,6,22.96,2021Q2
2331,110,9,24.57,2021Q3
2331,110,12,22.96,2021Q4
2331,111,3,19.44,2022Q1
2331,111,6,21.09,2022Q2
2331,111,9,25.28,2022Q3
2331,111,12,22.23,2022Q4
2331,112,3,23.15,2023Q1
2331,112,6,30.45,2023Q2
2331,112,9,34.62,2023Q3
2331,112,12,30.61,2023Q4
2331,113,3,30.97,2024Q1
2331,113,6,36.44,2024Q2
2331,113,9,24.57,2024Q3
2331,113,12,22.61,2024Q4
2331,114,3,20.25,2025Q1
2331,114,6,,2025Q2
2331,114,9,,2025Q3
2331,114,12,,2025Q4
2332,105,3,11.14,2016Q1
2332,105,6,10.97,2016Q2
2332,105,9,11.35,2016Q3
2332,105,12,10.66,2016Q4
2332,106,3,13.48,2017Q1
2332,106,6,11.96,2017Q2
2332,106,9,11.42,2017Q3
2332,106,12,10.4,2017Q4
2332,107,3,11.65,2018Q1
2332,107,6,14.68,2018Q2
2332,107,9,11.43,2018Q3
2332,107,12,11.79,2018Q4
2332,108,3,13.55,2019Q1
2332,108,6,12.4,2019Q2
2332,108,9,12.5,2019Q3
2332,108,12,12.91,2019Q4
2332,109,3,10.68,2020Q1
2332,109,6,16.2,2020Q2
2332,109,9,18.65,2020Q3
2332,109,12,27.92,2020Q4
2332,110,3,24.35,2021Q1
2332,110,6,19.35,2021Q2
2332,110,9,17.9,2021Q3
2332,110,12,18.69,2021Q4
2332,111,3,16.65,2022Q1
2332,111,6,15.36,2022Q2
2332,111,9,16.89,2022Q3
2332,111,12,15.75,2022Q4
2332,112,3,17.72,2023Q1
2332,112,6,21.15,2023Q2
2332,112,9,22.07,2023Q3
2332,112,12,20.04,2023Q4
2332,113,3,19.1,2024Q1
2332,113,6,18.07,2024Q2
2332,113,9,19.24,2024Q3
2332,113,12,25.29,2024Q4
2332,114,3,20.97,2025Q1
2332,114,6,,2025Q2
2332,114,9,,2025Q3
2332,114,12,,2025Q4
2337,105,3,4.22,2016Q1
2337,105,6,2.48,2016Q2
2337,105,9,4.04,2016Q3
2337,105,12,4.38,2016Q4
2337,106,3,10.25,2017Q1
2337,106,6,16.57,2017Q2
2337,106,9,47.54,2017Q3
2337,106,12,42.49,2017Q4
2337,107,3,47.63,2018Q1
2337,107,6,46.85,2018Q2
2337,107,9,27.76,2018Q3
2337,107,12,19.66,2018Q4
2337,108,3,21.79,2019Q1
2337,108,6,22.24,2019Q2
2337,108,9,31.24,2019Q3
2337,108,12,36.56,2019Q4
2337,109,3,28.92,2020Q1
2337,109,6,32.1,2020Q2
2337,109,9,31.73,2020Q3
2337,109,12,41.93,2020Q4
2337,110,3,43.59,2021Q1
2337,110,6,44.16,2021Q2
2337,110,9,39.0,2021Q3
2337,110,12,41.67,2021Q4
2337,111,3,42.36,2022Q1
2337,111,6,37.99,2022Q2
2337,111,9,30.98,2022Q3
2337,111,12,34.8,2022Q4
2337,112,3,34.69,2023Q1
2337,112,6,33.45,2023Q2
2337,112,9,33.87,2023Q3
2337,112,12,30.29,2023Q4
2337,113,3,27.24,2024Q1
2337,113,6,26.47,2024Q2
2337,113,9,26.24,2024Q3
2337,113,12,21.23,2024Q4
2337,114,3,22.15,2025Q1
2337,114,6,,2025Q2
2337,114,9,,2025Q3
2337,114,12,,2025Q4
2338,105,3,9.6,2016Q1
2338,105,6,8.41,2016Q2
2338,105,9,8.02,2016Q3
2338,105,12,8.65,2016Q4
2338,106,3,14.04,2017Q1
2338,106,6,17.36,2017Q2
2338,106,9,17.27,2017Q3
2338,106,12,18.12,2017Q4
2338,107,3,19.09,2018Q1
2338,107,6,31.79,2018Q2
2338,107,9,28.31,2018Q3
2338,107,12,19.91,2018Q4
2338,108,3,26.38,2019Q1
2338,108,6,22.94,2019Q2
2338,108,9,31.49,2019Q3
2338,108,12,35.23,2019Q4
2338,109,3,26.35,2020Q1
2338,109,6,26.99,2020Q2
2338,109,9,29.6,2020Q3
2338,109,12,41.95,2020Q4
2338,110,3,58.65,2021Q1
2338,110,6,85.9,2021Q2
2338,110,9,84.38,2021Q3
2338,110,12,106.74,2021Q4
2338,111,3,93.25,2022Q1
2338,111,6,88.25,2022Q2
2338,111,9,65.83,2022Q3
2338,111,12,91.37,2022Q4
2338,112,3,90.84,2023Q1
2338,112,6,81.4,2023Q2
2338,112,9,68.45,2023Q3
2338,112,12,72.84,2023Q4
2338,113,3,68.81,2024Q1
2338,113,6,77.02,2024Q2
2338,113,9,58.42,2024Q3
2338,113,12,51.18,2024Q4
2338,114,3,44.45,2025Q1
2338,114,6,,2025Q2
2338,114,9,,2025Q3
2338,114,12,,2025Q4
2340,105,3,10.96,2016Q1
2340,105,6,11.61,2016Q2
2340,105,9,13.56,2016Q3
2340,105,12,14.33,2016Q4
2340,106,3,17.4,2017Q1
2340,106,6,18.01,2017Q2
2340,106,9,19.52,2017Q3
2340,106,12,22.12,2017Q4
2340,107,3,23.28,2018Q1
2340,107,6,30.69,2018Q2
2340,107,9,21.7,2018Q3
2340,107,12,18.39,2018Q4
2340,108,3,22.94,2019Q1
2340,108,6,21.02,2019Q2
2340,108,9,24.5,2019Q3
2340,108,12,26.5,2019Q4
2340,109,3,18.19,2020Q1
2340,109,6,20.92,2020Q2
2340,109,9,23.53,2020Q3
2340,109,12,26.35,2020Q4
2340,110,3,26.62,2021Q1
2340,110,6,26.04,2021Q2
2340,110,9,34.91,2021Q3
2340,110,12,66.63,2021Q4
2340,111,3,51.15,2022Q1
2340,111,6,48.93,2022Q2
2340,111,9,35.95,2022Q3
2340,111,12,37.04,2022Q4
2340,112,3,39.04,2023Q1
2340,112,6,44.17,2023Q2
2340,112,9,49.8,2023Q3
2340,112,12,47.86,2023Q4
2340,113,3,41.05,2024Q1
2340,113,6,41.17,2024Q2
2340,113,9,36.42,2024Q3
2340,113,12,29.71,2024Q4
2340,114,3,25.68,2025Q1
2340,114,6,,2025Q2
2340,114,9,,2025Q3
2340,114,12,,2025Q4
2342,105,3,2.9,2016Q1
2342,105,6,2.41,2016Q2
2342,105,9,2.36,2016Q3
2342,105,12,3.06,2016Q4
2342,106,3,4.57,2017Q1
2342,106,6,3.17,2017Q2
2342,106,9,4.77,2017Q3
2342,106,12,17.75,2017Q4
2342,107,3,27.65,2018Q1
2342,107,6,51.29,2018Q2
2342,107,9,31.6,2018Q3
2342,107,12,23.04,2018Q4
2342,108,3,22.34,2019Q1
2342,108,6,19.71,2019Q2
2342,108,9,21.03,2019Q3
2342,108,12,20.24,2019Q4
2342,109,3,26.41,2020Q1
2342,109,6,30.47,2020Q2
2342,109,9,29.32,2020Q3
2342,109,12,37.07,2020Q4
2342,110,3,38.8,2021Q1
2342,110,6,35.59,2021Q2
2342,110,9,47.86,2021Q3
2342,110,12,51.56,2021Q4
2342,111,3,43.52,2022Q1
2342,111,6,43.14,2022Q2
2342,111,9,39.44,2022Q3
2342,111,12,40.8,2022Q4
2342,112,3,45.67,2023Q1
2342,112,6,40.71,2023Q2
2342,112,9,36.49,2023Q3
2342,112,12,34.84,2023Q4
2342,113,3,33.99,2024Q1
2342,113,6,32.94,2024Q2
2342,113,9,32.89,2024Q3
2342,113,12,34.16,2024Q4
2342,114,3,29.79,2025Q1
2342,114,6,,2025Q2
2342,114,9,,2025Q3
2342,114,12,,2025Q4
2344,105,3,9.59,2016Q1
2344,105,6,8.64,2016Q2
2344,105,9,10.21,2016Q3
2344,105,12,9.94,2016Q4
2344,106,3,14.38,2017Q1
2344,106,6,18.56,2017Q2
2344,106,9,25.61,2017Q3
2344,106,12,25.08,2017Q4
2344,107,3,20.28,2018Q1
2344,107,6,20.23,2018Q2
2344,107,9,14.83,2018Q3
2344,107,12,14.44,2018Q4
2344,108,3,14.53,2019Q1
2344,108,6,14.62,2019Q2
2344,108,9,18.39,2019Q3
2344,108,12,19.1,2019Q4
2344,109,3,13.0,2020Q1
2344,109,6,13.64,2020Q2
2344,109,9,13.34,2020Q3
2344,109,12,25.41,2020Q4
2344,110,3,28.49,2021Q1
2344,110,6,34.44,2021Q2
2344,110,9,28.94,2021Q3
2344,110,12,32.04,2021Q4
2344,111,3,33.42,2022Q1
2344,111,6,25.41,2022Q2
2344,111,9,20.34,2022Q3
2344,111,12,20.96,2022Q4
2344,112,3,24.97,2023Q1
2344,112,6,28.24,2023Q2
2344,112,9,26.99,2023Q3
2344,112,12,29.12,2023Q4
2344,113,3,27.44,2024Q1
2344,113,6,25.6,2024Q2
2344,113,9,21.23,2024Q3
2344,113,12,15.49,2024Q4
2344,114,3,20.09,2025Q1
2344,114,6,,2025Q2
2344,114,9,,2025Q3
2344,114,12,,2025Q4
2345,105,3,35.61,2016Q1
2345,105,6,45.02,2016Q2
2345,105,9,48.78,2016Q3
2345,105,12,47.86,2016Q4
2345,106,3,62.66,2017Q1
2345,106,6,76.33,2017Q2
2345,106,9,91.73,2017Q3
2345,106,12,100.73,2017Q4
2345,107,3,103.03,2018Q1
2345,107,6,88.5,2018Q2
2345,107,9,94.58,2018Q3
2345,107,12,97.56,2018Q4
2345,108,3,115.66,2019Q1
2345,108,6,124.49,2019Q2
2345,108,9,167.01,2019Q3
2345,108,12,163.15,2019Q4
2345,109,3,159.47,2020Q1
2345,109,6,223.41,2020Q2
2345,109,9,220.7,2020Q3
2345,109,12,281.21,2020Q4
2345,110,3,265.85,2021Q1
2345,110,6,306.56,2021Q2
2345,110,9,275.17,2021Q3
2345,110,12,274.62,2021Q4
2345,111,3,223.83,2022Q1
2345,111,6,238.05,2022Q2
2345,111,9,274.71,2022Q3
2345,111,12,251.93,2022Q4
2345,112,3,302.42,2023Q1
2345,112,6,352.23,2023Q2
2345,112,9,480.09,2023Q3
2345,112,12,515.67,2023Q4
2345,113,3,474.36,2024Q1
2345,113,6,541.89,2024Q2
2345,113,9,533.84,2024Q3
2345,113,12,733.37,2024Q4
2345,114,3,651.12,2025Q1
2345,114,6,,2025Q2
2345,114,9,,2025Q3
2345,114,12,,2025Q4
2347,105,3,33.87,2016Q1
2347,105,6,33.66,2016Q2
2347,105,9,34.46,2016Q3
2347,105,12,32.48,2016Q4
2347,106,3,32.97,2017Q1
2347,106,6,34.47,2017Q2
2347,106,9,35.77,2017Q3
2347,106,12,40.22,2017Q4
2347,107,3,41.43,2018Q1
2347,107,6,46.73,2018Q2
2347,107,9,39.06,2018Q3
2347,107,12,36.04,2018Q4
2347,108,3,36.93,2019Q1
2347,108,6,38.44,2019Q2
2347,108,9,36.65,2019Q3
2347,108,12,37.46,2019Q4
2347,109,3,35.38,2020Q1
2347,109,6,43.47,2020Q2
2347,109,9,42.18,2020Q3
2347,109,12,45.56,2020Q4
2347,110,3,52.98,2021Q1
2347,110,6,53.31,2021Q2
2347,110,9,52.78,2021Q3
2347,110,12,64.48,2021Q4
2347,111,3,72.97,2022Q1
2347,111,6,59.57,2022Q2
2347,111,9,55.03,2022Q3
2347,111,12,60.61,2022Q4
2347,112,3,61.91,2023Q1
2347,112,6,60.47,2023Q2
2347,112,9,63.02,2023Q3
2347,112,12,68.69,2023Q4
2347,113,3,77.6,2024Q1
2347,113,6,80.27,2024Q2
2347,113,9,71.82,2024Q3
2347,113,12,72.55,2024Q4
2347,114,3,72.78,2025Q1
2347,114,6,,2025Q2
2347,114,9,,2025Q3
2347,114,12,,2025Q4
2348,105,3,24.0,2016Q1
2348,105,6,29.78,2016Q2
2348,105,9,22.51,2016Q3
2348,105,12,18.35,2016Q4
2348,106,3,17.68,2017Q1
2348,106,6,32.58,2017Q2
2348,106,9,28.49,2017Q3
2348,106,12,26.94,2017Q4
2348,107,3,47.34,2018Q1
2348,107,6,45.66,2018Q2
2348,107,9,51.48,2018Q3
2348,107,12,45.01,2018Q4
2348,108,3,50.65,2019Q1
2348,108,6,42.06,2019Q2
2348,108,9,46.26,2019Q3
2348,108,12,54.7,2019Q4
2348,109,3,49.03,2020Q1
2348,109,6,76.25,2020Q2
2348,109,9,93.87,2020Q3
2348,109,12,87.55,2020Q4
2348,110,3,104.95,2021Q1
2348,110,6,96.57,2021Q2
2348,110,9,95.34,2021Q3
2348,110,12,108.72,2021Q4
2348,111,3,103.38,2022Q1
2348,111,6,93.61,2022Q2
2348,111,9,72.11,2022Q3
2348,111,12,64.86,2022Q4
2348,112,3,67.09,2023Q1
2348,112,6,71.18,2023Q2
2348,112,9,73.8,2023Q3
2348,112,12,91.37,2023Q4
2348,113,3,124.35,2024Q1
2348,113,6,237.99,2024Q2
2348,113,9,204.06,2024Q3
2348,113,12,204.07,2024Q4
2348,114,3,172.34,2025Q1
2348,114,6,,2025Q2
2348,114,9,,2025Q3
2348,114,12,,2025Q4
2349,105,3,2.79,2016Q1
2349,105,6,2.69,2016Q2
2349,105,9,4.41,2016Q3
2349,105,12,5.29,2016Q4
2349,106,3,5.91,2017Q1
2349,106,6,5.56,2017Q2
2349,106,9,5.27,2017Q3
2349,106,12,4.58,2017Q4
2349,107,3,5.55,2018Q1
2349,107,6,16.57,2018Q2
2349,107,9,12.84,2018Q3
2349,107,12,11.94,2018Q4
2349,108,3,11.64,2019Q1
2349,108,6,9.16,2019Q2
2349,108,9,9.15,2019Q3
2349,108,12,7.17,2019Q4
2349,109,3,4.31,2020Q1
2349,109,6,5.48,2020Q2
2349,109,9,6.27,2020Q3
2349,109,12,11.43,2020Q4
2349,110,3,10.41,2021Q1
2349,110,6,9.72,2021Q2
2349,110,9,9.64,2021Q3
2349,110,12,10.5,2021Q4
2349,111,3,9.27,2022Q1
2349,111,6,8.45,2022Q2
2349,111,9,8.21,2022Q3
2349,111,12,7.99,2022Q4
2349,112,3,8.73,2023Q1
2349,112,6,9.85,2023Q2
2349,112,9,8.42,2023Q3
2349,112,12,8.4,2023Q4
2349,113,3,7.85,2024Q1
2349,113,6,9.88,2024Q2
2349,113,9,16.3,2024Q3
2349,113,12,14.82,2024Q4
2349,114,3,12.44,2025Q1
2349,114,6,,2025Q2
2349,114,9,,2025Q3
2349,114,12,,2025Q4
2351,105,3,34.18,2016Q1
2351,105,6,34.48,2016Q2
2351,105,9,42.44,2016Q3
2351,105,12,41.66,2016Q4
2351,106,3,50.6,2017Q1
2351,106,6,58.72,2017Q2
2351,106,9,74.46,2017Q3
2351,106,12,84.53,2017Q4
2351,107,3,84.91,2018Q1
2351,107,6,92.58,2018Q2
2351,107,9,85.98,2018Q3
2351,107,12,73.21,2018Q4
2351,108,3,75.32,2019Q1
2351,108,6,64.6,2019Q2
2351,108,9,65.61,2019Q3
2351,108,12,65.59,2019Q4
2351,109,3,43.99,2020Q1
2351,109,6,50.94,2020Q2
2351,109,9,55.92,2020Q3
2351,109,12,84.8,2020Q4
2351,110,3,81.4,2021Q1
2351,110,6,111.01,2021Q2
2351,110,9,133.74,2021Q3
2351,110,12,165.37,2021Q4
2351,111,3,147.53,2022Q1
2351,111,6,140.76,2022Q2
2351,111,9,110.0,2022Q3
2351,111,12,104.72,2022Q4
2351,112,3,128.94,2023Q1
2351,112,6,126.4,2023Q2
2351,112,9,104.54,2023Q3
2351,112,12,118.69,2023Q4
2351,113,3,100.13,2024Q1
2351,113,6,145.28,2024Q2
2351,113,9,152.82,2024Q3
2351,113,12,97.57,2024Q4
2351,114,3,95.36,2025Q1
2351,114,6,,2025Q2
2351,114,9,,2025Q3
2351,114,12,,2025Q4
2352,105,3,10.73,2016Q1
2352,105,6,11.18,2016Q2
2352,105,9,13.39,2016Q3
2352,105,12,15.24,2016Q4
2352,106,3,17.23,2017Q1
2352,106,6,23.73,2017Q2
2352,106,9,22.15,2017Q3
2352,106,12,21.05,2017Q4
2352,107,3,21.48,2018Q1
2352,107,6,21.67,2018Q2
2352,107,9,20.04,2018Q3
2352,107,12,19.48,2018Q4
2352,108,3,20.07,2019Q1
2352,108,6,20.02,2019Q2
2352,108,9,21.22,2019Q3
2352,108,12,21.27,2019Q4
2352,109,3,16.01,2020Q1
2352,109,6,17.51,2020Q2
2352,109,9,19.56,2020Q3
2352,109,12,26.98,2020Q4
2352,110,3,30.98,2021Q1
2352,110,6,30.36,2021Q2
2352,110,9,28.75,2021Q3
2352,110,12,30.01,2021Q4
2352,111,3,32.02,2022Q1
2352,111,6,29.07,2022Q2
2352,111,9,28.48,2022Q3
2352,111,12,27.43,2022Q4
2352,112,3,30.62,2023Q1
2352,112,6,45.51,2023Q2
2352,112,9,45.19,2023Q3
2352,112,12,45.01,2023Q4
2352,113,3,43.54,2024Q1
2352,113,6,38.71,2024Q2
2352,113,9,37.01,2024Q3
2352,113,12,35.74,2024Q4
2352,114,3,33.13,2025Q1
2352,114,6,,2025Q2
2352,114,9,,2025Q3
2352,114,12,,2025Q4
2353,105,3,12.34,2016Q1
2353,105,6,14.86,2016Q2
2353,105,9,14.9,2016Q3
2353,105,12,13.22,2016Q4
2353,106,3,14.5,2017Q1
2353,106,6,16.13,2017Q2
2353,106,9,15.91,2017Q3
2353,106,12,22.54,2017Q4
2353,107,3,25.86,2018Q1
2353,107,6,26.44,2018Q2
2353,107,9,25.01,2018Q3
2353,107,12,19.61,2018Q4
2353,108,3,20.19,2019Q1
2353,108,6,19.28,2019Q2
2353,108,9,17.91,2019Q3
2353,108,12,18.06,2019Q4
2353,109,3,14.67,2020Q1
2353,109,6,17.49,2020Q2
2353,109,9,24.85,2020Q3
2353,109,12,23.97,2020Q4
2353,110,3,29.31,2021Q1
2353,110,6,31.22,2021Q2
2353,110,9,24.89,2021Q3
2353,110,12,29.55,2021Q4
2353,111,3,29.2,2022Q1
2353,111,6,26.48,2022Q2
2353,111,9,21.68,2022Q3
2353,111,12,23.54,2022Q4
2353,112,3,26.79,2023Q1
2353,112,6,33.22,2023Q2
2353,112,9,37.36,2023Q3
2353,112,12,46.25,2023Q4
2353,113,3,,2024Q1
2353,113,6,,2024Q2
2353,113,9,,2024Q3
2353,113,12,,2024Q4
2353,114,3,37.9,2025Q1
2353,114,6,,2025Q2
2353,114,9,,2025Q3
2353,114,12,,2025Q4
2354,105,3,71.25,2016Q1
2354,105,6,74.48,2016Q2
2354,105,9,87.39,2016Q3
2354,105,12,84.48,2016Q4
2354,106,3,93.19,2017Q1
2354,106,6,89.74,2017Q2
2354,106,9,92.92,2017Q3
2354,106,12,84.4,2017Q4
2354,107,3,79.49,2018Q1
2354,107,6,75.03,2018Q2
2354,107,9,74.9,2018Q3
2354,107,12,61.08,2018Q4
2354,108,3,62.05,2019Q1
2354,108,6,62.49,2019Q2
2354,108,9,64.77,2019Q3
2354,108,12,68.1,2019Q4
2354,109,3,52.37,2020Q1
2354,109,6,54.95,2020Q2
2354,109,9,52.09,2020Q3
2354,109,12,53.61,2020Q4
2354,110,3,73.69,2021Q1
2354,110,6,65.22,2021Q2
2354,110,9,67.19,2021Q3
2354,110,12,64.59,2021Q4
2354,111,3,63.01,2022Q1
2354,111,6,55.18,2022Q2
2354,111,9,47.87,2022Q3
2354,111,12,52.93,2022Q4
2354,112,3,54.5,2023Q1
2354,112,6,56.18,2023Q2
2354,112,9,58.8,2023Q3
2354,112,12,52.12,2023Q4
2354,113,3,59.77,2024Q1
2354,113,6,70.4,2024Q2
2354,113,9,65.15,2024Q3
2354,113,12,83.49,2024Q4
2354,114,3,70.79,2025Q1
2354,114,6,,2025Q2
2354,114,9,,2025Q3
2354,114,12,,2025Q4
2355,105,3,59.08,2016Q1
2355,105,6,68.93,2016Q2
2355,105,9,72.96,2016Q3
2355,105,12,61.74,2016Q4
2355,106,3,61.13,2017Q1
2355,106,6,60.76,2017Q2
2355,106,9,57.35,2017Q3
2355,106,12,59.18,2017Q4
2355,107,3,54.33,2018Q1
2355,107,6,40.47,2018Q2
2355,107,9,38.75,2018Q3
2355,107,12,37.15,2018Q4
2355,108,3,40.02,2019Q1
2355,108,6,34.18,2019Q2
2355,108,9,32.61,2019Q3
2355,108,12,31.17,2019Q4
2355,109,3,23.47,2020Q1
2355,109,6,26.49,2020Q2
2355,109,9,27.25,2020Q3
2355,109,12,31.01,2020Q4
2355,110,3,33.48,2021Q1
2355,110,6,32.16,2021Q2
2355,110,9,30.73,2021Q3
2355,110,12,37.16,2021Q4
2355,111,3,34.91,2022Q1
2355,111,6,30.74,2022Q2
2355,111,9,29.19,2022Q3
2355,111,12,30.85,2022Q4
2355,112,3,30.75,2023Q1
2355,112,6,32.15,2023Q2
2355,112,9,39.1,2023Q3
2355,112,12,52.96,2023Q4
2355,113,3,47.83,2024Q1
2355,113,6,47.21,2024Q2
2355,113,9,41.56,2024Q3
2355,113,12,39.48,2024Q4
2355,114,3,36.65,2025Q1
2355,114,6,,2025Q2
2355,114,9,,2025Q3
2355,114,12,,2025Q4
2356,105,3,22.8,2016Q1
2356,105,6,22.53,2016Q2
2356,105,9,24.28,2016Q3
2356,105,12,21.7,2016Q4
2356,106,3,22.92,2017Q1
2356,106,6,24.22,2017Q2
2356,106,9,23.64,2017Q3
2356,106,12,23.26,2017Q4
2356,107,3,23.09,2018Q1
2356,107,6,24.44,2018Q2
2356,107,9,26.98,2018Q3
2356,107,12,22.02,2018Q4
2356,108,3,23.81,2019Q1
2356,108,6,23.95,2019Q2
2356,108,9,21.69,2019Q3
2356,108,12,23.06,2019Q4
2356,109,3,21.5,2020Q1
2356,109,6,25.59,2020Q2
2356,109,9,22.71,2020Q3
2356,109,12,23.93,2020Q4
2356,110,3,26.43,2021Q1
2356,110,6,25.69,2021Q2
2356,110,9,25.27,2021Q3
2356,110,12,25.34,2021Q4
2356,111,3,25.04,2022Q1
2356,111,6,25.28,2022Q2
2356,111,9,22.95,2022Q3
2356,111,12,25.24,2022Q4
2356,112,3,29.12,2023Q1
2356,112,6,41.95,2023Q2
2356,112,9,51.77,2023Q3
2356,112,12,49.38,2023Q4
2356,113,3,58.04,2024Q1
2356,113,6,55.31,2024Q2
2356,113,9,43.23,2024Q3
2356,113,12,49.94,2024Q4
2356,114,3,46.65,2025Q1
2356,114,6,,2025Q2
2356,114,9,,2025Q3
2356,114,12,,2025Q4
2357,105,3,283.76,2016Q1
2357,105,6,276.51,2016Q2
2357,105,9,275.35,2016Q3
2357,105,12,264.4,2016Q4
2357,106,3,286.49,2017Q1
2357,106,6,285.81,2017Q2
2357,106,9,250.97,2017Q3
2357,106,12,270.95,2017Q4
2357,107,3,273.12,2018Q1
2357,107,6,277.77,2018Q2
2357,107,9,256.41,2018Q3
2357,107,12,211.68,2018Q4
2357,108,3,221.91,2019Q1
2357,108,6,221.37,2019Q2
2357,108,9,208.57,2019Q3
2357,108,12,233.04,2019Q4
2357,109,3,188.61,2020Q1
2357,109,6,227.74,2020Q2
2357,109,9,252.4,2020Q3
2357,109,12,253.58,2020Q4
2357,110,3,347.89,2021Q1
2357,110,6,382.24,2021Q2
2357,110,9,325.86,2021Q3
2357,110,12,367.41,2021Q4
2357,111,3,371.97,2022Q1
2357,111,6,327.68,2022Q2
2357,111,9,247.96,2022Q3
2357,111,12,269.72,2022Q4
2357,112,3,272.46,2023Q1
2357,112,6,315.68,2023Q2
2357,112,9,375.37,2023Q3
2357,112,12,439.83,2023Q4
2357,113,3,430.53,2024Q1
2357,113,6,497.47,2024Q2
2357,113,9,558.94,2024Q3
2357,113,12,604.21,2024Q4
2357,114,3,634.85,2025Q1
2357,114,6,,2025Q2
2357,114,9,,2025Q3
2357,114,12,,2025Q4
2359,105,3,16.67,2016Q1
2359,105,6,15.0,2016Q2
2359,105,9,15.24,2016Q3
2359,105,12,15.09,2016Q4
2359,106,3,16.81,2017Q1
2359,106,6,19.88,2017Q2
2359,106,9,23.66,2017Q3
2359,106,12,23.05,2017Q4
2359,107,3,23.07,2018Q1
2359,107,6,23.31,2018Q2
2359,107,9,22.11,2018Q3
2359,107,12,18.94,2018Q4
2359,108,3,20.21,2019Q1
2359,108,6,21.93,2019Q2
2359,108,9,22.26,2019Q3
2359,108,12,21.21,2019Q4
2359,109,3,17.67,2020Q1
2359,109,6,20.11,2020Q2
2359,109,9,19.38,2020Q3
2359,109,12,19.08,2020Q4
2359,110,3,18.02,2021Q1
2359,110,6,17.25,2021Q2
2359,110,9,17.22,2021Q3
2359,110,12,20.11,2021Q4
2359,111,3,27.61,2022Q1
2359,111,6,26.63,2022Q2
2359,111,9,24.99,2022Q3
2359,111,12,26.9,2022Q4
2359,112,3,32.83,2023Q1
2359,112,6,35.47,2023Q2
2359,112,9,38.57,2023Q3
2359,112,12,40.23,2023Q4
2359,113,3,57.37,2024Q1
2359,113,6,165.81,2024Q2
2359,113,9,153.21,2024Q3
2359,113,12,162.21,2024Q4
2359,114,3,152.92,2025Q1
2359,114,6,,2025Q2
2359,114,9,,2025Q3
2359,114,12,,2025Q4
2360,105,3,72.23,2016Q1
2360,105,6,78.71,2016Q2
2360,105,9,83.49,2016Q3
2360,105,12,76.7,2016Q4
2360,106,3,92.83,2017Q1
2360,106,6,95.23,2017Q2
2360,106,9,104.66,2017Q3
2360,106,12,159.62,2017Q4
2360,107,3,171.43,2018Q1
2360,107,6,163.2,2018Q2
2360,107,9,151.71,2018Q3
2360,107,12,122.15,2018Q4
2360,108,3,142.79,2019Q1
2360,108,6,139.03,2019Q2
2360,108,9,155.27,2019Q3
2360,108,12,139.75,2019Q4
2360,109,3,119.32,2020Q1
2360,109,6,144.99,2020Q2
2360,109,9,158.11,2020Q3
2360,109,12,170.57,2020Q4
2360,110,3,190.72,2021Q1
2360,110,6,194.99,2021Q2
2360,110,9,178.44,2021Q3
2360,110,12,189.55,2021Q4
2360,111,3,181.4,2022Q1
2360,111,6,161.92,2022Q2
2360,111,9,190.77,2022Q3
2360,111,12,185.58,2022Q4
2360,112,3,174.65,2023Q1
2360,112,6,240.12,2023Q2
2360,112,9,266.8,2023Q3
2360,112,12,206.36,2023Q4
2360,113,3,262.75,2024Q1
2360,113,6,303.43,2024Q2
2360,113,9,359.31,2024Q3
2360,113,12,412.77,2024Q4
2360,114,3,313.09,2025Q1
2360,114,6,,2025Q2
2360,114,9,,2025Q3
2360,114,12,,2025Q4
2362,105,3,30.72,2016Q1
2362,105,6,27.78,2016Q2
2362,105,9,29.41,2016Q3
2362,105,12,27.86,2016Q4
2362,106,3,28.54,2017Q1
2362,106,6,27.78,2017Q2
2362,106,9,31.06,2017Q3
2362,106,12,28.26,2017Q4
2362,107,3,29.62,2018Q1
2362,107,6,35.06,2018Q2
2362,107,9,30.24,2018Q3
2362,107,12,30.5,2018Q4
2362,108,3,29.79,2019Q1
2362,108,6,29.94,2019Q2
2362,108,9,30.86,2019Q3
2362,108,12,37.6,2019Q4
2362,109,3,28.47,2020Q1
2362,109,6,30.0,2020Q2
2362,109,9,30.0,2020Q3
2362,109,12,29.88,2020Q4
2362,110,3,30.2,2021Q1
2362,110,6,30.2,2021Q2
2362,110,9,28.87,2021Q3
2362,110,12,32.31,2021Q4
2362,111,3,31.2,2022Q1
2362,111,6,32.94,2022Q2
2362,111,9,34.16,2022Q3
2362,111,12,31.1,2022Q4
2362,112,3,30.39,2023Q1
2362,112,6,33.15,2023Q2
2362,112,9,31.75,2023Q3
2362,112,12,36.93,2023Q4
2362,113,3,40.94,2024Q1
2362,113,6,56.68,2024Q2
2362,113,9,57.92,2024Q3
2362,113,12,55.12,2024Q4
2362,114,3,51.25,2025Q1
2362,114,6,,2025Q2
2362,114,9,,2025Q3
2362,114,12,,2025Q4
2363,105,3,7.32,2016Q1
2363,105,6,6.29,2016Q2
2363,105,9,6.42,2016Q3
2363,105,12,6.52,2016Q4
2363,106,3,7.72,2017Q1
2363,106,6,7.28,2017Q2
2363,106,9,7.91,2017Q3
2363,106,12,9.35,2017Q4
2363,107,3,10.0,2018Q1
2363,107,6,13.06,2018Q2
2363,107,9,9.8,2018Q3
2363,107,12,9.23,2018Q4
2363,108,3,8.51,2019Q1
2363,108,6,8.08,2019Q2
2363,108,9,8.33,2019Q3
2363,108,12,8.6,2019Q4
2363,109,3,7.56,2020Q1
2363,109,6,12.31,2020Q2
2363,109,9,12.66,2020Q3
2363,109,12,18.03,2020Q4
2363,110,3,17.98,2021Q1
2363,110,6,21.62,2021Q2
2363,110,9,28.15,2021Q3
2363,110,12,26.22,2021Q4
2363,111,3,23.5,2022Q1
2363,111,6,21.81,2022Q2
2363,111,9,18.52,2022Q3
2363,111,12,16.83,2022Q4
2363,112,3,18.71,2023Q1
2363,112,6,18.13,2023Q2
2363,112,9,37.14,2023Q3
2363,112,12,48.7,2023Q4
2363,113,3,41.13,2024Q1
2363,113,6,58.26,2024Q2
2363,113,9,68.22,2024Q3
2363,113,12,73.09,2024Q4
2363,114,3,59.64,2025Q1
2363,114,6,,2025Q2
2363,114,9,,2025Q3
2363,114,12,,2025Q4
2364,105,3,1.82,2016Q1
2364,105,6,1.55,2016Q2
2364,105,9,1.56,2016Q3
2364,105,12,2.51,2016Q4
2364,106,3,2.67,2017Q1
2364,106,6,2.58,2017Q2
2364,106,9,2.54,2017Q3
2364,106,12,2.43,2017Q4
2364,107,3,2.69,2018Q1
2364,107,6,3.99,2018Q2
2364,107,9,3.6,2018Q3
2364,107,12,4.08,2018Q4
2364,108,3,3.65,2019Q1
2364,108,6,2.52,2019Q2
2364,108,9,3.19,2019Q3
2364,108,12,2.28,2019Q4
2364,109,3,1.75,2020Q1
2364,109,6,1.97,2020Q2
2364,109,9,4.41,2020Q3
2364,109,12,3.51,2020Q4
2364,110,3,3.57,2021Q1
2364,110,6,3.17,2021Q2
2364,110,9,3.27,2021Q3
2364,110,12,19.35,2021Q4
2364,111,3,21.55,2022Q1
2364,111,6,34.95,2022Q2
2364,111,9,98.94,2022Q3
2364,111,12,116.0,2022Q4
2364,112,3,105.16,2023Q1
2364,112,6,102.69,2023Q2
2364,112,9,112.18,2023Q3
2364,112,12,119.9,2023Q4
2364,113,3,92.39,2024Q1
2364,113,6,85.46,2024Q2
2364,113,9,99.33,2024Q3
2364,113,12,80.54,2024Q4
2364,114,3,87.52,2025Q1
2364,114,6,,2025Q2
2364,114,9,,2025Q3
2364,114,12,,2025Q4
2365,105,3,9.79,2016Q1
2365,105,6,9.34,2016Q2
2365,105,9,9.17,2016Q3
2365,105,12,8.93,2016Q4
2365,106,3,9.14,2017Q1
2365,106,6,8.99,2017Q2
2365,106,9,10.24,2017Q3
2365,106,12,10.35,2017Q4
2365,107,3,10.69,2018Q1
2365,107,6,12.41,2018Q2
2365,107,9,10.52,2018Q3
2365,107,12,9.0,2018Q4
2365,108,3,9.15,2019Q1
2365,108,6,8.29,2019Q2
2365,108,9,8.06,2019Q3
2365,108,12,8.32,2019Q4
2365,109,3,6.38,2020Q1
2365,109,6,8.8,2020Q2
2365,109,9,10.38,2020Q3
2365,109,12,11.81,2020Q4
2365,110,3,12.03,2021Q1
2365,110,6,12.25,2021Q2
2365,110,9,10.03,2021Q3
2365,110,12,12.71,2021Q4
2365,111,3,11.05,2022Q1
2365,111,6,10.58,2022Q2
2365,111,9,10.62,2022Q3
2365,111,12,10.08,2022Q4
2365,112,3,10.51,2023Q1
2365,112,6,11.88,2023Q2
2365,112,9,11.12,2023Q3
2365,112,12,14.43,2023Q4
2365,113,3,21.45,2024Q1
2365,113,6,36.63,2024Q2
2365,113,9,56.94,2024Q3
2365,113,12,48.21,2024Q4
2365,114,3,47.46,2025Q1
2365,114,6,,2025Q2
2365,114,9,,2025Q3
2365,114,12,,2025Q4
2367,105,3,12.39,2016Q1
2367,105,6,10.48,2016Q2
2367,105,9,10.13,2016Q3
2367,105,12,9.36,2016Q4
2367,106,3,11.54,2017Q1
2367,106,6,10.9,2017Q2
2367,106,9,11.15,2017Q3
2367,106,12,22.15,2017Q4
2367,107,3,19.96,2018Q1
2367,107,6,23.02,2018Q2
2367,107,9,16.88,2018Q3
2367,107,12,15.7,2018Q4
2367,108,3,21.23,2019Q1
2367,108,6,20.06,2019Q2
2367,108,9,33.56,2019Q3
2367,108,12,32.66,2019Q4
2367,109,3,20.78,2020Q1
2367,109,6,25.73,2020Q2
2367,109,9,21.69,2020Q3
2367,109,12,23.19,2020Q4
2367,110,3,22.13,2021Q1
2367,110,6,22.35,2021Q2
2367,110,9,18.89,2021Q3
2367,110,12,19.44,2021Q4
2367,111,3,17.84,2022Q1
2367,111,6,17.67,2022Q2
2367,111,9,22.92,2022Q3
2367,111,12,18.95,2022Q4
2367,112,3,18.71,2023Q1
2367,112,6,18.01,2023Q2
2367,112,9,19.79,2023Q3
2367,112,12,21.8,2023Q4
2367,113,3,25.74,2024Q1
2367,113,6,36.86,2024Q2
2367,113,9,34.94,2024Q3
2367,113,12,32.26,2024Q4
2367,114,3,29.03,2025Q1
2367,114,6,,2025Q2
2367,114,9,,2025Q3
2367,114,12,,2025Q4
2368,105,3,9.32,2016Q1
2368,105,6,8.54,2016Q2
2368,105,9,12.14,2016Q3
2368,105,12,10.84,2016Q4
2368,106,3,11.72,2017Q1
2368,106,6,11.15,2017Q2
2368,106,9,10.05,2017Q3
2368,106,12,10.6,2017Q4
2368,107,3,9.79,2018Q1
2368,107,6,10.13,2018Q2
2368,107,9,14.07,2018Q3
2368,107,12,13.23,2018Q4
2368,108,3,13.92,2019Q1
2368,108,6,11.69,2019Q2
2368,108,9,14.78,2019Q3
2368,108,12,16.25,2019Q4
2368,109,3,20.23,2020Q1
2368,109,6,33.92,2020Q2
2368,109,9,49.74,2020Q3
2368,109,12,53.42,2020Q4
2368,110,3,56.52,2021Q1
2368,110,6,62.18,2021Q2
2368,110,9,70.55,2021Q3
2368,110,12,75.89,2021Q4
2368,111,3,81.02,2022Q1
2368,111,6,85.91,2022Q2
2368,111,9,92.17,2022Q3
2368,111,12,94.25,2022Q4
2368,112,3,93.24,2023Q1
2368,112,6,136.57,2023Q2
2368,112,9,205.88,2023Q3
2368,112,12,222.01,2023Q4
2368,113,3,246.02,2024Q1
2368,113,6,197.16,2024Q2
2368,113,9,207.28,2024Q3
2368,113,12,228.37,2024Q4
2368,114,3,219.27,2025Q1
2368,114,6,,2025Q2
2368,114,9,,2025Q3
2368,114,12,,2025Q4
2369,105,3,9.66,2016Q1
2369,105,6,8.77,2016Q2
2369,105,9,11.81,2016Q3
2369,105,12,12.16,2016Q4
2369,106,3,14.1,2017Q1
2369,106,6,15.45,2017Q2
2369,106,9,16.66,2017Q3
2369,106,12,15.2,2017Q4
2369,107,3,13.98,2018Q1
2369,107,6,12.86,2018Q2
2369,107,9,10.15,2018Q3
2369,107,12,9.41,2018Q4
2369,108,3,10.05,2019Q1
2369,108,6,8.38,2019Q2
2369,108,9,9.42,2019Q3
2369,108,12,10.28,2019Q4
2369,109,3,9.32,2020Q1
2369,109,6,10.36,2020Q2
2369,109,9,11.48,2020Q3
2369,109,12,14.01,2020Q4
2369,110,3,16.18,2021Q1
2369,110,6,19.19,2021Q2
2369,110,9,29.24,2021Q3
2369,110,12,27.27,2021Q4
2369,111,3,24.13,2022Q1
2369,111,6,18.66,2022Q2
2369,111,9,14.35,2022Q3
2369,111,12,14.04,2022Q4
2369,112,3,15.22,2023Q1
2369,112,6,15.22,2023Q2
2369,112,9,19.73,2023Q3
2369,112,12,23.03,2023Q4
2369,113,3,25.65,2024Q1
2369,113,6,23.91,2024Q2
2369,113,9,18.93,2024Q3
2369,113,12,17.85,2024Q4
2369,114,3,16.72,2025Q1
2369,114,6,,2025Q2
2369,114,9,,2025Q3
2369,114,12,,2025Q4
2371,105,3,5.55,2016Q1
2371,105,6,4.96,2016Q2
2371,105,9,7.4,2016Q3
2371,105,12,9.39,2016Q4
2371,106,3,13.37,2017Q1
2371,106,6,12.99,2017Q2
2371,106,9,13.32,2017Q3
2371,106,12,18.24,2017Q4
2371,107,3,22.98,2018Q1
2371,107,6,26.15,2018Q2
2371,107,9,36.6,2018Q3
2371,107,12,31.1,2018Q4
2371,108,3,25.17,2019Q1
2371,108,6,20.21,2019Q2
2371,108,9,17.32,2019Q3
2371,108,12,21.24,2019Q4
2371,109,3,19.03,2020Q1
2371,109,6,21.42,2020Q2
2371,109,9,16.49,2020Q3
2371,109,12,25.84,2020Q4
2371,110,3,28.83,2021Q1
2371,110,6,24.89,2021Q2
2371,110,9,32.54,2021Q3
2371,110,12,32.55,2021Q4
2371,111,3,34.33,2022Q1
2371,111,6,35.23,2022Q2
2371,111,9,32.74,2022Q3
2371,111,12,34.0,2022Q4
2371,112,3,33.45,2023Q1
2371,112,6,47.69,2023Q2
2371,112,9,46.08,2023Q3
2371,112,12,42.37,2023Q4
2371,113,3,53.79,2024Q1
2371,113,6,58.13,2024Q2
2371,113,9,46.6,2024Q3
2371,113,12,46.66,2024Q4
2371,114,3,44.4,2025Q1
2371,114,6,,2025Q2
2371,114,9,,2025Q3
2371,114,12,,2025Q4
2373,105,3,55.79,2016Q1
2373,105,6,54.48,2016Q2
2373,105,9,50.92,2016Q3
2373,105,12,51.72,2016Q4
2373,106,3,60.3,2017Q1
2373,106,6,60.88,2017Q2
2373,106,9,85.36,2017Q3
2373,106,12,87.46,2017Q4
2373,107,3,90.93,2018Q1
2373,107,6,90.83,2018Q2
2373,107,9,101.43,2018Q3
2373,107,12,94.42,2018Q4
2373,108,3,92.33,2019Q1
2373,108,6,97.58,2019Q2
2373,108,9,95.68,2019Q3
2373,108,12,90.54,2019Q4
2373,109,3,83.68,2020Q1
2373,109,6,90.36,2020Q2
2373,109,9,85.11,2020Q3
2373,109,12,87.51,2020Q4
2373,110,3,91.35,2021Q1
2373,110,6,92.26,2021Q2
2373,110,9,88.33,2021Q3
2373,110,12,89.86,2021Q4
2373,111,3,90.18,2022Q1
2373,111,6,88.18,2022Q2
2373,111,9,82.25,2022Q3
2373,111,12,77.82,2022Q4
2373,112,3,79.66,2023Q1
2373,112,6,80.45,2023Q2
2373,112,9,75.69,2023Q3
2373,112,12,75.43,2023Q4
2373,113,3,73.22,2024Q1
2373,113,6,74.94,2024Q2
2373,113,9,67.72,2024Q3
2373,113,12,64.41,2024Q4
2373,114,3,65.32,2025Q1
2373,114,6,,2025Q2
2373,114,9,,2025Q3
2373,114,12,,2025Q4
2374,105,3,20.61,2016Q1
2374,105,6,16.36,2016Q2
2374,105,9,17.61,2016Q3
2374,105,12,16.56,2016Q4
2374,106,3,18.59,2017Q1
2374,106,6,19.44,2017Q2
2374,106,9,23.71,2017Q3
2374,106,12,20.37,2017Q4
2374,107,3,20.19,2018Q1
2374,107,6,17.13,2018Q2
2374,107,9,14.28,2018Q3
2374,107,12,14.27,2018Q4
2374,108,3,15.48,2019Q1
2374,108,6,14.8,2019Q2
2374,108,9,16.9,2019Q3
2374,108,12,16.82,2019Q4
2374,109,3,11.21,2020Q1
2374,109,6,12.67,2020Q2
2374,109,9,13.63,2020Q3
2374,109,12,14.85,2020Q4
2374,110,3,15.3,2021Q1
2374,110,6,16.1,2021Q2
2374,110,9,15.33,2021Q3
2374,110,12,28.95,2021Q4
2374,111,3,26.99,2022Q1
2374,111,6,23.66,2022Q2
2374,111,9,22.06,2022Q3
2374,111,12,21.64,2022Q4
2374,112,3,21.34,2023Q1
2374,112,6,20.56,2023Q2
2374,112,9,23.7,2023Q3
2374,112,12,26.53,2023Q4
2374,113,3,26.34,2024Q1
2374,113,6,54.17,2024Q2
2374,113,9,47.71,2024Q3
2374,113,12,63.25,2024Q4
2374,114,3,60.53,2025Q1
2374,114,6,,2025Q2
2374,114,9,,2025Q3
2374,114,12,,2025Q4
2375,105,3,13.88,2016Q1
2375,105,6,13.98,2016Q2
2375,105,9,15.19,2016Q3
2375,105,12,16.62,2016Q4
2375,106,3,17.41,2017Q1
2375,106,6,27.58,2017Q2
2375,106,9,29.53,2017Q3
2375,106,12,38.87,2017Q4
2375,107,3,45.57,2018Q1
2375,107,6,74.2,2018Q2
2375,107,9,53.56,2018Q3
2375,107,12,37.1,2018Q4
2375,108,3,48.48,2019Q1
2375,108,6,42.22,2019Q2
2375,108,9,41.95,2019Q3
2375,108,12,43.04,2019Q4
2375,109,3,30.81,2020Q1
2375,109,6,37.12,2020Q2
2375,109,9,41.31,2020Q3
2375,109,12,77.76,2020Q4
2375,110,3,126.61,2021Q1
2375,110,6,112.76,2021Q2
2375,110,9,91.19,2021Q3
2375,110,12,108.94,2021Q4
2375,111,3,82.73,2022Q1
2375,111,6,60.03,2022Q2
2375,111,9,57.47,2022Q3
2375,111,12,59.93,2022Q4
2375,112,3,76.46,2023Q1
2375,112,6,70.37,2023Q2
2375,112,9,67.55,2023Q3
2375,112,12,74.4,2023Q4
2375,113,3,62.41,2024Q1
2375,113,6,71.58,2024Q2
2375,113,9,67.17,2024Q3
2375,113,12,78.03,2024Q4
2375,114,3,64.7,2025Q1
2375,114,6,,2025Q2
2375,114,9,,2025Q3
2375,114,12,,2025Q4
2376,105,3,35.94,2016Q1
2376,105,6,38.17,2016Q2
2376,105,9,41.85,2016Q3
2376,105,12,43.43,2016Q4
2376,106,3,42.38,2017Q1
2376,106,6,39.92,2017Q2
2376,106,9,39.12,2017Q3
2376,106,12,51.05,2017Q4
2376,107,3,68.98,2018Q1
2376,107,6,73.96,2018Q2
2376,107,9,49.99,2018Q3
2376,107,12,41.06,2018Q4
2376,108,3,48.25,2019Q1
2376,108,6,48.85,2019Q2
2376,108,9,52.05,2019Q3
2376,108,12,51.34,2019Q4
2376,109,3,46.55,2020Q1
2376,109,6,64.81,2020Q2
2376,109,9,80.7,2020Q3
2376,109,12,79.26,2020Q4
2376,110,3,93.38,2021Q1
2376,110,6,113.8,2021Q2
2376,110,9,90.2,2021Q3
2376,110,12,149.77,2021Q4
2376,111,3,134.66,2022Q1
2376,111,6,100.44,2022Q2
2376,111,9,91.2,2022Q3
2376,111,12,107.0,2022Q4
2376,112,3,122.72,2023Q1
2376,112,6,232.9,2023Q2
2376,112,9,285.22,2023Q3
2376,112,12,255.39,2023Q4
2376,113,3,331.16,2024Q1
2376,113,6,312.35,2024Q2
2376,113,9,254.58,2024Q3
2376,113,12,274.58,2024Q4
2376,114,3,261.64,2025Q1
2376,114,6,,2025Q2
2376,114,9,,2025Q3
2376,114,12,,2025Q4
2377,105,3,45.19,2016Q1
2377,105,6,55.98,2016Q2
2377,105,9,80.82,2016Q3
2377,105,12,76.57,2016Q4
2377,106,3,71.15,2017Q1
2377,106,6,70.61,2017Q2
2377,106,9,65.86,2017Q3
2377,106,12,73.67,2017Q4
2377,107,3,92.52,2018Q1
2377,107,6,108.49,2018Q2
2377,107,9,90.31,2018Q3
2377,107,12,72.44,2018Q4
2377,108,3,83.56,2019Q1
2377,108,6,83.4,2019Q2
2377,108,9,89.61,2019Q3
2377,108,12,86.45,2019Q4
2377,109,3,82.06,2020Q1
2377,109,6,105.63,2020Q2
2377,109,9,138.98,2020Q3
2377,109,12,130.38,2020Q4
2377,110,3,157.78,2021Q1
2377,110,6,168.48,2021Q2
2377,110,9,136.95,2021Q3
2377,110,12,164.29,2021Q4
2377,111,3,140.71,2022Q1
2377,111,6,125.63,2022Q2
2377,111,9,115.25,2022Q3
2377,111,12,120.01,2022Q4
2377,112,3,140.69,2023Q1
2377,112,6,176.35,2023Q2
2377,112,9,168.18,2023Q3
2377,112,12,188.2,2023Q4
2377,113,3,178.99,2024Q1
2377,113,6,183.67,2024Q2
2377,113,9,174.28,2024Q3
2377,113,12,178.35,2024Q4
2377,114,3,174.75,2025Q1
2377,114,6,,2025Q2
2377,114,9,,2025Q3
2377,114,12,,2025Q4
2379,105,3,84.29,2016Q1
2379,105,6,93.87,2016Q2
2379,105,9,112.64,2016Q3
2379,105,12,101.25,2016Q4
2379,106,3,109.49,2017Q1
2379,106,6,109.87,2017Q2
2379,106,9,108.98,2017Q3
2379,106,12,105.44,2017Q4
2379,107,3,120.79,2018Q1
2379,107,6,113.23,2018Q2
2379,107,9,139.17,2018Q3
2379,107,12,142.71,2018Q4
2379,108,3,172.61,2019Q1
2379,108,6,219.3,2019Q2
2379,108,9,221.91,2019Q3
2379,108,12,236.12,2019Q4
2379,109,3,201.32,2020Q1
2379,109,6,281.62,2020Q2
2379,109,9,373.58,2020Q3
2379,109,12,394.14,2020Q4
2379,110,3,460.34,2021Q1
2379,110,6,503.26,2021Q2
2379,110,9,525.66,2021Q3
2379,110,12,565.26,2021Q4
2379,111,3,454.29,2022Q1
2379,111,6,410.97,2022Q2
2379,111,9,305.7,2022Q3
2379,111,12,301.35,2022Q4
2379,112,3,387.42,2023Q1
2379,112,6,395.2,2023Q2
2379,112,9,415.67,2023Q3
2379,112,12,464.68,2023Q4
2379,113,3,583.03,2024Q1
2379,113,6,542.02,2024Q2
2379,113,9,486.7,2024Q3
2379,113,12,534.68,2024Q4
2379,114,3,550.23,2025Q1
2379,114,6,,2025Q2
2379,114,9,,2025Q3
2379,114,12,,2025Q4
2380,105,3,7.48,2016Q1
2380,105,6,6.96,2016Q2
2380,105,9,7.01,2016Q3
2380,105,12,6.53,2016Q4
2380,106,3,7.34,2017Q1
2380,106,6,6.96,2017Q2
2380,106,9,6.82,2017Q3
2380,106,12,6.77,2017Q4
2380,107,3,7.31,2018Q1
2380,107,6,6.73,2018Q2
2380,107,9,5.47,2018Q3
2380,107,12,4.6,2018Q4
2380,108,3,4.01,2019Q1
2380,108,6,3.23,2019Q2
2380,108,9,3.36,2019Q3
2380,108,12,4.05,2019Q4
2380,109,3,3.45,2020Q1
2380,109,6,3.64,2020Q2
2380,109,9,6.56,2020Q3
2380,109,12,7.86,2020Q4
2380,110,3,9.39,2021Q1
2380,110,6,12.52,2021Q2
2380,110,9,10.46,2021Q3
2380,110,12,15.55,2021Q4
2380,111,3,12.26,2022Q1
2380,111,6,10.46,2022Q2
2380,111,9,12.95,2022Q3
2380,111,12,12.66,2022Q4
2380,112,3,10.66,2023Q1
2380,112,6,10.11,2023Q2
2380,112,9,9.56,2023Q3
2380,112,12,6.69,2023Q4
2380,113,3,6.77,2024Q1
2380,113,6,7.19,2024Q2
2380,113,9,6.38,2024Q3
2380,113,12,4.6,2024Q4
2380,114,3,4.32,2025Q1
2380,114,6,,2025Q2
2380,114,9,,2025Q3
2380,114,12,,2025Q4
2382,105,3,57.54,2016Q1
2382,105,6,58.82,2016Q2
2382,105,9,63.54,2016Q3
2382,105,12,59.74,2016Q4
2382,106,3,64.28,2017Q1
2382,106,6,70.13,2017Q2
2382,106,9,69.63,2017Q3
2382,106,12,61.09,2017Q4
2382,107,3,59.63,2018Q1
2382,107,6,54.99,2018Q2
2382,107,9,51.6,2018Q3
2382,107,12,50.7,2018Q4
2382,108,3,56.6,2019Q1
2382,108,6,59.98,2019Q2
2382,108,9,56.81,2019Q3
2382,108,12,62.77,2019Q4
2382,109,3,58.29,2020Q1
2382,109,6,69.87,2020Q2
2382,109,9,76.18,2020Q3
2382,109,12,79.52,2020Q4
2382,110,3,90.81,2021Q1
2382,110,6,87.14,2021Q2
2382,110,9,77.12,2021Q3
2382,110,12,90.23,2021Q4
2382,111,3,91.14,2022Q1
2382,111,6,79.96,2022Q2
2382,111,9,78.66,2022Q3
2382,111,12,71.57,2022Q4
2382,112,3,84.4,2023Q1
2382,112,6,136.11,2023Q2
2382,112,9,232.28,2023Q3
2382,112,12,208.15,2023Q4
2382,113,3,258.79,2024Q1
2382,113,6,300.07,2024Q2
2382,113,9,258.01,2024Q3
2382,113,12,286.71,2024Q4
2382,114,3,252.12,2025Q1
2382,114,6,,2025Q2
2382,114,9,,2025Q3
2382,114,12,,2025Q4
2383,105,3,58.37,2016Q1
2383,105,6,69.73,2016Q2
2383,105,9,87.17,2016Q3
2383,105,12,85.82,2016Q4
2383,106,3,119.92,2017Q1
2383,106,6,133.06,2017Q2
2383,106,9,140.69,2017Q3
2383,106,12,98.38,2017Q4
2383,107,3,101.93,2018Q1
2383,107,6,84.65,2018Q2
2383,107,9,83.04,2018Q3
2383,107,12,75.65,2018Q4
2383,108,3,97.23,2019Q1
2383,108,6,91.86,2019Q2
2383,108,9,133.64,2019Q3
2383,108,12,128.8,2019Q4
2383,109,3,110.1,2020Q1
2383,109,6,155.11,2020Q2
2383,109,9,156.52,2020Q3
2383,109,12,156.45,2020Q4
2383,110,3,168.58,2021Q1
2383,110,6,202.87,2021Q2
2383,110,9,230.28,2021Q3
2383,110,12,276.84,2021Q4
2383,111,3,259.17,2022Q1
2383,111,6,206.33,2022Q2
2383,111,9,168.72,2022Q3
2383,111,12,183.77,2022Q4
2383,112,3,179.54,2023Q1
2383,112,6,231.85,2023Q2
2383,112,9,425.23,2023Q3
2383,112,12,379.98,2023Q4
2383,113,3,442.78,2024Q1
2383,113,6,451.54,2024Q2
2383,113,9,476.58,2024Q3
2383,113,12,568.9,2024Q4
2383,114,3,592.76,2025Q1
2383,114,6,,2025Q2
2383,114,9,,2025Q3
2383,114,12,,2025Q4
2385,105,3,76.95,2016Q1
2385,105,6,75.47,2016Q2
2385,105,9,77.99,2016Q3
2385,105,12,74.08,2016Q4
2385,106,3,76.48,2017Q1
2385,106,6,78.44,2017Q2
2385,106,9,73.15,2017Q3
2385,106,12,75.65,2017Q4
2385,107,3,73.94,2018Q1
2385,107,6,71.97,2018Q2
2385,107,9,62.96,2018Q3
2385,107,12,61.99,2018Q4
2385,108,3,69.75,2019Q1
2385,108,6,77.0,2019Q2
2385,108,9,91.27,2019Q3
2385,108,12,89.76,2019Q4
2385,109,3,77.56,2020Q1
2385,109,6,86.12,2020Q2
2385,109,9,85.94,2020Q3
2385,109,12,86.58,2020Q4
2385,110,3,97.03,2021Q1
2385,110,6,79.51,2021Q2
2385,110,9,77.72,2021Q3
2385,110,12,81.39,2021Q4
2385,111,3,89.91,2022Q1
2385,111,6,79.56,2022Q2
2385,111,9,82.04,2022Q3
2385,111,12,85.47,2022Q4
2385,112,3,92.95,2023Q1
2385,112,6,99.85,2023Q2
2385,112,9,112.92,2023Q3
2385,112,12,175.99,2023Q4
2385,113,3,231.18,2024Q1
2385,113,6,186.9,2024Q2
2385,113,9,164.65,2024Q3
2385,113,12,150.27,2024Q4
2385,114,3,171.21,2025Q1
2385,114,6,,2025Q2
2385,114,9,,2025Q3
2385,114,12,,2025Q4
2387,105,3,15.44,2016Q1
2387,105,6,16.53,2016Q2
2387,105,9,17.42,2016Q3
2387,105,12,17.03,2016Q4
2387,106,3,20.31,2017Q1
2387,106,6,20.77,2017Q2
2387,106,9,18.66,2017Q3
2387,106,12,17.0,2017Q4
2387,107,3,16.12,2018Q1
2387,107,6,16.79,2018Q2
2387,107,9,15.95,2018Q3
2387,107,12,17.78,2018Q4
2387,108,3,18.62,2019Q1
2387,108,6,18.33,2019Q2
2387,108,9,38.02,2019Q3
2387,108,12,40.35,2019Q4
2387,109,3,28.06,2020Q1
2387,109,6,36.89,2020Q2
2387,109,9,70.44,2020Q3
2387,109,12,64.74,2020Q4
2387,110,3,67.37,2021Q1
2387,110,6,55.86,2021Q2
2387,110,9,46.53,2021Q3
2387,110,12,47.5,2021Q4
2387,111,3,41.0,2022Q1
2387,111,6,36.46,2022Q2
2387,111,9,39.43,2022Q3
2387,111,12,40.35,2022Q4
2387,112,3,42.32,2023Q1
2387,112,6,42.71,2023Q2
2387,112,9,49.05,2023Q3
2387,112,12,59.86,2023Q4
2387,113,3,63.67,2024Q1
2387,113,6,60.35,2024Q2
2387,113,9,57.37,2024Q3
2387,113,12,63.1,2024Q4
2387,114,3,68.95,2025Q1
2387,114,6,,2025Q2
2387,114,9,,2025Q3
2387,114,12,,2025Q4
2388,105,3,9.97,2016Q1
2388,105,6,13.08,2016Q2
2388,105,9,10.84,2016Q3
2388,105,12,10.1,2016Q4
2388,106,3,11.25,2017Q1
2388,106,6,10.1,2017Q2
2388,106,9,11.7,2017Q3
2388,106,12,10.62,2017Q4
2388,107,3,30.83,2018Q1
2388,107,6,44.32,2018Q2
2388,107,9,37.75,2018Q3
2388,107,12,28.0,2018Q4
2388,108,3,35.91,2019Q1
2388,108,6,35.77,2019Q2
2388,108,9,34.95,2019Q3
2388,108,12,35.09,2019Q4
2388,109,3,22.29,2020Q1
2388,109,6,30.01,2020Q2
2388,109,9,39.04,2020Q3
2388,109,12,53.99,2020Q4
2388,110,3,50.48,2021Q1
2388,110,6,54.14,2021Q2
2388,110,9,48.2,2021Q3
2388,110,12,89.15,2021Q4
2388,111,3,64.0,2022Q1
2388,111,6,50.53,2022Q2
2388,111,9,86.2,2022Q3
2388,111,12,73.91,2022Q4
2388,112,3,90.02,2023Q1
2388,112,6,84.87,2023Q2
2388,112,9,116.86,2023Q3
2388,112,12,163.53,2023Q4
2388,113,3,131.31,2024Q1
2388,113,6,120.55,2024Q2
2388,113,9,133.05,2024Q3
2388,113,12,104.59,2024Q4
2388,114,3,87.98,2025Q1
2388,114,6,,2025Q2
2388,114,9,,2025Q3
2388,114,12,,2025Q4
2390,105,3,21.82,2016Q1
2390,105,6,20.98,2016Q2
2390,105,9,18.51,2016Q3
2390,105,12,17.54,2016Q4
2390,106,3,15.93,2017Q1
2390,106,6,14.86,2017Q2
2390,106,9,12.78,2017Q3
2390,106,12,11.79,2017Q4
2390,107,3,11.59,2018Q1
2390,107,6,10.79,2018Q2
2390,107,9,12.63,2018Q3
2390,107,12,10.96,2018Q4
2390,108,3,12.07,2019Q1
2390,108,6,12.14,2019Q2
2390,108,9,11.47,2019Q3
2390,108,12,11.17,2019Q4
2390,109,3,7.51,2020Q1
2390,109,6,15.56,2020Q2
2390,109,9,18.28,2020Q3
2390,109,12,14.92,2020Q4
2390,110,3,18.28,2021Q1
2390,110,6,28.22,2021Q2
2390,110,9,22.48,2021Q3
2390,110,12,23.18,2021Q4
2390,111,3,20.09,2022Q1
2390,111,6,17.8,2022Q2
2390,111,9,14.13,2022Q3
2390,111,12,13.69,2022Q4
2390,112,3,12.98,2023Q1
2390,112,6,12.75,2023Q2
2390,112,9,13.67,2023Q3
2390,112,12,15.97,2023Q4
2390,113,3,13.76,2024Q1
2390,113,6,13.69,2024Q2
2390,113,9,13.52,2024Q3
2390,113,12,12.16,2024Q4
2390,114,3,12.0,2025Q1
2390,114,6,,2025Q2
2390,114,9,,2025Q3
2390,114,12,,2025Q4
2392,105,3,44.4,2016Q1
2392,105,6,41.94,2016Q2
2392,105,9,39.44,2016Q3
2392,105,12,36.67,2016Q4
2392,106,3,39.08,2017Q1
2392,106,6,42.27,2017Q2
2392,106,9,41.35,2017Q3
2392,106,12,51.74,2017Q4
2392,107,3,42.16,2018Q1
2392,107,6,35.17,2018Q2
2392,107,9,26.66,2018Q3
2392,107,12,24.49,2018Q4
2392,108,3,37.32,2019Q1
2392,108,6,31.87,2019Q2
2392,108,9,36.06,2019Q3
2392,108,12,44.7,2019Q4
2392,109,3,29.79,2020Q1
2392,109,6,38.65,2020Q2
2392,109,9,41.75,2020Q3
2392,109,12,46.62,2020Q4
2392,110,3,47.88,2021Q1
2392,110,6,40.97,2021Q2
2392,110,9,37.71,2021Q3
2392,110,12,38.83,2021Q4
2392,111,3,38.07,2022Q1
2392,111,6,33.96,2022Q2
2392,111,9,35.59,2022Q3
2392,111,12,38.68,2022Q4
2392,112,3,40.88,2023Q1
2392,112,6,42.03,2023Q2
2392,112,9,43.95,2023Q3
2392,112,12,48.88,2023Q4
2392,113,3,45.73,2024Q1
2392,113,6,76.88,2024Q2
2392,113,9,65.0,2024Q3
2392,113,12,75.8,2024Q4
2392,114,3,62.31,2025Q1
2392,114,6,,2025Q2
2392,114,9,,2025Q3
2392,114,12,,2025Q4
2393,105,3,55.8,2016Q1
2393,105,6,49.52,2016Q2
2393,105,9,50.99,2016Q3
2393,105,12,46.62,2016Q4
2393,106,3,48.74,2017Q1
2393,106,6,48.61,2017Q2
2393,106,9,46.86,2017Q3
2393,106,12,44.86,2017Q4
2393,107,3,46.05,2018Q1
2393,107,6,40.66,2018Q2
2393,107,9,30.7,2018Q3
2393,107,12,30.47,2018Q4
2393,108,3,31.99,2019Q1
2393,108,6,28.74,2019Q2
2393,108,9,28.46,2019Q3
2393,108,12,34.53,2019Q4
2393,109,3,27.14,2020Q1
2393,109,6,32.37,2020Q2
2393,109,9,37.37,2020Q3
2393,109,12,39.1,2020Q4
2393,110,3,45.27,2021Q1
2393,110,6,50.78,2021Q2
2393,110,9,52.05,2021Q3
2393,110,12,51.69,2021Q4
2393,111,3,48.94,2022Q1
2393,111,6,42.99,2022Q2
2393,111,9,36.93,2022Q3
2393,111,12,37.72,2022Q4
2393,112,3,39.73,2023Q1
2393,112,6,49.7,2023Q2
2393,112,9,47.29,2023Q3
2393,112,12,47.69,2023Q4
2393,113,3,52.92,2024Q1
2393,113,6,76.46,2024Q2
2393,113,9,80.57,2024Q3
2393,113,12,81.24,2024Q4
2393,114,3,82.11,2025Q1
2393,114,6,,2025Q2
2393,114,9,,2025Q3
2393,114,12,,2025Q4
2395,105,3,236.44,2016Q1
2395,105,6,244.79,2016Q2
2395,105,9,269.48,2016Q3
2395,105,12,251.8,2016Q4
2395,106,3,255.46,2017Q1
2395,106,6,240.38,2017Q2
2395,106,9,217.99,2017Q3
2395,106,12,205.15,2017Q4
2395,107,3,213.34,2018Q1
2395,107,6,203.73,2018Q2
2395,107,9,218.38,2018Q3
2395,107,12,223.75,2018Q4
2395,108,3,248.67,2019Q1
2395,108,6,261.44,2019Q2
2395,108,9,271.06,2019Q3
2395,108,12,300.98,2019Q4
2395,109,3,257.72,2020Q1
2395,109,6,295.17,2020Q2
2395,109,9,290.38,2020Q3
2395,109,12,328.08,2020Q4
2395,110,3,361.51,2021Q1
2395,110,6,332.6,2021Q2
2395,110,9,372.0,2021Q3
2395,110,12,387.35,2021Q4
2395,111,3,365.42,2022Q1
2395,111,6,343.66,2022Q2
2395,111,9,311.18,2022Q3
2395,111,12,331.58,2022Q4
2395,112,3,362.56,2023Q1
2395,112,6,405.35,2023Q2
2395,112,9,344.92,2023Q3
2395,112,12,361.73,2023Q4
2395,113,3,397.48,2024Q1
2395,113,6,365.43,2024Q2
2395,113,9,329.24,2024Q3
2395,113,12,352.35,2024Q4
2395,114,3,392.59,2025Q1
2395,114,6,,2025Q2
2395,114,9,,2025Q3
2395,114,12,,2025Q4
2397,105,3,52.0,2016Q1
2397,105,6,53.01,2016Q2
2397,105,9,56.54,2016Q3
2397,105,12,49.71,2016Q4
2397,106,3,53.78,2017Q1
2397,106,6,51.9,2017Q2
2397,106,9,62.49,2017Q3
2397,106,12,58.53,2017Q4
2397,107,3,63.7,2018Q1
2397,107,6,77.26,2018Q2
2397,107,9,70.14,2018Q3
2397,107,12,64.81,2018Q4
2397,108,3,73.22,2019Q1
2397,108,6,86.57,2019Q2
2397,108,9,83.48,2019Q3
2397,108,12,83.5,2019Q4
2397,109,3,66.37,2020Q1
2397,109,6,76.63,2020Q2
2397,109,9,67.14,2020Q3
2397,109,12,66.81,2020Q4
2397,110,3,68.42,2021Q1
2397,110,6,65.51,2021Q2
2397,110,9,57.19,2021Q3
2397,110,12,59.8,2021Q4
2397,111,3,61.05,2022Q1
2397,111,6,60.11,2022Q2
2397,111,9,56.87,2022Q3
2397,111,12,58.88,2022Q4
2397,112,3,67.82,2023Q1
2397,112,6,78.74,2023Q2
2397,112,9,69.01,2023Q3
2397,112,12,66.29,2023Q4
2397,113,3,65.23,2024Q1
2397,113,6,82.15,2024Q2
2397,113,9,79.21,2024Q3
2397,113,12,77.36,2024Q4
2397,114,3,77.36,2025Q1
2397,114,6,,2025Q2
2397,114,9,,2025Q3
2397,114,12,,2025Q4
2399,105,3,7.73,2016Q1
2399,105,6,7.46,2016Q2
2399,105,9,9.61,2016Q3
2399,105,12,8.28,2016Q4
2399,106,3,9.39,2017Q1
2399,106,6,13.38,2017Q2
2399,106,9,15.52,2017Q3
2399,106,12,14.68,2017Q4
2399,107,3,23.72,2018Q1
2399,107,6,16.8,2018Q2
2399,107,9,13.4,2018Q3
2399,107,12,10.25,2018Q4
2399,108,3,10.67,2019Q1
2399,108,6,12.0,2019Q2
2399,108,9,11.3,2019Q3
2399,108,12,11.78,2019Q4
2399,109,3,8.06,2020Q1
2399,109,6,10.06,2020Q2
2399,109,9,11.69,2020Q3
2399,109,12,18.05,2020Q4
2399,110,3,23.09,2021Q1
2399,110,6,28.32,2021Q2
2399,110,9,21.25,2021Q3
2399,110,12,25.38,2021Q4
2399,111,3,22.33,2022Q1
2399,111,6,16.34,2022Q2
2399,111,9,13.22,2022Q3
2399,111,12,14.22,2022Q4
2399,112,3,16.39,2023Q1
2399,112,6,22.35,2023Q2
2399,112,9,24.07,2023Q3
2399,112,12,25.46,2023Q4
2399,113,3,25.06,2024Q1
2399,113,6,22.51,2024Q2
2399,113,9,29.67,2024Q3
2399,113,12,30.5,2024Q4
2399,114,3,24.35,2025Q1
2399,114,6,,2025Q2
2399,114,9,,2025Q3
2399,114,12,,2025Q4
2401,105,3,12.58,2016Q1
2401,105,6,11.83,2016Q2
2401,105,9,11.71,2016Q3
2401,105,12,11.31,2016Q4
2401,106,3,12.41,2017Q1
2401,106,6,14.19,2017Q2
2401,106,9,17.14,2017Q3
2401,106,12,16.55,2017Q4
2401,107,3,16.29,2018Q1
2401,107,6,16.4,2018Q2
2401,107,9,12.87,2018Q3
2401,107,12,11.96,2018Q4
2401,108,3,13.4,2019Q1
2401,108,6,12.1,2019Q2
2401,108,9,13.93,2019Q3
2401,108,12,13.38,2019Q4
2401,109,3,9.23,2020Q1
2401,109,6,12.16,2020Q2
2401,109,9,14.02,2020Q3
2401,109,12,17.51,2020Q4
2401,110,3,28.37,2021Q1
2401,110,6,31.87,2021Q2
2401,110,9,39.84,2021Q3
2401,110,12,39.88,2021Q4
2401,111,3,35.18,2022Q1
2401,111,6,32.94,2022Q2
2401,111,9,25.09,2022Q3
2401,111,12,24.57,2022Q4
2401,112,3,25.43,2023Q1
2401,112,6,29.38,2023Q2
2401,112,9,32.63,2023Q3
2401,112,12,35.48,2023Q4
2401,113,3,29.95,2024Q1
2401,113,6,36.16,2024Q2
2401,113,9,30.46,2024Q3
2401,113,12,29.6,2024Q4
2401,114,3,27.48,2025Q1
2401,114,6,,2025Q2
2401,114,9,,2025Q3
2401,114,12,,2025Q4
2402,105,3,17.46,2016Q1
2402,105,6,15.14,2016Q2
2402,105,9,13.84,2016Q3
2402,105,12,15.06,2016Q4
2402,106,3,21.96,2017Q1
2402,106,6,21.05,2017Q2
2402,106,9,19.91,2017Q3
2402,106,12,16.18,2017Q4
2402,107,3,17.33,2018Q1
2402,107,6,21.79,2018Q2
2402,107,9,17.2,2018Q3
2402,107,12,14.2,2018Q4
2402,108,3,15.0,2019Q1
2402,108,6,14.7,2019Q2
2402,108,9,16.95,2019Q3
2402,108,12,16.64,2019Q4
2402,109,3,11.18,2020Q1
2402,109,6,13.56,2020Q2
2402,109,9,16.8,2020Q3
2402,109,12,17.97,2020Q4
2402,110,3,19.6,2021Q1
2402,110,6,18.98,2021Q2
2402,110,9,16.43,2021Q3
2402,110,12,17.1,2021Q4
2402,111,3,16.07,2022Q1
2402,111,6,15.28,2022Q2
2402,111,9,17.52,2022Q3
2402,111,12,19.18,2022Q4
2402,112,3,25.2,2023Q1
2402,112,6,31.91,2023Q2
2402,112,9,44.94,2023Q3
2402,112,12,36.79,2023Q4
2402,113,3,34.39,2024Q1
2402,113,6,35.41,2024Q2
2402,113,9,42.19,2024Q3
2402,113,12,39.2,2024Q4
2402,114,3,40.06,2025Q1
2402,114,6,,2025Q2
2402,114,9,,2025Q3
2402,114,12,,2025Q4
2404,105,3,51.58,2016Q1
2404,105,6,50.16,2016Q2
2404,105,9,49.24,2016Q3
2404,105,12,48.9,2016Q4
2404,106,3,62.33,2017Q1
2404,106,6,70.55,2017Q2
2404,106,9,53.83,2017Q3
2404,106,12,59.43,2017Q4
2404,107,3,62.52,2018Q1
2404,107,6,66.78,2018Q2
2404,107,9,60.13,2018Q3
2404,107,12,88.35,2018Q4
2404,108,3,107.8,2019Q1
2404,108,6,149.63,2019Q2
2404,108,9,162.07,2019Q3
2404,108,12,186.87,2019Q4
2404,109,3,160.36,2020Q1
2404,109,6,212.7,2020Q2
2404,109,9,199.3,2020Q3
2404,109,12,219.33,2020Q4
2404,110,3,238.54,2021Q1
2404,110,6,229.49,2021Q2
2404,110,9,180.19,2021Q3
2404,110,12,173.82,2021Q4
2404,111,3,190.08,2022Q1
2404,111,6,173.41,2022Q2
2404,111,9,169.09,2022Q3
2404,111,12,184.56,2022Q4
2404,112,3,220.55,2023Q1
2404,112,6,224.39,2023Q2
2404,112,9,229.66,2023Q3
2404,112,12,266.62,2023Q4
2404,113,3,383.7,2024Q1
2404,113,6,360.41,2024Q2
2404,113,9,333.12,2024Q3
2404,113,12,458.19,2024Q4
2404,114,3,437.6,2025Q1
2404,114,6,,2025Q2
2404,114,9,,2025Q3
2404,114,12,,2025Q4
2405,105,3,9.51,2016Q1
2405,105,6,9.56,2016Q2
2405,105,9,9.86,2016Q3
2405,105,12,8.23,2016Q4
2405,106,3,9.4,2017Q1
2405,106,6,9.5,2017Q2
2405,106,9,11.58,2017Q3
2405,106,12,21.42,2017Q4
2405,107,3,18.72,2018Q1
2405,107,6,18.42,2018Q2
2405,107,9,13.8,2018Q3
2405,107,12,11.72,2018Q4
2405,108,3,13.71,2019Q1
2405,108,6,11.97,2019Q2
2405,108,9,12.3,2019Q3
2405,108,12,12.34,2019Q4
2405,109,3,7.8,2020Q1
2405,109,6,9.74,2020Q2
2405,109,9,9.31,2020Q3
2405,109,12,11.9,2020Q4
2405,110,3,13.2,2021Q1
2405,110,6,12.67,2021Q2
2405,110,9,10.59,2021Q3
2405,110,12,18.03,2021Q4
2405,111,3,14.27,2022Q1
2405,111,6,13.42,2022Q2
2405,111,9,14.95,2022Q3
2405,111,12,12.65,2022Q4
2405,112,3,12.71,2023Q1
2405,112,6,14.49,2023Q2
2405,112,9,15.75,2023Q3
2405,112,12,18.36,2023Q4
2405,113,3,19.52,2024Q1
2405,113,6,20.82,2024Q2
2405,113,9,20.27,2024Q3
2405,113,12,21.24,2024Q4
2405,114,3,21.41,2025Q1
2405,114,6,,2025Q2
2405,114,9,,2025Q3
2405,114,12,,2025Q4
2406,105,3,30.53,2016Q1
2406,105,6,24.73,2016Q2
2406,105,9,22.38,2016Q3
2406,105,12,23.55,2016Q4
2406,106,3,23.37,2017Q1
2406,106,6,19.67,2017Q2
2406,106,9,18.15,2017Q3
2406,106,12,16.22,2017Q4
2406,107,3,15.06,2018Q1
2406,107,6,11.88,2018Q2
2406,107,9,10.5,2018Q3
2406,107,12,7.8,2018Q4
2406,108,3,7.41,2019Q1
2406,108,6,8.87,2019Q2
2406,108,9,8.44,2019Q3
2406,108,12,12.34,2019Q4
2406,109,3,10.86,2020Q1
2406,109,6,9.17,2020Q2
2406,109,9,15.56,2020Q3
2406,109,12,22.64,2020Q4
2406,110,3,20.79,2021Q1
2406,110,6,21.49,2021Q2
2406,110,9,23.41,2021Q3
2406,110,12,31.58,2021Q4
2406,111,3,25.9,2022Q1
2406,111,6,22.61,2022Q2
2406,111,9,20.42,2022Q3
2406,111,12,20.23,2022Q4
2406,112,3,20.2,2023Q1
2406,112,6,18.22,2023Q2
2406,112,9,15.56,2023Q3
2406,112,12,16.68,2023Q4
2406,113,3,19.0,2024Q1
2406,113,6,25.16,2024Q2
2406,113,9,19.64,2024Q3
2406,113,12,15.73,2024Q4
2406,114,3,14.34,2025Q1
2406,114,6,,2025Q2
2406,114,9,,2025Q3
2406,114,12,,2025Q4
2408,105,3,41.28,2016Q1
2408,105,6,37.93,2016Q2
2408,105,9,39.2,2016Q3
2408,105,12,47.06,2016Q4
2408,106,3,47.23,2017Q1
2408,106,6,53.17,2017Q2
2408,106,9,78.4,2017Q3
2408,106,12,75.68,2017Q4
2408,107,3,89.64,2018Q1
2408,107,6,92.99,2018Q2
2408,107,9,60.29,2018Q3
2408,107,12,55.91,2018Q4
2408,108,3,61.92,2019Q1
2408,108,6,61.79,2019Q2
2408,108,9,79.09,2019Q3
2408,108,12,79.89,2019Q4
2408,109,3,59.3,2020Q1
2408,109,6,61.75,2020Q2
2408,109,9,54.7,2020Q3
2408,109,12,84.95,2020Q4
2408,110,3,91.95,2021Q1
2408,110,6,79.32,2021Q2
2408,110,9,65.77,2021Q3
2408,110,12,77.58,2021Q4
2408,111,3,73.95,2022Q1
2408,111,6,59.04,2022Q2
2408,111,9,48.69,2022Q3
2408,111,12,54.35,2022Q4
2408,112,3,61.56,2023Q1
2408,112,6,73.49,2023Q2
2408,112,9,69.71,2023Q3
2408,112,12,75.05,2023Q4
2408,113,3,66.6,2024Q1
2408,113,6,69.58,2024Q2
2408,113,9,46.96,2024Q3
2408,113,12,31.33,2024Q4
2408,114,3,41.44,2025Q1
2408,114,6,,2025Q2
2408,114,9,,2025Q3
2408,114,12,,2025Q4
2409,105,3,9.61,2016Q1
2409,105,6,9.76,2016Q2
2409,105,9,11.71,2016Q3
2409,105,12,11.84,2016Q4
2409,106,3,11.99,2017Q1
2409,106,6,12.95,2017Q2
2409,106,9,12.51,2017Q3
2409,106,12,12.54,2017Q4
2409,107,3,13.55,2018Q1
2409,107,6,13.22,2018Q2
2409,107,9,12.9,2018Q3
2409,107,12,12.39,2018Q4
2409,108,3,11.5,2019Q1
2409,108,6,9.21,2019Q2
2409,108,9,8.27,2019Q3
2409,108,12,9.51,2019Q4
2409,109,3,7.49,2020Q1
2409,109,6,9.01,2020Q2
2409,109,9,11.82,2020Q3
2409,109,12,14.78,2020Q4
2409,110,3,19.69,2021Q1
2409,110,6,23.85,2021Q2
2409,110,9,17.48,2021Q3
2409,110,12,22.35,2021Q4
2409,111,3,21.07,2022Q1
2409,111,6,16.88,2022Q2
2409,111,9,16.98,2022Q3
2409,111,12,15.44,2022Q4
2409,112,3,18.41,2023Q1
2409,112,6,19.11,2023Q2
2409,112,9,16.85,2023Q3
2409,112,12,16.97,2023Q4
2409,113,3,17.74,2024Q1
2409,113,6,18.25,2024Q2
2409,113,9,16.5,2024Q3
2409,113,12,15.35,2024Q4
2409,114,3,14.93,2025Q1
2409,114,6,,2025Q2
2409,114,9,,2025Q3
2409,114,12,,2025Q4
2412,105,3,107.48,2016Q1
2412,105,6,112.5,2016Q2
2412,105,9,112.41,2016Q3
2412,105,12,103.58,2016Q4
2412,106,3,103.73,2017Q1
2412,106,6,108.01,2017Q2
2412,106,9,104.15,2017Q3
2412,106,12,104.82,2017Q4
2412,107,3,110.08,2018Q1
2412,107,6,109.72,2018Q2
2412,107,9,109.23,2018Q3
2412,107,12,107.57,2018Q4
2412,108,3,107.77,2019Q1
2412,108,6,113.03,2019Q2
2412,108,9,110.86,2019Q3
2412,108,12,111.45,2019Q4
2412,109,3,106.4,2020Q1
2412,109,6,113.33,2020Q2
2412,109,9,108.19,2020Q3
2412,109,12,108.89,2020Q4
2412,110,3,110.55,2021Q1
2412,110,6,114.11,2021Q2
2412,110,9,110.97,2021Q3
2412,110,12,114.75,2021Q4
2412,111,3,124.47,2022Q1
2412,111,6,125.9,2022Q2
2412,111,9,118.24,2022Q3
2412,111,12,111.99,2022Q4
2412,112,3,118.4,2023Q1
2412,112,6,123.58,2023Q2
2412,112,9,116.85,2023Q3
2412,112,12,119.38,2023Q4
2412,113,3,123.29,2024Q1
2412,113,6,126.71,2024Q2
2412,113,9,125.01,2024Q3
2412,113,12,123.85,2024Q4
2412,114,3,128.5,2025Q1
2412,114,6,,2025Q2
2412,114,9,,2025Q3
2412,114,12,,2025Q4
2413,105,3,14.9,2016Q1
2413,105,6,11.8,2016Q2
2413,105,9,12.46,2016Q3
2413,105,12,11.88,2016Q4
2413,106,3,12.08,2017Q1
2413,106,6,13.0,2017Q2
2413,106,9,20.53,2017Q3
2413,106,12,21.08,2017Q4
2413,107,3,20.88,2018Q1
2413,107,6,35.25,2018Q2
2413,107,9,23.96,2018Q3
2413,107,12,21.72,2018Q4
2413,108,3,25.38,2019Q1
2413,108,6,19.98,2019Q2
2413,108,9,18.25,2019Q3
2413,108,12,16.79,2019Q4
2413,109,3,10.34,2020Q1
2413,109,6,12.86,2020Q2
2413,109,9,17.34,2020Q3
2413,109,12,24.6,2020Q4
2413,110,3,28.22,2021Q1
2413,110,6,21.69,2021Q2
2413,110,9,18.38,2021Q3
2413,110,12,23.16,2021Q4
2413,111,3,20.72,2022Q1
2413,111,6,20.63,2022Q2
2413,111,9,23.66,2022Q3
2413,111,12,28.69,2022Q4
2413,112,3,35.65,2023Q1
2413,112,6,32.73,2023Q2
2413,112,9,28.99,2023Q3
2413,112,12,30.22,2023Q4
2413,113,3,27.87,2024Q1
2413,113,6,24.1,2024Q2
2413,113,9,20.4,2024Q3
2413,113,12,26.45,2024Q4
2413,114,3,24.63,2025Q1
2413,114,6,,2025Q2
2413,114,9,,2025Q3
2413,114,12,,2025Q4
2414,105,3,16.33,2016Q1
2414,105,6,16.98,2016Q2
2414,105,9,16.56,2016Q3
2414,105,12,16.94,2016Q4
2414,106,3,18.63,2017Q1
2414,106,6,18.55,2017Q2
2414,106,9,20.4,2017Q3
2414,106,12,19.52,2017Q4
2414,107,3,20.36,2018Q1
2414,107,6,21.82,2018Q2
2414,107,9,19.81,2018Q3
2414,107,12,18.96,2018Q4
2414,108,3,20.2,2019Q1
2414,108,6,21.24,2019Q2
2414,108,9,21.93,2019Q3
2414,108,12,22.8,2019Q4
2414,109,3,20.71,2020Q1
2414,109,6,25.58,2020Q2
2414,109,9,24.85,2020Q3
2414,109,12,25.62,2020Q4
2414,110,3,27.38,2021Q1
2414,110,6,29.33,2021Q2
2414,110,9,33.48,2021Q3
2414,110,12,38.06,2021Q4
2414,111,3,35.9,2022Q1
2414,111,6,33.1,2022Q2
2414,111,9,29.51,2022Q3
2414,111,12,30.65,2022Q4
2414,112,3,33.75,2023Q1
2414,112,6,35.9,2023Q2
2414,112,9,33.88,2023Q3
2414,112,12,33.97,2023Q4
2414,113,3,35.07,2024Q1
2414,113,6,39.5,2024Q2
2414,113,9,35.04,2024Q3
2414,113,12,37.61,2024Q4
2414,114,3,38.89,2025Q1
2414,114,6,,2025Q2
2414,114,9,,2025Q3
2414,114,12,,2025Q4
2415,105,3,14.29,2016Q1
2415,105,6,13.95,2016Q2
2415,105,9,21.0,2016Q3
2415,105,12,24.05,2016Q4
2415,106,3,35.41,2017Q1
2415,106,6,29.54,2017Q2
2415,106,9,32.6,2017Q3
2415,106,12,26.54,2017Q4
2415,107,3,22.9,2018Q1
2415,107,6,25.27,2018Q2
2415,107,9,25.84,2018Q3
2415,107,12,24.48,2018Q4
2415,108,3,23.61,2019Q1
2415,108,6,23.13,2019Q2
2415,108,9,20.67,2019Q3
2415,108,12,18.91,2019Q4
2415,109,3,12.58,2020Q1
2415,109,6,16.82,2020Q2
2415,109,9,15.69,2020Q3
2415,109,12,22.72,2020Q4
2415,110,3,42.57,2021Q1
2415,110,6,42.75,2021Q2
2415,110,9,38.69,2021Q3
2415,110,12,46.68,2021Q4
2415,111,3,40.81,2022Q1
2415,111,6,35.12,2022Q2
2415,111,9,26.66,2022Q3
2415,111,12,22.65,2022Q4
2415,112,3,25.31,2023Q1
2415,112,6,24.22,2023Q2
2415,112,9,31.56,2023Q3
2415,112,12,29.76,2023Q4
2415,113,3,30.05,2024Q1
2415,113,6,26.85,2024Q2
2415,113,9,31.34,2024Q3
2415,113,12,29.59,2024Q4
2415,114,3,28.24,2025Q1
2415,114,6,,2025Q2
2415,114,9,,2025Q3
2415,114,12,,2025Q4
2417,105,3,10.02,2016Q1
2417,105,6,9.09,2016Q2
2417,105,9,10.68,2016Q3
2417,105,12,10.24,2016Q4
2417,106,3,10.86,2017Q1
2417,106,6,11.22,2017Q2
2417,106,9,12.65,2017Q3
2417,106,12,13.46,2017Q4
2417,107,3,13.86,2018Q1
2417,107,6,13.47,2018Q2
2417,107,9,11.47,2018Q3
2417,107,12,10.59,2018Q4
2417,108,3,11.86,2019Q1
2417,108,6,11.1,2019Q2
2417,108,9,10.88,2019Q3
2417,108,12,10.31,2019Q4
2417,109,3,11.49,2020Q1
2417,109,6,21.35,2020Q2
2417,109,9,65.43,2020Q3
2417,109,12,51.66,2020Q4
2417,110,3,47.35,2021Q1
2417,110,6,42.18,2021Q2
2417,110,9,29.47,2021Q3
2417,110,12,30.88,2021Q4
2417,111,3,27.13,2022Q1
2417,111,6,24.57,2022Q2
2417,111,9,23.65,2022Q3
2417,111,12,23.46,2022Q4
2417,112,3,23.7,2023Q1
2417,112,6,21.99,2023Q2
2417,112,9,25.41,2023Q3
2417,112,12,38.33,2023Q4
2417,113,3,49.35,2024Q1
2417,113,6,48.16,2024Q2
2417,113,9,45.57,2024Q3
2417,113,12,47.96,2024Q4
2417,114,3,47.32,2025Q1
2417,114,6,,2025Q2
2417,114,9,,2025Q3
2417,114,12,,2025Q4
2419,105,3,23.68,2016Q1
2419,105,6,21.72,2016Q2
2419,105,9,21.48,2016Q3
2419,105,12,20.08,2016Q4
2419,106,3,22.67,2017Q1
2419,106,6,22.96,2017Q2
2419,106,9,22.72,2017Q3
2419,106,12,23.12,2017Q4
2419,107,3,21.32,2018Q1
2419,107,6,22.34,2018Q2
2419,107,9,21.48,2018Q3
2419,107,12,20.22,2018Q4
2419,108,3,21.75,2019Q1
2419,108,6,20.82,2019Q2
2419,108,9,19.34,2019Q3
2419,108,12,27.47,2019Q4
2419,109,3,19.6,2020Q1
2419,109,6,22.14,2020Q2
2419,109,9,21.92,2020Q3
2419,109,12,25.46,2020Q4
2419,110,3,23.91,2021Q1
2419,110,6,20.78,2021Q2
2419,110,9,19.16,2021Q3
2419,110,12,25.14,2021Q4
2419,111,3,20.48,2022Q1
2419,111,6,18.97,2022Q2
2419,111,9,28.38,2022Q3
2419,111,12,26.15,2022Q4
2419,112,3,28.38,2023Q1
2419,112,6,30.69,2023Q2
2419,112,9,35.29,2023Q3
2419,112,12,36.85,2023Q4
2419,113,3,32.86,2024Q1
2419,113,6,31.02,2024Q2
2419,113,9,31.14,2024Q3
2419,113,12,33.11,2024Q4
2419,114,3,27.0,2025Q1
2419,114,6,,2025Q2
2419,114,9,,2025Q3
2419,114,12,,2025Q4
2420,105,3,46.58,2016Q1
2420,105,6,39.01,2016Q2
2420,105,9,37.23,2016Q3
2420,105,12,36.03,2016Q4
2420,106,3,38.27,2017Q1
2420,106,6,36.29,2017Q2
2420,106,9,34.53,2017Q3
2420,106,12,36.08,2017Q4
2420,107,3,35.26,2018Q1
2420,107,6,35.56,2018Q2
2420,107,9,33.69,2018Q3
2420,107,12,31.78,2018Q4
2420,108,3,36.41,2019Q1
2420,108,6,36.76,2019Q2
2420,108,9,35.11,2019Q3
2420,108,12,36.03,2019Q4
2420,109,3,30.97,2020Q1
2420,109,6,33.5,2020Q2
2420,109,9,33.98,2020Q3
2420,109,12,33.49,2020Q4
2420,110,3,36.59,2021Q1
2420,110,6,38.0,2021Q2
2420,110,9,43.29,2021Q3
2420,110,12,46.57,2021Q4
2420,111,3,43.22,2022Q1
2420,111,6,42.41,2022Q2
2420,111,9,40.22,2022Q3
2420,111,12,39.56,2022Q4
2420,112,3,43.34,2023Q1
2420,112,6,46.16,2023Q2
2420,112,9,45.62,2023Q3
2420,112,12,48.75,2023Q4
2420,113,3,53.25,2024Q1
2420,113,6,67.76,2024Q2
2420,113,9,73.89,2024Q3
2420,113,12,64.46,2024Q4
2420,114,3,62.92,2025Q1
2420,114,6,,2025Q2
2420,114,9,,2025Q3
2420,114,12,,2025Q4
2421,105,3,24.01,2016Q1
2421,105,6,20.96,2016Q2
2421,105,9,26.31,2016Q3
2421,105,12,26.4,2016Q4
2421,106,3,30.29,2017Q1
2421,106,6,39.22,2017Q2
2421,106,9,52.13,2017Q3
2421,106,12,53.62,2017Q4
2421,107,3,49.18,2018Q1
2421,107,6,44.51,2018Q2
2421,107,9,46.3,2018Q3
2421,107,12,39.69,2018Q4
2421,108,3,38.05,2019Q1
2421,108,6,32.52,2019Q2
2421,108,9,38.98,2019Q3
2421,108,12,44.87,2019Q4
2421,109,3,33.26,2020Q1
2421,109,6,51.1,2020Q2
2421,109,9,62.76,2020Q3
2421,109,12,53.41,2020Q4
2421,110,3,52.91,2021Q1
2421,110,6,45.18,2021Q2
2421,110,9,39.19,2021Q3
2421,110,12,42.89,2021Q4
2421,111,3,43.16,2022Q1
2421,111,6,36.32,2022Q2
2421,111,9,39.88,2022Q3
2421,111,12,46.26,2022Q4
2421,112,3,49.33,2023Q1
2421,112,6,90.0,2023Q2
2421,112,9,116.57,2023Q3
2421,112,12,102.69,2023Q4
2421,113,3,128.33,2024Q1
2421,113,6,113.94,2024Q2
2421,113,9,92.38,2024Q3
2421,113,12,100.67,2024Q4
2421,114,3,103.44,2025Q1
2421,114,6,,2025Q2
2421,114,9,,2025Q3
2421,114,12,,2025Q4
2423,105,3,18.15,2016Q1
2423,105,6,17.83,2016Q2
2423,105,9,18.29,2016Q3
2423,105,12,19.3,2016Q4
2423,106,3,20.07,2017Q1
2423,106,6,23.43,2017Q2
2423,106,9,25.94,2017Q3
2423,106,12,23.3,2017Q4
2423,107,3,23.35,2018Q1
2423,107,6,24.02,2018Q2
2423,107,9,23.48,2018Q3
2423,107,12,22.91,2018Q4
2423,108,3,27.68,2019Q1
2423,108,6,27.61,2019Q2
2423,108,9,25.94,2019Q3
2423,108,12,27.06,2019Q4
2423,109,3,22.27,2020Q1
2423,109,6,24.45,2020Q2
2423,109,9,22.3,2020Q3
2423,109,12,23.81,2020Q4
2423,110,3,24.19,2021Q1
2423,110,6,24.07,2021Q2
2423,110,9,26.41,2021Q3
2423,110,12,28.37,2021Q4
2423,111,3,28.14,2022Q1
2423,111,6,27.91,2022Q2
2423,111,9,25.72,2022Q3
2423,111,12,27.08,2022Q4
2423,112,3,30.52,2023Q1
2423,112,6,38.16,2023Q2
2423,112,9,35.05,2023Q3
2423,112,12,37.88,2023Q4
2423,113,3,41.49,2024Q1
2423,113,6,42.27,2024Q2
2423,113,9,38.53,2024Q3
2423,113,12,42.02,2024Q4
2423,114,3,45.42,2025Q1
2423,114,6,,2025Q2
2423,114,9,,2025Q3
2423,114,12,,2025Q4
2424,105,3,28.3,2016Q1
2424,105,6,27.55,2016Q2
2424,105,9,23.31,2016Q3
2424,105,12,20.98,2016Q4
2424,106,3,29.81,2017Q1
2424,106,6,31.43,2017Q2
2424,106,9,27.58,2017Q3
2424,106,12,36.91,2017Q4
2424,107,3,26.8,2018Q1
2424,107,6,39.27,2018Q2
2424,107,9,29.25,2018Q3
2424,107,12,37.07,2018Q4
2424,108,3,29.97,2019Q1
2424,108,6,29.63,2019Q2
2424,108,9,29.21,2019Q3
2424,108,12,28.4,2019Q4
2424,109,3,23.92,2020Q1
2424,109,6,21.92,2020Q2
2424,109,9,15.12,2020Q3
2424,109,12,25.27,2020Q4
2424,110,3,28.22,2021Q1
2424,110,6,25.83,2021Q2
2424,110,9,25.0,2021Q3
2424,110,12,21.01,2021Q4
2424,111,3,19.7,2022Q1
2424,111,6,20.78,2022Q2
2424,111,9,20.07,2022Q3
2424,111,12,21.54,2022Q4
2424,112,3,23.05,2023Q1
2424,112,6,41.61,2023Q2
2424,112,9,32.86,2023Q3
2424,112,12,30.29,2023Q4
2424,113,3,30.74,2024Q1
2424,113,6,30.85,2024Q2
2424,113,9,61.05,2024Q3
2424,113,12,67.43,2024Q4
2424,114,3,64.9,2025Q1
2424,114,6,,2025Q2
2424,114,9,,2025Q3
2424,114,12,,2025Q4
2425,105,3,20.59,2016Q1
2425,105,6,20.25,2016Q2
2425,105,9,24.78,2016Q3
2425,105,12,21.16,2016Q4
2425,106,3,19.56,2017Q1
2425,106,6,17.39,2017Q2
2425,106,9,17.28,2017Q3
2425,106,12,15.37,2017Q4
2425,107,3,34.18,2018Q1
2425,107,6,32.3,2018Q2
2425,107,9,48.84,2018Q3
2425,107,12,37.06,2018Q4
2425,108,3,32.09,2019Q1
2425,108,6,31.05,2019Q2
2425,108,9,27.74,2019Q3
2425,108,12,30.83,2019Q4
2425,109,3,25.62,2020Q1
2425,109,6,24.49,2020Q2
2425,109,9,25.37,2020Q3
2425,109,12,30.52,2020Q4
2425,110,3,36.91,2021Q1
2425,110,6,30.67,2021Q2
2425,110,9,25.75,2021Q3
2425,110,12,28.85,2021Q4
2425,111,3,26.83,2022Q1
2425,111,6,29.96,2022Q2
2425,111,9,26.1,2022Q3
2425,111,12,29.51,2022Q4
2425,112,3,33.11,2023Q1
2425,112,6,39.16,2023Q2
2425,112,9,46.48,2023Q3
2425,112,12,50.12,2023Q4
2425,113,3,45.96,2024Q1
2425,113,6,41.03,2024Q2
2425,113,9,45.32,2024Q3
2425,113,12,37.15,2024Q4
2425,114,3,36.55,2025Q1
2425,114,6,,2025Q2
2425,114,9,,2025Q3
2425,114,12,,2025Q4
2426,105,3,15.03,2016Q1
2426,105,6,13.17,2016Q2
2426,105,9,13.18,2016Q3
2426,105,12,12.18,2016Q4
2426,106,3,13.37,2017Q1
2426,106,6,15.32,2017Q2
2426,106,9,13.43,2017Q3
2426,106,12,15.8,2017Q4
2426,107,3,17.02,2018Q1
2426,107,6,22.14,2018Q2
2426,107,9,19.0,2018Q3
2426,107,12,17.04,2018Q4
2426,108,3,17.98,2019Q1
2426,108,6,17.23,2019Q2
2426,108,9,16.12,2019Q3
2426,108,12,14.8,2019Q4
2426,109,3,10.34,2020Q1
2426,109,6,13.8,2020Q2
2426,109,9,16.29,2020Q3
2426,109,12,16.76,2020Q4
2426,110,3,26.76,2021Q1
2426,110,6,26.13,2021Q2
2426,110,9,24.22,2021Q3
2426,110,12,29.58,2021Q4
2426,111,3,25.94,2022Q1
2426,111,6,20.81,2022Q2
2426,111,9,17.23,2022Q3
2426,111,12,17.64,2022Q4
2426,112,3,18.65,2023Q1
2426,112,6,18.69,2023Q2
2426,112,9,18.28,2023Q3
2426,112,12,18.99,2023Q4
2426,113,3,18.41,2024Q1
2426,113,6,19.19,2024Q2
2426,113,9,23.17,2024Q3
2426,113,12,23.56,2024Q4
2426,114,3,20.0,2025Q1
2426,114,6,,2025Q2
2426,114,9,,2025Q3
2426,114,12,,2025Q4
2427,105,3,6.42,2016Q1
2427,105,6,6.09,2016Q2
2427,105,9,7.5,2016Q3
2427,105,12,7.13,2016Q4
2427,106,3,8.84,2017Q1
2427,106,6,7.85,2017Q2
2427,106,9,9.08,2017Q3
2427,106,12,10.14,2017Q4
2427,107,3,12.12,2018Q1
2427,107,6,11.28,2018Q2
2427,107,9,10.09,2018Q3
2427,107,12,11.75,2018Q4
2427,108,3,10.73,2019Q1
2427,108,6,10.25,2019Q2
2427,108,9,10.46,2019Q3
2427,108,12,10.59,2019Q4
2427,109,3,9.45,2020Q1
2427,109,6,10.48,2020Q2
2427,109,9,10.64,2020Q3
2427,109,12,11.77,2020Q4
2427,110,3,11.63,2021Q1
2427,110,6,11.25,2021Q2
2427,110,9,10.66,2021Q3
2427,110,12,12.35,2021Q4
2427,111,3,12.74,2022Q1
2427,111,6,13.04,2022Q2
2427,111,9,12.38,2022Q3
2427,111,12,12.0,2022Q4
2427,112,3,14.84,2023Q1
2427,112,6,27.08,2023Q2
2427,112,9,25.5,2023Q3
2427,112,12,26.8,2023Q4
2427,113,3,24.18,2024Q1
2427,113,6,30.74,2024Q2
2427,113,9,26.27,2024Q3
2427,113,12,27.77,2024Q4
2427,114,3,28.29,2025Q1
2427,114,6,,2025Q2
2427,114,9,,2025Q3
2427,114,12,,2025Q4
2428,105,3,55.39,2016Q1
2428,105,6,49.89,2016Q2
2428,105,9,62.28,2016Q3
2428,105,12,63.25,2016Q4
2428,106,3,68.62,2017Q1
2428,106,6,86.48,2017Q2
2428,106,9,96.5,2017Q3
2428,106,12,84.24,2017Q4
2428,107,3,87.65,2018Q1
2428,107,6,93.28,2018Q2
2428,107,9,85.71,2018Q3
2428,107,12,80.92,2018Q4
2428,108,3,86.6,2019Q1
2428,108,6,79.48,2019Q2
2428,108,9,82.55,2019Q3
2428,108,12,94.83,2019Q4
2428,109,3,74.23,2020Q1
2428,109,6,90.24,2020Q2
2428,109,9,108.22,2020Q3
2428,109,12,152.95,2020Q4
2428,110,3,190.78,2021Q1
2428,110,6,181.58,2021Q2
2428,110,9,180.07,2021Q3
2428,110,12,153.69,2021Q4
2428,111,3,136.4,2022Q1
2428,111,6,135.87,2022Q2
2428,111,9,133.1,2022Q3
2428,111,12,122.44,2022Q4
2428,112,3,149.99,2023Q1
2428,112,6,158.56,2023Q2
2428,112,9,152.68,2023Q3
2428,112,12,161.45,2023Q4
2428,113,3,172.32,2024Q1
2428,113,6,179.78,2024Q2
2428,113,9,173.3,2024Q3
2428,113,12,156.9,2024Q4
2428,114,3,158.78,2025Q1
2428,114,6,,2025Q2
2428,114,9,,2025Q3
2428,114,12,,2025Q4
2429,105,3,9.84,2016Q1
2429,105,6,7.77,2016Q2
2429,105,9,16.16,2016Q3
2429,105,12,16.7,2016Q4
2429,106,3,14.46,2017Q1
2429,106,6,15.18,2017Q2
2429,106,9,13.13,2017Q3
2429,106,12,11.46,2017Q4
2429,107,3,15.03,2018Q1
2429,107,6,13.71,2018Q2
2429,107,9,11.5,2018Q3
2429,107,12,11.01,2018Q4
2429,108,3,14.36,2019Q1
2429,108,6,15.3,2019Q2
2429,108,9,23.59,2019Q3
2429,108,12,27.4,2019Q4
2429,109,3,23.44,2020Q1
2429,109,6,21.01,2020Q2
2429,109,9,17.34,2020Q3
2429,109,12,19.86,2020Q4
2429,110,3,17.87,2021Q1
2429,110,6,15.95,2021Q2
2429,110,9,15.27,2021Q3
2429,110,12,22.89,2021Q4
2429,111,3,15.96,2022Q1
2429,111,6,15.18,2022Q2
2429,111,9,12.75,2022Q3
2429,111,12,10.89,2022Q4
2429,112,3,16.25,2023Q1
2429,112,6,20.25,2023Q2
2429,112,9,17.62,2023Q3
2429,112,12,18.28,2023Q4
2429,113,3,21.21,2024Q1
2429,113,6,27.34,2024Q2
2429,113,9,30.82,2024Q3
2429,113,12,32.01,2024Q4
2429,114,3,55.48,2025Q1
2429,114,6,,2025Q2
2429,114,9,,2025Q3
2429,114,12,,2025Q4
2430,105,3,23.05,2016Q1
2430,105,6,25.7,2016Q2
2430,105,9,29.43,2016Q3
2430,105,12,28.88,2016Q4
2430,106,3,28.91,2017Q1
2430,106,6,26.43,2017Q2
2430,106,9,24.32,2017Q3
2430,106,12,23.23,2017Q4
2430,107,3,24.03,2018Q1
2430,107,6,24.92,2018Q2
2430,107,9,22.1,2018Q3
2430,107,12,19.95,2018Q4
2430,108,3,20.38,2019Q1
2430,108,6,18.98,2019Q2
2430,108,9,17.33,2019Q3
2430,108,12,16.68,2019Q4
2430,109,3,13.97,2020Q1
2430,109,6,18.89,2020Q2
2430,109,9,18.83,2020Q3
2430,109,12,19.34,2020Q4
2430,110,3,24.07,2021Q1
2430,110,6,32.82,2021Q2
2430,110,9,44.0,2021Q3
2430,110,12,39.29,2021Q4
2430,111,3,43.88,2022Q1
2430,111,6,33.64,2022Q2
2430,111,9,45.57,2022Q3
2430,111,12,42.72,2022Q4
2430,112,3,48.28,2023Q1
2430,112,6,43.52,2023Q2
2430,112,9,39.63,2023Q3
2430,112,12,38.91,2023Q4
2430,113,3,39.43,2024Q1
2430,113,6,35.8,2024Q2
2430,113,9,33.27,2024Q3
2430,113,12,30.7,2024Q4
2430,114,3,31.76,2025Q1
2430,114,6,,2025Q2
2430,114,9,,2025Q3
2430,114,12,,2025Q4
2431,105,3,15.23,2016Q1
2431,105,6,13.15,2016Q2
2431,105,9,15.0,2016Q3
2431,105,12,14.24,2016Q4
2431,106,3,15.36,2017Q1
2431,106,6,15.7,2017Q2
2431,106,9,17.82,2017Q3
2431,106,12,15.7,2017Q4
2431,107,3,15.25,2018Q1
2431,107,6,14.26,2018Q2
2431,107,9,10.85,2018Q3
2431,107,12,9.26,2018Q4
2431,108,3,12.54,2019Q1
2431,108,6,10.07,2019Q2
2431,108,9,11.86,2019Q3
2431,108,12,11.65,2019Q4
2431,109,3,7.13,2020Q1
2431,109,6,8.55,2020Q2
2431,109,9,11.13,2020Q3
2431,109,12,12.66,2020Q4
2431,110,3,12.16,2021Q1
2431,110,6,14.27,2021Q2
2431,110,9,11.57,2021Q3
2431,110,12,13.83,2021Q4
2431,111,3,11.97,2022Q1
2431,111,6,10.79,2022Q2
2431,111,9,11.29,2022Q3
2431,111,12,10.21,2022Q4
2431,112,3,10.52,2023Q1
2431,112,6,12.31,2023Q2
2431,112,9,11.2,2023Q3
2431,112,12,11.38,2023Q4
2431,113,3,13.71,2024Q1
2431,113,6,12.31,2024Q2
2431,113,9,13.55,2024Q3
2431,113,12,14.73,2024Q4
2431,114,3,15.55,2025Q1
2431,114,6,,2025Q2
2431,114,9,,2025Q3
2431,114,12,,2025Q4
2433,105,3,46.67,2016Q1
2433,105,6,42.66,2016Q2
2433,105,9,38.22,2016Q3
2433,105,12,39.68,2016Q4
2433,106,3,42.11,2017Q1
2433,106,6,43.27,2017Q2
2433,106,9,42.1,2017Q3
2433,106,12,43.0,2017Q4
2433,107,3,47.04,2018Q1
2433,107,6,46.78,2018Q2
2433,107,9,42.82,2018Q3
2433,107,12,42.01,2018Q4
2433,108,3,45.93,2019Q1
2433,108,6,48.55,2019Q2
2433,108,9,48.69,2019Q3
2433,108,12,55.03,2019Q4
2433,109,3,47.67,2020Q1
2433,109,6,54.14,2020Q2
2433,109,9,48.38,2020Q3
2433,109,12,51.17,2020Q4
2433,110,3,53.2,2021Q1
2433,110,6,53.37,2021Q2
2433,110,9,50.3,2021Q3
2433,110,12,51.17,2021Q4
2433,111,3,51.45,2022Q1
2433,111,6,51.38,2022Q2
2433,111,9,47.93,2022Q3
2433,111,12,48.2,2022Q4
2433,112,3,51.37,2023Q1
2433,112,6,53.31,2023Q2
2433,112,9,51.31,2023Q3
2433,112,12,52.03,2023Q4
2433,113,3,52.64,2024Q1
2433,113,6,53.46,2024Q2
2433,113,9,50.51,2024Q3
2433,113,12,50.09,2024Q4
2433,114,3,51.09,2025Q1
2433,114,6,,2025Q2
2433,114,9,,2025Q3
2433,114,12,,2025Q4
2434,105,3,6.99,2016Q1
2434,105,6,7.82,2016Q2
2434,105,9,6.8,2016Q3
2434,105,12,5.5,2016Q4
2434,106,3,5.91,2017Q1
2434,106,6,6.77,2017Q2
2434,106,9,7.13,2017Q3
2434,106,12,9.42,2017Q4
2434,107,3,19.22,2018Q1
2434,107,6,17.25,2018Q2
2434,107,9,12.62,2018Q3
2434,107,12,10.02,2018Q4
2434,108,3,8.92,2019Q1
2434,108,6,6.77,2019Q2
2434,108,9,5.49,2019Q3
2434,108,12,6.64,2019Q4
2434,109,3,6.05,2020Q1
2434,109,6,6.05,2020Q2
2434,109,9,14.86,2020Q3
2434,109,12,26.89,2020Q4
2434,110,3,29.98,2021Q1
2434,110,6,38.58,2021Q2
2434,110,9,38.45,2021Q3
2434,110,12,39.93,2021Q4
2434,111,3,35.59,2022Q1
2434,111,6,33.11,2022Q2
2434,111,9,29.12,2022Q3
2434,111,12,28.93,2022Q4
2434,112,3,32.55,2023Q1
2434,112,6,30.58,2023Q2
2434,112,9,38.54,2023Q3
2434,112,12,34.23,2023Q4
2434,113,3,31.88,2024Q1
2434,113,6,33.4,2024Q2
2434,113,9,31.98,2024Q3
2434,113,12,32.17,2024Q4
2434,114,3,29.83,2025Q1
2434,114,6,,2025Q2
2434,114,9,,2025Q3
2434,114,12,,2025Q4
2436,105,3,23.34,2016Q1
2436,105,6,21.71,2016Q2
2436,105,9,23.85,2016Q3
2436,105,12,21.22,2016Q4
2436,106,3,24.05,2017Q1
2436,106,6,28.5,2017Q2
2436,106,9,28.09,2017Q3
2436,106,12,29.73,2017Q4
2436,107,3,28.38,2018Q1
2436,107,6,28.75,2018Q2
2436,107,9,28.49,2018Q3
2436,107,12,24.88,2018Q4
2436,108,3,24.84,2019Q1
2436,108,6,25.88,2019Q2
2436,108,9,27.94,2019Q3
2436,108,12,26.93,2019Q4
2436,109,3,22.96,2020Q1
2436,109,6,27.85,2020Q2
2436,109,9,31.08,2020Q3
2436,109,12,45.88,2020Q4
2436,110,3,52.18,2021Q1
2436,110,6,73.85,2021Q2
2436,110,9,84.72,2021Q3
2436,110,12,97.11,2021Q4
2436,111,3,89.28,2022Q1
2436,111,6,63.56,2022Q2
2436,111,9,46.12,2022Q3
2436,111,12,46.2,2022Q4
2436,112,3,51.45,2023Q1
2436,112,6,56.39,2023Q2
2436,112,9,75.02,2023Q3
2436,112,12,72.84,2023Q4
2436,113,3,64.68,2024Q1
2436,113,6,64.45,2024Q2
2436,113,9,65.19,2024Q3
2436,113,12,59.29,2024Q4
2436,114,3,56.42,2025Q1
2436,114,6,,2025Q2
2436,114,9,,2025Q3
2436,114,12,,2025Q4
2438,105,3,15.39,2016Q1
2438,105,6,12.03,2016Q2
2438,105,9,12.38,2016Q3
2438,105,12,10.71,2016Q4
2438,106,3,9.99,2017Q1
2438,106,6,8.61,2017Q2
2438,106,9,7.93,2017Q3
2438,106,12,6.75,2017Q4
2438,107,3,10.08,2018Q1
2438,107,6,9.64,2018Q2
2438,107,9,7.75,2018Q3
2438,107,12,6.56,2018Q4
2438,108,3,7.37,2019Q1
2438,108,6,6.87,2019Q2
2438,108,9,6.14,2019Q3
2438,108,12,8.54,2019Q4
2438,109,3,5.73,2020Q1
2438,109,6,6.5,2020Q2
2438,109,9,6.7,2020Q3
2438,109,12,6.65,2020Q4
2438,110,3,11.47,2021Q1
2438,110,6,10.4,2021Q2
2438,110,9,11.36,2021Q3
2438,110,12,15.8,2021Q4
2438,111,3,14.13,2022Q1
2438,111,6,13.46,2022Q2
2438,111,9,14.26,2022Q3
2438,111,12,14.56,2022Q4
2438,112,3,19.51,2023Q1
2438,112,6,23.97,2023Q2
2438,112,9,23.35,2023Q3
2438,112,12,23.12,2023Q4
2438,113,3,22.84,2024Q1
2438,113,6,38.46,2024Q2
2438,113,9,48.3,2024Q3
2438,113,12,35.43,2024Q4
2438,114,3,33.46,2025Q1
2438,114,6,,2025Q2
2438,114,9,,2025Q3
2438,114,12,,2025Q4
2439,105,3,57.38,2016Q1
2439,105,6,69.57,2016Q2
2439,105,9,115.38,2016Q3
2439,105,12,124.79,2016Q4
2439,106,3,153.24,2017Q1
2439,106,6,184.75,2017Q2
2439,106,9,217.66,2017Q3
2439,106,12,203.78,2017Q4
2439,107,3,168.86,2018Q1
2439,107,6,150.34,2018Q2
2439,107,9,151.77,2018Q3
2439,107,12,129.93,2018Q4
2439,108,3,176.67,2019Q1
2439,108,6,166.57,2019Q2
2439,108,9,152.17,2019Q3
2439,108,12,165.54,2019Q4
2439,109,3,128.5,2020Q1
2439,109,6,138.05,2020Q2
2439,109,9,152.61,2020Q3
2439,109,12,148.35,2020Q4
2439,110,3,134.89,2021Q1
2439,110,6,106.54,2021Q2
2439,110,9,94.53,2021Q3
2439,110,12,96.52,2021Q4
2439,111,3,82.35,2022Q1
2439,111,6,80.44,2022Q2
2439,111,9,89.11,2022Q3
2439,111,12,82.57,2022Q4
2439,112,3,87.24,2023Q1
2439,112,6,94.16,2023Q2
2439,112,9,86.07,2023Q3
2439,112,12,115.69,2023Q4
2439,113,3,116.84,2024Q1
2439,113,6,130.88,2024Q2
2439,113,9,130.99,2024Q3
2439,113,12,107.41,2024Q4
2439,114,3,122.8,2025Q1
2439,114,6,,2025Q2
2439,114,9,,2025Q3
2439,114,12,,2025Q4
2440,105,3,8.26,2016Q1
2440,105,6,8.69,2016Q2
2440,105,9,8.96,2016Q3
2440,105,12,8.6,2016Q4
2440,106,3,10.49,2017Q1
2440,106,6,10.83,2017Q2
2440,106,9,10.3,2017Q3
2440,106,12,10.18,2017Q4
2440,107,3,14.13,2018Q1
2440,107,6,12.83,2018Q2
2440,107,9,8.97,2018Q3
2440,107,12,9.17,2018Q4
2440,108,3,10.06,2019Q1
2440,108,6,8.34,2019Q2
2440,108,9,8.01,2019Q3
2440,108,12,9.3,2019Q4
2440,109,3,7.17,2020Q1
2440,109,6,8.37,2020Q2
2440,109,9,12.5,2020Q3
2440,109,12,13.65,2020Q4
2440,110,3,14.82,2021Q1
2440,110,6,20.59,2021Q2
2440,110,9,14.75,2021Q3
2440,110,12,19.23,2021Q4
2440,111,3,15.13,2022Q1
2440,111,6,12.9,2022Q2
2440,111,9,12.53,2022Q3
2440,111,12,12.52,2022Q4
2440,112,3,11.64,2023Q1
2440,112,6,11.74,2023Q2
2440,112,9,14.65,2023Q3
2440,112,12,13.03,2023Q4
2440,113,3,13.97,2024Q1
2440,113,6,17.22,2024Q2
2440,113,9,14.35,2024Q3
2440,113,12,12.83,2024Q4
2440,114,3,12.86,2025Q1
2440,114,6,,2025Q2
2440,114,9,,2025Q3
2440,114,12,,2025Q4
2441,105,3,36.85,2016Q1
2441,105,6,37.86,2016Q2
2441,105,9,39.28,2016Q3
2441,105,12,38.53,2016Q4
2441,106,3,41.99,2017Q1
2441,106,6,48.36,2017Q2
2441,106,9,49.51,2017Q3
2441,106,12,51.57,2017Q4
2441,107,3,56.69,2018Q1
2441,107,6,54.08,2018Q2
2441,107,9,50.6,2018Q3
2441,107,12,40.03,2018Q4
2441,108,3,42.47,2019Q1
2441,108,6,41.73,2019Q2
2441,108,9,42.8,2019Q3
2441,108,12,46.97,2019Q4
2441,109,3,40.56,2020Q1
2441,109,6,45.83,2020Q2
2441,109,9,51.18,2020Q3
2441,109,12,55.72,2020Q4
2441,110,3,69.0,2021Q1
2441,110,6,77.7,2021Q2
2441,110,9,87.2,2021Q3
2441,110,12,76.66,2021Q4
2441,111,3,73.8,2022Q1
2441,111,6,67.35,2022Q2
2441,111,9,53.43,2022Q3
2441,111,12,48.55,2022Q4
2441,112,3,54.0,2023Q1
2441,112,6,56.91,2023Q2
2441,112,9,57.94,2023Q3
2441,112,12,61.87,2023Q4
2441,113,3,64.01,2024Q1
2441,113,6,62.91,2024Q2
2441,113,9,57.53,2024Q3
2441,113,12,57.88,2024Q4
2441,114,3,61.42,2025Q1
2441,114,6,,2025Q2
2441,114,9,,2025Q3
2441,114,12,,2025Q4
2442,105,3,6.43,2016Q1
2442,105,6,5.67,2016Q2
2442,105,9,6.86,2016Q3
2442,105,12,6.8,2016Q4
2442,106,3,7.47,2017Q1
2442,106,6,7.12,2017Q2
2442,106,9,8.16,2017Q3
2442,106,12,7.96,2017Q4
2442,107,3,8.67,2018Q1
2442,107,6,9.21,2018Q2
2442,107,9,14.61,2018Q3
2442,107,12,13.94,2018Q4
2442,108,3,12.48,2019Q1
2442,108,6,13.14,2019Q2
2442,108,9,12.44,2019Q3
2442,108,12,11.04,2019Q4
2442,109,3,7.14,2020Q1
2442,109,6,8.3,2020Q2
2442,109,9,10.54,2020Q3
2442,109,12,11.68,2020Q4
2442,110,3,10.58,2021Q1
2442,110,6,10.03,2021Q2
2442,110,9,11.85,2021Q3
2442,110,12,13.53,2021Q4
2442,111,3,13.44,2022Q1
2442,111,6,12.91,2022Q2
2442,111,9,12.63,2022Q3
2442,111,12,13.54,2022Q4
2442,112,3,14.53,2023Q1
2442,112,6,18.36,2023Q2
2442,112,9,18.66,2023Q3
2442,112,12,23.99,2023Q4
2442,113,3,27.34,2024Q1
2442,113,6,32.37,2024Q2
2442,113,9,29.75,2024Q3
2442,113,12,25.5,2024Q4
2442,114,3,26.28,2025Q1
2442,114,6,,2025Q2
2442,114,9,,2025Q3
2442,114,12,,2025Q4
2444,105,3,12.8,2016Q1
2444,105,6,14.01,2016Q2
2444,105,9,12.93,2016Q3
2444,105,12,12.02,2016Q4
2444,106,3,15.14,2017Q1
2444,106,6,17.24,2017Q2
2444,106,9,30.23,2017Q3
2444,106,12,39.33,2017Q4
2444,107,3,34.97,2018Q1
2444,107,6,16.69,2018Q2
2444,107,9,15.77,2018Q3
2444,107,12,22.26,2018Q4
2444,108,3,20.95,2019Q1
2444,108,6,19.99,2019Q2
2444,108,9,20.82,2019Q3
2444,108,12,22.1,2019Q4
2444,109,3,14.68,2020Q1
2444,109,6,15.08,2020Q2
2444,109,9,14.55,2020Q3
2444,109,12,14.26,2020Q4
2444,110,3,15.9,2021Q1
2444,110,6,12.12,2021Q2
2444,110,9,10.91,2021Q3
2444,110,12,14.18,2021Q4
2444,111,3,11.4,2022Q1
2444,111,6,13.19,2022Q2
2444,111,9,12.9,2022Q3
2444,111,12,18.02,2022Q4
2444,112,3,17.31,2023Q1
2444,112,6,11.46,2023Q2
2444,112,9,12.86,2023Q3
2444,112,12,13.53,2023Q4
2444,113,3,12.19,2024Q1
2444,113,6,13.3,2024Q2
2444,113,9,14.42,2024Q3
2444,113,12,18.09,2024Q4
2444,114,3,16.25,2025Q1
2444,114,6,,2025Q2
2444,114,9,,2025Q3
2444,114,12,,2025Q4
2449,105,3,27.41,2016Q1
2449,105,6,29.35,2016Q2
2449,105,9,28.3,2016Q3
2449,105,12,26.14,2016Q4
2449,106,3,27.69,2017Q1
2449,106,6,30.73,2017Q2
2449,106,9,30.37,2017Q3
2449,106,12,29.42,2017Q4
2449,107,3,31.13,2018Q1
2449,107,6,28.44,2018Q2
2449,107,9,20.52,2018Q3
2449,107,12,22.34,2018Q4
2449,108,3,25.59,2019Q1
2449,108,6,26.28,2019Q2
2449,108,9,35.5,2019Q3
2449,108,12,37.88,2019Q4
2449,109,3,31.46,2020Q1
2449,109,6,32.46,2020Q2
2449,109,9,30.78,2020Q3
2449,109,12,35.09,2020Q4
2449,110,3,40.36,2021Q1
2449,110,6,42.27,2021Q2
2449,110,9,43.88,2021Q3
2449,110,12,44.28,2021Q4
2449,111,3,42.71,2022Q1
2449,111,6,44.18,2022Q2
2449,111,9,34.27,2022Q3
2449,111,12,36.48,2022Q4
2449,112,3,47.68,2023Q1
2449,112,6,55.78,2023Q2
2449,112,9,78.03,2023Q3
2449,112,12,86.74,2023Q4
2449,113,3,107.86,2024Q1
2449,113,6,106.31,2024Q2
2449,113,9,113.33,2024Q3
2449,113,12,117.43,2024Q4
2449,114,3,99.24,2025Q1
2449,114,6,,2025Q2
2449,114,9,,2025Q3
2449,114,12,,2025Q4
2450,105,3,43.6,2016Q1
2450,105,6,43.65,2016Q2
2450,105,9,53.13,2016Q3
2450,105,12,51.73,2016Q4
2450,106,3,53.91,2017Q1
2450,106,6,55.46,2017Q2
2450,106,9,52.29,2017Q3
2450,106,12,50.81,2017Q4
2450,107,3,52.13,2018Q1
2450,107,6,50.63,2018Q2
2450,107,9,40.14,2018Q3
2450,107,12,35.4,2018Q4
2450,108,3,36.44,2019Q1
2450,108,6,31.98,2019Q2
2450,108,9,30.81,2019Q3
2450,108,12,31.83,2019Q4
2450,109,3,28.88,2020Q1
2450,109,6,29.88,2020Q2
2450,109,9,28.83,2020Q3
2450,109,12,32.01,2020Q4
2450,110,3,33.44,2021Q1
2450,110,6,32.94,2021Q2
2450,110,9,31.51,2021Q3
2450,110,12,33.15,2021Q4
2450,111,3,33.6,2022Q1
2450,111,6,32.98,2022Q2
2450,111,9,30.64,2022Q3
2450,111,12,30.91,2022Q4
2450,112,3,34.4,2023Q1
2450,112,6,35.91,2023Q2
2450,112,9,36.63,2023Q3
2450,112,12,38.87,2023Q4
2450,113,3,39.04,2024Q1
2450,113,6,39.39,2024Q2
2450,113,9,35.48,2024Q3
2450,113,12,33.4,2024Q4
2450,114,3,34.06,2025Q1
2450,114,6,,2025Q2
2450,114,9,,2025Q3
2450,114,12,,2025Q4
2451,105,3,100.75,2016Q1
2451,105,6,95.29,2016Q2
2451,105,9,91.05,2016Q3
2451,105,12,86.05,2016Q4
2451,106,3,96.39,2017Q1
2451,106,6,102.21,2017Q2
2451,106,9,87.99,2017Q3
2451,106,12,82.09,2017Q4
2451,107,3,85.3,2018Q1
2451,107,6,86.68,2018Q2
2451,107,9,70.37,2018Q3
2451,107,12,66.87,2018Q4
2451,108,3,69.29,2019Q1
2451,108,6,71.09,2019Q2
2451,108,9,65.43,2019Q3
2451,108,12,76.36,2019Q4
2451,109,3,72.66,2020Q1
2451,109,6,71.8,2020Q2
2451,109,9,64.06,2020Q3
2451,109,12,65.67,2020Q4
2451,110,3,64.78,2021Q1
2451,110,6,73.69,2021Q2
2451,110,9,68.32,2021Q3
2451,110,12,72.52,2021Q4
2451,111,3,73.99,2022Q1
2451,111,6,70.63,2022Q2
2451,111,9,65.12,2022Q3
2451,111,12,66.57,2022Q4
2451,112,3,71.38,2023Q1
2451,112,6,77.76,2023Q2
2451,112,9,73.44,2023Q3
2451,112,12,81.64,2023Q4
2451,113,3,86.51,2024Q1
2451,113,6,121.62,2024Q2
2451,113,9,100.55,2024Q3
2451,113,12,90.34,2024Q4
2451,114,3,101.0,2025Q1
2451,114,6,,2025Q2
2451,114,9,,2025Q3
2451,114,12,,2025Q4
2453,105,3,11.67,2016Q1
2453,105,6,10.84,2016Q2
2453,105,9,11.59,2016Q3
2453,105,12,10.85,2016Q4
2453,106,3,12.44,2017Q1
2453,106,6,12.66,2017Q2
2453,106,9,13.74,2017Q3
2453,106,12,14.74,2017Q4
2453,107,3,14.91,2018Q1
2453,107,6,14.44,2018Q2
2453,107,9,12.45,2018Q3
2453,107,12,11.34,2018Q4
2453,108,3,13.82,2019Q1
2453,108,6,15.23,2019Q2
2453,108,9,16.68,2019Q3
2453,108,12,17.18,2019Q4
2453,109,3,13.56,2020Q1
2453,109,6,18.43,2020Q2
2453,109,9,17.44,2020Q3
2453,109,12,18.04,2020Q4
2453,110,3,23.06,2021Q1
2453,110,6,24.9,2021Q2
2453,110,9,22.25,2021Q3
2453,110,12,28.47,2021Q4
2453,111,3,27.13,2022Q1
2453,111,6,26.56,2022Q2
2453,111,9,25.03,2022Q3
2453,111,12,25.49,2022Q4
2453,112,3,63.7,2023Q1
2453,112,6,72.06,2023Q2
2453,112,9,52.0,2023Q3
2453,112,12,58.04,2023Q4
2453,113,3,61.3,2024Q1
2453,113,6,65.06,2024Q2
2453,113,9,53.57,2024Q3
2453,113,12,59.85,2024Q4
2453,114,3,73.26,2025Q1
2453,114,6,,2025Q2
2453,114,9,,2025Q3
2453,114,12,,2025Q4
2454,105,3,246.63,2016Q1
2454,105,6,229.73,2016Q2
2454,105,9,246.42,2016Q3
2454,105,12,223.16,2016Q4
2454,106,3,222.47,2017Q1
2454,106,6,253.97,2017Q2
2454,106,9,284.54,2017Q3
2454,106,12,293.46,2017Q4
2454,107,3,323.47,2018Q1
2454,107,6,315.12,2018Q2
2454,107,9,246.14,2018Q3
2454,107,12,234.83,2018Q4
2454,108,3,277.03,2019Q1
2454,108,6,311.29,2019Q2
2454,108,9,378.35,2019Q3
2454,108,12,438.92,2019Q4
2454,109,3,335.28,2020Q1
2454,109,6,521.22,2020Q2
2454,109,9,601.69,2020Q3
2454,109,12,714.75,2020Q4
2454,110,3,910.8,2021Q1
2454,110,6,957.33,2021Q2
2454,110,9,924.21,2021Q3
2454,110,12,1097.38,2021Q4
2454,111,3,963.96,2022Q1
2454,111,6,782.91,2022Q2
2454,111,9,602.29,2022Q3
2454,111,12,686.07,2022Q4
2454,112,3,773.29,2023Q1
2454,112,6,737.33,2023Q2
2454,112,9,741.68,2023Q3
2454,112,12,975.61,2023Q4
2454,113,3,1172.92,2024Q1
2454,113,6,1367.73,2024Q2
2454,113,9,1163.98,2024Q3
2454,113,12,1376.14,2024Q4
2454,114,3,1455.83,2025Q1
2454,114,6,,2025Q2
2454,114,9,,2025Q3
2454,114,12,,2025Q4
2455,105,3,53.73,2016Q1
2455,105,6,49.07,2016Q2
2455,105,9,43.53,2016Q3
2455,105,12,48.29,2016Q4
2455,106,3,56.87,2017Q1
2455,106,6,60.97,2017Q2
2455,106,9,59.55,2017Q3
2455,106,12,104.7,2017Q4
2455,107,3,122.08,2018Q1
2455,107,6,117.79,2018Q2
2455,107,9,84.69,2018Q3
2455,107,12,63.23,2018Q4
2455,108,3,84.19,2019Q1
2455,108,6,76.87,2019Q2
2455,108,9,107.79,2019Q3
2455,108,12,113.27,2019Q4
2455,109,3,81.95,2020Q1
2455,109,6,89.03,2020Q2
2455,109,9,81.36,2020Q3
2455,109,12,107.46,2020Q4
2455,110,3,109.17,2021Q1
2455,110,6,127.91,2021Q2
2455,110,9,130.92,2021Q3
2455,110,12,144.91,2021Q4
2455,111,3,115.57,2022Q1
2455,111,6,87.93,2022Q2
2455,111,9,63.62,2022Q3
2455,111,12,71.62,2022Q4
2455,112,3,89.84,2023Q1
2455,112,6,118.38,2023Q2
2455,112,9,149.41,2023Q3
2455,112,12,162.7,2023Q4
2455,113,3,177.97,2024Q1
2455,113,6,160.41,2024Q2
2455,113,9,154.15,2024Q3
2455,113,12,169.36,2024Q4
2455,114,3,133.31,2025Q1
2455,114,6,,2025Q2
2455,114,9,,2025Q3
2455,114,12,,2025Q4
2457,105,3,12.64,2016Q1
2457,105,6,9.55,2016Q2
2457,105,9,10.36,2016Q3
2457,105,12,11.93,2016Q4
2457,106,3,13.14,2017Q1
2457,106,6,13.36,2017Q2
2457,106,9,13.41,2017Q3
2457,106,12,13.89,2017Q4
2457,107,3,12.5,2018Q1
2457,107,6,11.35,2018Q2
2457,107,9,10.53,2018Q3
2457,107,12,10.59,2018Q4
2457,108,3,11.39,2019Q1
2457,108,6,9.19,2019Q2
2457,108,9,9.03,2019Q3
2457,108,12,10.07,2019Q4
2457,109,3,6.29,2020Q1
2457,109,6,8.1,2020Q2
2457,109,9,10.99,2020Q3
2457,109,12,15.83,2020Q4
2457,110,3,22.75,2021Q1
2457,110,6,37.27,2021Q2
2457,110,9,33.48,2021Q3
2457,110,12,46.43,2021Q4
2457,111,3,46.52,2022Q1
2457,111,6,39.03,2022Q2
2457,111,9,39.4,2022Q3
2457,111,12,41.46,2022Q4
2457,112,3,57.2,2023Q1
2457,112,6,81.22,2023Q2
2457,112,9,65.36,2023Q3
2457,112,12,60.0,2023Q4
2457,113,3,57.05,2024Q1
2457,113,6,51.11,2024Q2
2457,113,9,39.11,2024Q3
2457,113,12,41.14,2024Q4
2457,114,3,30.95,2025Q1
2457,114,6,,2025Q2
2457,114,9,,2025Q3
2457,114,12,,2025Q4
2458,105,3,41.08,2016Q1
2458,105,6,34.76,2016Q2
2458,105,9,39.49,2016Q3
2458,105,12,33.76,2016Q4
2458,106,3,38.59,2017Q1
2458,106,6,43.63,2017Q2
2458,106,9,43.71,2017Q3
2458,106,12,48.82,2017Q4
2458,107,3,45.05,2018Q1
2458,107,6,51.13,2018Q2
2458,107,9,51.55,2018Q3
2458,107,12,76.14,2018Q4
2458,108,3,88.44,2019Q1
2458,108,6,73.02,2019Q2
2458,108,9,84.38,2019Q3
2458,108,12,90.34,2019Q4
2458,109,3,80.08,2020Q1
2458,109,6,119.58,2020Q2
2458,109,9,152.88,2020Q3
2458,109,12,137.9,2020Q4
2458,110,3,184.65,2021Q1
2458,110,6,201.76,2021Q2
2458,110,9,154.81,2021Q3
2458,110,12,164.47,2021Q4
2458,111,3,165.75,2022Q1
2458,111,6,141.08,2022Q2
2458,111,9,87.99,2022Q3
2458,111,12,88.81,2022Q4
2458,112,3,103.09,2023Q1
2458,112,6,104.09,2023Q2
2458,112,9,135.86,2023Q3
2458,112,12,157.93,2023Q4
2458,113,3,165.63,2024Q1
2458,113,6,159.45,2024Q2
2458,113,9,145.48,2024Q3
2458,113,12,153.56,2024Q4
2458,114,3,152.17,2025Q1
2458,114,6,,2025Q2
2458,114,9,,2025Q3
2458,114,12,,2025Q4
2459,105,3,33.55,2016Q1
2459,105,6,33.88,2016Q2
2459,105,9,34.86,2016Q3
2459,105,12,35.63,2016Q4
2459,106,3,41.02,2017Q1
2459,106,6,40.54,2017Q2
2459,106,9,40.46,2017Q3
2459,106,12,43.15,2017Q4
2459,107,3,43.84,2018Q1
2459,107,6,42.04,2018Q2
2459,107,9,36.72,2018Q3
2459,107,12,36.06,2018Q4
2459,108,3,39.03,2019Q1
2459,108,6,38.71,2019Q2
2459,108,9,37.28,2019Q3
2459,108,12,42.59,2019Q4
2459,109,3,37.58,2020Q1
2459,109,6,41.12,2020Q2
2459,109,9,41.39,2020Q3
2459,109,12,45.71,2020Q4
2459,110,3,51.22,2021Q1
2459,110,6,55.19,2021Q2
2459,110,9,54.18,2021Q3
2459,110,12,59.03,2021Q4
2459,111,3,56.75,2022Q1
2459,111,6,50.68,2022Q2
2459,111,9,51.46,2022Q3
2459,111,12,51.97,2022Q4
2459,112,3,57.02,2023Q1
2459,112,6,58.5,2023Q2
2459,112,9,58.29,2023Q3
2459,112,12,60.93,2023Q4
2459,113,3,68.04,2024Q1
2459,113,6,74.04,2024Q2
2459,113,9,70.89,2024Q3
2459,113,12,69.92,2024Q4
2459,114,3,68.96,2025Q1
2459,114,6,,2025Q2
2459,114,9,,2025Q3
2459,114,12,,2025Q4
2460,105,3,9.88,2016Q1
2460,105,6,8.02,2016Q2
2460,105,9,10.45,2016Q3
2460,105,12,10.43,2016Q4
2460,106,3,12.12,2017Q1
2460,106,6,13.47,2017Q2
2460,106,9,11.93,2017Q3
2460,106,12,14.23,2017Q4
2460,107,3,17.92,2018Q1
2460,107,6,15.5,2018Q2
2460,107,9,11.32,2018Q3
2460,107,12,10.12,2018Q4
2460,108,3,11.45,2019Q1
2460,108,6,9.78,2019Q2
2460,108,9,9.59,2019Q3
2460,108,12,9.9,2019Q4
2460,109,3,7.53,2020Q1
2460,109,6,8.55,2020Q2
2460,109,9,13.18,2020Q3
2460,109,12,17.94,2020Q4
2460,110,3,33.05,2021Q1
2460,110,6,34.06,2021Q2
2460,110,9,24.55,2021Q3
2460,110,12,29.68,2021Q4
2460,111,3,25.18,2022Q1
2460,111,6,20.34,2022Q2
2460,111,9,14.81,2022Q3
2460,111,12,17.52,2022Q4
2460,112,3,18.5,2023Q1
2460,112,6,22.73,2023Q2
2460,112,9,27.42,2023Q3
2460,112,12,28.96,2023Q4
2460,113,3,37.39,2024Q1
2460,113,6,34.77,2024Q2
2460,113,9,28.67,2024Q3
2460,113,12,25.06,2024Q4
2460,114,3,21.6,2025Q1
2460,114,6,,2025Q2
2460,114,9,,2025Q3
2460,114,12,,2025Q4
2461,105,3,15.01,2016Q1
2461,105,6,13.91,2016Q2
2461,105,9,16.74,2016Q3
2461,105,12,18.66,2016Q4
2461,106,3,16.6,2017Q1
2461,106,6,15.41,2017Q2
2461,106,9,15.67,2017Q3
2461,106,12,16.82,2017Q4
2461,107,3,16.11,2018Q1
2461,107,6,15.45,2018Q2
2461,107,9,14.78,2018Q3
2461,107,12,13.49,2018Q4
2461,108,3,13.31,2019Q1
2461,108,6,18.77,2019Q2
2461,108,9,24.11,2019Q3
2461,108,12,19.39,2019Q4
2461,109,3,13.08,2020Q1
2461,109,6,14.96,2020Q2
2461,109,9,16.67,2020Q3
2461,109,12,19.32,2020Q4
2461,110,3,19.89,2021Q1
2461,110,6,20.78,2021Q2
2461,110,9,21.84,2021Q3
2461,110,12,25.2,2021Q4
2461,111,3,23.77,2022Q1
2461,111,6,20.05,2022Q2
2461,111,9,18.29,2022Q3
2461,111,12,18.73,2022Q4
2461,112,3,21.79,2023Q1
2461,112,6,24.25,2023Q2
2461,112,9,23.04,2023Q3
2461,112,12,23.18,2023Q4
2461,113,3,23.53,2024Q1
2461,113,6,25.08,2024Q2
2461,113,9,22.22,2024Q3
2461,113,12,20.12,2024Q4
2461,114,3,20.13,2025Q1
2461,114,6,,2025Q2
2461,114,9,,2025Q3
2461,114,12,,2025Q4
2462,105,3,17.69,2016Q1
2462,105,6,17.39,2016Q2
2462,105,9,20.6,2016Q3
2462,105,12,20.51,2016Q4
2462,106,3,22.39,2017Q1
2462,106,6,23.78,2017Q2
2462,106,9,28.34,2017Q3
2462,106,12,30.53,2017Q4
2462,107,3,30.35,2018Q1
2462,107,6,28.72,2018Q2
2462,107,9,28.05,2018Q3
2462,107,12,27.74,2018Q4
2462,108,3,27.64,2019Q1
2462,108,6,27.89,2019Q2
2462,108,9,30.93,2019Q3
2462,108,12,28.57,2019Q4
2462,109,3,24.71,2020Q1
2462,109,6,26.38,2020Q2
2462,109,9,25.04,2020Q3
2462,109,12,31.23,2020Q4
2462,110,3,29.6,2021Q1
2462,110,6,31.93,2021Q2
2462,110,9,26.94,2021Q3
2462,110,12,29.19,2021Q4
2462,111,3,36.26,2022Q1
2462,111,6,30.49,2022Q2
2462,111,9,25.83,2022Q3
2462,111,12,28.66,2022Q4
2462,112,3,32.75,2023Q1
2462,112,6,33.95,2023Q2
2462,112,9,40.76,2023Q3
2462,112,12,39.27,2023Q4
2462,113,3,38.34,2024Q1
2462,113,6,35.43,2024Q2
2462,113,9,31.07,2024Q3
2462,113,12,26.7,2024Q4
2462,114,3,26.34,2025Q1
2462,114,6,,2025Q2
2462,114,9,,2025Q3
2462,114,12,,2025Q4
2464,105,3,40.8,2016Q1
2464,105,6,40.15,2016Q2
2464,105,9,45.46,2016Q3
2464,105,12,37.42,2016Q4
2464,106,3,41.57,2017Q1
2464,106,6,40.3,2017Q2
2464,106,9,43.64,2017Q3
2464,106,12,46.07,2017Q4
2464,107,3,47.43,2018Q1
2464,107,6,45.04,2018Q2
2464,107,9,43.93,2018Q3
2464,107,12,43.37,2018Q4
2464,108,3,44.76,2019Q1
2464,108,6,46.96,2019Q2
2464,108,9,40.27,2019Q3
2464,108,12,39.62,2019Q4
2464,109,3,30.17,2020Q1
2464,109,6,38.25,2020Q2
2464,109,9,43.42,2020Q3
2464,109,12,43.85,2020Q4
2464,110,3,47.21,2021Q1
2464,110,6,45.51,2021Q2
2464,110,9,41.94,2021Q3
2464,110,12,42.52,2021Q4
2464,111,3,41.07,2022Q1
2464,111,6,40.0,2022Q2
2464,111,9,39.39,2022Q3
2464,111,12,39.71,2022Q4
2464,112,3,38.49,2023Q1
2464,112,6,37.9,2023Q2
2464,112,9,40.62,2023Q3
2464,112,12,36.11,2023Q4
2464,113,3,44.25,2024Q1
2464,113,6,67.13,2024Q2
2464,113,9,86.08,2024Q3
2464,113,12,83.31,2024Q4
2464,114,3,74.24,2025Q1
2464,114,6,,2025Q2
2464,114,9,,2025Q3
2464,114,12,,2025Q4
2465,105,3,10.37,2016Q1
2465,105,6,9.31,2016Q2
2465,105,9,8.15,2016Q3
2465,105,12,8.09,2016Q4
2465,106,3,7.52,2017Q1
2465,106,6,6.88,2017Q2
2465,106,9,7.84,2017Q3
2465,106,12,21.12,2017Q4
2465,107,3,29.5,2018Q1
2465,107,6,20.36,2018Q2
2465,107,9,14.06,2018Q3
2465,107,12,11.32,2018Q4
2465,108,3,11.36,2019Q1
2465,108,6,13.24,2019Q2
2465,108,9,11.42,2019Q3
2465,108,12,11.14,2019Q4
2465,109,3,7.22,2020Q1
2465,109,6,9.73,2020Q2
2465,109,9,14.78,2020Q3
2465,109,12,21.38,2020Q4
2465,110,3,34.7,2021Q1
2465,110,6,76.45,2021Q2
2465,110,9,66.52,2021Q3
2465,110,12,83.36,2021Q4
2465,111,3,69.2,2022Q1
2465,111,6,40.36,2022Q2
2465,111,9,29.86,2022Q3
2465,111,12,41.2,2022Q4
2465,112,3,40.41,2023Q1
2465,112,6,37.63,2023Q2
2465,112,9,36.87,2023Q3
2465,112,12,67.07,2023Q4
2465,113,3,131.55,2024Q1
2465,113,6,133.0,2024Q2
2465,113,9,90.63,2024Q3
2465,113,12,76.18,2024Q4
2465,114,3,67.31,2025Q1
2465,114,6,,2025Q2
2465,114,9,,2025Q3
2465,114,12,,2025Q4
2466,105,3,34.06,2016Q1
2466,105,6,33.44,2016Q2
2466,105,9,34.6,2016Q3
2466,105,12,34.96,2016Q4
2466,106,3,34.91,2017Q1
2466,106,6,39.14,2017Q2
2466,106,9,38.1,2017Q3
2466,106,12,34.98,2017Q4
2466,107,3,39.06,2018Q1
2466,107,6,33.09,2018Q2
2466,107,9,31.2,2018Q3
2466,107,12,31.59,2018Q4
2466,108,3,34.09,2019Q1
2466,108,6,33.03,2019Q2
2466,108,9,33.61,2019Q3
2466,108,12,33.48,2019Q4
2466,109,3,32.8,2020Q1
2466,109,6,28.78,2020Q2
2466,109,9,29.84,2020Q3
2466,109,12,31.41,2020Q4
2466,110,3,33.88,2021Q1
2466,110,6,33.85,2021Q2
2466,110,9,43.96,2021Q3
2466,110,12,35.93,2021Q4
2466,111,3,33.78,2022Q1
2466,111,6,35.17,2022Q2
2466,111,9,32.25,2022Q3
2466,111,12,33.89,2022Q4
2466,112,3,34.48,2023Q1
2466,112,6,38.87,2023Q2
2466,112,9,36.12,2023Q3
2466,112,12,37.52,2023Q4
2466,113,3,37.17,2024Q1
2466,113,6,37.35,2024Q2
2466,113,9,34.27,2024Q3
2466,113,12,45.43,2024Q4
2466,114,3,83.44,2025Q1
2466,114,6,,2025Q2
2466,114,9,,2025Q3
2466,114,12,,2025Q4
2467,105,3,16.26,2016Q1
2467,105,6,14.86,2016Q2
2467,105,9,15.81,2016Q3
2467,105,12,19.54,2016Q4
2467,106,3,21.86,2017Q1
2467,106,6,19.29,2017Q2
2467,106,9,27.62,2017Q3
2467,106,12,26.79,2017Q4
2467,107,3,27.03,2018Q1
2467,107,6,29.39,2018Q2
2467,107,9,26.1,2018Q3
2467,107,12,25.8,2018Q4
2467,108,3,29.27,2019Q1
2467,108,6,32.09,2019Q2
2467,108,9,27.64,2019Q3
2467,108,12,26.56,2019Q4
2467,109,3,25.5,2020Q1
2467,109,6,30.28,2020Q2
2467,109,9,27.93,2020Q3
2467,109,12,36.18,2020Q4
2467,110,3,47.81,2021Q1
2467,110,6,54.8,2021Q2
2467,110,9,47.08,2021Q3
2467,110,12,51.36,2021Q4
2467,111,3,49.54,2022Q1
2467,111,6,44.5,2022Q2
2467,111,9,47.39,2022Q3
2467,111,12,44.18,2022Q4
2467,112,3,48.59,2023Q1
2467,112,6,50.96,2023Q2
2467,112,9,45.42,2023Q3
2467,112,12,62.41,2023Q4
2467,113,3,128.49,2024Q1
2467,113,6,146.94,2024Q2
2467,113,9,219.86,2024Q3
2467,113,12,211.53,2024Q4
2467,114,3,164.94,2025Q1
2467,114,6,,2025Q2
2467,114,9,,2025Q3
2467,114,12,,2025Q4
2468,105,3,10.52,2016Q1
2468,105,6,10.47,2016Q2
2468,105,9,11.55,2016Q3
2468,105,12,10.62,2016Q4
2468,106,3,11.38,2017Q1
2468,106,6,11.12,2017Q2
2468,106,9,11.39,2017Q3
2468,106,12,11.14,2017Q4
2468,107,3,13.28,2018Q1
2468,107,6,12.25,2018Q2
2468,107,9,11.1,2018Q3
2468,107,12,11.25,2018Q4
2468,108,3,12.34,2019Q1
2468,108,6,11.91,2019Q2
2468,108,9,12.56,2019Q3
2468,108,12,12.65,2019Q4
2468,109,3,13.17,2020Q1
2468,109,6,14.8,2020Q2
2468,109,9,13.62,2020Q3
2468,109,12,13.68,2020Q4
2468,110,3,13.87,2021Q1
2468,110,6,13.6,2021Q2
2468,110,9,12.95,2021Q3
2468,110,12,13.86,2021Q4
2468,111,3,13.29,2022Q1
2468,111,6,13.03,2022Q2
2468,111,9,18.67,2022Q3
2468,111,12,30.11,2022Q4
2468,112,3,26.86,2023Q1
2468,112,6,37.85,2023Q2
2468,112,9,30.13,2023Q3
2468,112,12,32.38,2023Q4
2468,113,3,29.84,2024Q1
2468,113,6,27.16,2024Q2
2468,113,9,23.74,2024Q3
2468,113,12,27.49,2024Q4
2468,114,3,49.91,2025Q1
2468,114,6,,2025Q2
2468,114,9,,2025Q3
2468,114,12,,2025Q4
2471,105,3,13.96,2016Q1
2471,105,6,14.25,2016Q2
2471,105,9,13.61,2016Q3
2471,105,12,14.17,2016Q4
2471,106,3,16.58,2017Q1
2471,106,6,16.22,2017Q2
2471,106,9,16.64,2017Q3
2471,106,12,14.5,2017Q4
2471,107,3,15.19,2018Q1
2471,107,6,15.24,2018Q2
2471,107,9,14.99,2018Q3
2471,107,12,14.67,2018Q4
2471,108,3,16.44,2019Q1
2471,108,6,17.82,2019Q2
2471,108,9,19.99,2019Q3
2471,108,12,18.47,2019Q4
2471,109,3,17.42,2020Q1
2471,109,6,22.92,2020Q2
2471,109,9,20.14,2020Q3
2471,109,12,26.39,2020Q4
2471,110,3,29.53,2021Q1
2471,110,6,26.06,2021Q2
2471,110,9,23.36,2021Q3
2471,110,12,26.33,2021Q4
2471,111,3,26.82,2022Q1
2471,111,6,27.51,2022Q2
2471,111,9,26.96,2022Q3
2471,111,12,27.6,2022Q4
2471,112,3,46.74,2023Q1
2471,112,6,62.32,2023Q2
2471,112,9,52.75,2023Q3
2471,112,12,55.89,2023Q4
2471,113,3,60.16,2024Q1
2471,113,6,57.17,2024Q2
2471,113,9,49.44,2024Q3
2471,113,12,57.77,2024Q4
2471,114,3,61.07,2025Q1
2471,114,6,,2025Q2
2471,114,9,,2025Q3
2471,114,12,,2025Q4
2472,105,3,36.71,2016Q1
2472,105,6,37.5,2016Q2
2472,105,9,40.62,2016Q3
2472,105,12,38.88,2016Q4
2472,106,3,39.67,2017Q1
2472,106,6,39.89,2017Q2
2472,106,9,44.86,2017Q3
2472,106,12,60.86,2017Q4
2472,107,3,56.87,2018Q1
2472,107,6,79.03,2018Q2
2472,107,9,50.76,2018Q3
2472,107,12,45.13,2018Q4
2472,108,3,41.34,2019Q1
2472,108,6,39.69,2019Q2
2472,108,9,44.09,2019Q3
2472,108,12,43.53,2019Q4
2472,109,3,30.0,2020Q1
2472,109,6,43.6,2020Q2
2472,109,9,54.66,2020Q3
2472,109,12,62.44,2020Q4
2472,110,3,78.71,2021Q1
2472,110,6,66.67,2021Q2
2472,110,9,68.05,2021Q3
2472,110,12,66.77,2021Q4
2472,111,3,65.19,2022Q1
2472,111,6,60.7,2022Q2
2472,111,9,53.76,2022Q3
2472,111,12,56.25,2022Q4
2472,112,3,68.32,2023Q1
2472,112,6,62.69,2023Q2
2472,112,9,60.14,2023Q3
2472,112,12,72.03,2023Q4
2472,113,3,70.43,2024Q1
2472,113,6,83.33,2024Q2
2472,113,9,75.43,2024Q3
2472,113,12,85.58,2024Q4
2472,114,3,89.44,2025Q1
2472,114,6,,2025Q2
2472,114,9,,2025Q3
2472,114,12,,2025Q4
2474,105,3,273.35,2016Q1
2474,105,6,243.88,2016Q2
2474,105,9,246.8,2016Q3
2474,105,12,232.04,2016Q4
2474,106,3,279.65,2017Q1
2474,106,6,356.32,2017Q2
2474,106,9,320.06,2017Q3
2474,106,12,322.23,2017Q4
2474,107,3,361.11,2018Q1
2474,107,6,350.36,2018Q2
2474,107,9,350.08,2018Q3
2474,107,12,236.37,2018Q4
2474,108,3,228.61,2019Q1
2474,108,6,207.74,2019Q2
2474,108,9,230.85,2019Q3
2474,108,12,244.12,2019Q4
2474,109,3,203.04,2020Q1
2474,109,6,222.25,2020Q2
2474,109,9,187.12,2020Q3
2474,109,12,203.56,2020Q4
2474,110,3,201.82,2021Q1
2474,110,6,180.56,2021Q2
2474,110,9,163.22,2021Q3
2474,110,12,154.03,2021Q4
2474,111,3,146.08,2022Q1
2474,111,6,169.03,2022Q2
2474,111,9,172.85,2022Q3
2474,111,12,172.94,2022Q4
2474,112,3,187.21,2023Q1
2474,112,6,188.17,2023Q2
2474,112,9,181.52,2023Q3
2474,112,12,189.93,2023Q4
2474,113,3,211.39,2024Q1
2474,113,6,227.39,2024Q2
2474,113,9,236.27,2024Q3
2474,113,12,188.86,2024Q4
2474,114,3,208.57,2025Q1
2474,114,6,,2025Q2
2474,114,9,,2025Q3
2474,114,12,,2025Q4
2476,105,3,24.16,2016Q1
2476,105,6,22.73,2016Q2
2476,105,9,25.08,2016Q3
2476,105,12,25.5,2016Q4
2476,106,3,26.84,2017Q1
2476,106,6,25.85,2017Q2
2476,106,9,25.44,2017Q3
2476,106,12,27.21,2017Q4
2476,107,3,26.14,2018Q1
2476,107,6,27.03,2018Q2
2476,107,9,24.55,2018Q3
2476,107,12,22.58,2018Q4
2476,108,3,23.17,2019Q1
2476,108,6,24.27,2019Q2
2476,108,9,24.03,2019Q3
2476,108,12,23.75,2019Q4
2476,109,3,18.8,2020Q1
2476,109,6,20.22,2020Q2
2476,109,9,19.14,2020Q3
2476,109,12,20.22,2020Q4
2476,110,3,31.9,2021Q1
2476,110,6,40.19,2021Q2
2476,110,9,59.97,2021Q3
2476,110,12,71.96,2021Q4
2476,111,3,57.3,2022Q1
2476,111,6,47.01,2022Q2
2476,111,9,53.85,2022Q3
2476,111,12,48.65,2022Q4
2476,112,3,54.61,2023Q1
2476,112,6,50.63,2023Q2
2476,112,9,50.62,2023Q3
2476,112,12,70.92,2023Q4
2476,113,3,78.28,2024Q1
2476,113,6,105.27,2024Q2
2476,113,9,97.17,2024Q3
2476,113,12,88.15,2024Q4
2476,114,3,91.54,2025Q1
2476,114,6,,2025Q2
2476,114,9,,2025Q3
2476,114,12,,2025Q4
2477,105,3,13.1,2016Q1
2477,105,6,13.31,2016Q2
2477,105,9,14.09,2016Q3
2477,105,12,17.57,2016Q4
2477,106,3,19.41,2017Q1
2477,106,6,21.81,2017Q2
2477,106,9,28.5,2017Q3
2477,106,12,29.87,2017Q4
2477,107,3,31.11,2018Q1
2477,107,6,25.26,2018Q2
2477,107,9,18.11,2018Q3
2477,107,12,20.42,2018Q4
2477,108,3,19.31,2019Q1
2477,108,6,21.8,2019Q2
2477,108,9,23.81,2019Q3
2477,108,12,27.45,2019Q4
2477,109,3,18.62,2020Q1
2477,109,6,21.91,2020Q2
2477,109,9,23.29,2020Q3
2477,109,12,32.38,2020Q4
2477,110,3,34.22,2021Q1
2477,110,6,35.29,2021Q2
2477,110,9,27.42,2021Q3
2477,110,12,31.14,2021Q4
2477,111,3,31.33,2022Q1
2477,111,6,24.59,2022Q2
2477,111,9,19.97,2022Q3
2477,111,12,20.3,2022Q4
2477,112,3,21.15,2023Q1
2477,112,6,20.9,2023Q2
2477,112,9,19.83,2023Q3
2477,112,12,22.7,2023Q4
2477,113,3,20.09,2024Q1
2477,113,6,21.94,2024Q2
2477,113,9,31.83,2024Q3
2477,113,12,30.49,2024Q4
2477,114,3,27.25,2025Q1
2477,114,6,,2025Q2
2477,114,9,,2025Q3
2477,114,12,,2025Q4
2478,105,3,17.37,2016Q1
2478,105,6,17.0,2016Q2
2478,105,9,16.43,2016Q3
2478,105,12,18.9,2016Q4
2478,106,3,,2017Q1
2478,106,6,,2017Q2
2478,106,9,,2017Q3
2478,106,12,,2017Q4
2478,107,3,,2018Q1
2478,107,6,,2018Q2
2478,107,9,,2018Q3
2478,107,12,,2018Q4
2478,108,3,,2019Q1
2478,108,6,,2019Q2
2478,108,9,,2019Q3
2478,108,12,,2019Q4
2478,109,3,62.15,2020Q1
2478,109,6,81.98,2020Q2
2478,109,9,68.52,2020Q3
2478,109,12,82.27,2020Q4
2478,110,3,82.14,2021Q1
2478,110,6,70.7,2021Q2
2478,110,9,63.89,2021Q3
2478,110,12,65.4,2021Q4
2478,111,3,60.07,2022Q1
2478,111,6,51.71,2022Q2
2478,111,9,42.34,2022Q3
2478,111,12,44.97,2022Q4
2478,112,3,48.2,2023Q1
2478,112,6,48.65,2023Q2
2478,112,9,47.15,2023Q3
2478,112,12,49.03,2023Q4
2478,113,3,47.09,2024Q1
2478,113,6,54.0,2024Q2
2478,113,9,52.34,2024Q3
2478,113,12,47.62,2024Q4
2478,114,3,46.67,2025Q1
2478,114,6,,2025Q2
2478,114,9,,2025Q3
2478,114,12,,2025Q4
2480,105,3,26.76,2016Q1
2480,105,6,26.34,2016Q2
2480,105,9,25.26,2016Q3
2480,105,12,27.9,2016Q4
2480,106,3,32.17,2017Q1
2480,106,6,31.17,2017Q2
2480,106,9,35.52,2017Q3
2480,106,12,35.14,2017Q4
2480,107,3,36.87,2018Q1
2480,107,6,41.37,2018Q2
2480,107,9,38.39,2018Q3
2480,107,12,38.06,2018Q4
2480,108,3,56.08,2019Q1
2480,108,6,53.45,2019Q2
2480,108,9,51.86,2019Q3
2480,108,12,53.48,2019Q4
2480,109,3,57.28,2020Q1
2480,109,6,71.24,2020Q2
2480,109,9,62.19,2020Q3
2480,109,12,66.27,2020Q4
2480,110,3,70.32,2021Q1
2480,110,6,70.19,2021Q2
2480,110,9,68.84,2021Q3
2480,110,12,72.4,2021Q4
2480,111,3,94.16,2022Q1
2480,111,6,89.08,2022Q2
2480,111,9,81.59,2022Q3
2480,111,12,83.2,2022Q4
2480,112,3,95.89,2023Q1
2480,112,6,119.43,2023Q2
2480,112,9,115.58,2023Q3
2480,112,12,121.51,2023Q4
2480,113,3,129.9,2024Q1
2480,113,6,123.89,2024Q2
2480,113,9,121.03,2024Q3
2480,113,12,136.93,2024Q4
2480,114,3,151.71,2025Q1
2480,114,6,,2025Q2
2480,114,9,,2025Q3
2480,114,12,,2025Q4
2481,105,3,18.14,2016Q1
2481,105,6,16.92,2016Q2
2481,105,9,16.39,2016Q3
2481,105,12,16.09,2016Q4
2481,106,3,17.46,2017Q1
2481,106,6,18.61,2017Q2
2481,106,9,22.76,2017Q3
2481,106,12,29.64,2017Q4
2481,107,3,43.46,2018Q1
2481,107,6,61.41,2018Q2
2481,107,9,35.13,2018Q3
2481,107,12,28.66,2018Q4
2481,108,3,27.24,2019Q1
2481,108,6,25.37,2019Q2
2481,108,9,28.99,2019Q3
2481,108,12,27.29,2019Q4
2481,109,3,19.07,2020Q1
2481,109,6,28.57,2020Q2
2481,109,9,37.03,2020Q3
2481,109,12,48.08,2020Q4
2481,110,3,53.4,2021Q1
2481,110,6,68.47,2021Q2
2481,110,9,95.63,2021Q3
2481,110,12,110.06,2021Q4
2481,111,3,102.41,2022Q1
2481,111,6,74.29,2022Q2
2481,111,9,64.74,2022Q3
2481,111,12,64.02,2022Q4
2481,112,3,71.0,2023Q1
2481,112,6,70.03,2023Q2
2481,112,9,65.62,2023Q3
2481,112,12,69.92,2023Q4
2481,113,3,58.66,2024Q1
2481,113,6,58.16,2024Q2
2481,113,9,58.82,2024Q3
2481,113,12,51.35,2024Q4
2481,114,3,55.68,2025Q1
2481,114,6,,2025Q2
2481,114,9,,2025Q3
2481,114,12,,2025Q4
2482,105,3,15.84,2016Q1
2482,105,6,13.25,2016Q2
2482,105,9,14.12,2016Q3
2482,105,12,13.23,2016Q4
2482,106,3,13.99,2017Q1
2482,106,6,13.45,2017Q2
2482,106,9,13.0,2017Q3
2482,106,12,12.41,2017Q4
2482,107,3,13.19,2018Q1
2482,107,6,12.45,2018Q2
2482,107,9,12.22,2018Q3
2482,107,12,11.18,2018Q4
2482,108,3,11.11,2019Q1
2482,108,6,10.54,2019Q2
2482,108,9,14.51,2019Q3
2482,108,12,12.2,2019Q4
2482,109,3,11.1,2020Q1
2482,109,6,11.75,2020Q2
2482,109,9,10.67,2020Q3
2482,109,12,11.17,2020Q4
2482,110,3,11.11,2021Q1
2482,110,6,12.19,2021Q2
2482,110,9,12.79,2021Q3
2482,110,12,17.37,2021Q4
2482,111,3,14.2,2022Q1
2482,111,6,26.01,2022Q2
2482,111,9,22.75,2022Q3
2482,111,12,26.54,2022Q4
2482,112,3,56.23,2023Q1
2482,112,6,72.03,2023Q2
2482,112,9,48.73,2023Q3
2482,112,12,42.65,2023Q4
2482,113,3,35.69,2024Q1
2482,113,6,39.97,2024Q2
2482,113,9,30.69,2024Q3
2482,113,12,26.86,2024Q4
2482,114,3,23.61,2025Q1
2482,114,6,,2025Q2
2482,114,9,,2025Q3
2482,114,12,,2025Q4
2483,105,3,19.2,2016Q1
2483,105,6,18.0,2016Q2
2483,105,9,17.5,2016Q3
2483,105,12,17.23,2016Q4
2483,106,3,18.69,2017Q1
2483,106,6,18.78,2017Q2
2483,106,9,22.05,2017Q3
2483,106,12,23.99,2017Q4
2483,107,3,22.88,2018Q1
2483,107,6,22.04,2018Q2
2483,107,9,20.02,2018Q3
2483,107,12,18.38,2018Q4
2483,108,3,20.18,2019Q1
2483,108,6,20.77,2019Q2
2483,108,9,20.52,2019Q3
2483,108,12,20.58,2019Q4
2483,109,3,17.83,2020Q1
2483,109,6,19.49,2020Q2
2483,109,9,18.9,2020Q3
2483,109,12,19.8,2020Q4
2483,110,3,20.61,2021Q1
2483,110,6,22.15,2021Q2
2483,110,9,28.45,2021Q3
2483,110,12,26.56,2021Q4
2483,111,3,23.71,2022Q1
2483,111,6,26.26,2022Q2
2483,111,9,30.22,2022Q3
2483,111,12,25.19,2022Q4
2483,112,3,26.35,2023Q1
2483,112,6,27.77,2023Q2
2483,112,9,24.96,2023Q3
2483,112,12,24.3,2023Q4
2483,113,3,23.36,2024Q1
2483,113,6,25.79,2024Q2
2483,113,9,23.11,2024Q3
2483,113,12,22.47,2024Q4
2483,114,3,21.24,2025Q1
2483,114,6,,2025Q2
2483,114,9,,2025Q3
2483,114,12,,2025Q4
2484,105,3,21.65,2016Q1
2484,105,6,17.9,2016Q2
2484,105,9,18.3,2016Q3
2484,105,12,18.66,2016Q4
2484,106,3,20.39,2017Q1
2484,106,6,20.07,2017Q2
2484,106,9,19.98,2017Q3
2484,106,12,21.51,2017Q4
2484,107,3,20.6,2018Q1
2484,107,6,21.29,2018Q2
2484,107,9,19.36,2018Q3
2484,107,12,18.13,2018Q4
2484,108,3,19.5,2019Q1
2484,108,6,19.37,2019Q2
2484,108,9,21.05,2019Q3
2484,108,12,21.31,2019Q4
2484,109,3,17.17,2020Q1
2484,109,6,21.01,2020Q2
2484,109,9,22.22,2020Q3
2484,109,12,23.69,2020Q4
2484,110,3,24.56,2021Q1
2484,110,6,32.83,2021Q2
2484,110,9,32.22,2021Q3
2484,110,12,40.41,2021Q4
2484,111,3,34.23,2022Q1
2484,111,6,37.66,2022Q2
2484,111,9,36.22,2022Q3
2484,111,12,36.23,2022Q4
2484,112,3,38.33,2023Q1
2484,112,6,36.26,2023Q2
2484,112,9,32.47,2023Q3
2484,112,12,33.72,2023Q4
2484,113,3,35.18,2024Q1
2484,113,6,31.82,2024Q2
2484,113,9,28.89,2024Q3
2484,113,12,26.37,2024Q4
2484,114,3,25.45,2025Q1
2484,114,6,,2025Q2
2484,114,9,,2025Q3
2484,114,12,,2025Q4
2485,105,3,62.34,2016Q1
2485,105,6,41.45,2016Q2
2485,105,9,34.78,2016Q3
2485,105,12,32.93,2016Q4
2485,106,3,33.33,2017Q1
2485,106,6,30.76,2017Q2
2485,106,9,28.39,2017Q3
2485,106,12,31.71,2017Q4
2485,107,3,26.9,2018Q1
2485,107,6,26.23,2018Q2
2485,107,9,20.48,2018Q3
2485,107,12,20.31,2018Q4
2485,108,3,21.46,2019Q1
2485,108,6,20.53,2019Q2
2485,108,9,23.58,2019Q3
2485,108,12,20.6,2019Q4
2485,109,3,14.01,2020Q1
2485,109,6,18.83,2020Q2
2485,109,9,19.05,2020Q3
2485,109,12,19.62,2020Q4
2485,110,3,18.43,2021Q1
2485,110,6,21.64,2021Q2
2485,110,9,17.86,2021Q3
2485,110,12,22.08,2021Q4
2485,111,3,18.38,2022Q1
2485,111,6,16.89,2022Q2
2485,111,9,18.89,2022Q3
2485,111,12,18.34,2022Q4
2485,112,3,19.13,2023Q1
2485,112,6,20.2,2023Q2
2485,112,9,28.5,2023Q3
2485,112,12,22.65,2023Q4
2485,113,3,22.74,2024Q1
2485,113,6,21.01,2024Q2
2485,113,9,17.35,2024Q3
2485,113,12,16.08,2024Q4
2485,114,3,14.77,2025Q1
2485,114,6,,2025Q2
2485,114,9,,2025Q3
2485,114,12,,2025Q4
2486,105,3,10.14,2016Q1
2486,105,6,8.71,2016Q2
2486,105,9,9.45,2016Q3
2486,105,12,8.74,2016Q4
2486,106,3,9.58,2017Q1
2486,106,6,8.94,2017Q2
2486,106,9,11.82,2017Q3
2486,106,12,10.94,2017Q4
2486,107,3,10.71,2018Q1
2486,107,6,13.63,2018Q2
2486,107,9,11.24,2018Q3
2486,107,12,10.07,2018Q4
2486,108,3,9.41,2019Q1
2486,108,6,8.22,2019Q2
2486,108,9,8.33,2019Q3
2486,108,12,8.99,2019Q4
2486,109,3,6.13,2020Q1
2486,109,6,7.37,2020Q2
2486,109,9,11.89,2020Q3
2486,109,12,19.86,2020Q4
2486,110,3,26.71,2021Q1
2486,110,6,34.1,2021Q2
2486,110,9,57.01,2021Q3
2486,110,12,52.49,2021Q4
2486,111,3,45.7,2022Q1
2486,111,6,32.45,2022Q2
2486,111,9,21.18,2022Q3
2486,111,12,23.94,2022Q4
2486,112,3,27.78,2023Q1
2486,112,6,41.09,2023Q2
2486,112,9,48.46,2023Q3
2486,112,12,45.11,2023Q4
2486,113,3,56.47,2024Q1
2486,113,6,113.54,2024Q2
2486,113,9,96.13,2024Q3
2486,113,12,113.6,2024Q4
2486,114,3,108.13,2025Q1
2486,114,6,,2025Q2
2486,114,9,,2025Q3
2486,114,12,,2025Q4
2488,105,3,33.74,2016Q1
2488,105,6,51.26,2016Q2
2488,105,9,56.99,2016Q3
2488,105,12,43.41,2016Q4
2488,106,3,45.31,2017Q1
2488,106,6,40.28,2017Q2
2488,106,9,36.71,2017Q3
2488,106,12,29.19,2017Q4
2488,107,3,27.54,2018Q1
2488,107,6,30.31,2018Q2
2488,107,9,34.22,2018Q3
2488,107,12,30.04,2018Q4
2488,108,3,40.43,2019Q1
2488,108,6,36.92,2019Q2
2488,108,9,37.65,2019Q3
2488,108,12,33.7,2019Q4
2488,109,3,27.46,2020Q1
2488,109,6,28.88,2020Q2
2488,109,9,31.35,2020Q3
2488,109,12,30.72,2020Q4
2488,110,3,32.48,2021Q1
2488,110,6,30.1,2021Q2
2488,110,9,28.7,2021Q3
2488,110,12,27.13,2021Q4
2488,111,3,26.77,2022Q1
2488,111,6,27.86,2022Q2
2488,111,9,30.54,2022Q3
2488,111,12,29.07,2022Q4
2488,112,3,31.11,2023Q1
2488,112,6,32.37,2023Q2
2488,112,9,38.93,2023Q3
2488,112,12,40.28,2023Q4
2488,113,3,44.39,2024Q1
2488,113,6,47.6,2024Q2
2488,113,9,51.21,2024Q3
2488,113,12,57.62,2024Q4
2488,114,3,54.34,2025Q1
2488,114,6,,2025Q2
2488,114,9,,2025Q3
2488,114,12,,2025Q4
2489,105,3,18.11,2016Q1
2489,105,6,20.04,2016Q2
2489,105,9,23.75,2016Q3
2489,105,12,22.06,2016Q4
2489,106,3,22.8,2017Q1
2489,106,6,20.57,2017Q2
2489,106,9,16.58,2017Q3
2489,106,12,16.51,2017Q4
2489,107,3,15.41,2018Q1
2489,107,6,14.05,2018Q2
2489,107,9,13.13,2018Q3
2489,107,12,11.8,2018Q4
2489,108,3,12.23,2019Q1
2489,108,6,10.82,2019Q2
2489,108,9,11.54,2019Q3
2489,108,12,10.7,2019Q4
2489,109,3,7.38,2020Q1
2489,109,6,7.89,2020Q2
2489,109,9,10.52,2020Q3
2489,109,12,12.27,2020Q4
2489,110,3,16.47,2021Q1
2489,110,6,17.52,2021Q2
2489,110,9,17.3,2021Q3
2489,110,12,17.59,2021Q4
2489,111,3,15.91,2022Q1
2489,111,6,13.55,2022Q2
2489,111,9,10.5,2022Q3
2489,111,12,10.02,2022Q4
2489,112,3,10.48,2023Q1
2489,112,6,14.52,2023Q2
2489,112,9,12.51,2023Q3
2489,112,12,13.02,2023Q4
2489,113,3,14.35,2024Q1
2489,113,6,20.1,2024Q2
2489,113,9,21.15,2024Q3
2489,113,12,19.29,2024Q4
2489,114,3,17.4,2025Q1
2489,114,6,,2025Q2
2489,114,9,,2025Q3
2489,114,12,,2025Q4
2491,105,3,7.0,2016Q1
2491,105,6,7.57,2016Q2
2491,105,9,7.97,2016Q3
2491,105,12,7.38,2016Q4
2491,106,3,7.54,2017Q1
2491,106,6,6.8,2017Q2
2491,106,9,7.35,2017Q3
2491,106,12,6.83,2017Q4
2491,107,3,7.28,2018Q1
2491,107,6,8.94,2018Q2
2491,107,9,6.8,2018Q3
2491,107,12,5.81,2018Q4
2491,108,3,6.53,2019Q1
2491,108,6,5.86,2019Q2
2491,108,9,9.73,2019Q3
2491,108,12,9.44,2019Q4
2491,109,3,8.22,2020Q1
2491,109,6,7.9,2020Q2
2491,109,9,9.14,2020Q3
2491,109,12,10.78,2020Q4
2491,110,3,17.17,2021Q1
2491,110,6,27.11,2021Q2
2491,110,9,23.83,2021Q3
2491,110,12,21.31,2021Q4
2491,111,3,21.36,2022Q1
2491,111,6,16.22,2022Q2
2491,111,9,13.12,2022Q3
2491,111,12,12.2,2022Q4
2491,112,3,11.97,2023Q1
2491,112,6,16.06,2023Q2
2491,112,9,14.54,2023Q3
2491,112,12,13.97,2023Q4
2491,113,3,15.62,2024Q1
2491,113,6,15.25,2024Q2
2491,113,9,13.62,2024Q3
2491,113,12,12.62,2024Q4
2491,114,3,13.8,2025Q1
2491,114,6,,2025Q2
2491,114,9,,2025Q3
2491,114,12,,2025Q4
2492,105,3,25.59,2016Q1
2492,105,6,30.2,2016Q2
2492,105,9,36.6,2016Q3
2492,105,12,34.91,2016Q4
2492,106,3,46.97,2017Q1
2492,106,6,53.88,2017Q2
2492,106,9,74.02,2017Q3
2492,106,12,107.12,2017Q4
2492,107,3,108.88,2018Q1
2492,107,6,382.32,2018Q2
2492,107,9,244.42,2018Q3
2492,107,12,174.25,2018Q4
2492,108,3,187.06,2019Q1
2492,108,6,157.89,2019Q2
2492,108,9,164.19,2019Q3
2492,108,12,199.52,2019Q4
2492,109,3,175.58,2020Q1
2492,109,6,192.59,2020Q2
2492,109,9,157.56,2020Q3
2492,109,12,225.07,2020Q4
2492,110,3,252.33,2021Q1
2492,110,6,212.01,2021Q2
2492,110,9,167.37,2021Q3
2492,110,12,167.8,2021Q4
2492,111,3,143.01,2022Q1
2492,111,6,103.56,2022Q2
2492,111,9,85.08,2022Q3
2492,111,12,82.71,2022Q4
2492,112,3,96.99,2023Q1
2492,112,6,98.08,2023Q2
2492,112,9,106.89,2023Q3
2492,112,12,133.2,2023Q4
2492,113,3,109.44,2024Q1
2492,113,6,117.63,2024Q2
2492,113,9,104.86,2024Q3
2492,113,12,97.14,2024Q4
2492,114,3,94.0,2025Q1
2492,114,6,,2025Q2
2492,114,9,,2025Q3
2492,114,12,,2025Q4
2493,105,3,24.95,2016Q1
2493,105,6,26.77,2016Q2
2493,105,9,26.38,2016Q3
2493,105,12,26.88,2016Q4
2493,106,3,29.26,2017Q1
2493,106,6,27.36,2017Q2
2493,106,9,25.94,2017Q3
2493,106,12,26.28,2017Q4
2493,107,3,26.74,2018Q1
2493,107,6,26.49,2018Q2
2493,107,9,25.7,2018Q3
2493,107,12,24.69,2018Q4
2493,108,3,27.99,2019Q1
2493,108,6,30.23,2019Q2
2493,108,9,27.94,2019Q3
2493,108,12,27.66,2019Q4
2493,109,3,25.34,2020Q1
2493,109,6,35.31,2020Q2
2493,109,9,33.71,2020Q3
2493,109,12,34.09,2020Q4
2493,110,3,37.09,2021Q1
2493,110,6,38.63,2021Q2
2493,110,9,40.97,2021Q3
2493,110,12,37.88,2021Q4
2493,111,3,40.51,2022Q1
2493,111,6,42.0,2022Q2
2493,111,9,41.13,2022Q3
2493,111,12,43.08,2022Q4
2493,112,3,53.04,2023Q1
2493,112,6,66.82,2023Q2
2493,112,9,72.5,2023Q3
2493,112,12,78.25,2023Q4
2493,113,3,90.32,2024Q1
2493,113,6,94.42,2024Q2
2493,113,9,87.71,2024Q3
2493,113,12,100.83,2024Q4
2493,114,3,96.41,2025Q1
2493,114,6,,2025Q2
2493,114,9,,2025Q3
2493,114,12,,2025Q4
2495,105,3,18.35,2016Q1
2495,105,6,16.02,2016Q2
2495,105,9,16.48,2016Q3
2495,105,12,15.84,2016Q4
2495,106,3,16.84,2017Q1
2495,106,6,16.04,2017Q2
2495,106,9,14.56,2017Q3
2495,106,12,14.19,2017Q4
2495,107,3,13.64,2018Q1
2495,107,6,13.53,2018Q2
2495,107,9,11.78,2018Q3
2495,107,12,11.62,2018Q4
2495,108,3,12.32,2019Q1
2495,108,6,13.51,2019Q2
2495,108,9,14.44,2019Q3
2495,108,12,13.75,2019Q4
2495,109,3,10.99,2020Q1
2495,109,6,12.75,2020Q2
2495,109,9,12.73,2020Q3
2495,109,12,12.65,2020Q4
2495,110,3,13.28,2021Q1
2495,110,6,21.27,2021Q2
2495,110,9,15.14,2021Q3
2495,110,12,19.54,2021Q4
2495,111,3,15.7,2022Q1
2495,111,6,15.36,2022Q2
2495,111,9,16.67,2022Q3
2495,111,12,21.69,2022Q4
2495,112,3,21.67,2023Q1
2495,112,6,24.1,2023Q2
2495,112,9,20.23,2023Q3
2495,112,12,21.18,2023Q4
2495,113,3,23.66,2024Q1
2495,113,6,29.73,2024Q2
2495,113,9,33.73,2024Q3
2495,113,12,33.04,2024Q4
2495,114,3,28.99,2025Q1
2495,114,6,,2025Q2
2495,114,9,,2025Q3
2495,114,12,,2025Q4
2496,105,3,13.35,2016Q1
2496,105,6,13.8,2016Q2
2496,105,9,96.81,2016Q3
2496,105,12,101.93,2016Q4
2496,106,3,109.09,2017Q1
2496,106,6,236.59,2017Q2
2496,106,9,221.39,2017Q3
2496,106,12,167.83,2017Q4
2496,107,3,161.37,2018Q1
2496,107,6,141.37,2018Q2
2496,107,9,100.92,2018Q3
2496,107,12,98.47,2018Q4
2496,108,3,96.73,2019Q1
2496,108,6,82.4,2019Q2
2496,108,9,70.6,2019Q3
2496,108,12,64.57,2019Q4
2496,109,3,57.12,2020Q1
2496,109,6,70.61,2020Q2
2496,109,9,61.55,2020Q3
2496,109,12,54.94,2020Q4
2496,110,3,59.44,2021Q1
2496,110,6,56.52,2021Q2
2496,110,9,49.46,2021Q3
2496,110,12,49.2,2021Q4
2496,111,3,49.19,2022Q1
2496,111,6,48.34,2022Q2
2496,111,9,46.64,2022Q3
2496,111,12,47.21,2022Q4
2496,112,3,52.03,2023Q1
2496,112,6,52.84,2023Q2
2496,112,9,54.63,2023Q3
2496,112,12,61.83,2023Q4
2496,113,3,69.74,2024Q1
2496,113,6,73.54,2024Q2
2496,113,9,76.11,2024Q3
2496,113,12,80.78,2024Q4
2496,114,3,87.07,2025Q1
2496,114,6,,2025Q2
2496,114,9,,2025Q3
2496,114,12,,2025Q4
2497,105,3,40.94,2016Q1
2497,105,6,32.1,2016Q2
2497,105,9,30.08,2016Q3
2497,105,12,32.42,2016Q4
2497,106,3,33.85,2017Q1
2497,106,6,32.07,2017Q2
2497,106,9,29.44,2017Q3
2497,106,12,29.6,2017Q4
2497,107,3,27.73,2018Q1
2497,107,6,25.23,2018Q2
2497,107,9,18.55,2018Q3
2497,107,12,15.46,2018Q4
2497,108,3,19.95,2019Q1
2497,108,6,23.84,2019Q2
2497,108,9,27.26,2019Q3
2497,108,12,22.69,2019Q4
2497,109,3,14.82,2020Q1
2497,109,6,17.6,2020Q2
2497,109,9,16.95,2020Q3
2497,109,12,30.51,2020Q4
2497,110,3,39.21,2021Q1
2497,110,6,33.98,2021Q2
2497,110,9,33.48,2021Q3
2497,110,12,80.76,2021Q4
2497,111,3,101.31,2022Q1
2497,111,6,82.67,2022Q2
2497,111,9,84.91,2022Q3
2497,111,12,81.72,2022Q4
2497,112,3,78.36,2023Q1
2497,112,6,72.63,2023Q2
2497,112,9,70.59,2023Q3
2497,112,12,66.16,2023Q4
2497,113,3,55.39,2024Q1
2497,113,6,58.81,2024Q2
2497,113,9,79.72,2024Q3
2497,113,12,61.65,2024Q4
2497,114,3,58.06,2025Q1
2497,114,6,,2025Q2
2497,114,9,,2025Q3
2497,114,12,,2025Q4
2498,105,3,103.99,2016Q1
2498,105,6,95.45,2016Q2
2498,105,9,83.21,2016Q3
2498,105,12,80.43,2016Q4
2498,106,3,77.25,2017Q1
2498,106,6,71.86,2017Q2
2498,106,9,74.58,2017Q3
2498,106,12,71.55,2017Q4
2498,107,3,65.16,2018Q1
2498,107,6,58.84,2018Q2
2498,107,9,40.6,2018Q3
2498,107,12,40.21,2018Q4
2498,108,3,39.2,2019Q1
2498,108,6,36.48,2019Q2
2498,108,9,37.15,2019Q3
2498,108,12,38.18,2019Q4
2498,109,3,31.32,2020Q1
2498,109,6,30.56,2020Q2
2498,109,9,30.25,2020Q3
2498,109,12,31.48,2020Q4
2498,110,3,29.19,2021Q1
2498,110,6,39.41,2021Q2
2498,110,9,37.05,2021Q3
2498,110,12,83.78,2021Q4
2498,111,3,61.15,2022Q1
2498,111,6,51.87,2022Q2
2498,111,9,61.19,2022Q3
2498,111,12,58.71,2022Q4
2498,112,3,63.74,2023Q1
2498,112,6,60.7,2023Q2
2498,112,9,50.22,2023Q3
2498,112,12,51.03,2023Q4
2498,113,3,47.39,2024Q1
2498,113,6,46.86,2024Q2
2498,113,9,45.1,2024Q3
2498,113,12,47.97,2024Q4
2498,114,3,44.09,2025Q1
2498,114,6,,2025Q2
2498,114,9,,2025Q3
2498,114,12,,2025Q4
2501,105,3,14.28,2016Q1
2501,105,6,14.22,2016Q2
2501,105,9,14.22,2016Q3
2501,105,12,18.79,2016Q4
2501,106,3,21.52,2017Q1
2501,106,6,19.42,2017Q2
2501,106,9,16.53,2017Q3
2501,106,12,16.38,2017Q4
2501,107,3,15.63,2018Q1
2501,107,6,17.18,2018Q2
2501,107,9,17.43,2018Q3
2501,107,12,20.25,2018Q4
2501,108,3,22.24,2019Q1
2501,108,6,28.11,2019Q2
2501,108,9,21.11,2019Q3
2501,108,12,20.79,2019Q4
2501,109,3,17.67,2020Q1
2501,109,6,20.23,2020Q2
2501,109,9,19.96,2020Q3
2501,109,12,20.09,2020Q4
2501,110,3,19.52,2021Q1
2501,110,6,19.83,2021Q2
2501,110,9,19.26,2021Q3
2501,110,12,19.24,2021Q4
2501,111,3,18.87,2022Q1
2501,111,6,17.6,2022Q2
2501,111,9,16.64,2022Q3
2501,111,12,15.45,2022Q4
2501,112,3,17.1,2023Q1
2501,112,6,16.29,2023Q2
2501,112,9,15.12,2023Q3
2501,112,12,16.96,2023Q4
2501,113,3,20.23,2024Q1
2501,113,6,34.54,2024Q2
2501,113,9,25.79,2024Q3
2501,113,12,24.54,2024Q4
2501,114,3,23.07,2025Q1
2501,114,6,,2025Q2
2501,114,9,,2025Q3
2501,114,12,,2025Q4
2504,105,3,9.31,2016Q1
2504,105,6,8.5,2016Q2
2504,105,9,7.63,2016Q3
2504,105,12,6.81,2016Q4
2504,106,3,8.58,2017Q1
2504,106,6,9.62,2017Q2
2504,106,9,9.28,2017Q3
2504,106,12,9.51,2017Q4
2504,107,3,9.38,2018Q1
2504,107,6,9.53,2018Q2
2504,107,9,9.3,2018Q3
2504,107,12,8.63,2018Q4
2504,108,3,8.6,2019Q1
2504,108,6,8.56,2019Q2
2504,108,9,9.08,2019Q3
2504,108,12,14.12,2019Q4
2504,109,3,10.94,2020Q1
2504,109,6,14.43,2020Q2
2504,109,9,23.51,2020Q3
2504,109,12,24.74,2020Q4
2504,110,3,26.05,2021Q1
2504,110,6,24.92,2021Q2
2504,110,9,23.49,2021Q3
2504,110,12,29.17,2021Q4
2504,111,3,28.32,2022Q1
2504,111,6,25.31,2022Q2
2504,111,9,24.86,2022Q3
2504,111,12,25.16,2022Q4
2504,112,3,27.47,2023Q1
2504,112,6,28.0,2023Q2
2504,112,9,25.65,2023Q3
2504,112,12,27.94,2023Q4
2504,113,3,36.17,2024Q1
2504,113,6,46.74,2024Q2
2504,113,9,54.04,2024Q3
2504,113,12,50.64,2024Q4
2504,114,3,43.2,2025Q1
2504,114,6,,2025Q2
2504,114,9,,2025Q3
2504,114,12,,2025Q4
2505,105,3,11.58,2016Q1
2505,105,6,12.23,2016Q2
2505,105,9,13.87,2016Q3
2505,105,12,12.32,2016Q4
2505,106,3,13.12,2017Q1
2505,106,6,13.76,2017Q2
2505,106,9,12.71,2017Q3
2505,106,12,16.34,2017Q4
2505,107,3,15.79,2018Q1
2505,107,6,14.4,2018Q2
2505,107,9,11.58,2018Q3
2505,107,12,13.28,2018Q4
2505,108,3,12.08,2019Q1
2505,108,6,12.64,2019Q2
2505,108,9,13.08,2019Q3
2505,108,12,16.68,2019Q4
2505,109,3,15.3,2020Q1
2505,109,6,23.48,2020Q2
2505,109,9,27.17,2020Q3
2505,109,12,25.51,2020Q4
2505,110,3,38.9,2021Q1
2505,110,6,30.32,2021Q2
2505,110,9,27.66,2021Q3
2505,110,12,23.78,2021Q4
2505,111,3,22.93,2022Q1
2505,111,6,19.61,2022Q2
2505,111,9,19.31,2022Q3
2505,111,12,18.66,2022Q4
2505,112,3,18.74,2023Q1
2505,112,6,18.59,2023Q2
2505,112,9,18.66,2023Q3
2505,112,12,21.5,2023Q4
2505,113,3,25.34,2024Q1
2505,113,6,28.26,2024Q2
2505,113,9,24.31,2024Q3
2505,113,12,21.97,2024Q4
2505,114,3,21.15,2025Q1
2505,114,6,,2025Q2
2505,114,9,,2025Q3
2505,114,12,,2025Q4
2506,105,3,14.88,2016Q1
2506,105,6,12.48,2016Q2
2506,105,9,12.15,2016Q3
2506,105,12,12.88,2016Q4
2506,106,3,12.34,2017Q1
2506,106,6,11.78,2017Q2
2506,106,9,10.39,2017Q3
2506,106,12,10.67,2017Q4
2506,107,3,11.72,2018Q1
2506,107,6,11.83,2018Q2
2506,107,9,11.65,2018Q3
2506,107,12,11.5,2018Q4
2506,108,3,11.57,2019Q1
2506,108,6,11.69,2019Q2
2506,108,9,11.47,2019Q3
2506,108,12,11.24,2019Q4
2506,109,3,9.32,2020Q1
2506,109,6,9.26,2020Q2
2506,109,9,9.53,2020Q3
2506,109,12,10.5,2020Q4
2506,110,3,10.1,2021Q1
2506,110,6,10.37,2021Q2
2506,110,9,9.61,2021Q3
2506,110,12,9.69,2021Q4
2506,111,3,9.16,2022Q1
2506,111,6,9.36,2022Q2
2506,111,9,9.73,2022Q3
2506,111,12,9.31,2022Q4
2506,112,3,9.56,2023Q1
2506,112,6,9.45,2023Q2
2506,112,9,9.09,2023Q3
2506,112,12,10.05,2023Q4
2506,113,3,9.9,2024Q1
2506,113,6,12.45,2024Q2
2506,113,9,11.14,2024Q3
2506,113,12,11.55,2024Q4
2506,114,3,11.37,2025Q1
2506,114,6,,2025Q2
2506,114,9,,2025Q3
2506,114,12,,2025Q4
2509,105,3,24.01,2016Q1
2509,105,6,22.15,2016Q2
2509,105,9,18.44,2016Q3
2509,105,12,17.06,2016Q4
2509,106,3,17.96,2017Q1
2509,106,6,18.57,2017Q2
2509,106,9,18.42,2017Q3
2509,106,12,21.67,2017Q4
2509,107,3,28.14,2018Q1
2509,107,6,34.62,2018Q2
2509,107,9,31.15,2018Q3
2509,107,12,27.68,2018Q4
2509,108,3,28.51,2019Q1
2509,108,6,29.58,2019Q2
2509,108,9,25.36,2019Q3
2509,108,12,23.15,2019Q4
2509,109,3,19.42,2020Q1
2509,109,6,21.21,2020Q2
2509,109,9,19.85,2020Q3
2509,109,12,19.11,2020Q4
2509,110,3,19.67,2021Q1
2509,110,6,19.73,2021Q2
2509,110,9,18.38,2021Q3
2509,110,12,19.15,2021Q4
2509,111,3,17.07,2022Q1
2509,111,6,15.32,2022Q2
2509,111,9,15.21,2022Q3
2509,111,12,14.56,2022Q4
2509,112,3,15.44,2023Q1
2509,112,6,16.36,2023Q2
2509,112,9,14.68,2023Q3
2509,112,12,16.85,2023Q4
2509,113,3,18.07,2024Q1
2509,113,6,24.1,2024Q2
2509,113,9,21.12,2024Q3
2509,113,12,16.78,2024Q4
2509,114,3,16.29,2025Q1
2509,114,6,,2025Q2
2509,114,9,,2025Q3
2509,114,12,,2025Q4
2511,105,3,11.46,2016Q1
2511,105,6,11.78,2016Q2
2511,105,9,10.38,2016Q3
2511,105,12,10.51,2016Q4
2511,106,3,11.62,2017Q1
2511,106,6,12.0,2017Q2
2511,106,9,11.25,2017Q3
2511,106,12,11.96,2017Q4
2511,107,3,11.93,2018Q1
2511,107,6,11.36,2018Q2
2511,107,9,10.96,2018Q3
2511,107,12,10.34,2018Q4
2511,108,3,11.11,2019Q1
2511,108,6,11.82,2019Q2
2511,108,9,11.08,2019Q3
2511,108,12,11.23,2019Q4
2511,109,3,9.43,2020Q1
2511,109,6,9.89,2020Q2
2511,109,9,10.72,2020Q3
2511,109,12,11.39,2020Q4
2511,110,3,11.18,2021Q1
2511,110,6,11.95,2021Q2
2511,110,9,13.97,2021Q3
2511,110,12,13.34,2021Q4
2511,111,3,13.45,2022Q1
2511,111,6,11.98,2022Q2
2511,111,9,11.49,2022Q3
2511,111,12,10.65,2022Q4
2511,112,3,11.54,2023Q1
2511,112,6,11.98,2023Q2
2511,112,9,10.68,2023Q3
2511,112,12,11.19,2023Q4
2511,113,3,10.2,2024Q1
2511,113,6,12.45,2024Q2
2511,113,9,10.79,2024Q3
2511,113,12,10.48,2024Q4
2511,114,3,10.31,2025Q1
2511,114,6,,2025Q2
2511,114,9,,2025Q3
2511,114,12,,2025Q4
2515,105,3,6.54,2016Q1
2515,105,6,5.32,2016Q2
2515,105,9,5.39,2016Q3
2515,105,12,6.3,2016Q4
2515,106,3,6.72,2017Q1
2515,106,6,6.31,2017Q2
2515,106,9,6.68,2017Q3
2515,106,12,8.14,2017Q4
2515,107,3,7.84,2018Q1
2515,107,6,8.71,2018Q2
2515,107,9,8.37,2018Q3
2515,107,12,7.73,2018Q4
2515,108,3,8.03,2019Q1
2515,108,6,8.06,2019Q2
2515,108,9,7.9,2019Q3
2515,108,12,7.84,2019Q4
2515,109,3,5.92,2020Q1
2515,109,6,7.02,2020Q2
2515,109,9,8.11,2020Q3
2515,109,12,9.47,2020Q4
2515,110,3,8.98,2021Q1
2515,110,6,9.09,2021Q2
2515,110,9,8.93,2021Q3
2515,110,12,8.9,2021Q4
2515,111,3,9.61,2022Q1
2515,111,6,8.9,2022Q2
2515,111,9,8.74,2022Q3
2515,111,12,8.33,2022Q4
2515,112,3,9.06,2023Q1
2515,112,6,11.4,2023Q2
2515,112,9,10.43,2023Q3
2515,112,12,12.86,2023Q4
2515,113,3,13.29,2024Q1
2515,113,6,16.19,2024Q2
2515,113,9,12.48,2024Q3
2515,113,12,11.09,2024Q4
2515,114,3,11.65,2025Q1
2515,114,6,,2025Q2
2515,114,9,,2025Q3
2515,114,12,,2025Q4
2516,105,3,6.67,2016Q1
2516,105,6,6.27,2016Q2
2516,105,9,6.25,2016Q3
2516,105,12,6.99,2016Q4
2516,106,3,8.11,2017Q1
2516,106,6,7.08,2017Q2
2516,106,9,6.3,2017Q3
2516,106,12,6.92,2017Q4
2516,107,3,6.59,2018Q1
2516,107,6,6.66,2018Q2
2516,107,9,6.41,2018Q3
2516,107,12,6.36,2018Q4
2516,108,3,6.36,2019Q1
2516,108,6,6.08,2019Q2
2516,108,9,5.97,2019Q3
2516,108,12,6.01,2019Q4
2516,109,3,4.11,2020Q1
2516,109,6,5.04,2020Q2
2516,109,9,5.3,2020Q3
2516,109,12,5.23,2020Q4
2516,110,3,4.99,2021Q1
2516,110,6,6.28,2021Q2
2516,110,9,5.88,2021Q3
2516,110,12,6.28,2021Q4
2516,111,3,5.85,2022Q1
2516,111,6,5.31,2022Q2
2516,111,9,5.04,2022Q3
2516,111,12,5.04,2022Q4
2516,112,3,4.93,2023Q1
2516,112,6,5.56,2023Q2
2516,112,9,7.69,2023Q3
2516,112,12,13.42,2023Q4
2516,113,3,12.57,2024Q1
2516,113,6,12.48,2024Q2
2516,113,9,11.64,2024Q3
2516,113,12,13.26,2024Q4
2516,114,3,23.78,2025Q1
2516,114,6,,2025Q2
2516,114,9,,2025Q3
2516,114,12,,2025Q4
2520,105,3,17.07,2016Q1
2520,105,6,16.87,2016Q2
2520,105,9,15.74,2016Q3
2520,105,12,19.98,2016Q4
2520,106,3,22.9,2017Q1
2520,106,6,19.88,2017Q2
2520,106,9,17.93,2017Q3
2520,106,12,19.49,2017Q4
2520,107,3,21.11,2018Q1
2520,107,6,22.43,2018Q2
2520,107,9,22.01,2018Q3
2520,107,12,19.86,2018Q4
2520,108,3,19.45,2019Q1
2520,108,6,29.15,2019Q2
2520,108,9,28.92,2019Q3
2520,108,12,32.28,2019Q4
2520,109,3,22.4,2020Q1
2520,109,6,30.81,2020Q2
2520,109,9,40.46,2020Q3
2520,109,12,33.89,2020Q4
2520,110,3,38.52,2021Q1
2520,110,6,37.71,2021Q2
2520,110,9,40.39,2021Q3
2520,110,12,38.17,2021Q4
2520,111,3,37.47,2022Q1
2520,111,6,34.35,2022Q2
2520,111,9,26.2,2022Q3
2520,111,12,28.56,2022Q4
2520,112,3,29.2,2023Q1
2520,112,6,29.99,2023Q2
2520,112,9,33.5,2023Q3
2520,112,12,38.52,2023Q4
2520,113,3,39.51,2024Q1
2520,113,6,59.19,2024Q2
2520,113,9,51.32,2024Q3
2520,113,12,55.77,2024Q4
2520,114,3,56.66,2025Q1
2520,114,6,,2025Q2
2520,114,9,,2025Q3
2520,114,12,,2025Q4
2524,105,3,18.67,2016Q1
2524,105,6,18.06,2016Q2
2524,105,9,19.05,2016Q3
2524,105,12,21.37,2016Q4
2524,106,3,23.79,2017Q1
2524,106,6,24.09,2017Q2
2524,106,9,23.14,2017Q3
2524,106,12,22.01,2017Q4
2524,107,3,23.02,2018Q1
2524,107,6,23.76,2018Q2
2524,107,9,20.36,2018Q3
2524,107,12,27.76,2018Q4
2524,108,3,27.3,2019Q1
2524,108,6,29.06,2019Q2
2524,108,9,29.06,2019Q3
2524,108,12,31.1,2019Q4
2524,109,3,28.95,2020Q1
2524,109,6,33.87,2020Q2
2524,109,9,40.52,2020Q3
2524,109,12,38.83,2020Q4
2524,110,3,35.36,2021Q1
2524,110,6,34.77,2021Q2
2524,110,9,37.51,2021Q3
2524,110,12,40.97,2021Q4
2524,111,3,36.01,2022Q1
2524,111,6,34.15,2022Q2
2524,111,9,35.7,2022Q3
2524,111,12,33.29,2022Q4
2524,112,3,32.92,2023Q1
2524,112,6,31.9,2023Q2
2524,112,9,30.87,2023Q3
2524,112,12,31.58,2023Q4
2524,113,3,39.37,2024Q1
2524,113,6,57.64,2024Q2
2524,113,9,113.04,2024Q3
2524,113,12,70.81,2024Q4
2524,114,3,61.9,2025Q1
2524,114,6,,2025Q2
2524,114,9,,2025Q3
2524,114,12,,2025Q4
2527,105,3,17.77,2016Q1
2527,105,6,17.6,2016Q2
2527,105,9,17.03,2016Q3
2527,105,12,19.06,2016Q4
2527,106,3,21.46,2017Q1
2527,106,6,20.61,2017Q2
2527,106,9,19.29,2017Q3
2527,106,12,22.22,2017Q4
2527,107,3,27.17,2018Q1
2527,107,6,33.28,2018Q2
2527,107,9,31.07,2018Q3
2527,107,12,23.25,2018Q4
2527,108,3,23.42,2019Q1
2527,108,6,22.12,2019Q2
2527,108,9,22.17,2019Q3
2527,108,12,22.8,2019Q4
2527,109,3,17.59,2020Q1
2527,109,6,20.88,2020Q2
2527,109,9,18.8,2020Q3
2527,109,12,18.91,2020Q4
2527,110,3,20.98,2021Q1
2527,110,6,26.9,2021Q2
2527,110,9,28.93,2021Q3
2527,110,12,31.8,2021Q4
2527,111,3,30.24,2022Q1
2527,111,6,25.75,2022Q2
2527,111,9,21.26,2022Q3
2527,111,12,21.26,2022Q4
2527,112,3,21.87,2023Q1
2527,112,6,24.43,2023Q2
2527,112,9,22.95,2023Q3
2527,112,12,27.5,2023Q4
2527,113,3,36.26,2024Q1
2527,113,6,47.96,2024Q2
2527,113,9,34.76,2024Q3
2527,113,12,38.17,2024Q4
2527,114,3,34.74,2025Q1
2527,114,6,,2025Q2
2527,114,9,,2025Q3
2527,114,12,,2025Q4
2528,105,3,6.61,2016Q1
2528,105,6,7.14,2016Q2
2528,105,9,7.12,2016Q3
2528,105,12,6.37,2016Q4
2528,106,3,8.79,2017Q1
2528,106,6,12.83,2017Q2
2528,106,9,23.46,2017Q3
2528,106,12,19.98,2017Q4
2528,107,3,18.84,2018Q1
2528,107,6,17.58,2018Q2
2528,107,9,13.86,2018Q3
2528,107,12,13.67,2018Q4
2528,108,3,14.23,2019Q1
2528,108,6,16.06,2019Q2
2528,108,9,19.96,2019Q3
2528,108,12,20.21,2019Q4
2528,109,3,17.13,2020Q1
2528,109,6,20.66,2020Q2
2528,109,9,23.79,2020Q3
2528,109,12,23.62,2020Q4
2528,110,3,23.16,2021Q1
2528,110,6,21.96,2021Q2
2528,110,9,21.97,2021Q3
2528,110,12,21.75,2021Q4
2528,111,3,20.92,2022Q1
2528,111,6,19.31,2022Q2
2528,111,9,19.2,2022Q3
2528,111,12,15.99,2022Q4
2528,112,3,19.27,2023Q1
2528,112,6,27.39,2023Q2
2528,112,9,28.8,2023Q3
2528,112,12,33.65,2023Q4
2528,113,3,42.63,2024Q1
2528,113,6,48.06,2024Q2
2528,113,9,40.99,2024Q3
2528,113,12,40.73,2024Q4
2528,114,3,44.77,2025Q1
2528,114,6,,2025Q2
2528,114,9,,2025Q3
2528,114,12,,2025Q4
2530,105,3,19.22,2016Q1
2530,105,6,15.98,2016Q2
2530,105,9,13.96,2016Q3
2530,105,12,13.75,2016Q4
2530,106,3,16.57,2017Q1
2530,106,6,14.21,2017Q2
2530,106,9,13.65,2017Q3
2530,106,12,14.97,2017Q4
2530,107,3,15.94,2018Q1
2530,107,6,15.35,2018Q2
2530,107,9,15.96,2018Q3
2530,107,12,15.74,2018Q4
2530,108,3,16.99,2019Q1
2530,108,6,15.98,2019Q2
2530,108,9,16.16,2019Q3
2530,108,12,15.94,2019Q4
2530,109,3,16.01,2020Q1
2530,109,6,17.34,2020Q2
2530,109,9,15.61,2020Q3
2530,109,12,13.98,2020Q4
2530,110,3,14.35,2021Q1
2530,110,6,13.69,2021Q2
2530,110,9,15.07,2021Q3
2530,110,12,14.49,2021Q4
2530,111,3,14.62,2022Q1
2530,111,6,14.72,2022Q2
2530,111,9,16.77,2022Q3
2530,111,12,17.74,2022Q4
2530,112,3,17.86,2023Q1
2530,112,6,24.35,2023Q2
2530,112,9,25.4,2023Q3
2530,112,12,34.44,2023Q4
2530,113,3,41.67,2024Q1
2530,113,6,48.08,2024Q2
2530,113,9,41.8,2024Q3
2530,113,12,39.39,2024Q4
2530,114,3,40.96,2025Q1
2530,114,6,,2025Q2
2530,114,9,,2025Q3
2530,114,12,,2025Q4
2534,105,3,15.56,2016Q1
2534,105,6,15.73,2016Q2
2534,105,9,16.67,2016Q3
2534,105,12,18.32,2016Q4
2534,106,3,19.18,2017Q1
2534,106,6,19.45,2017Q2
2534,106,9,23.05,2017Q3
2534,106,12,25.45,2017Q4
2534,107,3,29.88,2018Q1
2534,107,6,40.03,2018Q2
2534,107,9,30.68,2018Q3
2534,107,12,25.96,2018Q4
2534,108,3,28.95,2019Q1
2534,108,6,20.94,2019Q2
2534,108,9,20.1,2019Q3
2534,108,12,24.28,2019Q4
2534,109,3,16.33,2020Q1
2534,109,6,18.42,2020Q2
2534,109,9,17.99,2020Q3
2534,109,12,19.55,2020Q4
2534,110,3,19.17,2021Q1
2534,110,6,19.89,2021Q2
2534,110,9,21.32,2021Q3
2534,110,12,23.38,2021Q4
2534,111,3,24.36,2022Q1
2534,111,6,25.32,2022Q2
2534,111,9,25.27,2022Q3
2534,111,12,23.76,2022Q4
2534,112,3,23.52,2023Q1
2534,112,6,22.37,2023Q2
2534,112,9,19.18,2023Q3
2534,112,12,20.32,2023Q4
2534,113,3,21.06,2024Q1
2534,113,6,26.97,2024Q2
2534,113,9,25.38,2024Q3
2534,113,12,26.6,2024Q4
2534,114,3,26.01,2025Q1
2534,114,6,,2025Q2
2534,114,9,,2025Q3
2534,114,12,,2025Q4
2535,105,3,16.33,2016Q1
2535,105,6,16.6,2016Q2
2535,105,9,17.1,2016Q3
2535,105,12,20.2,2016Q4
2535,106,3,20.29,2017Q1
2535,106,6,19.75,2017Q2
2535,106,9,17.53,2017Q3
2535,106,12,17.64,2017Q4
2535,107,3,19.67,2018Q1
2535,107,6,25.22,2018Q2
2535,107,9,21.14,2018Q3
2535,107,12,19.34,2018Q4
2535,108,3,21.26,2019Q1
2535,108,6,21.81,2019Q2
2535,108,9,20.3,2019Q3
2535,108,12,21.05,2019Q4
2535,109,3,20.23,2020Q1
2535,109,6,22.5,2020Q2
2535,109,9,24.8,2020Q3
2535,109,12,26.59,2020Q4
2535,110,3,30.39,2021Q1
2535,110,6,33.86,2021Q2
2535,110,9,30.19,2021Q3
2535,110,12,32.21,2021Q4
2535,111,3,34.65,2022Q1
2535,111,6,30.4,2022Q2
2535,111,9,31.37,2022Q3
2535,111,12,29.88,2022Q4
2535,112,3,33.14,2023Q1
2535,112,6,33.07,2023Q2
2535,112,9,33.78,2023Q3
2535,112,12,43.71,2023Q4
2535,113,3,52.79,2024Q1
2535,113,6,55.43,2024Q2
2535,113,9,51.46,2024Q3
2535,113,12,53.63,2024Q4
2535,114,3,60.13,2025Q1
2535,114,6,,2025Q2
2535,114,9,,2025Q3
2535,114,12,,2025Q4
2536,105,3,25.19,2016Q1
2536,105,6,26.85,2016Q2
2536,105,9,26.9,2016Q3
2536,105,12,26.38,2016Q4
2536,106,3,25.38,2017Q1
2536,106,6,23.51,2017Q2
2536,106,9,20.93,2017Q3
2536,106,12,21.25,2017Q4
2536,107,3,21.54,2018Q1
2536,107,6,22.13,2018Q2
2536,107,9,20.76,2018Q3
2536,107,12,19.63,2018Q4
2536,108,3,19.98,2019Q1
2536,108,6,21.64,2019Q2
2536,108,9,20.88,2019Q3
2536,108,12,23.88,2019Q4
2536,109,3,21.09,2020Q1
2536,109,6,23.76,2020Q2
2536,109,9,23.89,2020Q3
2536,109,12,23.05,2020Q4
2536,110,3,22.53,2021Q1
2536,110,6,21.74,2021Q2
2536,110,9,20.99,2021Q3
2536,110,12,22.98,2021Q4
2536,111,3,22.15,2022Q1
2536,111,6,21.3,2022Q2
2536,111,9,23.18,2022Q3
2536,111,12,22.55,2022Q4
2536,112,3,23.76,2023Q1
2536,112,6,26.38,2023Q2
2536,112,9,26.23,2023Q3
2536,112,12,29.26,2023Q4
2536,113,3,29.23,2024Q1
2536,113,6,34.98,2024Q2
2536,113,9,32.28,2024Q3
2536,113,12,31.55,2024Q4
2536,114,3,31.53,2025Q1
2536,114,6,,2025Q2
2536,114,9,,2025Q3
2536,114,12,,2025Q4
2537,105,3,9.92,2016Q1
2537,105,6,11.23,2016Q2
2537,105,9,11.44,2016Q3
2537,105,12,9.8,2016Q4
2537,106,3,10.51,2017Q1
2537,106,6,9.43,2017Q2
2537,106,9,8.51,2017Q3
2537,106,12,8.2,2017Q4
2537,107,3,8.03,2018Q1
2537,107,6,7.85,2018Q2
2537,107,9,7.46,2018Q3
2537,107,12,6.32,2018Q4
2537,108,3,6.46,2019Q1
2537,108,6,7.04,2019Q2
2537,108,9,8.97,2019Q3
2537,108,12,10.16,2019Q4
2537,109,3,7.75,2020Q1
2537,109,6,10.06,2020Q2
2537,109,9,11.17,2020Q3
2537,109,12,9.73,2020Q4
2537,110,3,9.66,2021Q1
2537,110,6,9.65,2021Q2
2537,110,9,9.95,2021Q3
2537,110,12,10.48,2021Q4
2537,111,3,10.4,2022Q1
2537,111,6,9.2,2022Q2
2537,111,9,7.67,2022Q3
2537,111,12,7.2,2022Q4
2537,112,3,6.91,2023Q1
2537,112,6,7.36,2023Q2
2537,112,9,7.95,2023Q3
2537,112,12,9.05,2023Q4
2537,113,3,10.73,2024Q1
2537,113,6,22.72,2024Q2
2537,113,9,19.0,2024Q3
2537,113,12,13.12,2024Q4
2537,114,3,14.4,2025Q1
2537,114,6,,2025Q2
2537,114,9,,2025Q3
2537,114,12,,2025Q4
2538,105,3,16.39,2016Q1
2538,105,6,14.44,2016Q2
2538,105,9,11.47,2016Q3
2538,105,12,10.07,2016Q4
2538,106,3,11.62,2017Q1
2538,106,6,11.21,2017Q2
2538,106,9,10.1,2017Q3
2538,106,12,10.2,2017Q4
2538,107,3,10.32,2018Q1
2538,107,6,11.35,2018Q2
2538,107,9,13.76,2018Q3
2538,107,12,12.1,2018Q4
2538,108,3,11.86,2019Q1
2538,108,6,12.25,2019Q2
2538,108,9,11.67,2019Q3
2538,108,12,12.87,2019Q4
2538,109,3,9.32,2020Q1
2538,109,6,10.21,2020Q2
2538,109,9,10.07,2020Q3
2538,109,12,10.48,2020Q4
2538,110,3,10.05,2021Q1
2538,110,6,9.95,2021Q2
2538,110,9,12.5,2021Q3
2538,110,12,13.53,2021Q4
2538,111,3,12.72,2022Q1
2538,111,6,13.06,2022Q2
2538,111,9,14.06,2022Q3
2538,111,12,12.24,2022Q4
2538,112,3,12.86,2023Q1
2538,112,6,13.0,2023Q2
2538,112,9,13.1,2023Q3
2538,112,12,16.04,2023Q4
2538,113,3,15.75,2024Q1
2538,113,6,18.96,2024Q2
2538,113,9,17.56,2024Q3
2538,113,12,15.27,2024Q4
2538,114,3,14.92,2025Q1
2538,114,6,,2025Q2
2538,114,9,,2025Q3
2538,114,12,,2025Q4
2539,105,3,28.55,2016Q1
2539,105,6,29.14,2016Q2
2539,105,9,25.09,2016Q3
2539,105,12,25.05,2016Q4
2539,106,3,28.07,2017Q1
2539,106,6,28.66,2017Q2
2539,106,9,27.37,2017Q3
2539,106,12,28.31,2017Q4
2539,107,3,28.68,2018Q1
2539,107,6,29.53,2018Q2
2539,107,9,29.14,2018Q3
2539,107,12,27.06,2018Q4
2539,108,3,28.18,2019Q1
2539,108,6,29.96,2019Q2
2539,108,9,29.15,2019Q3
2539,108,12,29.39,2019Q4
2539,109,3,30.24,2020Q1
2539,109,6,34.3,2020Q2
2539,109,9,30.95,2020Q3
2539,109,12,30.36,2020Q4
2539,110,3,32.27,2021Q1
2539,110,6,31.66,2021Q2
2539,110,9,32.65,2021Q3
2539,110,12,31.16,2021Q4
2539,111,3,31.74,2022Q1
2539,111,6,32.78,2022Q2
2539,111,9,31.89,2022Q3
2539,111,12,31.37,2022Q4
2539,112,3,35.74,2023Q1
2539,112,6,40.33,2023Q2
2539,112,9,41.49,2023Q3
2539,112,12,48.83,2023Q4
2539,113,3,67.87,2024Q1
2539,113,6,74.45,2024Q2
2539,113,9,54.94,2024Q3
2539,113,12,51.91,2024Q4
2539,114,3,63.47,2025Q1
2539,114,6,,2025Q2
2539,114,9,,2025Q3
2539,114,12,,2025Q4
2540,105,3,28.47,2016Q1
2540,105,6,26.63,2016Q2
2540,105,9,25.1,2016Q3
2540,105,12,24.29,2016Q4
2540,106,3,25.25,2017Q1
2540,106,6,27.69,2017Q2
2540,106,9,23.11,2017Q3
2540,106,12,21.31,2017Q4
2540,107,3,28.04,2018Q1
2540,107,6,34.49,2018Q2
2540,107,9,28.01,2018Q3
2540,107,12,27.16,2018Q4
2540,108,3,26.09,2019Q1
2540,108,6,25.12,2019Q2
2540,108,9,23.09,2019Q3
2540,108,12,25.14,2019Q4
2540,109,3,20.54,2020Q1
2540,109,6,33.28,2020Q2
2540,109,9,61.39,2020Q3
2540,109,12,71.06,2020Q4
2540,110,3,66.8,2021Q1
2540,110,6,71.82,2021Q2
2540,110,9,81.61,2021Q3
2540,110,12,72.67,2021Q4
2540,111,3,124.45,2022Q1
2540,111,6,123.89,2022Q2
2540,111,9,115.13,2022Q3
2540,111,12,72.72,2022Q4
2540,112,3,76.15,2023Q1
2540,112,6,79.39,2023Q2
2540,112,9,86.68,2023Q3
2540,112,12,86.83,2023Q4
2540,113,3,92.97,2024Q1
2540,113,6,185.9,2024Q2
2540,113,9,152.56,2024Q3
2540,113,12,90.99,2024Q4
2540,114,3,87.56,2025Q1
2540,114,6,,2025Q2
2540,114,9,,2025Q3
2540,114,12,,2025Q4
2542,105,3,41.34,2016Q1
2542,105,6,52.0,2016Q2
2542,105,9,48.76,2016Q3
2542,105,12,46.21,2016Q4
2542,106,3,51.9,2017Q1
2542,106,6,50.25,2017Q2
2542,106,9,45.68,2017Q3
2542,106,12,41.16,2017Q4
2542,107,3,44.81,2018Q1
2542,107,6,46.53,2018Q2
2542,107,9,47.33,2018Q3
2542,107,12,45.57,2018Q4
2542,108,3,48.6,2019Q1
2542,108,6,49.28,2019Q2
2542,108,9,49.79,2019Q3
2542,108,12,46.04,2019Q4
2542,109,3,39.44,2020Q1
2542,109,6,45.08,2020Q2
2542,109,9,44.96,2020Q3
2542,109,12,45.22,2020Q4
2542,110,3,44.26,2021Q1
2542,110,6,42.49,2021Q2
2542,110,9,46.6,2021Q3
2542,110,12,46.61,2021Q4
2542,111,3,47.63,2022Q1
2542,111,6,44.19,2022Q2
2542,111,9,45.05,2022Q3
2542,111,12,41.41,2022Q4
2542,112,3,41.16,2023Q1
2542,112,6,42.54,2023Q2
2542,112,9,42.61,2023Q3
2542,112,12,40.16,2023Q4
2542,113,3,39.53,2024Q1
2542,113,6,51.19,2024Q2
2542,113,9,50.41,2024Q3
2542,113,12,44.99,2024Q4
2542,114,3,44.29,2025Q1
2542,114,6,,2025Q2
2542,114,9,,2025Q3
2542,114,12,,2025Q4
2543,105,3,8.48,2016Q1
2543,105,6,10.28,2016Q2
2543,105,9,9.44,2016Q3
2543,105,12,9.22,2016Q4
2543,106,3,9.13,2017Q1
2543,106,6,8.96,2017Q2
2543,106,9,8.61,2017Q3
2543,106,12,8.17,2017Q4
2543,107,3,8.29,2018Q1
2543,107,6,8.09,2018Q2
2543,107,9,7.94,2018Q3
2543,107,12,7.71,2018Q4
2543,108,3,7.7,2019Q1
2543,108,6,7.35,2019Q2
2543,108,9,7.25,2019Q3
2543,108,12,7.36,2019Q4
2543,109,3,6.77,2020Q1
2543,109,6,6.54,2020Q2
2543,109,9,7.22,2020Q3
2543,109,12,7.16,2020Q4
2543,110,3,6.99,2021Q1
2543,110,6,7.57,2021Q2
2543,110,9,7.78,2021Q3
2543,110,12,7.71,2021Q4
2543,111,3,7.66,2022Q1
2543,111,6,9.18,2022Q2
2543,111,9,9.12,2022Q3
2543,111,12,9.15,2022Q4
2543,112,3,9.21,2023Q1
2543,112,6,10.09,2023Q2
2543,112,9,14.01,2023Q3
2543,112,12,29.26,2023Q4
2543,113,3,46.46,2024Q1
2543,113,6,47.81,2024Q2
2543,113,9,74.16,2024Q3
2543,113,12,71.14,2024Q4
2543,114,3,96.27,2025Q1
2543,114,6,,2025Q2
2543,114,9,,2025Q3
2543,114,12,,2025Q4
2545,105,3,29.79,2016Q1
2545,105,6,37.41,2016Q2
2545,105,9,39.84,2016Q3
2545,105,12,40.49,2016Q4
2545,106,3,44.59,2017Q1
2545,106,6,42.19,2017Q2
2545,106,9,29.36,2017Q3
2545,106,12,30.37,2017Q4
2545,107,3,29.44,2018Q1
2545,107,6,28.23,2018Q2
2545,107,9,26.87,2018Q3
2545,107,12,25.53,2018Q4
2545,108,3,26.1,2019Q1
2545,108,6,30.41,2019Q2
2545,108,9,30.58,2019Q3
2545,108,12,38.58,2019Q4
2545,109,3,28.67,2020Q1
2545,109,6,34.95,2020Q2
2545,109,9,38.19,2020Q3
2545,109,12,37.79,2020Q4
2545,110,3,41.61,2021Q1
2545,110,6,42.32,2021Q2
2545,110,9,37.69,2021Q3
2545,110,12,37.13,2021Q4
2545,111,3,48.84,2022Q1
2545,111,6,50.03,2022Q2
2545,111,9,42.27,2022Q3
2545,111,12,41.22,2022Q4
2545,112,3,45.09,2023Q1
2545,112,6,44.93,2023Q2
2545,112,9,39.28,2023Q3
2545,112,12,41.66,2023Q4
2545,113,3,43.86,2024Q1
2545,113,6,59.32,2024Q2
2545,113,9,60.8,2024Q3
2545,113,12,67.82,2024Q4
2545,114,3,68.8,2025Q1
2545,114,6,,2025Q2
2545,114,9,,2025Q3
2545,114,12,,2025Q4
2546,105,3,16.18,2016Q1
2546,105,6,15.58,2016Q2
2546,105,9,15.09,2016Q3
2546,105,12,16.95,2016Q4
2546,106,3,19.39,2017Q1
2546,106,6,18.74,2017Q2
2546,106,9,17.38,2017Q3
2546,106,12,20.0,2017Q4
2546,107,3,24.09,2018Q1
2546,107,6,25.67,2018Q2
2546,107,9,24.51,2018Q3
2546,107,12,26.51,2018Q4
2546,108,3,31.48,2019Q1
2546,108,6,37.2,2019Q2
2546,108,9,35.37,2019Q3
2546,108,12,37.17,2019Q4
2546,109,3,35.2,2020Q1
2546,109,6,42.16,2020Q2
2546,109,9,50.26,2020Q3
2546,109,12,48.7,2020Q4
2546,110,3,50.44,2021Q1
2546,110,6,47.53,2021Q2
2546,110,9,47.16,2021Q3
2546,110,12,49.36,2021Q4
2546,111,3,54.11,2022Q1
2546,111,6,52.08,2022Q2
2546,111,9,49.96,2022Q3
2546,111,12,50.59,2022Q4
2546,112,3,62.94,2023Q1
2546,112,6,71.56,2023Q2
2546,112,9,75.93,2023Q3
2546,112,12,77.27,2023Q4
2546,113,3,86.3,2024Q1
2546,113,6,95.64,2024Q2
2546,113,9,75.18,2024Q3
2546,113,12,71.89,2024Q4
2546,114,3,83.26,2025Q1
2546,114,6,,2025Q2
2546,114,9,,2025Q3
2546,114,12,,2025Q4
2547,105,3,11.11,2016Q1
2547,105,6,10.16,2016Q2
2547,105,9,10.06,2016Q3
2547,105,12,9.35,2016Q4
2547,106,3,10.64,2017Q1
2547,106,6,14.12,2017Q2
2547,106,9,13.13,2017Q3
2547,106,12,12.87,2017Q4
2547,107,3,11.52,2018Q1
2547,107,6,11.32,2018Q2
2547,107,9,17.42,2018Q3
2547,107,12,14.74,2018Q4
2547,108,3,15.21,2019Q1
2547,108,6,13.41,2019Q2
2547,108,9,11.87,2019Q3
2547,108,12,11.53,2019Q4
2547,109,3,8.75,2020Q1
2547,109,6,10.12,2020Q2
2547,109,9,10.89,2020Q3
2547,109,12,12.38,2020Q4
2547,110,3,11.23,2021Q1
2547,110,6,11.07,2021Q2
2547,110,9,10.34,2021Q3
2547,110,12,10.32,2021Q4
2547,111,3,10.43,2022Q1
2547,111,6,9.55,2022Q2
2547,111,9,9.92,2022Q3
2547,111,12,9.2,2022Q4
2547,112,3,9.27,2023Q1
2547,112,6,9.14,2023Q2
2547,112,9,8.71,2023Q3
2547,112,12,10.01,2023Q4
2547,113,3,9.44,2024Q1
2547,113,6,11.19,2024Q2
2547,113,9,10.22,2024Q3
2547,113,12,11.25,2024Q4
2547,114,3,13.01,2025Q1
2547,114,6,,2025Q2
2547,114,9,,2025Q3
2547,114,12,,2025Q4
2548,105,3,59.27,2016Q1
2548,105,6,56.78,2016Q2
2548,105,9,53.02,2016Q3
2548,105,12,60.5,2016Q4
2548,106,3,68.26,2017Q1
2548,106,6,68.76,2017Q2
2548,106,9,64.8,2017Q3
2548,106,12,69.07,2017Q4
2548,107,3,72.72,2018Q1
2548,107,6,70.34,2018Q2
2548,107,9,65.66,2018Q3
2548,107,12,66.26,2018Q4
2548,108,3,71.56,2019Q1
2548,108,6,84.67,2019Q2
2548,108,9,80.23,2019Q3
2548,108,12,93.84,2019Q4
2548,109,3,83.67,2020Q1
2548,109,6,91.53,2020Q2
2548,109,9,88.48,2020Q3
2548,109,12,87.42,2020Q4
2548,110,3,92.05,2021Q1
2548,110,6,88.71,2021Q2
2548,110,9,89.63,2021Q3
2548,110,12,91.87,2021Q4
2548,111,3,90.38,2022Q1
2548,111,6,91.31,2022Q2
2548,111,9,91.38,2022Q3
2548,111,12,88.25,2022Q4
2548,112,3,91.31,2023Q1
2548,112,6,91.14,2023Q2
2548,112,9,89.92,2023Q3
2548,112,12,96.01,2023Q4
2548,113,3,112.26,2024Q1
2548,113,6,164.62,2024Q2
2548,113,9,135.17,2024Q3
2548,113,12,119.53,2024Q4
2548,114,3,116.58,2025Q1
2548,114,6,,2025Q2
2548,114,9,,2025Q3
2548,114,12,,2025Q4
2597,105,3,46.28,2016Q1
2597,105,6,43.91,2016Q2
2597,105,9,37.1,2016Q3
2597,105,12,37.79,2016Q4
2597,106,3,42.28,2017Q1
2597,106,6,44.64,2017Q2
2597,106,9,38.43,2017Q3
2597,106,12,37.75,2017Q4
2597,107,3,38.0,2018Q1
2597,107,6,38.64,2018Q2
2597,107,9,36.98,2018Q3
2597,107,12,49.34,2018Q4
2597,108,3,58.02,2019Q1
2597,108,6,59.93,2019Q2
2597,108,9,55.37,2019Q3
2597,108,12,61.57,2019Q4
2597,109,3,56.22,2020Q1
2597,109,6,65.15,2020Q2
2597,109,9,59.8,2020Q3
2597,109,12,64.54,2020Q4
2597,110,3,92.7,2021Q1
2597,110,6,145.02,2021Q2
2597,110,9,131.0,2021Q3
2597,110,12,120.72,2021Q4
2597,111,3,142.19,2022Q1
2597,111,6,108.49,2022Q2
2597,111,9,86.81,2022Q3
2597,111,12,121.13,2022Q4
2597,112,3,124.36,2023Q1
2597,112,6,116.51,2023Q2
2597,112,9,101.81,2023Q3
2597,112,12,114.81,2023Q4
2597,113,3,146.69,2024Q1
2597,113,6,185.0,2024Q2
2597,113,9,142.67,2024Q3
2597,113,12,149.22,2024Q4
2597,114,3,184.3,2025Q1
2597,114,6,,2025Q2
2597,114,9,,2025Q3
2597,114,12,,2025Q4
2601,105,3,9.57,2016Q1
2601,105,6,7.86,2016Q2
2601,105,9,7.79,2016Q3
2601,105,12,7.24,2016Q4
2601,106,3,8.66,2017Q1
2601,106,6,9.91,2017Q2
2601,106,9,8.67,2017Q3
2601,106,12,8.81,2017Q4
2601,107,3,8.56,2018Q1
2601,107,6,13.09,2018Q2
2601,107,9,10.29,2018Q3
2601,107,12,11.52,2018Q4
2601,108,3,12.66,2019Q1
2601,108,6,12.17,2019Q2
2601,108,9,12.5,2019Q3
2601,108,12,11.14,2019Q4
2601,109,3,8.18,2020Q1
2601,109,6,9.94,2020Q2
2601,109,9,10.06,2020Q3
2601,109,12,11.2,2020Q4
2601,110,3,11.02,2021Q1
2601,110,6,19.38,2021Q2
2601,110,9,15.44,2021Q3
2601,110,12,13.34,2021Q4
2601,111,3,12.28,2022Q1
2601,111,6,9.92,2022Q2
2601,111,9,8.96,2022Q3
2601,111,12,8.95,2022Q4
2601,112,3,10.08,2023Q1
2601,112,6,9.08,2023Q2
2601,112,9,8.53,2023Q3
2601,112,12,9.23,2023Q4
2601,113,3,8.02,2024Q1
2601,113,6,8.24,2024Q2
2601,113,9,7.51,2024Q3
2601,113,12,7.43,2024Q4
2601,114,3,7.82,2025Q1
2601,114,6,,2025Q2
2601,114,9,,2025Q3
2601,114,12,,2025Q4
2603,105,3,12.79,2016Q1
2603,105,6,11.91,2016Q2
2603,105,9,13.45,2016Q3
2603,105,12,11.39,2016Q4
2603,106,3,14.67,2017Q1
2603,106,6,14.88,2017Q2
2603,106,9,20.19,2017Q3
2603,106,12,16.62,2017Q4
2603,107,3,15.55,2018Q1
2603,107,6,14.1,2018Q2
2603,107,9,12.58,2018Q3
2603,107,12,12.18,2018Q4
2603,108,3,12.07,2019Q1
2603,108,6,12.28,2019Q2
2603,108,9,13.07,2019Q3
2603,108,12,12.39,2019Q4
2603,109,3,10.37,2020Q1
2603,109,6,11.09,2020Q2
2603,109,9,16.93,2020Q3
2603,109,12,31.56,2020Q4
2603,110,3,41.54,2021Q1
2603,110,6,126.43,2021Q2
2603,110,9,127.86,2021Q3
2603,110,12,139.16,2021Q4
2603,111,3,151.61,2022Q1
2603,111,6,112.74,2022Q2
2603,111,9,132.43,2022Q3
2603,111,12,161.22,2022Q4
2603,112,3,164.93,2023Q1
2603,112,6,137.83,2023Q2
2603,112,9,113.57,2023Q3
2603,112,12,138.1,2023Q4
2603,113,3,175.45,2024Q1
2603,113,6,204.23,2024Q2
2603,113,9,195.05,2024Q3
2603,113,12,229.49,2024Q4
2603,114,3,225.78,2025Q1
2603,114,6,,2025Q2
2603,114,9,,2025Q3
2603,114,12,,2025Q4
2605,105,3,21.06,2016Q1
2605,105,6,19.42,2016Q2
2605,105,9,18.04,2016Q3
2605,105,12,19.8,2016Q4
2605,106,3,25.06,2017Q1
2605,106,6,21.11,2017Q2
2605,106,9,23.06,2017Q3
2605,106,12,22.05,2017Q4
2605,107,3,18.29,2018Q1
2605,107,6,16.33,2018Q2
2605,107,9,15.45,2018Q3
2605,107,12,16.21,2018Q4
2605,108,3,15.82,2019Q1
2605,108,6,15.65,2019Q2
2605,108,9,17.11,2019Q3
2605,108,12,16.59,2019Q4
2605,109,3,11.29,2020Q1
2605,109,6,15.04,2020Q2
2605,109,9,15.1,2020Q3
2605,109,12,20.35,2020Q4
2605,110,3,21.82,2021Q1
2605,110,6,36.05,2021Q2
2605,110,9,37.4,2021Q3
2605,110,12,30.23,2021Q4
2605,111,3,28.84,2022Q1
2605,111,6,23.18,2022Q2
2605,111,9,20.73,2022Q3
2605,111,12,20.53,2022Q4
2605,112,3,25.82,2023Q1
2605,112,6,21.14,2023Q2
2605,112,9,23.34,2023Q3
2605,112,12,27.62,2023Q4
2605,113,3,25.94,2024Q1
2605,113,6,31.61,2024Q2
2605,113,9,28.84,2024Q3
2605,113,12,25.97,2024Q4
2605,114,3,27.38,2025Q1
2605,114,6,,2025Q2
2605,114,9,,2025Q3
2605,114,12,,2025Q4
2606,105,3,28.17,2016Q1
2606,105,6,24.35,2016Q2
2606,105,9,22.35,2016Q3
2606,105,12,24.81,2016Q4
2606,106,3,32.69,2017Q1
2606,106,6,31.18,2017Q2
2606,106,9,36.48,2017Q3
2606,106,12,37.76,2017Q4
2606,107,3,36.52,2018Q1
2606,107,6,33.31,2018Q2
2606,107,9,33.79,2018Q3
2606,107,12,31.99,2018Q4
2606,108,3,30.39,2019Q1
2606,108,6,32.44,2019Q2
2606,108,9,34.71,2019Q3
2606,108,12,33.64,2019Q4
2606,109,3,26.07,2020Q1
2606,109,6,30.98,2020Q2
2606,109,9,29.94,2020Q3
2606,109,12,35.02,2020Q4
2606,110,3,37.84,2021Q1
2606,110,6,74.69,2021Q2
2606,110,9,64.47,2021Q3
2606,110,12,60.63,2021Q4
2606,111,3,63.2,2022Q1
2606,111,6,50.52,2022Q2
2606,111,9,39.41,2022Q3
2606,111,12,48.63,2022Q4
2606,112,3,58.22,2023Q1
2606,112,6,48.69,2023Q2
2606,112,9,48.68,2023Q3
2606,112,12,54.29,2023Q4
2606,113,3,54.56,2024Q1
2606,113,6,57.8,2024Q2
2606,113,9,54.11,2024Q3
2606,113,12,56.36,2024Q4
2606,114,3,72.57,2025Q1
2606,114,6,,2025Q2
2606,114,9,,2025Q3
2606,114,12,,2025Q4
2607,105,3,13.66,2016Q1
2607,105,6,12.92,2016Q2
2607,105,9,12.94,2016Q3
2607,105,12,13.07,2016Q4
2607,106,3,14.73,2017Q1
2607,106,6,13.83,2017Q2
2607,106,9,14.03,2017Q3
2607,106,12,13.98,2017Q4
2607,107,3,13.25,2018Q1
2607,107,6,13.44,2018Q2
2607,107,9,13.32,2018Q3
2607,107,12,13.47,2018Q4
2607,108,3,13.52,2019Q1
2607,108,6,14.09,2019Q2
2607,108,9,13.71,2019Q3
2607,108,12,14.36,2019Q4
2607,109,3,12.39,2020Q1
2607,109,6,13.38,2020Q2
2607,109,9,13.99,2020Q3
2607,109,12,18.98,2020Q4
2607,110,3,18.0,2021Q1
2607,110,6,34.64,2021Q2
2607,110,9,31.86,2021Q3
2607,110,12,29.7,2021Q4
2607,111,3,39.11,2022Q1
2607,111,6,31.8,2022Q2
2607,111,9,32.62,2022Q3
2607,111,12,28.51,2022Q4
2607,112,3,28.09,2023Q1
2607,112,6,28.46,2023Q2
2607,112,9,28.54,2023Q3
2607,112,12,33.19,2023Q4
2607,113,3,32.8,2024Q1
2607,113,6,32.28,2024Q2
2607,113,9,30.58,2024Q3
2607,113,12,31.39,2024Q4
2607,114,3,31.92,2025Q1
2607,114,6,,2025Q2
2607,114,9,,2025Q3
2607,114,12,,2025Q4
2608,105,3,39.59,2016Q1
2608,105,6,40.97,2016Q2
2608,105,9,42.02,2016Q3
2608,105,12,44.04,2016Q4
2608,106,3,43.56,2017Q1
2608,106,6,37.79,2017Q2
2608,106,9,36.62,2017Q3
2608,106,12,38.0,2017Q4
2608,107,3,38.09,2018Q1
2608,107,6,39.42,2018Q2
2608,107,9,39.85,2018Q3
2608,107,12,35.65,2018Q4
2608,108,3,37.46,2019Q1
2608,108,6,36.11,2019Q2
2608,108,9,37.1,2019Q3
2608,108,12,38.91,2019Q4
2608,109,3,36.31,2020Q1
2608,109,6,41.21,2020Q2
2608,109,9,39.73,2020Q3
2608,109,12,43.28,2020Q4
2608,110,3,43.03,2021Q1
2608,110,6,70.3,2021Q2
2608,110,9,54.33,2021Q3
2608,110,12,45.21,2021Q4
2608,111,3,43.27,2022Q1
2608,111,6,40.61,2022Q2
2608,111,9,39.08,2022Q3
2608,111,12,38.31,2022Q4
2608,112,3,38.12,2023Q1
2608,112,6,39.17,2023Q2
2608,112,9,37.75,2023Q3
2608,112,12,38.45,2023Q4
2608,113,3,38.44,2024Q1
2608,113,6,44.0,2024Q2
2608,113,9,39.0,2024Q3
2608,113,12,39.08,2024Q4
2608,114,3,38.36,2025Q1
2608,114,6,,2025Q2
2608,114,9,,2025Q3
2608,114,12,,2025Q4
2609,105,3,8.99,2016Q1
2609,105,6,7.76,2016Q2
2609,105,9,7.42,2016Q3
2609,105,12,4.91,2016Q4
2609,106,3,7.2,2017Q1
2609,106,6,12.65,2017Q2
2609,106,9,14.43,2017Q3
2609,106,12,11.57,2017Q4
2609,107,3,10.88,2018Q1
2609,107,6,9.48,2018Q2
2609,107,9,8.68,2018Q3
2609,107,12,9.01,2018Q4
2609,108,3,8.86,2019Q1
2609,108,6,8.1,2019Q2
2609,108,9,7.94,2019Q3
2609,108,12,7.32,2019Q4
2609,109,3,5.56,2020Q1
2609,109,6,6.64,2020Q2
2609,109,9,10.59,2020Q3
2609,109,12,18.95,2020Q4
2609,110,3,30.46,2021Q1
2609,110,6,128.01,2021Q2
2609,110,9,121.83,2021Q3
2609,110,12,124.15,2021Q4
2609,111,3,127.83,2022Q1
2609,111,6,106.25,2022Q2
2609,111,9,68.02,2022Q3
2609,111,12,65.06,2022Q4
2609,112,3,66.96,2023Q1
2609,112,6,62.29,2023Q2
2609,112,9,45.21,2023Q3
2609,112,12,51.15,2023Q4
2609,113,3,46.99,2024Q1
2609,113,6,77.36,2024Q2
2609,113,9,67.73,2024Q3
2609,113,12,78.97,2024Q4
2609,114,3,75.37,2025Q1
2609,114,6,,2025Q2
2609,114,9,,2025Q3
2609,114,12,,2025Q4
2610,105,3,11.58,2016Q1
2610,105,6,9.99,2016Q2
2610,105,9,9.44,2016Q3
2610,105,12,9.44,2016Q4
2610,106,3,10.37,2017Q1
2610,106,6,9.16,2017Q2
2610,106,9,12.39,2017Q3
2610,106,12,11.93,2017Q4
2610,107,3,11.02,2018Q1
2610,107,6,9.92,2018Q2
2610,107,9,9.27,2018Q3
2610,107,12,10.85,2018Q4
2610,108,3,9.89,2019Q1
2610,108,6,9.96,2019Q2
2610,108,9,9.17,2019Q3
2610,108,12,9.05,2019Q4
2610,109,3,6.89,2020Q1
2610,109,6,8.53,2020Q2
2610,109,9,8.88,2020Q3
2610,109,12,11.67,2020Q4
2610,110,3,14.53,2021Q1
2610,110,6,20.19,2021Q2
2610,110,9,16.38,2021Q3
2610,110,12,27.34,2021Q4
2610,111,3,27.37,2022Q1
2610,111,6,24.47,2022Q2
2610,111,9,21.39,2022Q3
2610,111,12,19.13,2022Q4
2610,112,3,19.79,2023Q1
2610,112,6,25.83,2023Q2
2610,112,9,22.41,2023Q3
2610,112,12,21.63,2023Q4
2610,113,3,19.52,2024Q1
2610,113,6,23.41,2024Q2
2610,113,9,20.97,2024Q3
2610,113,12,26.3,2024Q4
2610,114,3,24.1,2025Q1
2610,114,6,,2025Q2
2610,114,9,,2025Q3
2610,114,12,,2025Q4
2611,105,3,7.78,2016Q1
2611,105,6,7.31,2016Q2
2611,105,9,7.09,2016Q3
2611,105,12,6.79,2016Q4
2611,106,3,7.29,2017Q1
2611,106,6,6.81,2017Q2
2611,106,9,7.12,2017Q3
2611,106,12,7.0,2017Q4
2611,107,3,7.61,2018Q1
2611,107,6,7.98,2018Q2
2611,107,9,7.4,2018Q3
2611,107,12,7.46,2018Q4
2611,108,3,7.2,2019Q1
2611,108,6,7.81,2019Q2
2611,108,9,7.43,2019Q3
2611,108,12,6.93,2019Q4
2611,109,3,6.34,2020Q1
2611,109,6,6.68,2020Q2
2611,109,9,7.31,2020Q3
2611,109,12,10.16,2020Q4
2611,110,3,13.16,2021Q1
2611,110,6,28.03,2021Q2
2611,110,9,28.35,2021Q3
2611,110,12,20.53,2021Q4
2611,111,3,24.91,2022Q1
2611,111,6,20.69,2022Q2
2611,111,9,14.84,2022Q3
2611,111,12,14.28,2022Q4
2611,112,3,14.56,2023Q1
2611,112,6,14.09,2023Q2
2611,112,9,13.21,2023Q3
2611,112,12,17.02,2023Q4
2611,113,3,22.93,2024Q1
2611,113,6,33.6,2024Q2
2611,113,9,24.08,2024Q3
2611,113,12,22.52,2024Q4
2611,114,3,22.74,2025Q1
2611,114,6,,2025Q2
2611,114,9,,2025Q3
2611,114,12,,2025Q4
2612,105,3,26.64,2016Q1
2612,105,6,22.25,2016Q2
2612,105,9,22.62,2016Q3
2612,105,12,28.45,2016Q4
2612,106,3,32.57,2017Q1
2612,106,6,27.5,2017Q2
2612,106,9,29.52,2017Q3
2612,106,12,30.21,2017Q4
2612,107,3,30.3,2018Q1
2612,107,6,28.65,2018Q2
2612,107,9,34.88,2018Q3
2612,107,12,31.34,2018Q4
2612,108,3,29.74,2019Q1
2612,108,6,32.32,2019Q2
2612,108,9,34.58,2019Q3
2612,108,12,29.93,2019Q4
2612,109,3,22.01,2020Q1
2612,109,6,25.44,2020Q2
2612,109,9,25.41,2020Q3
2612,109,12,35.06,2020Q4
2612,110,3,35.36,2021Q1
2612,110,6,63.57,2021Q2
2612,110,9,70.57,2021Q3
2612,110,12,59.99,2021Q4
2612,111,3,54.69,2022Q1
2612,111,6,47.93,2022Q2
2612,111,9,37.6,2022Q3
2612,111,12,41.72,2022Q4
2612,112,3,42.88,2023Q1
2612,112,6,41.15,2023Q2
2612,112,9,44.73,2023Q3
2612,112,12,57.17,2023Q4
2612,113,3,47.08,2024Q1
2612,113,6,48.93,2024Q2
2612,113,9,46.54,2024Q3
2612,113,12,41.67,2024Q4
2612,114,3,47.82,2025Q1
2612,114,6,,2025Q2
2612,114,9,,2025Q3
2612,114,12,,2025Q4
2613,105,3,13.37,2016Q1
2613,105,6,13.48,2016Q2
2613,105,9,13.66,2016Q3
2613,105,12,13.06,2016Q4
2613,106,3,14.01,2017Q1
2613,106,6,13.2,2017Q2
2613,106,9,13.35,2017Q3
2613,106,12,12.91,2017Q4
2613,107,3,12.79,2018Q1
2613,107,6,12.74,2018Q2
2613,107,9,12.39,2018Q3
2613,107,12,12.34,2018Q4
2613,108,3,13.15,2019Q1
2613,108,6,13.15,2019Q2
2613,108,9,13.89,2019Q3
2613,108,12,14.68,2019Q4
2613,109,3,11.01,2020Q1
2613,109,6,13.64,2020Q2
2613,109,9,16.33,2020Q3
2613,109,12,21.39,2020Q4
2613,110,3,20.01,2021Q1
2613,110,6,37.74,2021Q2
2613,110,9,31.41,2021Q3
2613,110,12,26.79,2021Q4
2613,111,3,38.73,2022Q1
2613,111,6,31.68,2022Q2
2613,111,9,28.14,2022Q3
2613,111,12,23.29,2022Q4
2613,112,3,24.02,2023Q1
2613,112,6,21.79,2023Q2
2613,112,9,21.05,2023Q3
2613,112,12,23.39,2023Q4
2613,113,3,22.37,2024Q1
2613,113,6,45.03,2024Q2
2613,113,9,36.84,2024Q3
2613,113,12,34.43,2024Q4
2613,114,3,32.6,2025Q1
2613,114,6,,2025Q2
2613,114,9,,2025Q3
2613,114,12,,2025Q4
2614,105,3,6.82,2016Q1
2614,105,6,5.45,2016Q2
2614,105,9,7.62,2016Q3
2614,105,12,7.56,2016Q4
2614,106,3,9.23,2017Q1
2614,106,6,9.27,2017Q2
2614,106,9,8.97,2017Q3
2614,106,12,9.87,2017Q4
2614,107,3,14.54,2018Q1
2614,107,6,13.25,2018Q2
2614,107,9,14.47,2018Q3
2614,107,12,13.85,2018Q4
2614,108,3,13.12,2019Q1
2614,108,6,12.22,2019Q2
2614,108,9,10.55,2019Q3
2614,108,12,11.29,2019Q4
2614,109,3,10.98,2020Q1
2614,109,6,16.06,2020Q2
2614,109,9,16.23,2020Q3
2614,109,12,17.13,2020Q4
2614,110,3,17.12,2021Q1
2614,110,6,25.33,2021Q2
2614,110,9,37.17,2021Q3
2614,110,12,32.93,2021Q4
2614,111,3,31.69,2022Q1
2614,111,6,25.45,2022Q2
2614,111,9,21.4,2022Q3
2614,111,12,23.36,2022Q4
2614,112,3,20.25,2023Q1
2614,112,6,18.52,2023Q2
2614,112,9,24.62,2023Q3
2614,112,12,23.47,2023Q4
2614,113,3,20.01,2024Q1
2614,113,6,19.77,2024Q2
2614,113,9,19.41,2024Q3
2614,113,12,17.21,2024Q4
2614,114,3,18.64,2025Q1
2614,114,6,,2025Q2
2614,114,9,,2025Q3
2614,114,12,,2025Q4
2615,105,3,19.79,2016Q1
2615,105,6,17.07,2016Q2
2615,105,9,16.28,2016Q3
2615,105,12,16.27,2016Q4
2615,106,3,18.43,2017Q1
2615,106,6,16.93,2017Q2
2615,106,9,19.64,2017Q3
2615,106,12,19.86,2017Q4
2615,107,3,18.2,2018Q1
2615,107,6,16.65,2018Q2
2615,107,9,16.81,2018Q3
2615,107,12,16.02,2018Q4
2615,108,3,16.07,2019Q1
2615,108,6,18.17,2019Q2
2615,108,9,19.45,2019Q3
2615,108,12,18.33,2019Q4
2615,109,3,13.9,2020Q1
2615,109,6,16.61,2020Q2
2615,109,9,20.6,2020Q3
2615,109,12,46.2,2020Q4
2615,110,3,51.29,2021Q1
2615,110,6,251.29,2021Q2
2615,110,9,213.49,2021Q3
2615,110,12,193.13,2021Q4
2615,111,3,176.98,2022Q1
2615,111,6,129.43,2022Q2
2615,111,9,75.41,2022Q3
2615,111,12,79.18,2022Q4
2615,112,3,74.74,2023Q1
2615,112,6,60.11,2023Q2
2615,112,9,48.98,2023Q3
2615,112,12,54.65,2023Q4
2615,113,3,46.98,2024Q1
2615,113,6,90.48,2024Q2
2615,113,9,93.16,2024Q3
2615,113,12,83.76,2024Q4
2615,114,3,84.85,2025Q1
2615,114,6,,2025Q2
2615,114,9,,2025Q3
2615,114,12,,2025Q4
2616,105,3,24.03,2016Q1
2616,105,6,24.83,2016Q2
2616,105,9,24.55,2016Q3
2616,105,12,27.75,2016Q4
2616,106,3,30.55,2017Q1
2616,106,6,33.9,2017Q2
2616,106,9,32.49,2017Q3
2616,106,12,31.95,2017Q4
2616,107,3,33.02,2018Q1
2616,107,6,33.14,2018Q2
2616,107,9,29.96,2018Q3
2616,107,12,28.97,2018Q4
2616,108,3,30.51,2019Q1
2616,108,6,29.93,2019Q2
2616,108,9,29.51,2019Q3
2616,108,12,29.81,2019Q4
2616,109,3,28.28,2020Q1
2616,109,6,30.84,2020Q2
2616,109,9,28.12,2020Q3
2616,109,12,31.76,2020Q4
2616,110,3,33.45,2021Q1
2616,110,6,38.15,2021Q2
2616,110,9,35.15,2021Q3
2616,110,12,35.04,2021Q4
2616,111,3,39.69,2022Q1
2616,111,6,34.93,2022Q2
2616,111,9,34.03,2022Q3
2616,111,12,33.2,2022Q4
2616,112,3,32.07,2023Q1
2616,112,6,32.58,2023Q2
2616,112,9,30.92,2023Q3
2616,112,12,30.75,2023Q4
2616,113,3,27.64,2024Q1
2616,113,6,24.78,2024Q2
2616,113,9,20.51,2024Q3
2616,113,12,18.0,2024Q4
2616,114,3,17.16,2025Q1
2616,114,6,,2025Q2
2616,114,9,,2025Q3
2616,114,12,,2025Q4
2617,105,3,15.15,2016Q1
2617,105,6,12.14,2016Q2
2617,105,9,12.36,2016Q3
2617,105,12,12.68,2016Q4
2617,106,3,13.78,2017Q1
2617,106,6,13.33,2017Q2
2617,106,9,15.54,2017Q3
2617,106,12,17.44,2017Q4
2617,107,3,15.62,2018Q1
2617,107,6,17.26,2018Q2
2617,107,9,18.77,2018Q3
2617,107,12,19.9,2018Q4
2617,108,3,17.96,2019Q1
2617,108,6,19.68,2019Q2
2617,108,9,20.19,2019Q3
2617,108,12,17.87,2019Q4
2617,109,3,13.93,2020Q1
2617,109,6,16.52,2020Q2
2617,109,9,17.08,2020Q3
2617,109,12,20.72,2020Q4
2617,110,3,23.09,2021Q1
2617,110,6,53.87,2021Q2
2617,110,9,46.1,2021Q3
2617,110,12,38.23,2021Q4
2617,111,3,36.9,2022Q1
2617,111,6,32.42,2022Q2
2617,111,9,27.13,2022Q3
2617,111,12,27.02,2022Q4
2617,112,3,32.51,2023Q1
2617,112,6,30.27,2023Q2
2617,112,9,29.79,2023Q3
2617,112,12,34.68,2023Q4
2617,113,3,35.36,2024Q1
2617,113,6,37.76,2024Q2
2617,113,9,31.89,2024Q3
2617,113,12,30.18,2024Q4
2617,114,3,32.27,2025Q1
2617,114,6,,2025Q2
2617,114,9,,2025Q3
2617,114,12,,2025Q4
2618,105,3,17.72,2016Q1
2618,105,6,14.7,2016Q2
2618,105,9,14.68,2016Q3
2618,105,12,14.95,2016Q4
2618,106,3,16.13,2017Q1
2618,106,6,14.77,2017Q2
2618,106,9,15.48,2017Q3
2618,106,12,15.53,2017Q4
2618,107,3,14.95,2018Q1
2618,107,6,15.04,2018Q2
2618,107,9,14.96,2018Q3
2618,107,12,15.82,2018Q4
2618,108,3,15.24,2019Q1
2618,108,6,15.11,2019Q2
2618,108,9,13.81,2019Q3
2618,108,12,13.82,2019Q4
2618,109,3,9.66,2020Q1
2618,109,6,11.66,2020Q2
2618,109,9,11.39,2020Q3
2618,109,12,13.53,2020Q4
2618,110,3,15.57,2021Q1
2618,110,6,21.11,2021Q2
2618,110,9,18.07,2021Q3
2618,110,12,27.65,2021Q4
2618,111,3,31.5,2022Q1
2618,111,6,32.03,2022Q2
2618,111,9,32.36,2022Q3
2618,111,12,28.31,2022Q4
2618,112,3,27.32,2023Q1
2618,112,6,38.51,2023Q2
2618,112,9,30.66,2023Q3
2618,112,12,31.55,2023Q4
2618,113,3,31.73,2024Q1
2618,113,6,37.08,2024Q2
2618,113,9,36.34,2024Q3
2618,113,12,45.17,2024Q4
2618,114,3,43.72,2025Q1
2618,114,6,,2025Q2
2618,114,9,,2025Q3
2618,114,12,,2025Q4
2633,105,3,,2016Q1
2633,105,6,,2016Q2
2633,105,9,,2016Q3
2633,105,12,18.62,2016Q4
2633,106,3,21.08,2017Q1
2633,106,6,25.92,2017Q2
2633,106,9,25.33,2017Q3
2633,106,12,23.4,2017Q4
2633,107,3,22.58,2018Q1
2633,107,6,23.6,2018Q2
2633,107,9,27.36,2018Q3
2633,107,12,30.69,2018Q4
2633,108,3,34.72,2019Q1
2633,108,6,45.82,2019Q2
2633,108,9,36.71,2019Q3
2633,108,12,38.06,2019Q4
2633,109,3,30.12,2020Q1
2633,109,6,37.6,2020Q2
2633,109,9,31.8,2020Q3
2633,109,12,31.01,2020Q4
2633,110,3,30.74,2021Q1
2633,110,6,29.59,2021Q2
2633,110,9,29.64,2021Q3
2633,110,12,29.5,2021Q4
2633,111,3,28.9,2022Q1
2633,111,6,27.86,2022Q2
2633,111,9,28.54,2022Q3
2633,111,12,28.75,2022Q4
2633,112,3,29.83,2023Q1
2633,112,6,32.51,2023Q2
2633,112,9,30.16,2023Q3
2633,112,12,30.33,2023Q4
2633,113,3,29.97,2024Q1
2633,113,6,30.01,2024Q2
2633,113,9,29.49,2024Q3
2633,113,12,28.03,2024Q4
2633,114,3,27.32,2025Q1
2633,114,6,,2025Q2
2633,114,9,,2025Q3
2633,114,12,,2025Q4
2634,105,3,41.11,2016Q1
2634,105,6,45.18,2016Q2
2634,105,9,44.04,2016Q3
2634,105,12,39.32,2016Q4
2634,106,3,38.52,2017Q1
2634,106,6,35.5,2017Q2
2634,106,9,33.67,2017Q3
2634,106,12,37.04,2017Q4
2634,107,3,33.96,2018Q1
2634,107,6,32.18,2018Q2
2634,107,9,30.29,2018Q3
2634,107,12,30.27,2018Q4
2634,108,3,32.65,2019Q1
2634,108,6,33.19,2019Q2
2634,108,9,32.15,2019Q3
2634,108,12,33.33,2019Q4
2634,109,3,27.94,2020Q1
2634,109,6,29.83,2020Q2
2634,109,9,30.29,2020Q3
2634,109,12,28.82,2020Q4
2634,110,3,29.55,2021Q1
2634,110,6,29.63,2021Q2
2634,110,9,27.99,2021Q3
2634,110,12,29.47,2021Q4
2634,111,3,29.59,2022Q1
2634,111,6,34.92,2022Q2
2634,111,9,35.68,2022Q3
2634,111,12,35.28,2022Q4
2634,112,3,41.0,2023Q1
2634,112,6,60.84,2023Q2
2634,112,9,59.57,2023Q3
2634,112,12,52.74,2023Q4
2634,113,3,50.85,2024Q1
2634,113,6,53.2,2024Q2
2634,113,9,47.98,2024Q3
2634,113,12,44.22,2024Q4
2634,114,3,51.74,2025Q1
2634,114,6,,2025Q2
2634,114,9,,2025Q3
2634,114,12,,2025Q4
2636,105,3,,2016Q1
2636,105,6,,2016Q2
2636,105,9,,2016Q3
2636,105,12,21.96,2016Q4
2636,106,3,21.52,2017Q1
2636,106,6,21.87,2017Q2
2636,106,9,26.43,2017Q3
2636,106,12,23.06,2017Q4
2636,107,3,24.44,2018Q1
2636,107,6,24.21,2018Q2
2636,107,9,25.58,2018Q3
2636,107,12,24.91,2018Q4
2636,108,3,26.18,2019Q1
2636,108,6,25.67,2019Q2
2636,108,9,24.02,2019Q3
2636,108,12,24.02,2019Q4
2636,109,3,19.99,2020Q1
2636,109,6,26.79,2020Q2
2636,109,9,36.59,2020Q3
2636,109,12,40.56,2020Q4
2636,110,3,49.5,2021Q1
2636,110,6,193.2,2021Q2
2636,110,9,154.91,2021Q3
2636,110,12,142.57,2021Q4
2636,111,3,144.5,2022Q1
2636,111,6,104.23,2022Q2
2636,111,9,69.93,2022Q3
2636,111,12,75.87,2022Q4
2636,112,3,77.03,2023Q1
2636,112,6,71.42,2023Q2
2636,112,9,77.14,2023Q3
2636,112,12,91.67,2023Q4
2636,113,3,94.49,2024Q1
2636,113,6,105.35,2024Q2
2636,113,9,88.07,2024Q3
2636,113,12,79.55,2024Q4
2636,114,3,79.37,2025Q1
2636,114,6,,2025Q2
2636,114,9,,2025Q3
2636,114,12,,2025Q4
2637,105,3,37.09,2016Q1
2637,105,6,36.3,2016Q2
2637,105,9,31.76,2016Q3
2637,105,12,30.65,2016Q4
2637,106,3,33.22,2017Q1
2637,106,6,30.22,2017Q2
2637,106,9,28.32,2017Q3
2637,106,12,29.1,2017Q4
2637,107,3,27.82,2018Q1
2637,107,6,29.14,2018Q2
2637,107,9,29.76,2018Q3
2637,107,12,29.31,2018Q4
2637,108,3,29.81,2019Q1
2637,108,6,30.47,2019Q2
2637,108,9,31.25,2019Q3
2637,108,12,29.46,2019Q4
2637,109,3,23.21,2020Q1
2637,109,6,24.01,2020Q2
2637,109,9,22.4,2020Q3
2637,109,12,24.12,2020Q4
2637,110,3,31.39,2021Q1
2637,110,6,88.89,2021Q2
2637,110,9,80.63,2021Q3
2637,110,12,79.4,2021Q4
2637,111,3,93.48,2022Q1
2637,111,6,82.61,2022Q2
2637,111,9,56.19,2022Q3
2637,111,12,63.06,2022Q4
2637,112,3,67.78,2023Q1
2637,112,6,50.18,2023Q2
2637,112,9,49.58,2023Q3
2637,112,12,52.71,2023Q4
2637,113,3,60.08,2024Q1
2637,113,6,72.36,2024Q2
2637,113,9,71.06,2024Q3
2637,113,12,67.54,2024Q4
2637,114,3,81.32,2025Q1
2637,114,6,,2025Q2
2637,114,9,,2025Q3
2637,114,12,,2025Q4
2642,105,3,28.2,2016Q1
2642,105,6,24.26,2016Q2
2642,105,9,26.14,2016Q3
2642,105,12,24.71,2016Q4
2642,106,3,25.05,2017Q1
2642,106,6,24.74,2017Q2
2642,106,9,32.08,2017Q3
2642,106,12,29.68,2017Q4
2642,107,3,27.82,2018Q1
2642,107,6,25.48,2018Q2
2642,107,9,24.36,2018Q3
2642,107,12,21.93,2018Q4
2642,108,3,22.33,2019Q1
2642,108,6,22.64,2019Q2
2642,108,9,28.85,2019Q3
2642,108,12,29.8,2019Q4
2642,109,3,26.8,2020Q1
2642,109,6,35.93,2020Q2
2642,109,9,34.03,2020Q3
2642,109,12,33.68,2020Q4
2642,110,3,32.43,2021Q1
2642,110,6,110.77,2021Q2
2642,110,9,82.45,2021Q3
2642,110,12,73.9,2021Q4
2642,111,3,75.1,2022Q1
2642,111,6,61.62,2022Q2
2642,111,9,49.6,2022Q3
2642,111,12,51.33,2022Q4
2642,112,3,48.36,2023Q1
2642,112,6,44.78,2023Q2
2642,112,9,41.12,2023Q3
2642,112,12,41.44,2023Q4
2642,113,3,38.12,2024Q1
2642,113,6,37.79,2024Q2
2642,113,9,33.84,2024Q3
2642,113,12,36.36,2024Q4
2642,114,3,32.51,2025Q1
2642,114,6,,2025Q2
2642,114,9,,2025Q3
2642,114,12,,2025Q4
2701,105,3,14.61,2016Q1
2701,105,6,15.42,2016Q2
2701,105,9,13.53,2016Q3
2701,105,12,12.68,2016Q4
2701,106,3,14.03,2017Q1
2701,106,6,14.04,2017Q2
2701,106,9,13.22,2017Q3
2701,106,12,13.26,2017Q4
2701,107,3,13.22,2018Q1
2701,107,6,12.91,2018Q2
2701,107,9,12.49,2018Q3
2701,107,12,12.54,2018Q4
2701,108,3,12.85,2019Q1
2701,108,6,13.26,2019Q2
2701,108,9,13.12,2019Q3
2701,108,12,13.34,2019Q4
2701,109,3,11.3,2020Q1
2701,109,6,12.31,2020Q2
2701,109,9,11.78,2020Q3
2701,109,12,12.05,2020Q4
2701,110,3,11.96,2021Q1
2701,110,6,12.74,2021Q2
2701,110,9,11.88,2021Q3
2701,110,12,12.09,2021Q4
2701,111,3,12.13,2022Q1
2701,111,6,11.95,2022Q2
2701,111,9,12.09,2022Q3
2701,111,12,12.17,2022Q4
2701,112,3,13.05,2023Q1
2701,112,6,14.63,2023Q2
2701,112,9,12.56,2023Q3
2701,112,12,12.92,2023Q4
2701,113,3,12.44,2024Q1
2701,113,6,13.23,2024Q2
2701,113,9,12.7,2024Q3
2701,113,12,12.58,2024Q4
2701,114,3,12.38,2025Q1
2701,114,6,,2025Q2
2701,114,9,,2025Q3
2701,114,12,,2025Q4
2702,105,3,16.95,2016Q1
2702,105,6,16.28,2016Q2
2702,105,9,16.9,2016Q3
2702,105,12,16.2,2016Q4
2702,106,3,16.11,2017Q1
2702,106,6,15.78,2017Q2
2702,106,9,14.37,2017Q3
2702,106,12,14.29,2017Q4
2702,107,3,14.9,2018Q1
2702,107,6,15.05,2018Q2
2702,107,9,17.17,2018Q3
2702,107,12,26.23,2018Q4
2702,108,3,21.48,2019Q1
2702,108,6,21.1,2019Q2
2702,108,9,18.61,2019Q3
2702,108,12,21.41,2019Q4
2702,109,3,12.14,2020Q1
2702,109,6,19.5,2020Q2
2702,109,9,15.74,2020Q3
2702,109,12,17.26,2020Q4
2702,110,3,17.84,2021Q1
2702,110,6,25.77,2021Q2
2702,110,9,25.51,2021Q3
2702,110,12,25.68,2021Q4
2702,111,3,25.62,2022Q1
2702,111,6,28.22,2022Q2
2702,111,9,24.95,2022Q3
2702,111,12,23.12,2022Q4
2702,112,3,25.59,2023Q1
2702,112,6,28.18,2023Q2
2702,112,9,21.18,2023Q3
2702,112,12,21.15,2023Q4
2702,113,3,19.2,2024Q1
2702,113,6,19.32,2024Q2
2702,113,9,17.34,2024Q3
2702,113,12,16.52,2024Q4
2702,114,3,16.02,2025Q1
2702,114,6,,2025Q2
2702,114,9,,2025Q3
2702,114,12,,2025Q4
2704,105,3,26.41,2016Q1
2704,105,6,27.14,2016Q2
2704,105,9,24.2,2016Q3
2704,105,12,23.49,2016Q4
2704,106,3,23.58,2017Q1
2704,106,6,23.4,2017Q2
2704,106,9,23.53,2017Q3
2704,106,12,22.95,2017Q4
2704,107,3,23.0,2018Q1
2704,107,6,22.51,2018Q2
2704,107,9,22.36,2018Q3
2704,107,12,25.46,2018Q4
2704,108,3,22.05,2019Q1
2704,108,6,22.05,2019Q2
2704,108,9,21.86,2019Q3
2704,108,12,30.8,2019Q4
2704,109,3,23.72,2020Q1
2704,109,6,28.64,2020Q2
2704,109,9,29.98,2020Q3
2704,109,12,29.95,2020Q4
2704,110,3,30.13,2021Q1
2704,110,6,29.65,2021Q2
2704,110,9,28.35,2021Q3
2704,110,12,30.92,2021Q4
2704,111,3,33.47,2022Q1
2704,111,6,31.93,2022Q2
2704,111,9,31.75,2022Q3
2704,111,12,31.8,2022Q4
2704,112,3,36.48,2023Q1
2704,112,6,52.69,2023Q2
2704,112,9,52.3,2023Q3
2704,112,12,48.91,2023Q4
2704,113,3,59.17,2024Q1
2704,113,6,72.32,2024Q2
2704,113,9,59.58,2024Q3
2704,113,12,56.49,2024Q4
2704,114,3,52.21,2025Q1
2704,114,6,,2025Q2
2704,114,9,,2025Q3
2704,114,12,,2025Q4
2705,105,3,10.35,2016Q1
2705,105,6,9.01,2016Q2
2705,105,9,8.63,2016Q3
2705,105,12,8.14,2016Q4
2705,106,3,8.57,2017Q1
2705,106,6,8.21,2017Q2
2705,106,9,8.02,2017Q3
2705,106,12,7.95,2017Q4
2705,107,3,7.54,2018Q1
2705,107,6,6.62,2018Q2
2705,107,9,6.16,2018Q3
2705,107,12,7.05,2018Q4
2705,108,3,6.29,2019Q1
2705,108,6,6.93,2019Q2
2705,108,9,7.78,2019Q3
2705,108,12,15.28,2019Q4
2705,109,3,11.07,2020Q1
2705,109,6,16.29,2020Q2
2705,109,9,17.77,2020Q3
2705,109,12,21.72,2020Q4
2705,110,3,21.27,2021Q1
2705,110,6,17.91,2021Q2
2705,110,9,18.03,2021Q3
2705,110,12,17.46,2021Q4
2705,111,3,17.71,2022Q1
2705,111,6,18.9,2022Q2
2705,111,9,16.51,2022Q3
2705,111,12,16.97,2022Q4
2705,112,3,17.99,2023Q1
2705,112,6,24.38,2023Q2
2705,112,9,17.21,2023Q3
2705,112,12,18.02,2023Q4
2705,113,3,17.29,2024Q1
2705,113,6,20.28,2024Q2
2705,113,9,17.99,2024Q3
2705,113,12,17.96,2024Q4
2705,114,3,18.14,2025Q1
2705,114,6,,2025Q2
2705,114,9,,2025Q3
2705,114,12,,2025Q4
2706,105,3,18.78,2016Q1
2706,105,6,19.04,2016Q2
2706,105,9,16.63,2016Q3
2706,105,12,16.23,2016Q4
2706,106,3,17.33,2017Q1
2706,106,6,16.86,2017Q2
2706,106,9,15.67,2017Q3
2706,106,12,15.48,2017Q4
2706,107,3,15.23,2018Q1
2706,107,6,14.89,2018Q2
2706,107,9,14.25,2018Q3
2706,107,12,14.02,2018Q4
2706,108,3,14.41,2019Q1
2706,108,6,15.49,2019Q2
2706,108,9,14.94,2019Q3
2706,108,12,15.66,2019Q4
2706,109,3,12.88,2020Q1
2706,109,6,13.99,2020Q2
2706,109,9,13.47,2020Q3
2706,109,12,13.89,2020Q4
2706,110,3,13.96,2021Q1
2706,110,6,15.54,2021Q2
2706,110,9,14.04,2021Q3
2706,110,12,14.21,2021Q4
2706,111,3,14.24,2022Q1
2706,111,6,14.24,2022Q2
2706,111,9,14.31,2022Q3
2706,111,12,14.22,2022Q4
2706,112,3,14.82,2023Q1
2706,112,6,18.75,2023Q2
2706,112,9,15.34,2023Q3
2706,112,12,15.74,2023Q4
2706,113,3,14.91,2024Q1
2706,113,6,15.87,2024Q2
2706,113,9,14.93,2024Q3
2706,113,12,14.64,2024Q4
2706,114,3,14.61,2025Q1
2706,114,6,,2025Q2
2706,114,9,,2025Q3
2706,114,12,,2025Q4
2707,105,3,205.08,2016Q1
2707,105,6,185.19,2016Q2
2707,105,9,180.2,2016Q3
2707,105,12,169.2,2016Q4
2707,106,3,161.69,2017Q1
2707,106,6,160.21,2017Q2
2707,106,9,154.24,2017Q3
2707,106,12,153.95,2017Q4
2707,107,3,152.5,2018Q1
2707,107,6,150.63,2018Q2
2707,107,9,136.71,2018Q3
2707,107,12,138.37,2018Q4
2707,108,3,144.12,2019Q1
2707,108,6,184.95,2019Q2
2707,108,9,161.41,2019Q3
2707,108,12,169.37,2019Q4
2707,109,3,118.51,2020Q1
2707,109,6,154.9,2020Q2
2707,109,9,132.34,2020Q3
2707,109,12,137.71,2020Q4
2707,110,3,154.86,2021Q1
2707,110,6,145.71,2021Q2
2707,110,9,143.9,2021Q3
2707,110,12,148.97,2021Q4
2707,111,3,170.17,2022Q1
2707,111,6,171.85,2022Q2
2707,111,9,187.44,2022Q3
2707,111,12,256.44,2022Q4
2707,112,3,290.03,2023Q1
2707,112,6,298.11,2023Q2
2707,112,9,218.0,2023Q3
2707,112,12,219.7,2023Q4
2707,113,3,221.01,2024Q1
2707,113,6,220.95,2024Q2
2707,113,9,199.86,2024Q3
2707,113,12,193.35,2024Q4
2707,114,3,209.62,2025Q1
2707,114,6,,2025Q2
2707,114,9,,2025Q3
2707,114,12,,2025Q4
2712,105,3,25.5,2016Q1
2712,105,6,25.99,2016Q2
2712,105,9,25.58,2016Q3
2712,105,12,25.74,2016Q4
2712,106,3,25.53,2017Q1
2712,106,6,25.38,2017Q2
2712,106,9,25.2,2017Q3
2712,106,12,26.05,2017Q4
2712,107,3,26.76,2018Q1
2712,107,6,27.21,2018Q2
2712,107,9,31.47,2018Q3
2712,107,12,38.18,2018Q4
2712,108,3,39.73,2019Q1
2712,108,6,43.55,2019Q2
2712,108,9,54.07,2019Q3
2712,108,12,51.21,2019Q4
2712,109,3,32.57,2020Q1
2712,109,6,51.06,2020Q2
2712,109,9,44.22,2020Q3
2712,109,12,47.92,2020Q4
2712,110,3,38.34,2021Q1
2712,110,6,35.88,2021Q2
2712,110,9,37.17,2021Q3
2712,110,12,39.44,2021Q4
2712,111,3,37.45,2022Q1
2712,111,6,35.48,2022Q2
2712,111,9,33.54,2022Q3
2712,111,12,33.2,2022Q4
2712,112,3,36.04,2023Q1
2712,112,6,41.84,2023Q2
2712,112,9,34.5,2023Q3
2712,112,12,35.06,2023Q4
2712,113,3,32.49,2024Q1
2712,113,6,30.37,2024Q2
2712,113,9,26.49,2024Q3
2712,113,12,25.15,2024Q4
2712,114,3,23.78,2025Q1
2712,114,6,,2025Q2
2712,114,9,,2025Q3
2712,114,12,,2025Q4
2722,105,3,45.13,2016Q1
2722,105,6,43.51,2016Q2
2722,105,9,42.02,2016Q3
2722,105,12,41.59,2016Q4
2722,106,3,40.2,2017Q1
2722,106,6,38.42,2017Q2
2722,106,9,34.61,2017Q3
2722,106,12,35.75,2017Q4
2722,107,3,34.24,2018Q1
2722,107,6,30.45,2018Q2
2722,107,9,29.9,2018Q3
2722,107,12,29.26,2018Q4
2722,108,3,26.99,2019Q1
2722,108,6,23.96,2019Q2
2722,108,9,24.91,2019Q3
2722,108,12,24.68,2019Q4
2722,109,3,20.89,2020Q1
2722,109,6,36.66,2020Q2
2722,109,9,28.1,2020Q3
2722,109,12,26.69,2020Q4
2722,110,3,30.22,2021Q1
2722,110,6,30.8,2021Q2
2722,110,9,32.53,2021Q3
2722,110,12,30.61,2021Q4
2722,111,3,32.37,2022Q1
2722,111,6,34.26,2022Q2
2722,111,9,33.58,2022Q3
2722,111,12,34.84,2022Q4
2722,112,3,51.33,2023Q1
2722,112,6,87.59,2023Q2
2722,112,9,51.71,2023Q3
2722,112,12,60.17,2023Q4
2722,113,3,51.5,2024Q1
2722,113,6,58.41,2024Q2
2722,113,9,41.1,2024Q3
2722,113,12,34.31,2024Q4
2722,114,3,32.07,2025Q1
2722,114,6,,2025Q2
2722,114,9,,2025Q3
2722,114,12,,2025Q4
2723,105,3,238.67,2016Q1
2723,105,6,284.81,2016Q2
2723,105,9,311.33,2016Q3
2723,105,12,261.48,2016Q4
2723,106,3,302.21,2017Q1
2723,106,6,343.57,2017Q2
2723,106,9,340.82,2017Q3
2723,106,12,411.42,2017Q4
2723,107,3,380.37,2018Q1
2723,107,6,321.47,2018Q2
2723,107,9,236.47,2018Q3
2723,107,12,222.25,2018Q4
2723,108,3,209.95,2019Q1
2723,108,6,171.66,2019Q2
2723,108,9,146.27,2019Q3
2723,108,12,123.41,2019Q4
2723,109,3,76.46,2020Q1
2723,109,6,111.99,2020Q2
2723,109,9,104.86,2020Q3
2723,109,12,151.66,2020Q4
2723,110,3,164.41,2021Q1
2723,110,6,176.75,2021Q2
2723,110,9,143.52,2021Q3
2723,110,12,114.53,2021Q4
2723,111,3,97.3,2022Q1
2723,111,6,105.54,2022Q2
2723,111,9,107.71,2022Q3
2723,111,12,140.81,2022Q4
2723,112,3,147.58,2023Q1
2723,112,6,152.26,2023Q2
2723,112,9,111.32,2023Q3
2723,112,12,99.44,2023Q4
2723,113,3,89.91,2024Q1
2723,113,6,89.45,2024Q2
2723,113,9,85.54,2024Q3
2723,113,12,98.09,2024Q4
2723,114,3,99.41,2025Q1
2723,114,6,,2025Q2
2723,114,9,,2025Q3
2723,114,12,,2025Q4
2727,105,3,146.31,2016Q1
2727,105,6,120.21,2016Q2
2727,105,9,126.2,2016Q3
2727,105,12,138.02,2016Q4
2727,106,3,141.2,2017Q1
2727,106,6,201.09,2017Q2
2727,106,9,167.65,2017Q3
2727,106,12,133.06,2017Q4
2727,107,3,130.6,2018Q1
2727,107,6,98.99,2018Q2
2727,107,9,79.45,2018Q3
2727,107,12,83.88,2018Q4
2727,108,3,87.44,2019Q1
2727,108,6,82.93,2019Q2
2727,108,9,77.72,2019Q3
2727,108,12,80.36,2019Q4
2727,109,3,60.54,2020Q1
2727,109,6,80.89,2020Q2
2727,109,9,74.76,2020Q3
2727,109,12,136.63,2020Q4
2727,110,3,173.44,2021Q1
2727,110,6,146.81,2021Q2
2727,110,9,146.11,2021Q3
2727,110,12,135.45,2021Q4
2727,111,3,123.72,2022Q1
2727,111,6,122.49,2022Q2
2727,111,9,135.18,2022Q3
2727,111,12,164.87,2022Q4
2727,112,3,291.47,2023Q1
2727,112,6,347.41,2023Q2
2727,112,9,262.38,2023Q3
2727,112,12,244.51,2023Q4
2727,113,3,241.51,2024Q1
2727,113,6,239.74,2024Q2
2727,113,9,221.43,2024Q3
2727,113,12,238.86,2024Q4
2727,114,3,235.99,2025Q1
2727,114,6,,2025Q2
2727,114,9,,2025Q3
2727,114,12,,2025Q4
2731,105,3,112.94,2016Q1
2731,105,6,92.39,2016Q2
2731,105,9,80.05,2016Q3
2731,105,12,81.65,2016Q4
2731,106,3,91.12,2017Q1
2731,106,6,105.54,2017Q2
2731,106,9,97.16,2017Q3
2731,106,12,100.0,2017Q4
2731,107,3,127.5,2018Q1
2731,107,6,116.69,2018Q2
2731,107,9,90.01,2018Q3
2731,107,12,88.44,2018Q4
2731,108,3,89.49,2019Q1
2731,108,6,85.1,2019Q2
2731,108,9,77.43,2019Q3
2731,108,12,82.87,2019Q4
2731,109,3,57.12,2020Q1
2731,109,6,79.45,2020Q2
2731,109,9,66.74,2020Q3
2731,109,12,77.44,2020Q4
2731,110,3,98.25,2021Q1
2731,110,6,90.72,2021Q2
2731,110,9,83.11,2021Q3
2731,110,12,85.09,2021Q4
2731,111,3,100.35,2022Q1
2731,111,6,102.88,2022Q2
2731,111,9,103.06,2022Q3
2731,111,12,108.23,2022Q4
2731,112,3,132.46,2023Q1
2731,112,6,184.37,2023Q2
2731,112,9,130.79,2023Q3
2731,112,12,142.87,2023Q4
2731,113,3,131.95,2024Q1
2731,113,6,154.24,2024Q2
2731,113,9,132.83,2024Q3
2731,113,12,123.87,2024Q4
2731,114,3,135.37,2025Q1
2731,114,6,,2025Q2
2731,114,9,,2025Q3
2731,114,12,,2025Q4
2739,105,3,,2016Q1
2739,105,6,43.23,2016Q2
2739,105,9,36.56,2016Q3
2739,105,12,32.14,2016Q4
2739,106,3,35.62,2017Q1
2739,106,6,40.59,2017Q2
2739,106,9,37.26,2017Q3
2739,106,12,39.8,2017Q4
2739,107,3,39.75,2018Q1
2739,107,6,31.54,2018Q2
2739,107,9,29.47,2018Q3
2739,107,12,29.86,2018Q4
2739,108,3,29.03,2019Q1
2739,108,6,28.8,2019Q2
2739,108,9,25.12,2019Q3
2739,108,12,24.83,2019Q4
2739,109,3,20.82,2020Q1
2739,109,6,26.71,2020Q2
2739,109,9,23.96,2020Q3
2739,109,12,24.79,2020Q4
2739,110,3,26.03,2021Q1
2739,110,6,24.1,2021Q2
2739,110,9,22.64,2021Q3
2739,110,12,22.64,2021Q4
2739,111,3,22.73,2022Q1
2739,111,6,23.29,2022Q2
2739,111,9,28.97,2022Q3
2739,111,12,30.14,2022Q4
2739,112,3,58.9,2023Q1
2739,112,6,75.83,2023Q2
2739,112,9,40.07,2023Q3
2739,112,12,59.98,2023Q4
2739,113,3,51.66,2024Q1
2739,113,6,64.88,2024Q2
2739,113,9,56.51,2024Q3
2739,113,12,52.85,2024Q4
2739,114,3,49.71,2025Q1
2739,114,6,,2025Q2
2739,114,9,,2025Q3
2739,114,12,,2025Q4
2748,105,3,,2016Q1
2748,105,6,,2016Q2
2748,105,9,,2016Q3
2748,105,12,48.65,2016Q4
2748,106,3,55.44,2017Q1
2748,106,6,72.94,2017Q2
2748,106,9,70.36,2017Q3
2748,106,12,65.34,2017Q4
2748,107,3,59.14,2018Q1
2748,107,6,66.49,2018Q2
2748,107,9,63.4,2018Q3
2748,107,12,62.76,2018Q4
2748,108,3,63.53,2019Q1
2748,108,6,62.6,2019Q2
2748,108,9,58.3,2019Q3
2748,108,12,50.51,2019Q4
2748,109,3,40.09,2020Q1
2748,109,6,52.91,2020Q2
2748,109,9,43.46,2020Q3
2748,109,12,41.51,2020Q4
2748,110,3,43.99,2021Q1
2748,110,6,41.1,2021Q2
2748,110,9,40.98,2021Q3
2748,110,12,39.45,2021Q4
2748,111,3,40.77,2022Q1
2748,111,6,43.49,2022Q2
2748,111,9,48.67,2022Q3
2748,111,12,60.08,2022Q4
2748,112,3,90.83,2023Q1
2748,112,6,106.98,2023Q2
2748,112,9,73.4,2023Q3
2748,112,12,81.65,2023Q4
2748,113,3,72.42,2024Q1
2748,113,6,70.1,2024Q2
2748,113,9,59.03,2024Q3
2748,113,12,62.4,2024Q4
2748,114,3,60.57,2025Q1
2748,114,6,,2025Q2
2748,114,9,,2025Q3
2748,114,12,,2025Q4
2901,105,3,27.2,2016Q1
2901,105,6,25.59,2016Q2
2901,105,9,25.57,2016Q3
2901,105,12,25.53,2016Q4
2901,106,3,25.95,2017Q1
2901,106,6,23.87,2017Q2
2901,106,9,26.27,2017Q3
2901,106,12,26.43,2017Q4
2901,107,3,25.46,2018Q1
2901,107,6,25.41,2018Q2
2901,107,9,24.62,2018Q3
2901,107,12,24.48,2018Q4
2901,108,3,24.03,2019Q1
2901,108,6,24.06,2019Q2
2901,108,9,22.8,2019Q3
2901,108,12,23.58,2019Q4
2901,109,3,22.47,2020Q1
2901,109,6,24.54,2020Q2
2901,109,9,23.68,2020Q3
2901,109,12,24.67,2020Q4
2901,110,3,28.52,2021Q1
2901,110,6,30.14,2021Q2
2901,110,9,26.16,2021Q3
2901,110,12,25.48,2021Q4
2901,111,3,25.0,2022Q1
2901,111,6,23.65,2022Q2
2901,111,9,23.72,2022Q3
2901,111,12,23.63,2022Q4
2901,112,3,24.97,2023Q1
2901,112,6,30.03,2023Q2
2901,112,9,26.16,2023Q3
2901,112,12,26.28,2023Q4
2901,113,3,26.5,2024Q1
2901,113,6,27.37,2024Q2
2901,113,9,27.18,2024Q3
2901,113,12,27.24,2024Q4
2901,114,3,27.2,2025Q1
2901,114,6,,2025Q2
2901,114,9,,2025Q3
2901,114,12,,2025Q4
2903,105,3,17.29,2016Q1
2903,105,6,16.96,2016Q2
2903,105,9,16.96,2016Q3
2903,105,12,15.9,2016Q4
2903,106,3,16.18,2017Q1
2903,106,6,15.67,2017Q2
2903,106,9,15.32,2017Q3
2903,106,12,14.87,2017Q4
2903,107,3,15.9,2018Q1
2903,107,6,19.53,2018Q2
2903,107,9,17.04,2018Q3
2903,107,12,15.55,2018Q4
2903,108,3,16.48,2019Q1
2903,108,6,20.26,2019Q2
2903,108,9,23.92,2019Q3
2903,108,12,25.41,2019Q4
2903,109,3,21.93,2020Q1
2903,109,6,25.08,2020Q2
2903,109,9,25.57,2020Q3
2903,109,12,24.21,2020Q4
2903,110,3,23.08,2021Q1
2903,110,6,22.83,2021Q2
2903,110,9,21.91,2021Q3
2903,110,12,21.26,2021Q4
2903,111,3,21.2,2022Q1
2903,111,6,20.27,2022Q2
2903,111,9,20.01,2022Q3
2903,111,12,21.22,2022Q4
2903,112,3,22.73,2023Q1
2903,112,6,24.03,2023Q2
2903,112,9,23.57,2023Q3
2903,112,12,25.04,2023Q4
2903,113,3,26.6,2024Q1
2903,113,6,33.1,2024Q2
2903,113,9,27.35,2024Q3
2903,113,12,23.78,2024Q4
2903,114,3,24.94,2025Q1
2903,114,6,,2025Q2
2903,114,9,,2025Q3
2903,114,12,,2025Q4
2904,105,3,27.83,2016Q1
2904,105,6,27.31,2016Q2
2904,105,9,25.61,2016Q3
2904,105,12,24.18,2016Q4
2904,106,3,23.97,2017Q1
2904,106,6,22.01,2017Q2
2904,106,9,20.07,2017Q3
2904,106,12,19.45,2017Q4
2904,107,3,18.14,2018Q1
2904,107,6,20.17,2018Q2
2904,107,9,19.99,2018Q3
2904,107,12,19.81,2018Q4
2904,108,3,22.09,2019Q1
2904,108,6,23.61,2019Q2
2904,108,9,24.37,2019Q3
2904,108,12,23.72,2019Q4
2904,109,3,20.1,2020Q1
2904,109,6,24.79,2020Q2
2904,109,9,24.54,2020Q3
2904,109,12,26.26,2020Q4
2904,110,3,27.99,2021Q1
2904,110,6,29.66,2021Q2
2904,110,9,27.73,2021Q3
2904,110,12,25.26,2021Q4
2904,111,3,23.5,2022Q1
2904,111,6,22.11,2022Q2
2904,111,9,19.85,2022Q3
2904,111,12,19.77,2022Q4
2904,112,3,22.22,2023Q1
2904,112,6,20.3,2023Q2
2904,112,9,19.07,2023Q3
2904,112,12,18.96,2023Q4
2904,113,3,18.23,2024Q1
2904,113,6,19.38,2024Q2
2904,113,9,18.32,2024Q3
2904,113,12,17.95,2024Q4
2904,114,3,18.59,2025Q1
2904,114,6,,2025Q2
2904,114,9,,2025Q3
2904,114,12,,2025Q4
2906,105,3,12.14,2016Q1
2906,105,6,11.56,2016Q2
2906,105,9,10.85,2016Q3
2906,105,12,10.45,2016Q4
2906,106,3,12.82,2017Q1
2906,106,6,11.71,2017Q2
2906,106,9,11.26,2017Q3
2906,106,12,11.04,2017Q4
2906,107,3,10.84,2018Q1
2906,107,6,11.92,2018Q2
2906,107,9,10.38,2018Q3
2906,107,12,9.53,2018Q4
2906,108,3,10.05,2019Q1
2906,108,6,10.88,2019Q2
2906,108,9,11.6,2019Q3
2906,108,12,11.39,2019Q4
2906,109,3,10.57,2020Q1
2906,109,6,12.7,2020Q2
2906,109,9,13.9,2020Q3
2906,109,12,14.97,2020Q4
2906,110,3,16.46,2021Q1
2906,110,6,15.6,2021Q2
2906,110,9,15.33,2021Q3
2906,110,12,15.45,2021Q4
2906,111,3,26.56,2022Q1
2906,111,6,18.93,2022Q2
2906,111,9,17.37,2022Q3
2906,111,12,18.71,2022Q4
2906,112,3,17.88,2023Q1
2906,112,6,18.59,2023Q2
2906,112,9,18.19,2023Q3
2906,112,12,18.31,2023Q4
2906,113,3,19.88,2024Q1
2906,113,6,21.2,2024Q2
2906,113,9,18.87,2024Q3
2906,113,12,17.53,2024Q4
2906,114,3,17.0,2025Q1
2906,114,6,,2025Q2
2906,114,9,,2025Q3
2906,114,12,,2025Q4
2908,105,3,19.99,2016Q1
2908,105,6,20.71,2016Q2
2908,105,9,19.3,2016Q3
2908,105,12,19.48,2016Q4
2908,106,3,20.08,2017Q1
2908,106,6,21.59,2017Q2
2908,106,9,22.6,2017Q3
2908,106,12,22.52,2017Q4
2908,107,3,22.93,2018Q1
2908,107,6,23.41,2018Q2
2908,107,9,22.95,2018Q3
2908,107,12,22.13,2018Q4
2908,108,3,21.95,2019Q1
2908,108,6,22.15,2019Q2
2908,108,9,21.68,2019Q3
2908,108,12,20.72,2019Q4
2908,109,3,18.75,2020Q1
2908,109,6,20.37,2020Q2
2908,109,9,23.31,2020Q3
2908,109,12,26.44,2020Q4
2908,110,3,26.22,2021Q1
2908,110,6,26.65,2021Q2
2908,110,9,24.11,2021Q3
2908,110,12,21.16,2021Q4
2908,111,3,21.38,2022Q1
2908,111,6,21.88,2022Q2
2908,111,9,21.01,2022Q3
2908,111,12,19.84,2022Q4
2908,112,3,20.68,2023Q1
2908,112,6,20.69,2023Q2
2908,112,9,20.13,2023Q3
2908,112,12,20.75,2023Q4
2908,113,3,20.56,2024Q1
2908,113,6,20.97,2024Q2
2908,113,9,20.42,2024Q3
2908,113,12,20.08,2024Q4
2908,114,3,20.57,2025Q1
2908,114,6,,2025Q2
2908,114,9,,2025Q3
2908,114,12,,2025Q4
2910,105,3,23.56,2016Q1
2910,105,6,23.14,2016Q2
2910,105,9,23.65,2016Q3
2910,105,12,32.9,2016Q4
2910,106,3,26.6,2017Q1
2910,106,6,27.82,2017Q2
2910,106,9,27.99,2017Q3
2910,106,12,27.83,2017Q4
2910,107,3,27.35,2018Q1
2910,107,6,28.45,2018Q2
2910,107,9,30.47,2018Q3
2910,107,12,26.4,2018Q4
2910,108,3,26.82,2019Q1
2910,108,6,27.45,2019Q2
2910,108,9,27.31,2019Q3
2910,108,12,29.53,2019Q4
2910,109,3,27.71,2020Q1
2910,109,6,32.51,2020Q2
2910,109,9,31.37,2020Q3
2910,109,12,40.62,2020Q4
2910,110,3,33.35,2021Q1
2910,110,6,32.46,2021Q2
2910,110,9,34.9,2021Q3
2910,110,12,38.5,2021Q4
2910,111,3,30.77,2022Q1
2910,111,6,31.4,2022Q2
2910,111,9,31.27,2022Q3
2910,111,12,31.33,2022Q4
2910,112,3,30.26,2023Q1
2910,112,6,30.61,2023Q2
2910,112,9,27.44,2023Q3
2910,112,12,28.21,2023Q4
2910,113,3,27.37,2024Q1
2910,113,6,27.23,2024Q2
2910,113,9,27.68,2024Q3
2910,113,12,25.26,2024Q4
2910,114,3,24.02,2025Q1
2910,114,6,,2025Q2
2910,114,9,,2025Q3
2910,114,12,,2025Q4
2911,105,3,16.61,2016Q1
2911,105,6,13.58,2016Q2
2911,105,9,13.04,2016Q3
2911,105,12,11.45,2016Q4
2911,106,3,11.27,2017Q1
2911,106,6,10.54,2017Q2
2911,106,9,11.97,2017Q3
2911,106,12,11.86,2017Q4
2911,107,3,12.29,2018Q1
2911,107,6,13.11,2018Q2
2911,107,9,10.78,2018Q3
2911,107,12,9.7,2018Q4
2911,108,3,9.12,2019Q1
2911,108,6,7.62,2019Q2
2911,108,9,7.22,2019Q3
2911,108,12,7.45,2019Q4
2911,109,3,5.94,2020Q1
2911,109,6,6.48,2020Q2
2911,109,9,6.56,2020Q3
2911,109,12,7.61,2020Q4
2911,110,3,7.13,2021Q1
2911,110,6,9.45,2021Q2
2911,110,9,7.96,2021Q3
2911,110,12,8.11,2021Q4
2911,111,3,7.65,2022Q1
2911,111,6,6.95,2022Q2
2911,111,9,6.75,2022Q3
2911,111,12,7.5,2022Q4
2911,112,3,7.45,2023Q1
2911,112,6,7.34,2023Q2
2911,112,9,6.88,2023Q3
2911,112,12,6.61,2023Q4
2911,113,3,7.47,2024Q1
2911,113,6,6.98,2024Q2
2911,113,9,8.88,2024Q3
2911,113,12,8.45,2024Q4
2911,114,3,6.41,2025Q1
2911,114,6,,2025Q2
2911,114,9,,2025Q3
2911,114,12,,2025Q4
2912,105,3,227.04,2016Q1
2912,105,6,245.34,2016Q2
2912,105,9,251.05,2016Q3
2912,105,12,233.31,2016Q4
2912,106,3,234.99,2017Q1
2912,106,6,273.22,2017Q2
2912,106,9,251.59,2017Q3
2912,106,12,277.69,2017Q4
2912,107,3,294.04,2018Q1
2912,107,6,328.83,2018Q2
2912,107,9,348.73,2018Q3
2912,107,12,313.92,2018Q4
2912,108,3,299.11,2019Q1
2912,108,6,303.4,2019Q2
2912,108,9,294.04,2019Q3
2912,108,12,304.92,2019Q4
2912,109,3,280.89,2020Q1
2912,109,6,296.8,2020Q2
2912,109,9,263.46,2020Q3
2912,109,12,266.7,2020Q4
2912,110,3,274.22,2021Q1
2912,110,6,262.78,2021Q2
2912,110,9,276.75,2021Q3
2912,110,12,273.67,2021Q4
2912,111,3,262.02,2022Q1
2912,111,6,266.7,2022Q2
2912,111,9,278.52,2022Q3
2912,111,12,269.9,2022Q4
2912,112,3,268.68,2023Q1
2912,112,6,284.26,2023Q2
2912,112,9,266.33,2023Q3
2912,112,12,267.84,2023Q4
2912,113,3,267.86,2024Q1
2912,113,6,273.5,2024Q2
2912,113,9,292.52,2024Q3
2912,113,12,266.95,2024Q4
2912,114,3,259.21,2025Q1
2912,114,6,,2025Q2
2912,114,9,,2025Q3
2912,114,12,,2025Q4
2913,105,3,14.73,2016Q1
2913,105,6,15.28,2016Q2
2913,105,9,14.87,2016Q3
2913,105,12,14.27,2016Q4
2913,106,3,16.37,2017Q1
2913,106,6,16.72,2017Q2
2913,106,9,16.03,2017Q3
2913,106,12,15.29,2017Q4
2913,107,3,14.79,2018Q1
2913,107,6,15.08,2018Q2
2913,107,9,15.6,2018Q3
2913,107,12,17.81,2018Q4
2913,108,3,16.63,2019Q1
2913,108,6,16.72,2019Q2
2913,108,9,16.47,2019Q3
2913,108,12,16.27,2019Q4
2913,109,3,13.23,2020Q1
2913,109,6,15.54,2020Q2
2913,109,9,16.72,2020Q3
2913,109,12,17.72,2020Q4
2913,110,3,17.14,2021Q1
2913,110,6,21.4,2021Q2
2913,110,9,20.9,2021Q3
2913,110,12,19.74,2021Q4
2913,111,3,19.73,2022Q1
2913,111,6,19.21,2022Q2
2913,111,9,20.7,2022Q3
2913,111,12,22.87,2022Q4
2913,112,3,21.91,2023Q1
2913,112,6,23.67,2023Q2
2913,112,9,22.05,2023Q3
2913,112,12,22.26,2023Q4
2913,113,3,20.56,2024Q1
2913,113,6,21.83,2024Q2
2913,113,9,21.44,2024Q3
2913,113,12,20.62,2024Q4
2913,114,3,18.81,2025Q1
2913,114,6,,2025Q2
2913,114,9,,2025Q3
2913,114,12,,2025Q4
2915,105,3,56.75,2016Q1
2915,105,6,47.18,2016Q2
2915,105,9,49.16,2016Q3
2915,105,12,56.27,2016Q4
2915,106,3,54.39,2017Q1
2915,106,6,44.38,2017Q2
2915,106,9,46.84,2017Q3
2915,106,12,48.8,2017Q4
2915,107,3,56.07,2018Q1
2915,107,6,63.04,2018Q2
2915,107,9,58.71,2018Q3
2915,107,12,84.87,2018Q4
2915,108,3,80.77,2019Q1
2915,108,6,74.42,2019Q2
2915,108,9,69.72,2019Q3
2915,108,12,73.85,2019Q4
2915,109,3,66.24,2020Q1
2915,109,6,68.77,2020Q2
2915,109,9,66.56,2020Q3
2915,109,12,69.36,2020Q4
2915,110,3,79.24,2021Q1
2915,110,6,84.76,2021Q2
2915,110,9,128.71,2021Q3
2915,110,12,95.51,2021Q4
2915,111,3,111.72,2022Q1
2915,111,6,82.31,2022Q2
2915,111,9,54.58,2022Q3
2915,111,12,67.63,2022Q4
2915,112,3,59.75,2023Q1
2915,112,6,60.03,2023Q2
2915,112,9,60.23,2023Q3
2915,112,12,63.25,2023Q4
2915,113,3,59.44,2024Q1
2915,113,6,69.0,2024Q2
2915,113,9,78.63,2024Q3
2915,113,12,73.15,2024Q4
2915,114,3,64.36,2025Q1
2915,114,6,,2025Q2
2915,114,9,,2025Q3
2915,114,12,,2025Q4
2923,105,3,23.34,2016Q1
2923,105,6,20.43,2016Q2
2923,105,9,22.8,2016Q3
2923,105,12,20.64,2016Q4
2923,106,3,20.91,2017Q1
2923,106,6,20.52,2017Q2
2923,106,9,18.67,2017Q3
2923,106,12,18.35,2017Q4
2923,107,3,18.7,2018Q1
2923,107,6,20.28,2018Q2
2923,107,9,20.07,2018Q3
2923,107,12,20.18,2018Q4
2923,108,3,19.57,2019Q1
2923,108,6,27.13,2019Q2
2923,108,9,24.43,2019Q3
2923,108,12,26.49,2019Q4
2923,109,3,21.92,2020Q1
2923,109,6,25.2,2020Q2
2923,109,9,24.53,2020Q3
2923,109,12,28.03,2020Q4
2923,110,3,37.4,2021Q1
2923,110,6,28.4,2021Q2
2923,110,9,26.62,2021Q3
2923,110,12,27.35,2021Q4
2923,111,3,25.82,2022Q1
2923,111,6,25.54,2022Q2
2923,111,9,21.56,2022Q3
2923,111,12,22.22,2022Q4
2923,112,3,23.33,2023Q1
2923,112,6,26.64,2023Q2
2923,112,9,22.54,2023Q3
2923,112,12,27.19,2023Q4
2923,113,3,24.75,2024Q1
2923,113,6,30.9,2024Q2
2923,113,9,31.85,2024Q3
2923,113,12,26.74,2024Q4
2923,114,3,23.26,2025Q1
2923,114,6,,2025Q2
2923,114,9,,2025Q3
2923,114,12,,2025Q4
2929,105,3,133.75,2016Q1
2929,105,6,132.73,2016Q2
2929,105,9,159.65,2016Q3
2929,105,12,105.87,2016Q4
2929,106,3,107.88,2017Q1
2929,106,6,101.55,2017Q2
2929,106,9,107.05,2017Q3
2929,106,12,113.04,2017Q4
2929,107,3,104.53,2018Q1
2929,107,6,107.03,2018Q2
2929,107,9,97.93,2018Q3
2929,107,12,85.98,2018Q4
2929,108,3,85.8,2019Q1
2929,108,6,85.33,2019Q2
2929,108,9,98.21,2019Q3
2929,108,12,89.57,2019Q4
2929,109,3,61.66,2020Q1
2929,109,6,55.54,2020Q2
2929,109,9,35.81,2020Q3
2929,109,12,18.04,2020Q4
2929,110,3,12.81,2021Q1
2929,110,6,17.46,2021Q2
2929,110,9,14.0,2021Q3
2929,110,12,12.12,2021Q4
2929,111,3,9.84,2022Q1
2929,111,6,14.2,2022Q2
2929,111,9,11.25,2022Q3
2929,111,12,16.56,2022Q4
2929,112,3,15.76,2023Q1
2929,112,6,12.49,2023Q2
2929,112,9,11.7,2023Q3
2929,112,12,12.73,2023Q4
2929,113,3,10.15,2024Q1
2929,113,6,9.43,2024Q2
2929,113,9,9.88,2024Q3
2929,113,12,15.52,2024Q4
2929,114,3,13.8,2025Q1
2929,114,6,,2025Q2
2929,114,9,,2025Q3
2929,114,12,,2025Q4
3002,105,3,10.18,2016Q1
3002,105,6,10.03,2016Q2
3002,105,9,10.12,2016Q3
3002,105,12,10.45,2016Q4
3002,106,3,11.78,2017Q1
3002,106,6,14.78,2017Q2
3002,106,9,13.47,2017Q3
3002,106,12,13.08,2017Q4
3002,107,3,12.75,2018Q1
3002,107,6,10.57,2018Q2
3002,107,9,10.51,2018Q3
3002,107,12,9.82,2018Q4
3002,108,3,9.82,2019Q1
3002,108,6,9.98,2019Q2
3002,108,9,10.86,2019Q3
3002,108,12,11.9,2019Q4
3002,109,3,9.05,2020Q1
3002,109,6,10.98,2020Q2
3002,109,9,11.4,2020Q3
3002,109,12,13.54,2020Q4
3002,110,3,12.09,2021Q1
3002,110,6,11.81,2021Q2
3002,110,9,11.31,2021Q3
3002,110,12,12.51,2021Q4
3002,111,3,11.86,2022Q1
3002,111,6,12.75,2022Q2
3002,111,9,12.52,2022Q3
3002,111,12,11.71,2022Q4
3002,112,3,11.93,2023Q1
3002,112,6,13.99,2023Q2
3002,112,9,13.07,2023Q3
3002,112,12,13.76,2023Q4
3002,113,3,15.6,2024Q1
3002,113,6,15.88,2024Q2
3002,113,9,15.3,2024Q3
3002,113,12,14.61,2024Q4
3002,114,3,15.1,2025Q1
3002,114,6,,2025Q2
3002,114,9,,2025Q3
3002,114,12,,2025Q4
3003,105,3,39.15,2016Q1
3003,105,6,37.31,2016Q2
3003,105,9,38.53,2016Q3
3003,105,12,36.21,2016Q4
3003,106,3,43.91,2017Q1
3003,106,6,48.93,2017Q2
3003,106,9,67.31,2017Q3
3003,106,12,62.89,2017Q4
3003,107,3,55.16,2018Q1
3003,107,6,54.13,2018Q2
3003,107,9,46.03,2018Q3
3003,107,12,43.77,2018Q4
3003,108,3,45.4,2019Q1
3003,108,6,40.71,2019Q2
3003,108,9,42.03,2019Q3
3003,108,12,48.69,2019Q4
3003,109,3,32.21,2020Q1
3003,109,6,41.93,2020Q2
3003,109,9,42.12,2020Q3
3003,109,12,45.81,2020Q4
3003,110,3,58.62,2021Q1
3003,110,6,81.34,2021Q2
3003,110,9,92.05,2021Q3
3003,110,12,92.89,2021Q4
3003,111,3,86.94,2022Q1
3003,111,6,75.31,2022Q2
3003,111,9,77.52,2022Q3
3003,111,12,72.78,2022Q4
3003,112,3,72.82,2023Q1
3003,112,6,84.34,2023Q2
3003,112,9,73.28,2023Q3
3003,112,12,72.48,2023Q4
3003,113,3,69.71,2024Q1
3003,113,6,78.39,2024Q2
3003,113,9,96.06,2024Q3
3003,113,12,78.78,2024Q4
3003,114,3,67.44,2025Q1
3003,114,6,,2025Q2
3003,114,9,,2025Q3
3003,114,12,,2025Q4
3004,105,3,62.21,2016Q1
3004,105,6,64.07,2016Q2
3004,105,9,59.36,2016Q3
3004,105,12,49.61,2016Q4
3004,106,3,51.29,2017Q1
3004,106,6,51.31,2017Q2
3004,106,9,48.47,2017Q3
3004,106,12,51.79,2017Q4
3004,107,3,52.42,2018Q1
3004,107,6,58.66,2018Q2
3004,107,9,55.74,2018Q3
3004,107,12,60.41,2018Q4
3004,108,3,99.52,2019Q1
3004,108,6,88.94,2019Q2
3004,108,9,99.7,2019Q3
3004,108,12,91.93,2019Q4
3004,109,3,56.01,2020Q1
3004,109,6,61.59,2020Q2
3004,109,9,52.51,2020Q3
3004,109,12,57.42,2020Q4
3004,110,3,62.37,2021Q1
3004,110,6,64.66,2021Q2
3004,110,9,55.61,2021Q3
3004,110,12,57.93,2021Q4
3004,111,3,58.2,2022Q1
3004,111,6,60.86,2022Q2
3004,111,9,73.7,2022Q3
3004,111,12,72.32,2022Q4
3004,112,3,88.06,2023Q1
3004,112,6,97.62,2023Q2
3004,112,9,102.98,2023Q3
3004,112,12,93.11,2023Q4
3004,113,3,105.82,2024Q1
3004,113,6,103.64,2024Q2
3004,113,9,92.41,2024Q3
3004,113,12,92.66,2024Q4
3004,114,3,103.67,2025Q1
3004,114,6,,2025Q2
3004,114,9,,2025Q3
3004,114,12,,2025Q4
3005,105,3,22.05,2016Q1
3005,105,6,22.75,2016Q2
3005,105,9,33.3,2016Q3
3005,105,12,38.02,2016Q4
3005,106,3,44.39,2017Q1
3005,106,6,40.24,2017Q2
3005,106,9,42.44,2017Q3
3005,106,12,43.08,2017Q4
3005,107,3,43.45,2018Q1
3005,107,6,45.77,2018Q2
3005,107,9,39.9,2018Q3
3005,107,12,39.73,2018Q4
3005,108,3,50.49,2019Q1
3005,108,6,46.73,2019Q2
3005,108,9,47.45,2019Q3
3005,108,12,46.85,2019Q4
3005,109,3,45.89,2020Q1
3005,109,6,43.01,2020Q2
3005,109,9,47.39,2020Q3
3005,109,12,48.7,2020Q4
3005,110,3,61.23,2021Q1
3005,110,6,52.96,2021Q2
3005,110,9,52.56,2021Q3
3005,110,12,54.1,2021Q4
3005,111,3,55.14,2022Q1
3005,111,6,43.22,2022Q2
3005,111,9,44.93,2022Q3
3005,111,12,43.34,2022Q4
3005,112,3,55.48,2023Q1
3005,112,6,70.55,2023Q2
3005,112,9,77.08,2023Q3
3005,112,12,106.98,2023Q4
3005,113,3,137.46,2024Q1
3005,113,6,115.04,2024Q2
3005,113,9,110.19,2024Q3
3005,113,12,106.94,2024Q4
3005,114,3,117.15,2025Q1
3005,114,6,,2025Q2
3005,114,9,,2025Q3
3005,114,12,,2025Q4
3006,105,3,29.41,2016Q1
3006,105,6,28.67,2016Q2
3006,105,9,32.95,2016Q3
3006,105,12,33.65,2016Q4
3006,106,3,33.32,2017Q1
3006,106,6,38.76,2017Q2
3006,106,9,43.01,2017Q3
3006,106,12,42.31,2017Q4
3006,107,3,46.66,2018Q1
3006,107,6,41.94,2018Q2
3006,107,9,33.52,2018Q3
3006,107,12,31.57,2018Q4
3006,108,3,32.86,2019Q1
3006,108,6,31.24,2019Q2
3006,108,9,34.06,2019Q3
3006,108,12,37.39,2019Q4
3006,109,3,31.26,2020Q1
3006,109,6,40.71,2020Q2
3006,109,9,37.61,2020Q3
3006,109,12,58.76,2020Q4
3006,110,3,93.19,2021Q1
3006,110,6,140.8,2021Q2
3006,110,9,135.0,2021Q3
3006,110,12,166.69,2021Q4
3006,111,3,168.26,2022Q1
3006,111,6,106.61,2022Q2
3006,111,9,69.34,2022Q3
3006,111,12,71.19,2022Q4
3006,112,3,80.23,2023Q1
3006,112,6,86.47,2023Q2
3006,112,9,82.91,2023Q3
3006,112,12,98.56,2023Q4
3006,113,3,92.84,2024Q1
3006,113,6,100.12,2024Q2
3006,113,9,71.94,2024Q3
3006,113,12,63.39,2024Q4
3006,114,3,66.11,2025Q1
3006,114,6,,2025Q2
3006,114,9,,2025Q3
3006,114,12,,2025Q4
3008,105,3,2601.79,2016Q1
3008,105,6,2941.38,2016Q2
3008,105,9,3663.61,2016Q3
3008,105,12,3701.02,2016Q4
3008,106,3,4619.75,2017Q1
3008,106,6,4833.69,2017Q2
3008,106,9,5604.64,2017Q3
3008,106,12,4365.94,2017Q4
3008,107,3,3670.78,2018Q1
3008,107,6,4496.01,2018Q2
3008,107,9,4110.25,2018Q3
3008,107,12,3271.71,2018Q4
3008,108,3,4599.37,2019Q1
3008,108,6,3682.1,2019Q2
3008,108,9,4102.81,2019Q3
3008,108,12,4826.39,2019Q4
3008,109,3,3925.68,2020Q1
3008,109,6,4149.53,2020Q2
3008,109,9,3519.37,2020Q3
3008,109,12,3323.08,2020Q4
3008,110,3,3379.7,2021Q1
3008,110,6,3041.8,2021Q2
3008,110,9,2395.37,2021Q3
3008,110,12,2273.57,2021Q4
3008,111,3,1969.25,2022Q1
3008,111,6,1729.95,2022Q2
3008,111,9,1876.34,2022Q3
3008,111,12,2220.05,2022Q4
3008,112,3,2329.03,2023Q1
3008,112,6,2206.82,2023Q2
3008,112,9,2096.93,2023Q3
3008,112,12,2614.78,2023Q4
3008,113,3,2516.7,2024Q1
3008,113,6,2547.6,2024Q2
3008,113,9,2728.54,2024Q3
3008,113,12,2553.23,2024Q4
3008,114,3,2549.22,2025Q1
3008,114,6,,2025Q2
3008,114,9,,2025Q3
3008,114,12,,2025Q4
3010,105,3,45.12,2016Q1
3010,105,6,46.4,2016Q2
3010,105,9,46.28,2016Q3
3010,105,12,46.49,2016Q4
3010,106,3,49.31,2017Q1
3010,106,6,50.67,2017Q2
3010,106,9,50.41,2017Q3
3010,106,12,55.3,2017Q4
3010,107,3,58.24,2018Q1
3010,107,6,56.02,2018Q2
3010,107,9,55.09,2018Q3
3010,107,12,50.09,2018Q4
3010,108,3,52.08,2019Q1
3010,108,6,54.12,2019Q2
3010,108,9,53.53,2019Q3
3010,108,12,57.14,2019Q4
3010,109,3,49.1,2020Q1
3010,109,6,55.8,2020Q2
3010,109,9,56.65,2020Q3
3010,109,12,77.05,2020Q4
3010,110,3,82.1,2021Q1
3010,110,6,79.81,2021Q2
3010,110,9,84.35,2021Q3
3010,110,12,99.93,2021Q4
3010,111,3,108.18,2022Q1
3010,111,6,95.66,2022Q2
3010,111,9,87.65,2022Q3
3010,111,12,85.67,2022Q4
3010,112,3,88.03,2023Q1
3010,112,6,86.58,2023Q2
3010,112,9,93.29,2023Q3
3010,112,12,99.32,2023Q4
3010,113,3,111.17,2024Q1
3010,113,6,134.18,2024Q2
3010,113,9,128.11,2024Q3
3010,113,12,126.04,2024Q4
3010,114,3,107.48,2025Q1
3010,114,6,,2025Q2
3010,114,9,,2025Q3
3010,114,12,,2025Q4
3011,105,3,8.29,2016Q1
3011,105,6,7.74,2016Q2
3011,105,9,7.58,2016Q3
3011,105,12,7.32,2016Q4
3011,106,3,9.84,2017Q1
3011,106,6,7.77,2017Q2
3011,106,9,7.83,2017Q3
3011,106,12,7.16,2017Q4
3011,107,3,8.33,2018Q1
3011,107,6,10.21,2018Q2
3011,107,9,9.54,2018Q3
3011,107,12,7.87,2018Q4
3011,108,3,8.01,2019Q1
3011,108,6,7.12,2019Q2
3011,108,9,6.96,2019Q3
3011,108,12,6.47,2019Q4
3011,109,3,4.73,2020Q1
3011,109,6,5.77,2020Q2
3011,109,9,6.68,2020Q3
3011,109,12,6.89,2020Q4
3011,110,3,7.88,2021Q1
3011,110,6,7.75,2021Q2
3011,110,9,11.49,2021Q3
3011,110,12,11.83,2021Q4
3011,111,3,14.68,2022Q1
3011,111,6,19.31,2022Q2
3011,111,9,16.02,2022Q3
3011,111,12,17.23,2022Q4
3011,112,3,22.4,2023Q1
3011,112,6,30.26,2023Q2
3011,112,9,37.86,2023Q3
3011,112,12,37.56,2023Q4
3011,113,3,31.15,2024Q1
3011,113,6,30.47,2024Q2
3011,113,9,29.08,2024Q3
3011,113,12,24.59,2024Q4
3011,114,3,17.57,2025Q1
3011,114,6,,2025Q2
3011,114,9,,2025Q3
3011,114,12,,2025Q4
3013,105,3,16.6,2016Q1
3013,105,6,13.96,2016Q2
3013,105,9,19.28,2016Q3
3013,105,12,17.96,2016Q4
3013,106,3,21.05,2017Q1
3013,106,6,20.16,2017Q2
3013,106,9,20.18,2017Q3
3013,106,12,21.75,2017Q4
3013,107,3,20.14,2018Q1
3013,107,6,17.33,2018Q2
3013,107,9,16.48,2018Q3
3013,107,12,14.74,2018Q4
3013,108,3,17.77,2019Q1
3013,108,6,15.14,2019Q2
3013,108,9,14.06,2019Q3
3013,108,12,14.65,2019Q4
3013,109,3,11.05,2020Q1
3013,109,6,12.91,2020Q2
3013,109,9,13.7,2020Q3
3013,109,12,14.59,2020Q4
3013,110,3,14.24,2021Q1
3013,110,6,13.3,2021Q2
3013,110,9,12.7,2021Q3
3013,110,12,15.3,2021Q4
3013,111,3,13.27,2022Q1
3013,111,6,14.82,2022Q2
3013,111,9,15.57,2022Q3
3013,111,12,20.34,2022Q4
3013,112,3,22.86,2023Q1
3013,112,6,29.45,2023Q2
3013,112,9,43.68,2023Q3
3013,112,12,49.86,2023Q4
3013,113,3,59.18,2024Q1
3013,113,6,93.1,2024Q2
3013,113,9,124.74,2024Q3
3013,113,12,141.76,2024Q4
3013,114,3,134.32,2025Q1
3013,114,6,,2025Q2
3013,114,9,,2025Q3
3013,114,12,,2025Q4
3014,105,3,29.97,2016Q1
3014,105,6,28.71,2016Q2
3014,105,9,30.23,2016Q3
3014,105,12,30.1,2016Q4
3014,106,3,35.55,2017Q1
3014,106,6,37.8,2017Q2
3014,106,9,33.89,2017Q3
3014,106,12,36.2,2017Q4
3014,107,3,37.64,2018Q1
3014,107,6,37.43,2018Q2
3014,107,9,34.72,2018Q3
3014,107,12,31.56,2018Q4
3014,108,3,35.27,2019Q1
3014,108,6,34.37,2019Q2
3014,108,9,38.85,2019Q3
3014,108,12,44.26,2019Q4
3014,109,3,43.42,2020Q1
3014,109,6,60.76,2020Q2
3014,109,9,73.76,2020Q3
3014,109,12,69.79,2020Q4
3014,110,3,92.52,2021Q1
3014,110,6,126.14,2021Q2
3014,110,9,106.45,2021Q3
3014,110,12,106.33,2021Q4
3014,111,3,112.66,2022Q1
3014,111,6,93.24,2022Q2
3014,111,9,63.44,2022Q3
3014,111,12,73.68,2022Q4
3014,112,3,88.43,2023Q1
3014,112,6,117.38,2023Q2
3014,112,9,163.5,2023Q3
3014,112,12,154.02,2023Q4
3014,113,3,173.26,2024Q1
3014,113,6,173.27,2024Q2
3014,113,9,138.26,2024Q3
3014,113,12,145.78,2024Q4
3014,114,3,150.35,2025Q1
3014,114,6,,2025Q2
3014,114,9,,2025Q3
3014,114,12,,2025Q4
3015,105,3,23.18,2016Q1
3015,105,6,23.27,2016Q2
3015,105,9,24.6,2016Q3
3015,105,12,23.2,2016Q4
3015,106,3,25.01,2017Q1
3015,106,6,23.48,2017Q2
3015,106,9,22.08,2017Q3
3015,106,12,24.36,2017Q4
3015,107,3,25.76,2018Q1
3015,107,6,25.57,2018Q2
3015,107,9,21.95,2018Q3
3015,107,12,18.39,2018Q4
3015,108,3,21.69,2019Q1
3015,108,6,19.85,2019Q2
3015,108,9,19.35,2019Q3
3015,108,12,21.53,2019Q4
3015,109,3,17.79,2020Q1
3015,109,6,23.83,2020Q2
3015,109,9,34.09,2020Q3
3015,109,12,41.83,2020Q4
3015,110,3,48.84,2021Q1
3015,110,6,46.49,2021Q2
3015,110,9,39.44,2021Q3
3015,110,12,44.82,2021Q4
3015,111,3,43.66,2022Q1
3015,111,6,40.31,2022Q2
3015,111,9,38.69,2022Q3
3015,111,12,38.27,2022Q4
3015,112,3,45.15,2023Q1
3015,112,6,51.14,2023Q2
3015,112,9,49.7,2023Q3
3015,112,12,52.23,2023Q4
3015,113,3,57.96,2024Q1
3015,113,6,66.8,2024Q2
3015,113,9,60.39,2024Q3
3015,113,12,67.24,2024Q4
3015,114,3,66.34,2025Q1
3015,114,6,,2025Q2
3015,114,9,,2025Q3
3015,114,12,,2025Q4
3016,105,3,24.36,2016Q1
3016,105,6,21.87,2016Q2
3016,105,9,19.72,2016Q3
3016,105,12,19.13,2016Q4
3016,106,3,25.18,2017Q1
3016,106,6,22.77,2017Q2
3016,106,9,24.97,2017Q3
3016,106,12,33.14,2017Q4
3016,107,3,35.75,2018Q1
3016,107,6,77.61,2018Q2
3016,107,9,52.33,2018Q3
3016,107,12,48.68,2018Q4
3016,108,3,55.02,2019Q1
3016,108,6,44.45,2019Q2
3016,108,9,50.63,2019Q3
3016,108,12,52.73,2019Q4
3016,109,3,51.51,2020Q1
3016,109,6,71.7,2020Q2
3016,109,9,69.5,2020Q3
3016,109,12,71.88,2020Q4
3016,110,3,70.77,2021Q1
3016,110,6,71.76,2021Q2
3016,110,9,91.48,2021Q3
3016,110,12,138.71,2021Q4
3016,111,3,117.65,2022Q1
3016,111,6,97.64,2022Q2
3016,111,9,84.59,2022Q3
3016,111,12,76.33,2022Q4
3016,112,3,72.05,2023Q1
3016,112,6,65.55,2023Q2
3016,112,9,60.66,2023Q3
3016,112,12,63.66,2023Q4
3016,113,3,59.39,2024Q1
3016,113,6,65.49,2024Q2
3016,113,9,58.28,2024Q3
3016,113,12,49.43,2024Q4
3016,114,3,40.71,2025Q1
3016,114,6,,2025Q2
3016,114,9,,2025Q3
3016,114,12,,2025Q4
3017,105,3,29.85,2016Q1
3017,105,6,24.12,2016Q2
3017,105,9,25.02,2016Q3
3017,105,12,25.22,2016Q4
3017,106,3,26.93,2017Q1
3017,106,6,26.44,2017Q2
3017,106,9,27.97,2017Q3
3017,106,12,32.54,2017Q4
3017,107,3,30.1,2018Q1
3017,107,6,30.93,2018Q2
3017,107,9,28.32,2018Q3
3017,107,12,24.87,2018Q4
3017,108,3,34.04,2019Q1
3017,108,6,37.02,2019Q2
3017,108,9,41.58,2019Q3
3017,108,12,40.81,2019Q4
3017,109,3,31.04,2020Q1
3017,109,6,41.15,2020Q2
3017,109,9,67.43,2020Q3
3017,109,12,69.64,2020Q4
3017,110,3,65.15,2021Q1
3017,110,6,77.81,2021Q2
3017,110,9,79.01,2021Q3
3017,110,12,89.22,2021Q4
3017,111,3,114.79,2022Q1
3017,111,6,102.75,2022Q2
3017,111,9,111.49,2022Q3
3017,111,12,117.58,2022Q4
3017,112,3,132.7,2023Q1
3017,112,6,228.91,2023Q2
3017,112,9,310.18,2023Q3
3017,112,12,307.75,2023Q4
3017,113,3,587.92,2024Q1
3017,113,6,706.97,2024Q2
3017,113,9,562.1,2024Q3
3017,113,12,669.59,2024Q4
3017,114,3,547.24,2025Q1
3017,114,6,,2025Q2
3017,114,9,,2025Q3
3017,114,12,,2025Q4
3018,105,3,16.73,2016Q1
3018,105,6,15.48,2016Q2
3018,105,9,16.74,2016Q3
3018,105,12,18.24,2016Q4
3018,106,3,25.59,2017Q1
3018,106,6,43.76,2017Q2
3018,106,9,70.27,2017Q3
3018,106,12,74.33,2017Q4
3018,107,3,84.64,2018Q1
3018,107,6,79.04,2018Q2
3018,107,9,34.19,2018Q3
3018,107,12,34.63,2018Q4
3018,108,3,31.08,2019Q1
3018,108,6,27.31,2019Q2
3018,108,9,25.66,2019Q3
3018,108,12,23.5,2019Q4
3018,109,3,19.85,2020Q1
3018,109,6,18.65,2020Q2
3018,109,9,21.79,2020Q3
3018,109,12,18.44,2020Q4
3018,110,3,18.53,2021Q1
3018,110,6,16.13,2021Q2
3018,110,9,17.74,2021Q3
3018,110,12,20.11,2021Q4
3018,111,3,20.09,2022Q1
3018,111,6,12.77,2022Q2
3018,111,9,9.92,2022Q3
3018,111,12,,2022Q4
3018,112,3,,2023Q1
3018,112,6,8.1,2023Q2
3018,112,9,8.82,2023Q3
3018,112,12,14.59,2023Q4
3018,113,3,14.65,2024Q1
3018,113,6,15.96,2024Q2
3018,113,9,30.08,2024Q3
3018,113,12,28.3,2024Q4
3018,114,3,26.33,2025Q1
3018,114,6,,2025Q2
3018,114,9,,2025Q3
3018,114,12,,2025Q4
3019,105,3,30.09,2016Q1
3019,105,6,26.35,2016Q2
3019,105,9,31.22,2016Q3
3019,105,12,30.63,2016Q4
3019,106,3,53.13,2017Q1
3019,106,6,54.15,2017Q2
3019,106,9,120.21,2017Q3
3019,106,12,103.32,2017Q4
3019,107,3,108.52,2018Q1
3019,107,6,105.26,2018Q2
3019,107,9,71.75,2018Q3
3019,107,12,66.98,2018Q4
3019,108,3,89.49,2019Q1
3019,108,6,81.62,2019Q2
3019,108,9,82.49,2019Q3
3019,108,12,95.74,2019Q4
3019,109,3,67.49,2020Q1
3019,109,6,71.39,2020Q2
3019,109,9,65.92,2020Q3
3019,109,12,75.44,2020Q4
3019,110,3,89.66,2021Q1
3019,110,6,88.5,2021Q2
3019,110,9,81.6,2021Q3
3019,110,12,97.07,2021Q4
3019,111,3,78.39,2022Q1
3019,111,6,66.1,2022Q2
3019,111,9,61.04,2022Q3
3019,111,12,63.89,2022Q4
3019,112,3,69.6,2023Q1
3019,112,6,67.54,2023Q2
3019,112,9,64.41,2023Q3
3019,112,12,70.59,2023Q4
3019,113,3,64.85,2024Q1
3019,113,6,70.02,2024Q2
3019,113,9,120.28,2024Q3
3019,113,12,145.32,2024Q4
3019,114,3,165.27,2025Q1
3019,114,6,,2025Q2
3019,114,9,,2025Q3
3019,114,12,,2025Q4
3021,105,3,11.91,2016Q1
3021,105,6,12.23,2016Q2
3021,105,9,13.04,2016Q3
3021,105,12,12.61,2016Q4
3021,106,3,13.31,2017Q1
3021,106,6,15.16,2017Q2
3021,106,9,17.71,2017Q3
3021,106,12,14.49,2017Q4
3021,107,3,14.92,2018Q1
3021,107,6,15.99,2018Q2
3021,107,9,15.13,2018Q3
3021,107,12,14.35,2018Q4
3021,108,3,15.6,2019Q1
3021,108,6,14.78,2019Q2
3021,108,9,15.44,2019Q3
3021,108,12,15.72,2019Q4
3021,109,3,11.84,2020Q1
3021,109,6,13.05,2020Q2
3021,109,9,17.15,2020Q3
3021,109,12,14.96,2020Q4
3021,110,3,22.86,2021Q1
3021,110,6,21.64,2021Q2
3021,110,9,23.31,2021Q3
3021,110,12,25.61,2021Q4
3021,111,3,23.37,2022Q1
3021,111,6,21.43,2022Q2
3021,111,9,22.79,2022Q3
3021,111,12,20.36,2022Q4
3021,112,3,22.02,2023Q1
3021,112,6,22.74,2023Q2
3021,112,9,23.85,2023Q3
3021,112,12,20.66,2023Q4
3021,113,3,25.21,2024Q1
3021,113,6,24.75,2024Q2
3021,113,9,29.03,2024Q3
3021,113,12,31.82,2024Q4
3021,114,3,22.92,2025Q1
3021,114,6,,2025Q2
3021,114,9,,2025Q3
3021,114,12,,2025Q4
3022,105,3,39.62,2016Q1
3022,105,6,38.54,2016Q2
3022,105,9,44.7,2016Q3
3022,105,12,46.5,2016Q4
3022,106,3,50.16,2017Q1
3022,106,6,47.48,2017Q2
3022,106,9,45.52,2017Q3
3022,106,12,40.51,2017Q4
3022,107,3,38.92,2018Q1
3022,107,6,38.16,2018Q2
3022,107,9,37.65,2018Q3
3022,107,12,34.09,2018Q4
3022,108,3,34.06,2019Q1
3022,108,6,32.7,2019Q2
3022,108,9,51.59,2019Q3
3022,108,12,53.16,2019Q4
3022,109,3,33.28,2020Q1
3022,109,6,43.97,2020Q2
3022,109,9,44.62,2020Q3
3022,109,12,53.16,2020Q4
3022,110,3,58.19,2021Q1
3022,110,6,50.28,2021Q2
3022,110,9,45.18,2021Q3
3022,110,12,45.38,2021Q4
3022,111,3,46.02,2022Q1
3022,111,6,45.12,2022Q2
3022,111,9,68.54,2022Q3
3022,111,12,76.48,2022Q4
3022,112,3,82.14,2023Q1
3022,112,6,94.67,2023Q2
3022,112,9,80.7,2023Q3
3022,112,12,84.82,2023Q4
3022,113,3,82.0,2024Q1
3022,113,6,85.56,2024Q2
3022,113,9,76.4,2024Q3
3022,113,12,79.4,2024Q4
3022,114,3,106.17,2025Q1
3022,114,6,,2025Q2
3022,114,9,,2025Q3
3022,114,12,,2025Q4
3023,105,3,64.9,2016Q1
3023,105,6,74.12,2016Q2
3023,105,9,71.94,2016Q3
3023,105,12,68.89,2016Q4
3023,106,3,74.22,2017Q1
3023,106,6,70.84,2017Q2
3023,106,9,78.58,2017Q3
3023,106,12,85.06,2017Q4
3023,107,3,78.94,2018Q1
3023,107,6,83.55,2018Q2
3023,107,9,87.19,2018Q3
3023,107,12,80.91,2018Q4
3023,108,3,95.99,2019Q1
3023,108,6,110.23,2019Q2
3023,108,9,128.5,2019Q3
3023,108,12,122.63,2019Q4
3023,109,3,113.72,2020Q1
3023,109,6,151.61,2020Q2
3023,109,9,184.82,2020Q3
3023,109,12,207.74,2020Q4
3023,110,3,267.77,2021Q1
3023,110,6,273.88,2021Q2
3023,110,9,225.25,2021Q3
3023,110,12,272.17,2021Q4
3023,111,3,255.45,2022Q1
3023,111,6,259.85,2022Q2
3023,111,9,272.11,2022Q3
3023,111,12,276.45,2022Q4
3023,112,3,312.68,2023Q1
3023,112,6,361.74,2023Q2
3023,112,9,313.81,2023Q3
3023,112,12,294.3,2023Q4
3023,113,3,269.53,2024Q1
3023,113,6,292.26,2024Q2
3023,113,9,296.51,2024Q3
3023,113,12,259.56,2024Q4
3023,114,3,284.37,2025Q1
3023,114,6,,2025Q2
3023,114,9,,2025Q3
3023,114,12,,2025Q4
3024,105,3,3.77,2016Q1
3024,105,6,3.09,2016Q2
3024,105,9,5.96,2016Q3
3024,105,12,7.23,2016Q4
3024,106,3,9.97,2017Q1
3024,106,6,8.54,2017Q2
3024,106,9,7.25,2017Q3
3024,106,12,6.37,2017Q4
3024,107,3,6.78,2018Q1
3024,107,6,7.27,2018Q2
3024,107,9,8.0,2018Q3
3024,107,12,6.2,2018Q4
3024,108,3,6.75,2019Q1
3024,108,6,6.75,2019Q2
3024,108,9,6.6,2019Q3
3024,108,12,8.69,2019Q4
3024,109,3,6.61,2020Q1
3024,109,6,9.26,2020Q2
3024,109,9,12.91,2020Q3
3024,109,12,11.84,2020Q4
3024,110,3,11.73,2021Q1
3024,110,6,13.97,2021Q2
3024,110,9,12.96,2021Q3
3024,110,12,14.13,2021Q4
3024,111,3,12.74,2022Q1
3024,111,6,12.29,2022Q2
3024,111,9,13.84,2022Q3
3024,111,12,13.55,2022Q4
3024,112,3,14.63,2023Q1
3024,112,6,15.78,2023Q2
3024,112,9,16.28,2023Q3
3024,112,12,18.34,2023Q4
3024,113,3,17.49,2024Q1
3024,113,6,22.13,2024Q2
3024,113,9,19.51,2024Q3
3024,113,12,20.88,2024Q4
3024,114,3,17.19,2025Q1
3024,114,6,,2025Q2
3024,114,9,,2025Q3
3024,114,12,,2025Q4
3025,105,3,11.8,2016Q1
3025,105,6,10.07,2016Q2
3025,105,9,12.6,2016Q3
3025,105,12,11.53,2016Q4
3025,106,3,11.55,2017Q1
3025,106,6,15.85,2017Q2
3025,106,9,21.83,2017Q3
3025,106,12,19.13,2017Q4
3025,107,3,17.42,2018Q1
3025,107,6,30.17,2018Q2
3025,107,9,28.8,2018Q3
3025,107,12,19.0,2018Q4
3025,108,3,21.67,2019Q1
3025,108,6,21.09,2019Q2
3025,108,9,22.39,2019Q3
3025,108,12,21.92,2019Q4
3025,109,3,15.46,2020Q1
3025,109,6,18.42,2020Q2
3025,109,9,19.85,2020Q3
3025,109,12,39.7,2020Q4
3025,110,3,33.93,2021Q1
3025,110,6,25.04,2021Q2
3025,110,9,20.08,2021Q3
3025,110,12,23.97,2021Q4
3025,111,3,20.76,2022Q1
3025,111,6,19.09,2022Q2
3025,111,9,22.39,2022Q3
3025,111,12,22.62,2022Q4
3025,112,3,26.87,2023Q1
3025,112,6,44.25,2023Q2
3025,112,9,42.66,2023Q3
3025,112,12,52.02,2023Q4
3025,113,3,70.25,2024Q1
3025,113,6,75.61,2024Q2
3025,113,9,65.51,2024Q3
3025,113,12,78.97,2024Q4
3025,114,3,64.14,2025Q1
3025,114,6,,2025Q2
3025,114,9,,2025Q3
3025,114,12,,2025Q4
3026,105,3,34.89,2016Q1
3026,105,6,33.29,2016Q2
3026,105,9,31.96,2016Q3
3026,105,12,31.88,2016Q4
3026,106,3,38.27,2017Q1
3026,106,6,41.07,2017Q2
3026,106,9,40.95,2017Q3
3026,106,12,99.98,2017Q4
3026,107,3,120.26,2018Q1
3026,107,6,225.91,2018Q2
3026,107,9,152.51,2018Q3
3026,107,12,114.9,2018Q4
3026,108,3,119.58,2019Q1
3026,108,6,101.48,2019Q2
3026,108,9,90.81,2019Q3
3026,108,12,108.94,2019Q4
3026,109,3,91.05,2020Q1
3026,109,6,124.76,2020Q2
3026,109,9,103.94,2020Q3
3026,109,12,118.38,2020Q4
3026,110,3,126.04,2021Q1
3026,110,6,137.36,2021Q2
3026,110,9,118.08,2021Q3
3026,110,12,119.19,2021Q4
3026,111,3,118.16,2022Q1
3026,111,6,106.38,2022Q2
3026,111,9,87.58,2022Q3
3026,111,12,90.12,2022Q4
3026,112,3,98.62,2023Q1
3026,112,6,106.32,2023Q2
3026,112,9,99.78,2023Q3
3026,112,12,98.64,2023Q4
3026,113,3,95.91,2024Q1
3026,113,6,97.36,2024Q2
3026,113,9,89.45,2024Q3
3026,113,12,87.54,2024Q4
3026,114,3,91.17,2025Q1
3026,114,6,,2025Q2
3026,114,9,,2025Q3
3026,114,12,,2025Q4
3027,105,3,14.02,2016Q1
3027,105,6,14.13,2016Q2
3027,105,9,14.15,2016Q3
3027,105,12,12.38,2016Q4
3027,106,3,15.09,2017Q1
3027,106,6,12.66,2017Q2
3027,106,9,11.8,2017Q3
3027,106,12,10.57,2017Q4
3027,107,3,10.65,2018Q1
3027,107,6,9.76,2018Q2
3027,107,9,8.83,2018Q3
3027,107,12,9.09,2018Q4
3027,108,3,10.11,2019Q1
3027,108,6,8.08,2019Q2
3027,108,9,7.64,2019Q3
3027,108,12,8.67,2019Q4
3027,109,3,6.23,2020Q1
3027,109,6,8.92,2020Q2
3027,109,9,20.62,2020Q3
3027,109,12,21.79,2020Q4
3027,110,3,23.59,2021Q1
3027,110,6,23.18,2021Q2
3027,110,9,23.56,2021Q3
3027,110,12,22.62,2021Q4
3027,111,3,21.92,2022Q1
3027,111,6,18.08,2022Q2
3027,111,9,25.1,2022Q3
3027,111,12,35.25,2022Q4
3027,112,3,45.47,2023Q1
3027,112,6,50.43,2023Q2
3027,112,9,41.94,2023Q3
3027,112,12,42.31,2023Q4
3027,113,3,45.52,2024Q1
3027,113,6,39.87,2024Q2
3027,113,9,35.05,2024Q3
3027,113,12,32.11,2024Q4
3027,114,3,33.73,2025Q1
3027,114,6,,2025Q2
3027,114,9,,2025Q3
3027,114,12,,2025Q4
3028,105,3,18.06,2016Q1
3028,105,6,18.47,2016Q2
3028,105,9,16.88,2016Q3
3028,105,12,16.96,2016Q4
3028,106,3,18.17,2017Q1
3028,106,6,18.93,2017Q2
3028,106,9,18.45,2017Q3
3028,106,12,20.12,2017Q4
3028,107,3,22.58,2018Q1
3028,107,6,25.76,2018Q2
3028,107,9,22.01,2018Q3
3028,107,12,21.18,2018Q4
3028,108,3,22.87,2019Q1
3028,108,6,22.98,2019Q2
3028,108,9,21.36,2019Q3
3028,108,12,20.83,2019Q4
3028,109,3,17.79,2020Q1
3028,109,6,19.35,2020Q2
3028,109,9,20.16,2020Q3
3028,109,12,21.98,2020Q4
3028,110,3,25.91,2021Q1
3028,110,6,28.78,2021Q2
3028,110,9,28.69,2021Q3
3028,110,12,33.39,2021Q4
3028,111,3,38.35,2022Q1
3028,111,6,35.96,2022Q2
3028,111,9,27.7,2022Q3
3028,111,12,28.52,2022Q4
3028,112,3,31.45,2023Q1
3028,112,6,34.95,2023Q2
3028,112,9,31.36,2023Q3
3028,112,12,34.55,2023Q4
3028,113,3,35.84,2024Q1
3028,113,6,35.74,2024Q2
3028,113,9,30.91,2024Q3
3028,113,12,29.75,2024Q4
3028,114,3,33.27,2025Q1
3028,114,6,,2025Q2
3028,114,9,,2025Q3
3028,114,12,,2025Q4
3029,105,3,18.97,2016Q1
3029,105,6,16.75,2016Q2
3029,105,9,17.19,2016Q3
3029,105,12,18.0,2016Q4
3029,106,3,19.89,2017Q1
3029,106,6,17.81,2017Q2
3029,106,9,19.91,2017Q3
3029,106,12,19.2,2017Q4
3029,107,3,22.3,2018Q1
3029,107,6,24.05,2018Q2
3029,107,9,20.01,2018Q3
3029,107,12,20.25,2018Q4
3029,108,3,24.44,2019Q1
3029,108,6,28.7,2019Q2
3029,108,9,34.45,2019Q3
3029,108,12,30.16,2019Q4
3029,109,3,29.35,2020Q1
3029,109,6,37.86,2020Q2
3029,109,9,40.75,2020Q3
3029,109,12,38.97,2020Q4
3029,110,3,45.34,2021Q1
3029,110,6,46.18,2021Q2
3029,110,9,46.61,2021Q3
3029,110,12,43.38,2021Q4
3029,111,3,47.5,2022Q1
3029,111,6,40.34,2022Q2
3029,111,9,40.76,2022Q3
3029,111,12,40.38,2022Q4
3029,112,3,55.27,2023Q1
3029,112,6,63.43,2023Q2
3029,112,9,60.97,2023Q3
3029,112,12,65.79,2023Q4
3029,113,3,76.45,2024Q1
3029,113,6,85.52,2024Q2
3029,113,9,92.04,2024Q3
3029,113,12,146.78,2024Q4
3029,114,3,146.08,2025Q1
3029,114,6,,2025Q2
3029,114,9,,2025Q3
3029,114,12,,2025Q4
3030,105,3,49.07,2016Q1
3030,105,6,45.34,2016Q2
3030,105,9,40.41,2016Q3
3030,105,12,38.72,2016Q4
3030,106,3,43.27,2017Q1
3030,106,6,39.94,2017Q2
3030,106,9,41.98,2017Q3
3030,106,12,42.6,2017Q4
3030,107,3,53.82,2018Q1
3030,107,6,72.48,2018Q2
3030,107,9,48.44,2018Q3
3030,107,12,47.02,2018Q4
3030,108,3,54.71,2019Q1
3030,108,6,50.37,2019Q2
3030,108,9,49.83,2019Q3
3030,108,12,51.95,2019Q4
3030,109,3,45.73,2020Q1
3030,109,6,57.18,2020Q2
3030,109,9,60.37,2020Q3
3030,109,12,57.47,2020Q4
3030,110,3,58.45,2021Q1
3030,110,6,58.31,2021Q2
3030,110,9,56.28,2021Q3
3030,110,12,57.27,2021Q4
3030,111,3,66.18,2022Q1
3030,111,6,64.78,2022Q2
3030,111,9,62.35,2022Q3
3030,111,12,65.27,2022Q4
3030,112,3,63.28,2023Q1
3030,112,6,62.77,2023Q2
3030,112,9,62.07,2023Q3
3030,112,12,61.94,2023Q4
3030,113,3,79.3,2024Q1
3030,113,6,173.78,2024Q2
3030,113,9,145.07,2024Q3
3030,113,12,124.67,2024Q4
3030,114,3,120.49,2025Q1
3030,114,6,,2025Q2
3030,114,9,,2025Q3
3030,114,12,,2025Q4
3031,105,3,9.25,2016Q1
3031,105,6,8.44,2016Q2
3031,105,9,10.63,2016Q3
3031,105,12,12.61,2016Q4
3031,106,3,17.37,2017Q1
3031,106,6,17.46,2017Q2
3031,106,9,17.31,2017Q3
3031,106,12,17.0,2017Q4
3031,107,3,17.12,2018Q1
3031,107,6,17.02,2018Q2
3031,107,9,11.78,2018Q3
3031,107,12,11.15,2018Q4
3031,108,3,12.31,2019Q1
3031,108,6,11.85,2019Q2
3031,108,9,14.75,2019Q3
3031,108,12,16.93,2019Q4
3031,109,3,11.95,2020Q1
3031,109,6,14.92,2020Q2
3031,109,9,14.47,2020Q3
3031,109,12,15.16,2020Q4
3031,110,3,16.73,2021Q1
3031,110,6,18.9,2021Q2
3031,110,9,25.13,2021Q3
3031,110,12,26.07,2021Q4
3031,111,3,21.39,2022Q1
3031,111,6,19.11,2022Q2
3031,111,9,15.91,2022Q3
3031,111,12,15.73,2022Q4
3031,112,3,17.62,2023Q1
3031,112,6,21.4,2023Q2
3031,112,9,17.46,2023Q3
3031,112,12,18.59,2023Q4
3031,113,3,19.95,2024Q1
3031,113,6,22.27,2024Q2
3031,113,9,20.85,2024Q3
3031,113,12,22.33,2024Q4
3031,114,3,22.01,2025Q1
3031,114,6,,2025Q2
3031,114,9,,2025Q3
3031,114,12,,2025Q4
3032,105,3,35.53,2016Q1
3032,105,6,38.55,2016Q2
3032,105,9,41.08,2016Q3
3032,105,12,39.09,2016Q4
3032,106,3,41.25,2017Q1
3032,106,6,47.05,2017Q2
3032,106,9,41.27,2017Q3
3032,106,12,38.94,2017Q4
3032,107,3,33.5,2018Q1
3032,107,6,33.97,2018Q2
3032,107,9,29.58,2018Q3
3032,107,12,26.2,2018Q4
3032,108,3,27.88,2019Q1
3032,108,6,27.19,2019Q2
3032,108,9,25.65,2019Q3
3032,108,12,28.13,2019Q4
3032,109,3,22.96,2020Q1
3032,109,6,30.4,2020Q2
3032,109,9,44.53,2020Q3
3032,109,12,44.6,2020Q4
3032,110,3,48.18,2021Q1
3032,110,6,42.07,2021Q2
3032,110,9,31.66,2021Q3
3032,110,12,32.67,2021Q4
3032,111,3,31.0,2022Q1
3032,111,6,28.55,2022Q2
3032,111,9,29.71,2022Q3
3032,111,12,29.83,2022Q4
3032,112,3,40.1,2023Q1
3032,112,6,60.43,2023Q2
3032,112,9,68.16,2023Q3
3032,112,12,70.16,2023Q4
3032,113,3,79.04,2024Q1
3032,113,6,73.21,2024Q2
3032,113,9,70.63,2024Q3
3032,113,12,92.73,2024Q4
3032,114,3,93.01,2025Q1
3032,114,6,,2025Q2
3032,114,9,,2025Q3
3032,114,12,,2025Q4
3033,105,3,20.09,2016Q1
3033,105,6,19.16,2016Q2
3033,105,9,17.27,2016Q3
3033,105,12,16.95,2016Q4
3033,106,3,17.94,2017Q1
3033,106,6,17.43,2017Q2
3033,106,9,16.73,2017Q3
3033,106,12,19.48,2017Q4
3033,107,3,22.31,2018Q1
3033,107,6,23.25,2018Q2
3033,107,9,21.04,2018Q3
3033,107,12,18.86,2018Q4
3033,108,3,19.95,2019Q1
3033,108,6,19.76,2019Q2
3033,108,9,18.04,2019Q3
3033,108,12,17.74,2019Q4
3033,109,3,13.47,2020Q1
3033,109,6,15.36,2020Q2
3033,109,9,18.24,2020Q3
3033,109,12,19.3,2020Q4
3033,110,3,20.82,2021Q1
3033,110,6,24.12,2021Q2
3033,110,9,27.86,2021Q3
3033,110,12,31.21,2021Q4
3033,111,3,32.43,2022Q1
3033,111,6,29.93,2022Q2
3033,111,9,26.4,2022Q3
3033,111,12,26.76,2022Q4
3033,112,3,29.26,2023Q1
3033,112,6,33.4,2023Q2
3033,112,9,28.49,2023Q3
3033,112,12,28.81,2023Q4
3033,113,3,32.04,2024Q1
3033,113,6,38.19,2024Q2
3033,113,9,34.36,2024Q3
3033,113,12,34.6,2024Q4
3033,114,3,35.97,2025Q1
3033,114,6,,2025Q2
3033,114,9,,2025Q3
3033,114,12,,2025Q4
3034,105,3,130.43,2016Q1
3034,105,6,111.9,2016Q2
3034,105,9,110.81,2016Q3
3034,105,12,106.42,2016Q4
3034,106,3,115.87,2017Q1
3034,106,6,122.73,2017Q2
3034,106,9,114.93,2017Q3
3034,106,12,113.89,2017Q4
3034,107,3,133.98,2018Q1
3034,107,6,142.57,2018Q2
3034,107,9,150.8,2018Q3
3034,107,12,140.41,2018Q4
3034,108,3,180.61,2019Q1
3034,108,6,163.87,2019Q2
3034,108,9,187.18,2019Q3
3034,108,12,222.97,2019Q4
3034,109,3,175.27,2020Q1
3034,109,6,219.21,2020Q2
3034,109,9,250.95,2020Q3
3034,109,12,325.56,2020Q4
3034,110,3,518.91,2021Q1
3034,110,6,503.43,2021Q2
3034,110,9,434.75,2021Q3
3034,110,12,515.63,2021Q4
3034,111,3,452.3,2022Q1
3034,111,6,352.52,2022Q2
3034,111,9,243.19,2022Q3
3034,111,12,305.34,2022Q4
3034,112,3,423.27,2023Q1
3034,112,6,448.4,2023Q2
3034,112,9,434.6,2023Q3
3034,112,12,509.6,2023Q4
3034,113,3,594.34,2024Q1
3034,113,6,608.12,2024Q2
3034,113,9,521.16,2024Q3
3034,113,12,490.06,2024Q4
3034,114,3,548.48,2025Q1
3034,114,6,,2025Q2
3034,114,9,,2025Q3
3034,114,12,,2025Q4
3035,105,3,46.06,2016Q1
3035,105,6,34.34,2016Q2
3035,105,9,32.43,2016Q3
3035,105,12,29.77,2016Q4
3035,106,3,37.37,2017Q1
3035,106,6,39.02,2017Q2
3035,106,9,44.82,2017Q3
3035,106,12,61.71,2017Q4
3035,107,3,73.54,2018Q1
3035,107,6,63.09,2018Q2
3035,107,9,67.15,2018Q3
3035,107,12,41.53,2018Q4
3035,108,3,44.99,2019Q1
3035,108,6,48.08,2019Q2
3035,108,9,60.01,2019Q3
3035,108,12,55.56,2019Q4
3035,109,3,36.85,2020Q1
3035,109,6,44.32,2020Q2
3035,109,9,44.41,2020Q3
3035,109,12,52.03,2020Q4
3035,110,3,51.38,2021Q1
3035,110,6,74.79,2021Q2
3035,110,9,111.09,2021Q3
3035,110,12,219.11,2021Q4
3035,111,3,292.13,2022Q1
3035,111,6,211.32,2022Q2
3035,111,9,156.53,2022Q3
3035,111,12,164.7,2022Q4
3035,112,3,196.72,2023Q1
3035,112,6,194.47,2023Q2
3035,112,9,336.43,2023Q3
3035,112,12,369.32,2023Q4
3035,113,3,371.34,2024Q1
3035,113,6,320.76,2024Q2
3035,113,9,266.55,2024Q3
3035,113,12,237.29,2024Q4
3035,114,3,237.28,2025Q1
3035,114,6,,2025Q2
3035,114,9,,2025Q3
3035,114,12,,2025Q4
3036,105,3,38.76,2016Q1
3036,105,6,40.37,2016Q2
3036,105,9,43.29,2016Q3
3036,105,12,42.75,2016Q4
3036,106,3,45.41,2017Q1
3036,106,6,45.28,2017Q2
3036,106,9,48.56,2017Q3
3036,106,12,45.52,2017Q4
3036,107,3,46.54,2018Q1
3036,107,6,45.2,2018Q2
3036,107,9,43.06,2018Q3
3036,107,12,39.45,2018Q4
3036,108,3,40.1,2019Q1
3036,108,6,39.22,2019Q2
3036,108,9,39.16,2019Q3
3036,108,12,41.71,2019Q4
3036,109,3,36.53,2020Q1
3036,109,6,39.1,2020Q2
3036,109,9,37.64,2020Q3
3036,109,12,40.55,2020Q4
3036,110,3,45.8,2021Q1
3036,110,6,54.52,2021Q2
3036,110,9,61.88,2021Q3
3036,110,12,67.55,2021Q4
3036,111,3,83.37,2022Q1
3036,111,6,74.98,2022Q2
3036,111,9,60.72,2022Q3
3036,111,12,62.67,2022Q4
3036,112,3,66.0,2023Q1
3036,112,6,67.42,2023Q2
3036,112,9,98.62,2023Q3
3036,112,12,115.55,2023Q4
3036,113,3,159.68,2024Q1
3036,113,6,119.52,2024Q2
3036,113,9,106.96,2024Q3
3036,113,12,108.57,2024Q4
3036,114,3,105.8,2025Q1
3036,114,6,,2025Q2
3036,114,9,,2025Q3
3036,114,12,,2025Q4
3037,105,3,16.48,2016Q1
3037,105,6,14.19,2016Q2
3037,105,9,13.22,2016Q3
3037,105,12,12.33,2016Q4
3037,106,3,15.65,2017Q1
3037,106,6,17.84,2017Q2
3037,106,9,17.32,2017Q3
3037,106,12,17.09,2017Q4
3037,107,3,19.66,2018Q1
3037,107,6,17.65,2018Q2
3037,107,9,19.3,2018Q3
3037,107,12,23.07,2018Q4
3037,108,3,27.63,2019Q1
3037,108,6,32.94,2019Q2
3037,108,9,44.36,2019Q3
3037,108,12,43.59,2019Q4
3037,109,3,33.09,2020Q1
3037,109,6,45.63,2020Q2
3037,109,9,75.92,2020Q3
3037,109,12,85.22,2020Q4
3037,110,3,90.85,2021Q1
3037,110,6,127.86,2021Q2
3037,110,9,143.94,2021Q3
3037,110,12,225.5,2021Q4
3037,111,3,234.6,2022Q1
3037,111,6,177.1,2022Q2
3037,111,9,130.86,2022Q3
3037,111,12,143.38,2022Q4
3037,112,3,139.51,2023Q1
3037,112,6,178.29,2023Q2
3037,112,9,183.16,2023Q3
3037,112,12,176.9,2023Q4
3037,113,3,187.4,2024Q1
3037,113,6,185.01,2024Q2
3037,113,9,147.43,2024Q3
3037,113,12,146.09,2024Q4
3037,114,3,107.56,2025Q1
3037,114,6,,2025Q2
3037,114,9,,2025Q3
3037,114,12,,2025Q4
3038,105,3,13.14,2016Q1
3038,105,6,11.58,2016Q2
3038,105,9,10.44,2016Q3
3038,105,12,10.01,2016Q4
3038,106,3,11.56,2017Q1
3038,106,6,9.85,2017Q2
3038,106,9,10.48,2017Q3
3038,106,12,9.82,2017Q4
3038,107,3,10.1,2018Q1
3038,107,6,9.4,2018Q2
3038,107,9,9.8,2018Q3
3038,107,12,9.63,2018Q4
3038,108,3,14.44,2019Q1
3038,108,6,15.5,2019Q2
3038,108,9,19.71,2019Q3
3038,108,12,17.94,2019Q4
3038,109,3,14.6,2020Q1
3038,109,6,20.83,2020Q2
3038,109,9,19.12,2020Q3
3038,109,12,19.19,2020Q4
3038,110,3,19.86,2021Q1
3038,110,6,21.36,2021Q2
3038,110,9,17.69,2021Q3
3038,110,12,19.38,2021Q4
3038,111,3,19.08,2022Q1
3038,111,6,20.17,2022Q2
3038,111,9,21.02,2022Q3
3038,111,12,21.04,2022Q4
3038,112,3,24.43,2023Q1
3038,112,6,39.1,2023Q2
3038,112,9,32.14,2023Q3
3038,112,12,30.8,2023Q4
3038,113,3,33.71,2024Q1
3038,113,6,32.18,2024Q2
3038,113,9,26.5,2024Q3
3038,113,12,27.63,2024Q4
3038,114,3,28.22,2025Q1
3038,114,6,,2025Q2
3038,114,9,,2025Q3
3038,114,12,,2025Q4
3040,105,3,32.68,2016Q1
3040,105,6,30.42,2016Q2
3040,105,9,27.51,2016Q3
3040,105,12,37.48,2016Q4
3040,106,3,41.35,2017Q1
3040,106,6,47.26,2017Q2
3040,106,9,39.02,2017Q3
3040,106,12,47.18,2017Q4
3040,107,3,60.34,2018Q1
3040,107,6,53.48,2018Q2
3040,107,9,37.27,2018Q3
3040,107,12,32.17,2018Q4
3040,108,3,36.78,2019Q1
3040,108,6,31.81,2019Q2
3040,108,9,29.07,2019Q3
3040,108,12,28.56,2019Q4
3040,109,3,29.14,2020Q1
3040,109,6,38.11,2020Q2
3040,109,9,34.08,2020Q3
3040,109,12,39.38,2020Q4
3040,110,3,49.78,2021Q1
3040,110,6,50.09,2021Q2
3040,110,9,40.59,2021Q3
3040,110,12,37.97,2021Q4
3040,111,3,36.96,2022Q1
3040,111,6,32.27,2022Q2
3040,111,9,30.51,2022Q3
3040,111,12,29.82,2022Q4
3040,112,3,31.9,2023Q1
3040,112,6,32.49,2023Q2
3040,112,9,29.8,2023Q3
3040,112,12,30.16,2023Q4
3040,113,3,30.45,2024Q1
3040,113,6,36.95,2024Q2
3040,113,9,44.18,2024Q3
3040,113,12,50.17,2024Q4
3040,114,3,51.67,2025Q1
3040,114,6,,2025Q2
3040,114,9,,2025Q3
3040,114,12,,2025Q4
3041,105,3,25.44,2016Q1
3041,105,6,17.47,2016Q2
3041,105,9,16.73,2016Q3
3041,105,12,16.3,2016Q4
3041,106,3,16.58,2017Q1
3041,106,6,16.15,2017Q2
3041,106,9,21.53,2017Q3
3041,106,12,16.84,2017Q4
3041,107,3,16.17,2018Q1
3041,107,6,16.0,2018Q2
3041,107,9,12.33,2018Q3
3041,107,12,12.07,2018Q4
3041,108,3,13.37,2019Q1
3041,108,6,9.68,2019Q2
3041,108,9,13.38,2019Q3
3041,108,12,18.43,2019Q4
3041,109,3,16.21,2020Q1
3041,109,6,21.17,2020Q2
3041,109,9,25.11,2020Q3
3041,109,12,31.37,2020Q4
3041,110,3,29.92,2021Q1
3041,110,6,27.47,2021Q2
3041,110,9,28.61,2021Q3
3041,110,12,39.03,2021Q4
3041,111,3,33.46,2022Q1
3041,111,6,26.51,2022Q2
3041,111,9,21.94,2022Q3
3041,111,12,21.4,2022Q4
3041,112,3,21.37,2023Q1
3041,112,6,19.67,2023Q2
3041,112,9,18.37,2023Q3
3041,112,12,32.72,2023Q4
3041,113,3,25.7,2024Q1
3041,113,6,22.98,2024Q2
3041,113,9,22.11,2024Q3
3041,113,12,37.67,2024Q4
3041,114,3,32.01,2025Q1
3041,114,6,,2025Q2
3041,114,9,,2025Q3
3041,114,12,,2025Q4
3042,105,3,42.34,2016Q1
3042,105,6,44.8,2016Q2
3042,105,9,42.52,2016Q3
3042,105,12,41.21,2016Q4
3042,106,3,44.52,2017Q1
3042,106,6,44.67,2017Q2
3042,106,9,40.21,2017Q3
3042,106,12,39.37,2017Q4
3042,107,3,38.87,2018Q1
3042,107,6,38.1,2018Q2
3042,107,9,34.56,2018Q3
3042,107,12,33.02,2018Q4
3042,108,3,33.37,2019Q1
3042,108,6,34.13,2019Q2
3042,108,9,40.68,2019Q3
3042,108,12,46.11,2019Q4
3042,109,3,46.14,2020Q1
3042,109,6,60.42,2020Q2
3042,109,9,80.27,2020Q3
3042,109,12,76.75,2020Q4
3042,110,3,98.13,2021Q1
3042,110,6,119.96,2021Q2
3042,110,9,107.61,2021Q3
3042,110,12,105.94,2021Q4
3042,111,3,99.99,2022Q1
3042,111,6,99.22,2022Q2
3042,111,9,79.41,2022Q3
3042,111,12,84.08,2022Q4
3042,112,3,87.96,2023Q1
3042,112,6,94.22,2023Q2
3042,112,9,100.28,2023Q3
3042,112,12,100.04,2023Q4
3042,113,3,113.33,2024Q1
3042,113,6,115.52,2024Q2
3042,113,9,109.93,2024Q3
3042,113,12,104.29,2024Q4
3042,114,3,98.98,2025Q1
3042,114,6,,2025Q2
3042,114,9,,2025Q3
3042,114,12,,2025Q4
3043,105,3,2.61,2016Q1
3043,105,6,1.99,2016Q2
3043,105,9,2.21,2016Q3
3043,105,12,2.17,2016Q4
3043,106,3,2.32,2017Q1
3043,106,6,2.92,2017Q2
3043,106,9,2.55,2017Q3
3043,106,12,2.45,2017Q4
3043,107,3,2.79,2018Q1
3043,107,6,2.38,2018Q2
3043,107,9,2.5,2018Q3
3043,107,12,2.17,2018Q4
3043,108,3,2.54,2019Q1
3043,108,6,2.38,2019Q2
3043,108,9,2.75,2019Q3
3043,108,12,1.94,2019Q4
3043,109,3,1.49,2020Q1
3043,109,6,1.78,2020Q2
3043,109,9,11.15,2020Q3
3043,109,12,5.15,2020Q4
3043,110,3,4.55,2021Q1
3043,110,6,3.95,2021Q2
3043,110,9,3.95,2021Q3
3043,110,12,3.79,2021Q4
3043,111,3,4.76,2022Q1
3043,111,6,4.83,2022Q2
3043,111,9,7.54,2022Q3
3043,111,12,12.25,2022Q4
3043,112,3,33.6,2023Q1
3043,112,6,40.68,2023Q2
3043,112,9,52.92,2023Q3
3043,112,12,39.99,2023Q4
3043,113,3,32.14,2024Q1
3043,113,6,35.11,2024Q2
3043,113,9,34.59,2024Q3
3043,113,12,43.22,2024Q4
3043,114,3,32.82,2025Q1
3043,114,6,,2025Q2
3043,114,9,,2025Q3
3043,114,12,,2025Q4
3044,105,3,59.67,2016Q1
3044,105,6,62.11,2016Q2
3044,105,9,67.75,2016Q3
3044,105,12,73.15,2016Q4
3044,106,3,84.36,2017Q1
3044,106,6,92.76,2017Q2
3044,106,9,104.75,2017Q3
3044,106,12,94.05,2017Q4
3044,107,3,101.85,2018Q1
3044,107,6,86.71,2018Q2
3044,107,9,87.57,2018Q3
3044,107,12,81.77,2018Q4
3044,108,3,97.67,2019Q1
3044,108,6,104.1,2019Q2
3044,108,9,115.64,2019Q3
3044,108,12,125.92,2019Q4
3044,109,3,96.68,2020Q1
3044,109,6,126.89,2020Q2
3044,109,9,113.44,2020Q3
3044,109,12,121.65,2020Q4
3044,110,3,139.2,2021Q1
3044,110,6,130.11,2021Q2
3044,110,9,114.99,2021Q3
3044,110,12,122.28,2021Q4
3044,111,3,130.4,2022Q1
3044,111,6,116.39,2022Q2
3044,111,9,96.98,2022Q3
3044,111,12,96.02,2022Q4
3044,112,3,108.65,2023Q1
3044,112,6,123.83,2023Q2
3044,112,9,198.58,2023Q3
3044,112,12,199.87,2023Q4
3044,113,3,212.69,2024Q1
3044,113,6,217.18,2024Q2
3044,113,9,199.96,2024Q3
3044,113,12,195.33,2024Q4
3044,114,3,208.64,2025Q1
3044,114,6,,2025Q2
3044,114,9,,2025Q3
3044,114,12,,2025Q4
3045,105,3,103.58,2016Q1
3045,105,6,112.98,2016Q2
3045,105,9,112.78,2016Q3
3045,105,12,104.25,2016Q4
3045,106,3,110.13,2017Q1
3045,106,6,113.71,2017Q2
3045,106,9,107.32,2017Q3
3045,106,12,106.74,2017Q4
3045,107,3,106.86,2018Q1
3045,107,6,110.39,2018Q2
3045,107,9,108.71,2018Q3
3045,107,12,107.11,2018Q4
3045,108,3,110.16,2019Q1
3045,108,6,120.16,2019Q2
3045,108,9,112.99,2019Q3
3045,108,12,113.77,2019Q4
3045,109,3,102.14,2020Q1
3045,109,6,107.67,2020Q2
3045,109,9,99.26,2020Q3
3045,109,12,98.4,2020Q4
3045,110,3,98.29,2021Q1
3045,110,6,101.94,2021Q2
3045,110,9,98.97,2021Q3
3045,110,12,98.85,2021Q4
3045,111,3,105.6,2022Q1
3045,111,6,108.06,2022Q2
3045,111,9,97.31,2022Q3
3045,111,12,94.51,2022Q4
3045,112,3,98.51,2023Q1
3045,112,6,101.74,2023Q2
3045,112,9,94.27,2023Q3
3045,112,12,98.92,2023Q4
3045,113,3,99.68,2024Q1
3045,113,6,106.57,2024Q2
3045,113,9,115.48,2024Q3
3045,113,12,114.18,2024Q4
3045,114,3,116.84,2025Q1
3045,114,6,,2025Q2
3045,114,9,,2025Q3
3045,114,12,,2025Q4
3046,105,3,8.5,2016Q1
3046,105,6,6.45,2016Q2
3046,105,9,6.82,2016Q3
3046,105,12,4.89,2016Q4
3046,106,3,5.18,2017Q1
3046,106,6,4.32,2017Q2
3046,106,9,4.01,2017Q3
3046,106,12,15.78,2017Q4
3046,107,3,23.89,2018Q1
3046,107,6,22.74,2018Q2
3046,107,9,20.96,2018Q3
3046,107,12,19.34,2018Q4
3046,108,3,23.07,2019Q1
3046,108,6,22.6,2019Q2
3046,108,9,21.31,2019Q3
3046,108,12,17.12,2019Q4
3046,109,3,10.35,2020Q1
3046,109,6,16.97,2020Q2
3046,109,9,16.63,2020Q3
3046,109,12,16.41,2020Q4
3046,110,3,17.42,2021Q1
3046,110,6,23.73,2021Q2
3046,110,9,20.1,2021Q3
3046,110,12,46.11,2021Q4
3046,111,3,31.79,2022Q1
3046,111,6,29.49,2022Q2
3046,111,9,45.18,2022Q3
3046,111,12,52.88,2022Q4
3046,112,3,69.45,2023Q1
3046,112,6,95.3,2023Q2
3046,112,9,78.44,2023Q3
3046,112,12,64.01,2023Q4
3046,113,3,65.15,2024Q1
3046,113,6,64.27,2024Q2
3046,113,9,61.49,2024Q3
3046,113,12,51.71,2024Q4
3046,114,3,52.58,2025Q1
3046,114,6,,2025Q2
3046,114,9,,2025Q3
3046,114,12,,2025Q4
3047,105,3,11.72,2016Q1
3047,105,6,10.32,2016Q2
3047,105,9,10.91,2016Q3
3047,105,12,10.46,2016Q4
3047,106,3,11.26,2017Q1
3047,106,6,10.88,2017Q2
3047,106,9,10.51,2017Q3
3047,106,12,9.88,2017Q4
3047,107,3,9.13,2018Q1
3047,107,6,10.45,2018Q2
3047,107,9,10.08,2018Q3
3047,107,12,9.76,2018Q4
3047,108,3,10.46,2019Q1
3047,108,6,10.34,2019Q2
3047,108,9,10.47,2019Q3
3047,108,12,10.95,2019Q4
3047,109,3,6.98,2020Q1
3047,109,6,9.2,2020Q2
3047,109,9,15.29,2020Q3
3047,109,12,14.31,2020Q4
3047,110,3,13.51,2021Q1
3047,110,6,11.14,2021Q2
3047,110,9,10.2,2021Q3
3047,110,12,13.59,2021Q4
3047,111,3,12.38,2022Q1
3047,111,6,12.21,2022Q2
3047,111,9,17.83,2022Q3
3047,111,12,16.99,2022Q4
3047,112,3,16.66,2023Q1
3047,112,6,16.13,2023Q2
3047,112,9,14.82,2023Q3
3047,112,12,16.23,2023Q4
3047,113,3,16.7,2024Q1
3047,113,6,27.0,2024Q2
3047,113,9,40.83,2024Q3
3047,113,12,31.71,2024Q4
3047,114,3,25.89,2025Q1
3047,114,6,,2025Q2
3047,114,9,,2025Q3
3047,114,12,,2025Q4
3048,105,3,18.8,2016Q1
3048,105,6,17.32,2016Q2
3048,105,9,16.91,2016Q3
3048,105,12,16.7,2016Q4
3048,106,3,17.44,2017Q1
3048,106,6,16.79,2017Q2
3048,106,9,16.0,2017Q3
3048,106,12,19.37,2017Q4
3048,107,3,19.49,2018Q1
3048,107,6,18.53,2018Q2
3048,107,9,15.68,2018Q3
3048,107,12,13.68,2018Q4
3048,108,3,14.2,2019Q1
3048,108,6,13.48,2019Q2
3048,108,9,17.92,2019Q3
3048,108,12,19.36,2019Q4
3048,109,3,14.11,2020Q1
3048,109,6,18.33,2020Q2
3048,109,9,17.92,2020Q3
3048,109,12,23.54,2020Q4
3048,110,3,31.07,2021Q1
3048,110,6,34.09,2021Q2
3048,110,9,33.72,2021Q3
3048,110,12,32.06,2021Q4
3048,111,3,36.98,2022Q1
3048,111,6,34.88,2022Q2
3048,111,9,28.2,2022Q3
3048,111,12,27.67,2022Q4
3048,112,3,28.62,2023Q1
3048,112,6,28.21,2023Q2
3048,112,9,23.42,2023Q3
3048,112,12,24.62,2023Q4
3048,113,3,24.35,2024Q1
3048,113,6,38.12,2024Q2
3048,113,9,39.67,2024Q3
3048,113,12,31.22,2024Q4
3048,114,3,28.77,2025Q1
3048,114,6,,2025Q2
3048,114,9,,2025Q3
3048,114,12,,2025Q4
3049,105,3,8.31,2016Q1
3049,105,6,6.13,2016Q2
3049,105,9,7.88,2016Q3
3049,105,12,8.85,2016Q4
3049,106,3,11.89,2017Q1
3049,106,6,10.31,2017Q2
3049,106,9,11.12,2017Q3
3049,106,12,9.44,2017Q4
3049,107,3,8.16,2018Q1
3049,107,6,8.96,2018Q2
3049,107,9,7.99,2018Q3
3049,107,12,7.99,2018Q4
3049,108,3,10.82,2019Q1
3049,108,6,13.88,2019Q2
3049,108,9,14.78,2019Q3
3049,108,12,13.77,2019Q4
3049,109,3,9.58,2020Q1
3049,109,6,10.35,2020Q2
3049,109,9,10.36,2020Q3
3049,109,12,11.58,2020Q4
3049,110,3,11.13,2021Q1
3049,110,6,12.7,2021Q2
3049,110,9,11.42,2021Q3
3049,110,12,16.59,2021Q4
3049,111,3,13.98,2022Q1
3049,111,6,10.74,2022Q2
3049,111,9,10.07,2022Q3
3049,111,12,9.45,2022Q4
3049,112,3,10.04,2023Q1
3049,112,6,10.68,2023Q2
3049,112,9,9.68,2023Q3
3049,112,12,9.68,2023Q4
3049,113,3,8.51,2024Q1
3049,113,6,8.74,2024Q2
3049,113,9,11.07,2024Q3
3049,113,12,9.79,2024Q4
3049,114,3,8.35,2025Q1
3049,114,6,,2025Q2
3049,114,9,,2025Q3
3049,114,12,,2025Q4
3050,105,3,9.73,2016Q1
3050,105,6,10.14,2016Q2
3050,105,9,11.85,2016Q3
3050,105,12,11.3,2016Q4
3050,106,3,11.25,2017Q1
3050,106,6,9.57,2017Q2
3050,106,9,11.94,2017Q3
3050,106,12,11.45,2017Q4
3050,107,3,12.07,2018Q1
3050,107,6,14.3,2018Q2
3050,107,9,9.36,2018Q3
3050,107,12,10.05,2018Q4
3050,108,3,10.46,2019Q1
3050,108,6,11.03,2019Q2
3050,108,9,11.81,2019Q3
3050,108,12,11.7,2019Q4
3050,109,3,9.01,2020Q1
3050,109,6,9.44,2020Q2
3050,109,9,11.77,2020Q3
3050,109,12,19.32,2020Q4
3050,110,3,18.51,2021Q1
3050,110,6,14.83,2021Q2
3050,110,9,15.38,2021Q3
3050,110,12,18.57,2021Q4
3050,111,3,18.0,2022Q1
3050,111,6,17.2,2022Q2
3050,111,9,16.84,2022Q3
3050,111,12,17.26,2022Q4
3050,112,3,16.28,2023Q1
3050,112,6,16.18,2023Q2
3050,112,9,15.13,2023Q3
3050,112,12,18.07,2023Q4
3050,113,3,22.44,2024Q1
3050,113,6,22.25,2024Q2
3050,113,9,19.93,2024Q3
3050,113,12,17.93,2024Q4
3050,114,3,16.16,2025Q1
3050,114,6,,2025Q2
3050,114,9,,2025Q3
3050,114,12,,2025Q4
3051,105,3,6.3,2016Q1
3051,105,6,4.28,2016Q2
3051,105,9,4.18,2016Q3
3051,105,12,4.45,2016Q4
3051,106,3,4.24,2017Q1
3051,106,6,4.17,2017Q2
3051,106,9,4.44,2017Q3
3051,106,12,5.52,2017Q4
3051,107,3,4.67,2018Q1
3051,107,6,3.93,2018Q2
3051,107,9,3.51,2018Q3
3051,107,12,3.14,2018Q4
3051,108,3,3.86,2019Q1
3051,108,6,3.16,2019Q2
3051,108,9,2.94,2019Q3
3051,108,12,3.03,2019Q4
3051,109,3,3.5,2020Q1
3051,109,6,3.82,2020Q2
3051,109,9,4.96,2020Q3
3051,109,12,5.81,2020Q4
3051,110,3,6.83,2021Q1
3051,110,6,10.79,2021Q2
3051,110,9,9.64,2021Q3
3051,110,12,20.07,2021Q4
3051,111,3,24.06,2022Q1
3051,111,6,18.51,2022Q2
3051,111,9,20.01,2022Q3
3051,111,12,19.1,2022Q4
3051,112,3,19.21,2023Q1
3051,112,6,19.73,2023Q2
3051,112,9,30.12,2023Q3
3051,112,12,39.95,2023Q4
3051,113,3,39.06,2024Q1
3051,113,6,33.03,2024Q2
3051,113,9,30.96,2024Q3
3051,113,12,33.46,2024Q4
3051,114,3,31.07,2025Q1
3051,114,6,,2025Q2
3051,114,9,,2025Q3
3051,114,12,,2025Q4
3052,105,3,9.54,2016Q1
3052,105,6,8.52,2016Q2
3052,105,9,8.56,2016Q3
3052,105,12,8.18,2016Q4
3052,106,3,8.68,2017Q1
3052,106,6,9.2,2017Q2
3052,106,9,8.51,2017Q3
3052,106,12,8.54,2017Q4
3052,107,3,9.05,2018Q1
3052,107,6,9.51,2018Q2
3052,107,9,9.59,2018Q3
3052,107,12,8.6,2018Q4
3052,108,3,8.52,2019Q1
3052,108,6,8.24,2019Q2
3052,108,9,11.82,2019Q3
3052,108,12,12.52,2019Q4
3052,109,3,9.6,2020Q1
3052,109,6,11.97,2020Q2
3052,109,9,11.74,2020Q3
3052,109,12,13.67,2020Q4
3052,110,3,13.53,2021Q1
3052,110,6,12.5,2021Q2
3052,110,9,10.78,2021Q3
3052,110,12,10.6,2021Q4
3052,111,3,10.3,2022Q1
3052,111,6,10.18,2022Q2
3052,111,9,10.2,2022Q3
3052,111,12,10.36,2022Q4
3052,112,3,11.2,2023Q1
3052,112,6,12.3,2023Q2
3052,112,9,11.56,2023Q3
3052,112,12,11.83,2023Q4
3052,113,3,12.85,2024Q1
3052,113,6,13.33,2024Q2
3052,113,9,12.16,2024Q3
3052,113,12,11.66,2024Q4
3052,114,3,12.37,2025Q1
3052,114,6,,2025Q2
3052,114,9,,2025Q3
3052,114,12,,2025Q4
3054,105,3,20.34,2016Q1
3054,105,6,21.89,2016Q2
3054,105,9,21.95,2016Q3
3054,105,12,21.57,2016Q4
3054,106,3,20.69,2017Q1
3054,106,6,20.71,2017Q2
3054,106,9,20.1,2017Q3
3054,106,12,18.03,2017Q4
3054,107,3,20.64,2018Q1
3054,107,6,19.4,2018Q2
3054,107,9,22.55,2018Q3
3054,107,12,25.33,2018Q4
3054,108,3,25.71,2019Q1
3054,108,6,25.04,2019Q2
3054,108,9,25.92,2019Q3
3054,108,12,25.97,2019Q4
3054,109,3,24.43,2020Q1
3054,109,6,24.1,2020Q2
3054,109,9,23.1,2020Q3
3054,109,12,23.42,2020Q4
3054,110,3,22.61,2021Q1
3054,110,6,22.57,2021Q2
3054,110,9,30.76,2021Q3
3054,110,12,24.81,2021Q4
3054,111,3,22.93,2022Q1
3054,111,6,21.46,2022Q2
3054,111,9,19.85,2022Q3
3054,111,12,19.67,2022Q4
3054,112,3,19.39,2023Q1
3054,112,6,22.02,2023Q2
3054,112,9,20.3,2023Q3
3054,112,12,20.52,2023Q4
3054,113,3,20.66,2024Q1
3054,113,6,20.28,2024Q2
3054,113,9,21.82,2024Q3
3054,113,12,23.72,2024Q4
3054,114,3,22.17,2025Q1
3054,114,6,,2025Q2
3054,114,9,,2025Q3
3054,114,12,,2025Q4
3055,105,3,20.26,2016Q1
3055,105,6,18.17,2016Q2
3055,105,9,19.35,2016Q3
3055,105,12,17.54,2016Q4
3055,106,3,16.29,2017Q1
3055,106,6,17.5,2017Q2
3055,106,9,21.19,2017Q3
3055,106,12,23.05,2017Q4
3055,107,3,29.47,2018Q1
3055,107,6,27.49,2018Q2
3055,107,9,27.93,2018Q3
3055,107,12,26.78,2018Q4
3055,108,3,27.39,2019Q1
3055,108,6,25.8,2019Q2
3055,108,9,24.88,2019Q3
3055,108,12,29.1,2019Q4
3055,109,3,29.33,2020Q1
3055,109,6,27.9,2020Q2
3055,109,9,35.34,2020Q3
3055,109,12,34.2,2020Q4
3055,110,3,34.87,2021Q1
3055,110,6,29.49,2021Q2
3055,110,9,27.96,2021Q3
3055,110,12,29.2,2021Q4
3055,111,3,27.87,2022Q1
3055,111,6,27.48,2022Q2
3055,111,9,24.86,2022Q3
3055,111,12,24.88,2022Q4
3055,112,3,31.32,2023Q1
3055,112,6,38.96,2023Q2
3055,112,9,34.69,2023Q3
3055,112,12,40.92,2023Q4
3055,113,3,75.52,2024Q1
3055,113,6,94.08,2024Q2
3055,113,9,70.47,2024Q3
3055,113,12,64.35,2024Q4
3055,114,3,73.6,2025Q1
3055,114,6,,2025Q2
3055,114,9,,2025Q3
3055,114,12,,2025Q4
3056,105,3,15.34,2016Q1
3056,105,6,16.79,2016Q2
3056,105,9,20.27,2016Q3
3056,105,12,18.24,2016Q4
3056,106,3,21.55,2017Q1
3056,106,6,20.5,2017Q2
3056,106,9,18.43,2017Q3
3056,106,12,18.56,2017Q4
3056,107,3,21.8,2018Q1
3056,107,6,23.87,2018Q2
3056,107,9,18.38,2018Q3
3056,107,12,16.27,2018Q4
3056,108,3,19.22,2019Q1
3056,108,6,21.0,2019Q2
3056,108,9,23.85,2019Q3
3056,108,12,31.58,2019Q4
3056,109,3,26.19,2020Q1
3056,109,6,34.92,2020Q2
3056,109,9,37.64,2020Q3
3056,109,12,38.69,2020Q4
3056,110,3,40.25,2021Q1
3056,110,6,38.97,2021Q2
3056,110,9,38.71,2021Q3
3056,110,12,41.05,2021Q4
3056,111,3,36.17,2022Q1
3056,111,6,31.98,2022Q2
3056,111,9,32.64,2022Q3
3056,111,12,30.97,2022Q4
3056,112,3,42.0,2023Q1
3056,112,6,47.16,2023Q2
3056,112,9,29.59,2023Q3
3056,112,12,29.29,2023Q4
3056,113,3,27.89,2024Q1
3056,113,6,34.8,2024Q2
3056,113,9,34.12,2024Q3
3056,113,12,33.96,2024Q4
3056,114,3,37.94,2025Q1
3056,114,6,,2025Q2
3056,114,9,,2025Q3
3056,114,12,,2025Q4
3057,105,3,18.95,2016Q1
3057,105,6,15.21,2016Q2
3057,105,9,16.71,2016Q3
3057,105,12,14.96,2016Q4
3057,106,3,14.71,2017Q1
3057,106,6,13.53,2017Q2
3057,106,9,12.98,2017Q3
3057,106,12,11.15,2017Q4
3057,107,3,10.26,2018Q1
3057,107,6,8.88,2018Q2
3057,107,9,11.08,2018Q3
3057,107,12,8.24,2018Q4
3057,108,3,8.25,2019Q1
3057,108,6,7.74,2019Q2
3057,108,9,7.15,2019Q3
3057,108,12,7.65,2019Q4
3057,109,3,4.73,2020Q1
3057,109,6,4.92,2020Q2
3057,109,9,7.77,2020Q3
3057,109,12,11.44,2020Q4
3057,110,3,10.61,2021Q1
3057,110,6,15.69,2021Q2
3057,110,9,12.94,2021Q3
3057,110,12,14.8,2021Q4
3057,111,3,12.99,2022Q1
3057,111,6,12.96,2022Q2
3057,111,9,11.82,2022Q3
3057,111,12,10.04,2022Q4
3057,112,3,11.44,2023Q1
3057,112,6,12.09,2023Q2
3057,112,9,11.93,2023Q3
3057,112,12,12.9,2023Q4
3057,113,3,13.39,2024Q1
3057,113,6,14.74,2024Q2
3057,113,9,12.25,2024Q3
3057,113,12,11.66,2024Q4
3057,114,3,10.56,2025Q1
3057,114,6,,2025Q2
3057,114,9,,2025Q3
3057,114,12,,2025Q4
3058,105,3,9.57,2016Q1
3058,105,6,9.12,2016Q2
3058,105,9,9.45,2016Q3
3058,105,12,10.73,2016Q4
3058,106,3,10.93,2017Q1
3058,106,6,10.21,2017Q2
3058,106,9,10.05,2017Q3
3058,106,12,8.78,2017Q4
3058,107,3,8.8,2018Q1
3058,107,6,9.05,2018Q2
3058,107,9,8.04,2018Q3
3058,107,12,7.76,2018Q4
3058,108,3,8.17,2019Q1
3058,108,6,7.76,2019Q2
3058,108,9,7.41,2019Q3
3058,108,12,7.09,2019Q4
3058,109,3,5.28,2020Q1
3058,109,6,6.68,2020Q2
3058,109,9,8.18,2020Q3
3058,109,12,9.79,2020Q4
3058,110,3,14.99,2021Q1
3058,110,6,16.45,2021Q2
3058,110,9,15.41,2021Q3
3058,110,12,16.29,2021Q4
3058,111,3,13.91,2022Q1
3058,111,6,10.83,2022Q2
3058,111,9,10.25,2022Q3
3058,111,12,10.09,2022Q4
3058,112,3,15.28,2023Q1
3058,112,6,29.23,2023Q2
3058,112,9,20.95,2023Q3
3058,112,12,20.66,2023Q4
3058,113,3,22.35,2024Q1
3058,113,6,20.93,2024Q2
3058,113,9,18.54,2024Q3
3058,113,12,16.16,2024Q4
3058,114,3,14.33,2025Q1
3058,114,6,,2025Q2
3058,114,9,,2025Q3
3058,114,12,,2025Q4
3059,105,3,28.53,2016Q1
3059,105,6,21.7,2016Q2
3059,105,9,23.01,2016Q3
3059,105,12,22.24,2016Q4
3059,106,3,25.64,2017Q1
3059,106,6,24.76,2017Q2
3059,106,9,33.4,2017Q3
3059,106,12,32.6,2017Q4
3059,107,3,29.81,2018Q1
3059,107,6,39.48,2018Q2
3059,107,9,28.32,2018Q3
3059,107,12,26.93,2018Q4
3059,108,3,28.11,2019Q1
3059,108,6,25.5,2019Q2
3059,108,9,25.15,2019Q3
3059,108,12,24.06,2019Q4
3059,109,3,17.71,2020Q1
3059,109,6,25.46,2020Q2
3059,109,9,26.63,2020Q3
3059,109,12,33.61,2020Q4
3059,110,3,37.58,2021Q1
3059,110,6,37.11,2021Q2
3059,110,9,36.54,2021Q3
3059,110,12,47.15,2021Q4
3059,111,3,42.96,2022Q1
3059,111,6,36.75,2022Q2
3059,111,9,36.53,2022Q3
3059,111,12,36.21,2022Q4
3059,112,3,35.36,2023Q1
3059,112,6,35.68,2023Q2
3059,112,9,35.35,2023Q3
3059,112,12,37.98,2023Q4
3059,113,3,36.92,2024Q1
3059,113,6,42.28,2024Q2
3059,113,9,35.71,2024Q3
3059,113,12,38.75,2024Q4
3059,114,3,44.8,2025Q1
3059,114,6,,2025Q2
3059,114,9,,2025Q3
3059,114,12,,2025Q4
3060,105,3,56.76,2016Q1
3060,105,6,42.95,2016Q2
3060,105,9,39.66,2016Q3
3060,105,12,30.66,2016Q4
3060,106,3,35.42,2017Q1
3060,106,6,31.25,2017Q2
3060,106,9,29.23,2017Q3
3060,106,12,27.28,2017Q4
3060,107,3,24.21,2018Q1
3060,107,6,22.45,2018Q2
3060,107,9,16.85,2018Q3
3060,107,12,15.48,2018Q4
3060,108,3,16.91,2019Q1
3060,108,6,13.68,2019Q2
3060,108,9,14.02,2019Q3
3060,108,12,13.71,2019Q4
3060,109,3,14.05,2020Q1
3060,109,6,13.62,2020Q2
3060,109,9,14.36,2020Q3
3060,109,12,15.77,2020Q4
3060,110,3,15.67,2021Q1
3060,110,6,29.23,2021Q2
3060,110,9,22.89,2021Q3
3060,110,12,27.19,2021Q4
3060,111,3,22.33,2022Q1
3060,111,6,20.3,2022Q2
3060,111,9,18.3,2022Q3
3060,111,12,17.02,2022Q4
3060,112,3,17.77,2023Q1
3060,112,6,17.62,2023Q2
3060,112,9,19.99,2023Q3
3060,112,12,21.46,2023Q4
3060,113,3,21.67,2024Q1
3060,113,6,32.76,2024Q2
3060,113,9,25.91,2024Q3
3060,113,12,24.24,2024Q4
3060,114,3,27.6,2025Q1
3060,114,6,,2025Q2
3060,114,9,,2025Q3
3060,114,12,,2025Q4
3062,105,3,20.97,2016Q1
3062,105,6,18.57,2016Q2
3062,105,9,20.48,2016Q3
3062,105,12,19.3,2016Q4
3062,106,3,21.0,2017Q1
3062,106,6,20.33,2017Q2
3062,106,9,19.23,2017Q3
3062,106,12,17.98,2017Q4
3062,107,3,19.25,2018Q1
3062,107,6,18.91,2018Q2
3062,107,9,15.57,2018Q3
3062,107,12,16.25,2018Q4
3062,108,3,16.1,2019Q1
3062,108,6,15.13,2019Q2
3062,108,9,18.34,2019Q3
3062,108,12,18.32,2019Q4
3062,109,3,13.09,2020Q1
3062,109,6,15.12,2020Q2
3062,109,9,15.32,2020Q3
3062,109,12,17.51,2020Q4
3062,110,3,20.92,2021Q1
3062,110,6,19.41,2021Q2
3062,110,9,19.99,2021Q3
3062,110,12,31.45,2021Q4
3062,111,3,26.84,2022Q1
3062,111,6,25.45,2022Q2
3062,111,9,27.9,2022Q3
3062,111,12,25.25,2022Q4
3062,112,3,23.85,2023Q1
3062,112,6,22.8,2023Q2
3062,112,9,22.29,2023Q3
3062,112,12,22.66,2023Q4
3062,113,3,24.01,2024Q1
3062,113,6,31.72,2024Q2
3062,113,9,35.75,2024Q3
3062,113,12,32.72,2024Q4
3062,114,3,28.69,2025Q1
3062,114,6,,2025Q2
3062,114,9,,2025Q3
3062,114,12,,2025Q4
3090,105,3,24.56,2016Q1
3090,105,6,24.02,2016Q2
3090,105,9,24.11,2016Q3
3090,105,12,24.11,2016Q4
3090,106,3,26.67,2017Q1
3090,106,6,29.84,2017Q2
3090,106,9,28.26,2017Q3
3090,106,12,34.73,2017Q4
3090,107,3,47.98,2018Q1
3090,107,6,91.01,2018Q2
3090,107,9,66.72,2018Q3
3090,107,12,57.4,2018Q4
3090,108,3,56.92,2019Q1
3090,108,6,55.72,2019Q2
3090,108,9,49.33,2019Q3
3090,108,12,52.21,2019Q4
3090,109,3,42.84,2020Q1
3090,109,6,53.19,2020Q2
3090,109,9,44.63,2020Q3
3090,109,12,50.06,2020Q4
3090,110,3,54.09,2021Q1
3090,110,6,56.01,2021Q2
3090,110,9,51.26,2021Q3
3090,110,12,55.02,2021Q4
3090,111,3,54.0,2022Q1
3090,111,6,53.04,2022Q2
3090,111,9,49.83,2022Q3
3090,111,12,52.89,2022Q4
3090,112,3,58.47,2023Q1
3090,112,6,58.33,2023Q2
3090,112,9,59.16,2023Q3
3090,112,12,58.96,2023Q4
3090,113,3,60.16,2024Q1
3090,113,6,66.84,2024Q2
3090,113,9,61.45,2024Q3
3090,113,12,74.36,2024Q4
3090,114,3,72.45,2025Q1
3090,114,6,,2025Q2
3090,114,9,,2025Q3
3090,114,12,,2025Q4
3092,105,3,,2016Q1
3092,105,6,,2016Q2
3092,105,9,,2016Q3
3092,105,12,,2016Q4
3092,106,3,,2017Q1
3092,106,6,,2017Q2
3092,106,9,,2017Q3
3092,106,12,,2017Q4
3092,107,3,,2018Q1
3092,107,6,,2018Q2
3092,107,9,,2018Q3
3092,107,12,,2018Q4
3092,108,3,,2019Q1
3092,108,6,,2019Q2
3092,108,9,,2019Q3
3092,108,12,,2019Q4
3092,109,3,,2020Q1
3092,109,6,,2020Q2
3092,109,9,,2020Q3
3092,109,12,,2020Q4
3092,110,3,,2021Q1
3092,110,6,70.75,2021Q2
3092,110,9,68.72,2021Q3
3092,110,12,54.15,2021Q4
3092,111,3,65.35,2022Q1
3092,111,6,49.48,2022Q2
3092,111,9,40.88,2022Q3
3092,111,12,38.41,2022Q4
3092,112,3,37.55,2023Q1
3092,112,6,38.48,2023Q2
3092,112,9,37.27,2023Q3
3092,112,12,35.19,2023Q4
3092,113,3,31.61,2024Q1
3092,113,6,32.41,2024Q2
3092,113,9,33.42,2024Q3
3092,113,12,29.77,2024Q4
3092,114,3,27.27,2025Q1
3092,114,6,,2025Q2
3092,114,9,,2025Q3
3092,114,12,,2025Q4
3094,105,3,26.46,2016Q1
3094,105,6,22.45,2016Q2
3094,105,9,23.43,2016Q3
3094,105,12,21.47,2016Q4
3094,106,3,22.98,2017Q1
3094,106,6,26.24,2017Q2
3094,106,9,23.74,2017Q3
3094,106,12,26.25,2017Q4
3094,107,3,23.42,2018Q1
3094,107,6,24.09,2018Q2
3094,107,9,19.6,2018Q3
3094,107,12,18.07,2018Q4
3094,108,3,19.98,2019Q1
3094,108,6,17.89,2019Q2
3094,108,9,17.22,2019Q3
3094,108,12,18.64,2019Q4
3094,109,3,17.39,2020Q1
3094,109,6,20.58,2020Q2
3094,109,9,20.12,2020Q3
3094,109,12,23.96,2020Q4
3094,110,3,37.15,2021Q1
3094,110,6,35.21,2021Q2
3094,110,9,34.97,2021Q3
3094,110,12,43.35,2021Q4
3094,111,3,34.26,2022Q1
3094,111,6,28.67,2022Q2
3094,111,9,28.02,2022Q3
3094,111,12,25.61,2022Q4
3094,112,3,34.21,2023Q1
3094,112,6,35.05,2023Q2
3094,112,9,35.43,2023Q3
3094,112,12,39.85,2023Q4
3094,113,3,34.91,2024Q1
3094,113,6,31.36,2024Q2
3094,113,9,33.65,2024Q3
3094,113,12,29.39,2024Q4
3094,114,3,28.89,2025Q1
3094,114,6,,2025Q2
3094,114,9,,2025Q3
3094,114,12,,2025Q4
3130,105,3,139.55,2016Q1
3130,105,6,139.44,2016Q2
3130,105,9,141.16,2016Q3
3130,105,12,137.5,2016Q4
3130,106,3,147.49,2017Q1
3130,106,6,161.89,2017Q2
3130,106,9,151.3,2017Q3
3130,106,12,159.92,2017Q4
3130,107,3,175.99,2018Q1
3130,107,6,176.54,2018Q2
3130,107,9,166.65,2018Q3
3130,107,12,152.34,2018Q4
3130,108,3,168.74,2019Q1
3130,108,6,169.66,2019Q2
3130,108,9,166.65,2019Q3
3130,108,12,162.6,2019Q4
3130,109,3,140.69,2020Q1
3130,109,6,162.29,2020Q2
3130,109,9,145.97,2020Q3
3130,109,12,153.11,2020Q4
3130,110,3,161.97,2021Q1
3130,110,6,166.79,2021Q2
3130,110,9,178.02,2021Q3
3130,110,12,175.95,2021Q4
3130,111,3,195.85,2022Q1
3130,111,6,195.1,2022Q2
3130,111,9,194.2,2022Q3
3130,111,12,205.4,2022Q4
3130,112,3,205.9,2023Q1
3130,112,6,213.72,2023Q2
3130,112,9,202.61,2023Q3
3130,112,12,211.18,2023Q4
3130,113,3,224.39,2024Q1
3130,113,6,234.95,2024Q2
3130,113,9,228.05,2024Q3
3130,113,12,220.71,2024Q4
3130,114,3,226.54,2025Q1
3130,114,6,,2025Q2
3130,114,9,,2025Q3
3130,114,12,,2025Q4
3149,105,3,12.46,2016Q1
3149,105,6,10.81,2016Q2
3149,105,9,12.13,2016Q3
3149,105,12,21.3,2016Q4
3149,106,3,21.06,2017Q1
3149,106,6,20.47,2017Q2
3149,106,9,25.37,2017Q3
3149,106,12,19.71,2017Q4
3149,107,3,17.22,2018Q1
3149,107,6,16.21,2018Q2
3149,107,9,11.99,2018Q3
3149,107,12,9.16,2018Q4
3149,108,3,13.11,2019Q1
3149,108,6,12.09,2019Q2
3149,108,9,11.15,2019Q3
3149,108,12,9.51,2019Q4
3149,109,3,5.75,2020Q1
3149,109,6,7.14,2020Q2
3149,109,9,11.28,2020Q3
3149,109,12,19.88,2020Q4
3149,110,3,38.22,2021Q1
3149,110,6,39.82,2021Q2
3149,110,9,35.15,2021Q3
3149,110,12,31.76,2021Q4
3149,111,3,24.59,2022Q1
3149,111,6,20.81,2022Q2
3149,111,9,19.38,2022Q3
3149,111,12,20.83,2022Q4
3149,112,3,18.73,2023Q1
3149,112,6,14.5,2023Q2
3149,112,9,15.0,2023Q3
3149,112,12,23.92,2023Q4
3149,113,3,25.33,2024Q1
3149,113,6,29.46,2024Q2
3149,113,9,33.6,2024Q3
3149,113,12,33.19,2024Q4
3149,114,3,36.52,2025Q1
3149,114,6,,2025Q2
3149,114,9,,2025Q3
3149,114,12,,2025Q4
3164,105,3,26.66,2016Q1
3164,105,6,22.47,2016Q2
3164,105,9,21.99,2016Q3
3164,105,12,22.75,2016Q4
3164,106,3,23.33,2017Q1
3164,106,6,22.07,2017Q2
3164,106,9,25.0,2017Q3
3164,106,12,23.0,2017Q4
3164,107,3,26.39,2018Q1
3164,107,6,33.79,2018Q2
3164,107,9,27.61,2018Q3
3164,107,12,27.18,2018Q4
3164,108,3,26.14,2019Q1
3164,108,6,26.87,2019Q2
3164,108,9,25.74,2019Q3
3164,108,12,25.2,2019Q4
3164,109,3,20.5,2020Q1
3164,109,6,25.32,2020Q2
3164,109,9,23.98,2020Q3
3164,109,12,22.41,2020Q4
3164,110,3,23.44,2021Q1
3164,110,6,26.07,2021Q2
3164,110,9,24.16,2021Q3
3164,110,12,23.82,2021Q4
3164,111,3,24.7,2022Q1
3164,111,6,25.34,2022Q2
3164,111,9,27.94,2022Q3
3164,111,12,25.25,2022Q4
3164,112,3,24.26,2023Q1
3164,112,6,25.59,2023Q2
3164,112,9,23.32,2023Q3
3164,112,12,24.38,2023Q4
3164,113,3,22.67,2024Q1
3164,113,6,24.4,2024Q2
3164,113,9,22.93,2024Q3
3164,113,12,20.06,2024Q4
3164,114,3,22.23,2025Q1
3164,114,6,,2025Q2
3164,114,9,,2025Q3
3164,114,12,,2025Q4
3167,105,3,29.74,2016Q1
3167,105,6,23.55,2016Q2
3167,105,9,26.33,2016Q3
3167,105,12,26.03,2016Q4
3167,106,3,34.68,2017Q1
3167,106,6,32.85,2017Q2
3167,106,9,46.57,2017Q3
3167,106,12,51.09,2017Q4
3167,107,3,53.63,2018Q1
3167,107,6,50.0,2018Q2
3167,107,9,46.87,2018Q3
3167,107,12,42.11,2018Q4
3167,108,3,41.15,2019Q1
3167,108,6,38.43,2019Q2
3167,108,9,32.57,2019Q3
3167,108,12,41.08,2019Q4
3167,109,3,36.27,2020Q1
3167,109,6,40.87,2020Q2
3167,109,9,45.69,2020Q3
3167,109,12,46.14,2020Q4
3167,110,3,57.29,2021Q1
3167,110,6,65.31,2021Q2
3167,110,9,71.47,2021Q3
3167,110,12,102.5,2021Q4
3167,111,3,69.48,2022Q1
3167,111,6,61.78,2022Q2
3167,111,9,47.48,2022Q3
3167,111,12,42.15,2022Q4
3167,112,3,44.48,2023Q1
3167,112,6,42.59,2023Q2
3167,112,9,49.22,2023Q3
3167,112,12,51.66,2023Q4
3167,113,3,59.44,2024Q1
3167,113,6,61.7,2024Q2
3167,113,9,108.41,2024Q3
3167,113,12,113.38,2024Q4
3167,114,3,88.77,2025Q1
3167,114,6,,2025Q2
3167,114,9,,2025Q3
3167,114,12,,2025Q4
3189,105,3,75.7,2016Q1
3189,105,6,72.54,2016Q2
3189,105,9,71.67,2016Q3
3189,105,12,72.01,2016Q4
3189,106,3,82.1,2017Q1
3189,106,6,79.23,2017Q2
3189,106,9,78.91,2017Q3
3189,106,12,59.06,2017Q4
3189,107,3,55.27,2018Q1
3189,107,6,56.72,2018Q2
3189,107,9,54.32,2018Q3
3189,107,12,46.99,2018Q4
3189,108,3,42.98,2019Q1
3189,108,6,40.36,2019Q2
3189,108,9,43.73,2019Q3
3189,108,12,53.84,2019Q4
3189,109,3,41.25,2020Q1
3189,109,6,62.11,2020Q2
3189,109,9,66.63,2020Q3
3189,109,12,84.69,2020Q4
3189,110,3,98.48,2021Q1
3189,110,6,125.69,2021Q2
3189,110,9,208.18,2021Q3
3189,110,12,233.43,2021Q4
3189,111,3,198.87,2022Q1
3189,111,6,153.34,2022Q2
3189,111,9,104.5,2022Q3
3189,111,12,119.3,2022Q4
3189,112,3,115.96,2023Q1
3189,112,6,115.89,2023Q2
3189,112,9,110.03,2023Q3
3189,112,12,100.54,2023Q4
3189,113,3,98.34,2024Q1
3189,113,6,92.99,2024Q2
3189,113,9,107.8,2024Q3
3189,113,12,100.47,2024Q4
3189,114,3,95.77,2025Q1
3189,114,6,,2025Q2
3189,114,9,,2025Q3
3189,114,12,,2025Q4
3209,105,3,29.53,2016Q1
3209,105,6,29.02,2016Q2
3209,105,9,25.94,2016Q3
3209,105,12,24.32,2016Q4
3209,106,3,26.32,2017Q1
3209,106,6,25.6,2017Q2
3209,106,9,22.4,2017Q3
3209,106,12,20.39,2017Q4
3209,107,3,20.66,2018Q1
3209,107,6,20.19,2018Q2
3209,107,9,18.52,2018Q3
3209,107,12,17.35,2018Q4
3209,108,3,18.63,2019Q1
3209,108,6,18.93,2019Q2
3209,108,9,18.53,2019Q3
3209,108,12,21.01,2019Q4
3209,109,3,17.54,2020Q1
3209,109,6,20.82,2020Q2
3209,109,9,20.25,2020Q3
3209,109,12,23.45,2020Q4
3209,110,3,26.2,2021Q1
3209,110,6,28.55,2021Q2
3209,110,9,29.92,2021Q3
3209,110,12,28.98,2021Q4
3209,111,3,36.79,2022Q1
3209,111,6,39.95,2022Q2
3209,111,9,35.62,2022Q3
3209,111,12,35.67,2022Q4
3209,112,3,41.08,2023Q1
3209,112,6,41.5,2023Q2
3209,112,9,36.46,2023Q3
3209,112,12,36.42,2023Q4
3209,113,3,36.41,2024Q1
3209,113,6,36.08,2024Q2
3209,113,9,37.05,2024Q3
3209,113,12,35.39,2024Q4
3209,114,3,38.37,2025Q1
3209,114,6,,2025Q2
3209,114,9,,2025Q3
3209,114,12,,2025Q4
3229,105,3,18.18,2016Q1
3229,105,6,15.81,2016Q2
3229,105,9,12.25,2016Q3
3229,105,12,11.53,2016Q4
3229,106,3,10.36,2017Q1
3229,106,6,23.52,2017Q2
3229,106,9,18.49,2017Q3
3229,106,12,18.47,2017Q4
3229,107,3,19.63,2018Q1
3229,107,6,17.66,2018Q2
3229,107,9,18.32,2018Q3
3229,107,12,20.2,2018Q4
3229,108,3,16.8,2019Q1
3229,108,6,13.23,2019Q2
3229,108,9,15.66,2019Q3
3229,108,12,12.56,2019Q4
3229,109,3,9.75,2020Q1
3229,109,6,11.35,2020Q2
3229,109,9,10.07,2020Q3
3229,109,12,5.72,2020Q4
3229,110,3,6.73,2021Q1
3229,110,6,6.16,2021Q2
3229,110,9,6.84,2021Q3
3229,110,12,6.54,2021Q4
3229,111,3,19.41,2022Q1
3229,111,6,19.51,2022Q2
3229,111,9,24.63,2022Q3
3229,111,12,20.43,2022Q4
3229,112,3,20.21,2023Q1
3229,112,6,19.11,2023Q2
3229,112,9,14.76,2023Q3
3229,112,12,16.91,2023Q4
3229,113,3,15.96,2024Q1
3229,113,6,23.52,2024Q2
3229,113,9,25.11,2024Q3
3229,113,12,19.08,2024Q4
3229,114,3,16.84,2025Q1
3229,114,6,,2025Q2
3229,114,9,,2025Q3
3229,114,12,,2025Q4
3231,105,3,20.96,2016Q1
3231,105,6,21.48,2016Q2
3231,105,9,22.77,2016Q3
3231,105,12,23.67,2016Q4
3231,106,3,27.21,2017Q1
3231,106,6,30.43,2017Q2
3231,106,9,25.86,2017Q3
3231,106,12,22.87,2017Q4
3231,107,3,26.06,2018Q1
3231,107,6,23.08,2018Q2
3231,107,9,20.45,2018Q3
3231,107,12,19.17,2018Q4
3231,108,3,22.51,2019Q1
3231,108,6,23.6,2019Q2
3231,108,9,25.4,2019Q3
3231,108,12,29.23,2019Q4
3231,109,3,23.1,2020Q1
3231,109,6,32.99,2020Q2
3231,109,9,30.14,2020Q3
3231,109,12,30.81,2020Q4
3231,110,3,33.13,2021Q1
3231,110,6,30.7,2021Q2
3231,110,9,27.47,2021Q3
3231,110,12,29.07,2021Q4
3231,111,3,29.5,2022Q1
3231,111,6,28.32,2022Q2
3231,111,9,27.23,2022Q3
3231,111,12,29.28,2022Q4
3231,112,3,38.09,2023Q1
3231,112,6,76.69,2023Q2
3231,112,9,105.0,2023Q3
3231,112,12,93.86,2023Q4
3231,113,3,120.62,2024Q1
3231,113,6,109.65,2024Q2
3231,113,9,99.96,2024Q3
3231,113,12,111.53,2024Q4
3231,114,3,104.76,2025Q1
3231,114,6,,2025Q2
3231,114,9,,2025Q3
3231,114,12,,2025Q4
3257,105,3,43.19,2016Q1
3257,105,6,36.73,2016Q2
3257,105,9,42.49,2016Q3
3257,105,12,36.66,2016Q4
3257,106,3,37.99,2017Q1
3257,106,6,38.78,2017Q2
3257,106,9,62.11,2017Q3
3257,106,12,48.63,2017Q4
3257,107,3,60.42,2018Q1
3257,107,6,66.69,2018Q2
3257,107,9,49.86,2018Q3
3257,107,12,45.18,2018Q4
3257,108,3,57.49,2019Q1
3257,108,6,59.21,2019Q2
3257,108,9,61.61,2019Q3
3257,108,12,58.6,2019Q4
3257,109,3,47.25,2020Q1
3257,109,6,80.52,2020Q2
3257,109,9,70.38,2020Q3
3257,109,12,82.45,2020Q4
3257,110,3,85.99,2021Q1
3257,110,6,76.83,2021Q2
3257,110,9,72.41,2021Q3
3257,110,12,67.26,2021Q4
3257,111,3,78.01,2022Q1
3257,111,6,58.81,2022Q2
3257,111,9,44.86,2022Q3
3257,111,12,43.57,2022Q4
3257,112,3,50.61,2023Q1
3257,112,6,69.02,2023Q2
3257,112,9,83.7,2023Q3
3257,112,12,75.06,2023Q4
3257,113,3,72.16,2024Q1
3257,113,6,60.84,2024Q2
3257,113,9,56.06,2024Q3
3257,113,12,59.7,2024Q4
3257,114,3,56.09,2025Q1
3257,114,6,,2025Q2
3257,114,9,,2025Q3
3257,114,12,,2025Q4
3266,105,3,13.27,2016Q1
3266,105,6,11.84,2016Q2
3266,105,9,11.48,2016Q3
3266,105,12,11.47,2016Q4
3266,106,3,11.69,2017Q1
3266,106,6,11.5,2017Q2
3266,106,9,11.76,2017Q3
3266,106,12,11.4,2017Q4
3266,107,3,11.02,2018Q1
3266,107,6,12.31,2018Q2
3266,107,9,12.49,2018Q3
3266,107,12,11.28,2018Q4
3266,108,3,11.19,2019Q1
3266,108,6,11.14,2019Q2
3266,108,9,14.01,2019Q3
3266,108,12,15.47,2019Q4
3266,109,3,12.37,2020Q1
3266,109,6,13.78,2020Q2
3266,109,9,13.69,2020Q3
3266,109,12,14.99,2020Q4
3266,110,3,13.35,2021Q1
3266,110,6,12.57,2021Q2
3266,110,9,12.59,2021Q3
3266,110,12,13.6,2021Q4
3266,111,3,13.69,2022Q1
3266,111,6,13.03,2022Q2
3266,111,9,11.37,2022Q3
3266,111,12,11.96,2022Q4
3266,112,3,12.59,2023Q1
3266,112,6,13.81,2023Q2
3266,112,9,13.43,2023Q3
3266,112,12,19.95,2023Q4
3266,113,3,19.21,2024Q1
3266,113,6,26.75,2024Q2
3266,113,9,21.47,2024Q3
3266,113,12,18.5,2024Q4
3266,114,3,18.15,2025Q1
3266,114,6,,2025Q2
3266,114,9,,2025Q3
3266,114,12,,2025Q4
3296,105,3,14.11,2016Q1
3296,105,6,12.17,2016Q2
3296,105,9,13.44,2016Q3
3296,105,12,12.52,2016Q4
3296,106,3,20.47,2017Q1
3296,106,6,20.3,2017Q2
3296,106,9,21.2,2017Q3
3296,106,12,16.39,2017Q4
3296,107,3,15.13,2018Q1
3296,107,6,15.58,2018Q2
3296,107,9,14.35,2018Q3
3296,107,12,14.79,2018Q4
3296,108,3,17.31,2019Q1
3296,108,6,17.02,2019Q2
3296,108,9,16.05,2019Q3
3296,108,12,14.96,2019Q4
3296,109,3,12.48,2020Q1
3296,109,6,12.97,2020Q2
3296,109,9,14.96,2020Q3
3296,109,12,15.68,2020Q4
3296,110,3,21.8,2021Q1
3296,110,6,20.61,2021Q2
3296,110,9,19.75,2021Q3
3296,110,12,18.37,2021Q4
3296,111,3,16.14,2022Q1
3296,111,6,16.68,2022Q2
3296,111,9,17.26,2022Q3
3296,111,12,16.16,2022Q4
3296,112,3,17.63,2023Q1
3296,112,6,16.73,2023Q2
3296,112,9,15.9,2023Q3
3296,112,12,19.62,2023Q4
3296,113,3,23.77,2024Q1
3296,113,6,27.82,2024Q2
3296,113,9,26.04,2024Q3
3296,113,12,34.08,2024Q4
3296,114,3,24.97,2025Q1
3296,114,6,,2025Q2
3296,114,9,,2025Q3
3296,114,12,,2025Q4
3305,105,3,25.04,2016Q1
3305,105,6,22.27,2016Q2
3305,105,9,29.53,2016Q3
3305,105,12,30.94,2016Q4
3305,106,3,34.08,2017Q1
3305,106,6,31.18,2017Q2
3305,106,9,26.41,2017Q3
3305,106,12,26.31,2017Q4
3305,107,3,25.49,2018Q1
3305,107,6,23.3,2018Q2
3305,107,9,21.61,2018Q3
3305,107,12,19.45,2018Q4
3305,108,3,19.91,2019Q1
3305,108,6,20.7,2019Q2
3305,108,9,24.23,2019Q3
3305,108,12,24.71,2019Q4
3305,109,3,19.64,2020Q1
3305,109,6,20.49,2020Q2
3305,109,9,27.85,2020Q3
3305,109,12,29.43,2020Q4
3305,110,3,42.18,2021Q1
3305,110,6,50.39,2021Q2
3305,110,9,52.16,2021Q3
3305,110,12,82.36,2021Q4
3305,111,3,75.93,2022Q1
3305,111,6,65.84,2022Q2
3305,111,9,45.43,2022Q3
3305,111,12,41.59,2022Q4
3305,112,3,48.14,2023Q1
3305,112,6,53.81,2023Q2
3305,112,9,63.49,2023Q3
3305,112,12,72.5,2023Q4
3305,113,3,66.83,2024Q1
3305,113,6,79.75,2024Q2
3305,113,9,71.75,2024Q3
3305,113,12,65.71,2024Q4
3305,114,3,64.67,2025Q1
3305,114,6,,2025Q2
3305,114,9,,2025Q3
3305,114,12,,2025Q4
3308,105,3,7.35,2016Q1
3308,105,6,7.06,2016Q2
3308,105,9,7.78,2016Q3
3308,105,12,7.6,2016Q4
3308,106,3,8.24,2017Q1
3308,106,6,7.7,2017Q2
3308,106,9,8.58,2017Q3
3308,106,12,8.52,2017Q4
3308,107,3,9.8,2018Q1
3308,107,6,8.21,2018Q2
3308,107,9,7.62,2018Q3
3308,107,12,6.42,2018Q4
3308,108,3,6.52,2019Q1
3308,108,6,5.88,2019Q2
3308,108,9,6.04,2019Q3
3308,108,12,5.87,2019Q4
3308,109,3,4.71,2020Q1
3308,109,6,5.56,2020Q2
3308,109,9,7.4,2020Q3
3308,109,12,7.32,2020Q4
3308,110,3,8.77,2021Q1
3308,110,6,9.71,2021Q2
3308,110,9,8.42,2021Q3
3308,110,12,11.19,2021Q4
3308,111,3,16.36,2022Q1
3308,111,6,14.84,2022Q2
3308,111,9,13.97,2022Q3
3308,111,12,14.63,2022Q4
3308,112,3,17.21,2023Q1
3308,112,6,43.65,2023Q2
3308,112,9,59.8,2023Q3
3308,112,12,38.39,2023Q4
3308,113,3,35.51,2024Q1
3308,113,6,29.93,2024Q2
3308,113,9,23.98,2024Q3
3308,113,12,24.43,2024Q4
3308,114,3,21.91,2025Q1
3308,114,6,,2025Q2
3308,114,9,,2025Q3
3308,114,12,,2025Q4
3311,105,3,18.78,2016Q1
3311,105,6,15.32,2016Q2
3311,105,9,16.59,2016Q3
3311,105,12,14.95,2016Q4
3311,106,3,16.93,2017Q1
3311,106,6,18.22,2017Q2
3311,106,9,21.58,2017Q3
3311,106,12,18.69,2017Q4
3311,107,3,16.62,2018Q1
3311,107,6,17.46,2018Q2
3311,107,9,15.57,2018Q3
3311,107,12,13.01,2018Q4
3311,108,3,15.49,2019Q1
3311,108,6,14.46,2019Q2
3311,108,9,15.56,2019Q3
3311,108,12,26.3,2019Q4
3311,109,3,23.28,2020Q1
3311,109,6,31.76,2020Q2
3311,109,9,28.82,2020Q3
3311,109,12,34.77,2020Q4
3311,110,3,39.09,2021Q1
3311,110,6,33.58,2021Q2
3311,110,9,33.51,2021Q3
3311,110,12,35.09,2021Q4
3311,111,3,33.29,2022Q1
3311,111,6,35.63,2022Q2
3311,111,9,34.73,2022Q3
3311,111,12,33.16,2022Q4
3311,112,3,34.56,2023Q1
3311,112,6,34.79,2023Q2
3311,112,9,43.67,2023Q3
3311,112,12,39.06,2023Q4
3311,113,3,41.34,2024Q1
3311,113,6,39.61,2024Q2
3311,113,9,37.02,2024Q3
3311,113,12,35.07,2024Q4
3311,114,3,37.82,2025Q1
3311,114,6,,2025Q2
3311,114,9,,2025Q3
3311,114,12,,2025Q4
3312,105,3,6.4,2016Q1
3312,105,6,6.71,2016Q2
3312,105,9,7.73,2016Q3
3312,105,12,7.37,2016Q4
3312,106,3,7.43,2017Q1
3312,106,6,7.15,2017Q2
3312,106,9,6.05,2017Q3
3312,106,12,6.72,2017Q4
3312,107,3,,2018Q1
3312,107,6,11.19,2018Q2
3312,107,9,13.14,2018Q3
3312,107,12,10.39,2018Q4
3312,108,3,11.74,2019Q1
3312,108,6,12.99,2019Q2
3312,108,9,16.12,2019Q3
3312,108,12,16.24,2019Q4
3312,109,3,12.1,2020Q1
3312,109,6,15.28,2020Q2
3312,109,9,13.59,2020Q3
3312,109,12,14.51,2020Q4
3312,110,3,18.71,2021Q1
3312,110,6,20.83,2021Q2
3312,110,9,21.39,2021Q3
3312,110,12,25.57,2021Q4
3312,111,3,25.83,2022Q1
3312,111,6,23.73,2022Q2
3312,111,9,18.1,2022Q3
3312,111,12,17.93,2022Q4
3312,112,3,20.64,2023Q1
3312,112,6,23.1,2023Q2
3312,112,9,18.62,2023Q3
3312,112,12,22.22,2023Q4
3312,113,3,41.48,2024Q1
3312,113,6,77.61,2024Q2
3312,113,9,77.01,2024Q3
3312,113,12,57.84,2024Q4
3312,114,3,60.17,2025Q1
3312,114,6,,2025Q2
3312,114,9,,2025Q3
3312,114,12,,2025Q4
3321,105,3,28.66,2016Q1
3321,105,6,21.17,2016Q2
3321,105,9,17.23,2016Q3
3321,105,12,14.29,2016Q4
3321,106,3,14.59,2017Q1
3321,106,6,13.03,2017Q2
3321,106,9,16.27,2017Q3
3321,106,12,16.77,2017Q4
3321,107,3,16.22,2018Q1
3321,107,6,11.25,2018Q2
3321,107,9,15.23,2018Q3
3321,107,12,11.54,2018Q4
3321,108,3,13.86,2019Q1
3321,108,6,13.51,2019Q2
3321,108,9,11.46,2019Q3
3321,108,12,15.47,2019Q4
3321,109,3,9.0,2020Q1
3321,109,6,13.68,2020Q2
3321,109,9,16.04,2020Q3
3321,109,12,14.79,2020Q4
3321,110,3,14.49,2021Q1
3321,110,6,14.12,2021Q2
3321,110,9,12.32,2021Q3
3321,110,12,14.36,2021Q4
3321,111,3,12.56,2022Q1
3321,111,6,10.6,2022Q2
3321,111,9,9.94,2022Q3
3321,111,12,9.11,2022Q4
3321,112,3,6.58,2023Q1
3321,112,6,7.11,2023Q2
3321,112,9,15.07,2023Q3
3321,112,12,14.79,2023Q4
3321,113,3,18.74,2024Q1
3321,113,6,21.14,2024Q2
3321,113,9,18.6,2024Q3
3321,113,12,16.23,2024Q4
3321,114,3,9.06,2025Q1
3321,114,6,,2025Q2
3321,114,9,,2025Q3
3321,114,12,,2025Q4
3338,105,3,27.04,2016Q1
3338,105,6,22.76,2016Q2
3338,105,9,32.36,2016Q3
3338,105,12,33.68,2016Q4
3338,106,3,33.08,2017Q1
3338,106,6,30.86,2017Q2
3338,106,9,27.62,2017Q3
3338,106,12,28.93,2017Q4
3338,107,3,24.58,2018Q1
3338,107,6,22.17,2018Q2
3338,107,9,22.09,2018Q3
3338,107,12,30.92,2018Q4
3338,108,3,35.84,2019Q1
3338,108,6,58.22,2019Q2
3338,108,9,91.19,2019Q3
3338,108,12,95.15,2019Q4
3338,109,3,83.96,2020Q1
3338,109,6,91.42,2020Q2
3338,109,9,62.92,2020Q3
3338,109,12,65.92,2020Q4
3338,110,3,63.01,2021Q1
3338,110,6,52.92,2021Q2
3338,110,9,42.01,2021Q3
3338,110,12,57.74,2021Q4
3338,111,3,53.62,2022Q1
3338,111,6,40.99,2022Q2
3338,111,9,36.96,2022Q3
3338,111,12,33.75,2022Q4
3338,112,3,44.77,2023Q1
3338,112,6,49.71,2023Q2
3338,112,9,62.76,2023Q3
3338,112,12,64.4,2023Q4
3338,113,3,72.3,2024Q1
3338,113,6,87.44,2024Q2
3338,113,9,70.13,2024Q3
3338,113,12,70.93,2024Q4
3338,114,3,60.15,2025Q1
3338,114,6,,2025Q2
3338,114,9,,2025Q3
3338,114,12,,2025Q4
3346,105,3,,2016Q1
3346,105,6,,2016Q2
3346,105,9,,2016Q3
3346,105,12,56.56,2016Q4
3346,106,3,110.36,2017Q1
3346,106,6,95.16,2017Q2
3346,106,9,88.39,2017Q3
3346,106,12,70.47,2017Q4
3346,107,3,70.08,2018Q1
3346,107,6,59.51,2018Q2
3346,107,9,47.27,2018Q3
3346,107,12,37.68,2018Q4
3346,108,3,35.7,2019Q1
3346,108,6,34.4,2019Q2
3346,108,9,32.66,2019Q3
3346,108,12,30.51,2019Q4
3346,109,3,19.46,2020Q1
3346,109,6,25.93,2020Q2
3346,109,9,33.21,2020Q3
3346,109,12,45.35,2020Q4
3346,110,3,57.86,2021Q1
3346,110,6,47.81,2021Q2
3346,110,9,39.85,2021Q3
3346,110,12,45.78,2021Q4
3346,111,3,37.53,2022Q1
3346,111,6,32.46,2022Q2
3346,111,9,41.83,2022Q3
3346,111,12,37.28,2022Q4
3346,112,3,42.03,2023Q1
3346,112,6,46.57,2023Q2
3346,112,9,49.24,2023Q3
3346,112,12,51.81,2023Q4
3346,113,3,49.6,2024Q1
3346,113,6,42.26,2024Q2
3346,113,9,37.84,2024Q3
3346,113,12,36.41,2024Q4
3346,114,3,32.92,2025Q1
3346,114,6,,2025Q2
3346,114,9,,2025Q3
3346,114,12,,2025Q4
3356,105,3,75.95,2016Q1
3356,105,6,60.13,2016Q2
3356,105,9,50.47,2016Q3
3356,105,12,46.34,2016Q4
3356,106,3,43.98,2017Q1
3356,106,6,39.93,2017Q2
3356,106,9,40.87,2017Q3
3356,106,12,40.59,2017Q4
3356,107,3,31.28,2018Q1
3356,107,6,32.19,2018Q2
3356,107,9,26.92,2018Q3
3356,107,12,31.78,2018Q4
3356,108,3,35.12,2019Q1
3356,108,6,34.5,2019Q2
3356,108,9,31.55,2019Q3
3356,108,12,30.36,2019Q4
3356,109,3,20.33,2020Q1
3356,109,6,23.21,2020Q2
3356,109,9,26.53,2020Q3
3356,109,12,31.14,2020Q4
3356,110,3,29.1,2021Q1
3356,110,6,32.06,2021Q2
3356,110,9,35.71,2021Q3
3356,110,12,31.16,2021Q4
3356,111,3,28.25,2022Q1
3356,111,6,32.98,2022Q2
3356,111,9,32.81,2022Q3
3356,111,12,45.78,2022Q4
3356,112,3,44.16,2023Q1
3356,112,6,51.75,2023Q2
3356,112,9,46.89,2023Q3
3356,112,12,44.47,2023Q4
3356,113,3,51.81,2024Q1
3356,113,6,72.03,2024Q2
3356,113,9,64.4,2024Q3
3356,113,12,57.11,2024Q4
3356,114,3,58.25,2025Q1
3356,114,6,,2025Q2
3356,114,9,,2025Q3
3356,114,12,,2025Q4
3376,105,3,109.53,2016Q1
3376,105,6,109.12,2016Q2
3376,105,9,104.89,2016Q3
3376,105,12,83.93,2016Q4
3376,106,3,88.79,2017Q1
3376,106,6,98.62,2017Q2
3376,106,9,83.94,2017Q3
3376,106,12,74.42,2017Q4
3376,107,3,89.01,2018Q1
3376,107,6,88.23,2018Q2
3376,107,9,85.29,2018Q3
3376,107,12,86.41,2018Q4
3376,108,3,107.77,2019Q1
3376,108,6,111.8,2019Q2
3376,108,9,125.75,2019Q3
3376,108,12,125.37,2019Q4
3376,109,3,117.58,2020Q1
3376,109,6,145.22,2020Q2
3376,109,9,141.08,2020Q3
3376,109,12,138.73,2020Q4
3376,110,3,129.95,2021Q1
3376,110,6,113.38,2021Q2
3376,110,9,104.24,2021Q3
3376,110,12,93.05,2021Q4
3376,111,3,84.39,2022Q1
3376,111,6,85.71,2022Q2
3376,111,9,90.77,2022Q3
3376,111,12,82.84,2022Q4
3376,112,3,87.26,2023Q1
3376,112,6,91.7,2023Q2
3376,112,9,83.06,2023Q3
3376,112,12,126.63,2023Q4
3376,113,3,202.73,2024Q1
3376,113,6,234.48,2024Q2
3376,113,9,205.64,2024Q3
3376,113,12,202.8,2024Q4
3376,114,3,256.55,2025Q1
3376,114,6,,2025Q2
3376,114,9,,2025Q3
3376,114,12,,2025Q4
3380,105,3,16.76,2016Q1
3380,105,6,18.4,2016Q2
3380,105,9,21.01,2016Q3
3380,105,12,20.01,2016Q4
3380,106,3,23.38,2017Q1
3380,106,6,28.33,2017Q2
3380,106,9,23.01,2017Q3
3380,106,12,24.82,2017Q4
3380,107,3,24.55,2018Q1
3380,107,6,21.58,2018Q2
3380,107,9,15.95,2018Q3
3380,107,12,16.87,2018Q4
3380,108,3,19.97,2019Q1
3380,108,6,19.33,2019Q2
3380,108,9,24.58,2019Q3
3380,108,12,23.2,2019Q4
3380,109,3,17.32,2020Q1
3380,109,6,27.06,2020Q2
3380,109,9,28.35,2020Q3
3380,109,12,31.16,2020Q4
3380,110,3,36.12,2021Q1
3380,110,6,28.64,2021Q2
3380,110,9,25.23,2021Q3
3380,110,12,33.3,2021Q4
3380,111,3,31.18,2022Q1
3380,111,6,26.59,2022Q2
3380,111,9,32.58,2022Q3
3380,111,12,31.01,2022Q4
3380,112,3,34.3,2023Q1
3380,112,6,39.49,2023Q2
3380,112,9,39.07,2023Q3
3380,112,12,37.69,2023Q4
3380,113,3,36.15,2024Q1
3380,113,6,35.11,2024Q2
3380,113,9,34.83,2024Q3
3380,113,12,36.45,2024Q4
3380,114,3,32.91,2025Q1
3380,114,6,,2025Q2
3380,114,9,,2025Q3
3380,114,12,,2025Q4
3406,105,3,61.71,2016Q1
3406,105,6,51.28,2016Q2
3406,105,9,55.21,2016Q3
3406,105,12,107.3,2016Q4
3406,106,3,237.04,2017Q1
3406,106,6,312.0,2017Q2
3406,106,9,449.06,2017Q3
3406,106,12,319.07,2017Q4
3406,107,3,276.71,2018Q1
3406,107,6,496.52,2018Q2
3406,107,9,334.82,2018Q3
3406,107,12,205.69,2018Q4
3406,108,3,333.54,2019Q1
3406,108,6,358.3,2019Q2
3406,108,9,430.54,2019Q3
3406,108,12,495.01,2019Q4
3406,109,3,412.48,2020Q1
3406,109,6,605.67,2020Q2
3406,109,9,594.6,2020Q3
3406,109,12,600.03,2020Q4
3406,110,3,483.35,2021Q1
3406,110,6,529.34,2021Q2
3406,110,9,485.59,2021Q3
3406,110,12,538.99,2021Q4
3406,111,3,434.64,2022Q1
3406,111,6,388.3,2022Q2
3406,111,9,419.32,2022Q3
3406,111,12,374.24,2022Q4
3406,112,3,402.77,2023Q1
3406,112,6,401.66,2023Q2
3406,112,9,387.11,2023Q3
3406,112,12,413.44,2023Q4
3406,113,3,460.53,2024Q1
3406,113,6,610.86,2024Q2
3406,113,9,501.23,2024Q3
3406,113,12,497.78,2024Q4
3406,114,3,447.85,2025Q1
3406,114,6,,2025Q2
3406,114,9,,2025Q3
3406,114,12,,2025Q4
3413,105,3,104.57,2016Q1
3413,105,6,76.57,2016Q2
3413,105,9,85.78,2016Q3
3413,105,12,85.34,2016Q4
3413,106,3,107.78,2017Q1
3413,106,6,163.83,2017Q2
3413,106,9,227.04,2017Q3
3413,106,12,201.96,2017Q4
3413,107,3,241.88,2018Q1
3413,107,6,201.12,2018Q2
3413,107,9,142.94,2018Q3
3413,107,12,132.86,2018Q4
3413,108,3,138.94,2019Q1
3413,108,6,119.12,2019Q2
3413,108,9,118.74,2019Q3
3413,108,12,190.0,2019Q4
3413,109,3,121.83,2020Q1
3413,109,6,174.37,2020Q2
3413,109,9,185.49,2020Q3
3413,109,12,217.75,2020Q4
3413,110,3,232.89,2021Q1
3413,110,6,234.46,2021Q2
3413,110,9,214.17,2021Q3
3413,110,12,241.47,2021Q4
3413,111,3,220.91,2022Q1
3413,111,6,198.66,2022Q2
3413,111,9,205.91,2022Q3
3413,111,12,190.41,2022Q4
3413,112,3,200.12,2023Q1
3413,112,6,202.25,2023Q2
3413,112,9,186.86,2023Q3
3413,112,12,203.65,2023Q4
3413,113,3,275.55,2024Q1
3413,113,6,313.25,2024Q2
3413,113,9,357.03,2024Q3
3413,113,12,312.54,2024Q4
3413,114,3,300.21,2025Q1
3413,114,6,,2025Q2
3413,114,9,,2025Q3
3413,114,12,,2025Q4
3416,105,3,54.02,2016Q1
3416,105,6,49.3,2016Q2
3416,105,9,48.0,2016Q3
3416,105,12,52.63,2016Q4
3416,106,3,57.67,2017Q1
3416,106,6,60.18,2017Q2
3416,106,9,57.27,2017Q3
3416,106,12,50.53,2017Q4
3416,107,3,49.49,2018Q1
3416,107,6,50.32,2018Q2
3416,107,9,55.66,2018Q3
3416,107,12,50.84,2018Q4
3416,108,3,52.76,2019Q1
3416,108,6,53.91,2019Q2
3416,108,9,52.81,2019Q3
3416,108,12,55.33,2019Q4
3416,109,3,51.61,2020Q1
3416,109,6,61.64,2020Q2
3416,109,9,75.31,2020Q3
3416,109,12,73.36,2020Q4
3416,110,3,78.53,2021Q1
3416,110,6,74.81,2021Q2
3416,110,9,74.52,2021Q3
3416,110,12,77.32,2021Q4
3416,111,3,78.03,2022Q1
3416,111,6,76.92,2022Q2
3416,111,9,77.96,2022Q3
3416,111,12,82.75,2022Q4
3416,112,3,99.11,2023Q1
3416,112,6,113.71,2023Q2
3416,112,9,118.75,2023Q3
3416,112,12,122.78,2023Q4
3416,113,3,144.56,2024Q1
3416,113,6,155.06,2024Q2
3416,113,9,143.74,2024Q3
3416,113,12,154.72,2024Q4
3416,114,3,159.85,2025Q1
3416,114,6,,2025Q2
3416,114,9,,2025Q3
3416,114,12,,2025Q4
3419,105,3,17.8,2016Q1
3419,105,6,14.91,2016Q2
3419,105,9,16.67,2016Q3
3419,105,12,16.4,2016Q4
3419,106,3,20.59,2017Q1
3419,106,6,22.44,2017Q2
3419,106,9,20.25,2017Q3
3419,106,12,19.83,2017Q4
3419,107,3,19.32,2018Q1
3419,107,6,19.73,2018Q2
3419,107,9,18.04,2018Q3
3419,107,12,17.6,2018Q4
3419,108,3,17.71,2019Q1
3419,108,6,15.02,2019Q2
3419,108,9,18.57,2019Q3
3419,108,12,18.06,2019Q4
3419,109,3,11.44,2020Q1
3419,109,6,14.35,2020Q2
3419,109,9,14.11,2020Q3
3419,109,12,20.0,2020Q4
3419,110,3,22.76,2021Q1
3419,110,6,19.23,2021Q2
3419,110,9,15.35,2021Q3
3419,110,12,27.65,2021Q4
3419,111,3,21.57,2022Q1
3419,111,6,17.34,2022Q2
3419,111,9,18.0,2022Q3
3419,111,12,20.59,2022Q4
3419,112,3,19.76,2023Q1
3419,112,6,20.53,2023Q2
3419,112,9,19.81,2023Q3
3419,112,12,18.69,2023Q4
3419,113,3,16.76,2024Q1
3419,113,6,18.63,2024Q2
3419,113,9,16.3,2024Q3
3419,113,12,18.44,2024Q4
3419,114,3,16.94,2025Q1
3419,114,6,,2025Q2
3419,114,9,,2025Q3
3419,114,12,,2025Q4
3432,105,3,12.45,2016Q1
3432,105,6,10.92,2016Q2
3432,105,9,11.98,2016Q3
3432,105,12,12.29,2016Q4
3432,106,3,13.21,2017Q1
3432,106,6,14.8,2017Q2
3432,106,9,13.44,2017Q3
3432,106,12,11.35,2017Q4
3432,107,3,14.89,2018Q1
3432,107,6,15.91,2018Q2
3432,107,9,16.54,2018Q3
3432,107,12,15.44,2018Q4
3432,108,3,16.01,2019Q1
3432,108,6,14.2,2019Q2
3432,108,9,14.21,2019Q3
3432,108,12,13.14,2019Q4
3432,109,3,9.86,2020Q1
3432,109,6,12.76,2020Q2
3432,109,9,12.91,2020Q3
3432,109,12,13.44,2020Q4
3432,110,3,13.73,2021Q1
3432,110,6,13.1,2021Q2
3432,110,9,13.11,2021Q3
3432,110,12,15.18,2021Q4
3432,111,3,14.18,2022Q1
3432,111,6,13.92,2022Q2
3432,111,9,23.35,2022Q3
3432,111,12,21.5,2022Q4
3432,112,3,19.77,2023Q1
3432,112,6,12.16,2023Q2
3432,112,9,12.26,2023Q3
3432,112,12,10.94,2023Q4
3432,113,3,20.14,2024Q1
3432,113,6,28.54,2024Q2
3432,113,9,23.24,2024Q3
3432,113,12,17.73,2024Q4
3432,114,3,15.74,2025Q1
3432,114,6,,2025Q2
3432,114,9,,2025Q3
3432,114,12,,2025Q4
3437,105,3,27.98,2016Q1
3437,105,6,22.77,2016Q2
3437,105,9,23.55,2016Q3
3437,105,12,22.82,2016Q4
3437,106,3,25.93,2017Q1
3437,106,6,36.48,2017Q2
3437,106,9,36.85,2017Q3
3437,106,12,40.72,2017Q4
3437,107,3,35.97,2018Q1
3437,107,6,30.25,2018Q2
3437,107,9,21.87,2018Q3
3437,107,12,17.74,2018Q4
3437,108,3,18.47,2019Q1
3437,108,6,14.56,2019Q2
3437,108,9,15.81,2019Q3
3437,108,12,18.39,2019Q4
3437,109,3,12.73,2020Q1
3437,109,6,18.27,2020Q2
3437,109,9,24.81,2020Q3
3437,109,12,26.27,2020Q4
3437,110,3,36.2,2021Q1
3437,110,6,28.98,2021Q2
3437,110,9,25.01,2021Q3
3437,110,12,25.65,2021Q4
3437,111,3,23.66,2022Q1
3437,111,6,20.78,2022Q2
3437,111,9,18.13,2022Q3
3437,111,12,17.58,2022Q4
3437,112,3,20.45,2023Q1
3437,112,6,19.35,2023Q2
3437,112,9,17.77,2023Q3
3437,112,12,30.98,2023Q4
3437,113,3,32.13,2024Q1
3437,113,6,28.81,2024Q2
3437,113,9,27.46,2024Q3
3437,113,12,23.7,2024Q4
3437,114,3,19.57,2025Q1
3437,114,6,,2025Q2
3437,114,9,,2025Q3
3437,114,12,,2025Q4
3443,105,3,87.07,2016Q1
3443,105,6,73.43,2016Q2
3443,105,9,76.53,2016Q3
3443,105,12,78.05,2016Q4
3443,106,3,107.43,2017Q1
3443,106,6,122.3,2017Q2
3443,106,9,199.9,2017Q3
3443,106,12,274.57,2017Q4
3443,107,3,328.92,2018Q1
3443,107,6,295.29,2018Q2
3443,107,9,304.4,2018Q3
3443,107,12,202.95,2018Q4
3443,108,3,207.11,2019Q1
3443,108,6,219.74,2019Q2
3443,108,9,247.62,2019Q3
3443,108,12,246.93,2019Q4
3443,109,3,190.26,2020Q1
3443,109,6,240.71,2020Q2
3443,109,9,263.85,2020Q3
3443,109,12,328.82,2020Q4
3443,110,3,410.03,2021Q1
3443,110,6,396.12,2021Q2
3443,110,9,476.18,2021Q3
3443,110,12,602.46,2021Q4
3443,111,3,484.49,2022Q1
3443,111,6,537.27,2022Q2
3443,111,9,571.29,2022Q3
3443,111,12,744.06,2022Q4
3443,112,3,1120.78,2023Q1
3443,112,6,1549.38,2023Q2
3443,112,9,1419.01,2023Q3
3443,112,12,1754.49,2023Q4
3443,113,3,1401.84,2024Q1
3443,113,6,1589.9,2024Q2
3443,113,9,1060.54,2024Q3
3443,113,12,1346.56,2024Q4
3443,114,3,1223.49,2025Q1
3443,114,6,,2025Q2
3443,114,9,,2025Q3
3443,114,12,,2025Q4
3450,105,3,158.15,2016Q1
3450,105,6,148.13,2016Q2
3450,105,9,116.27,2016Q3
3450,105,12,126.31,2016Q4
3450,106,3,149.76,2017Q1
3450,106,6,139.23,2017Q2
3450,106,9,109.55,2017Q3
3450,106,12,130.77,2017Q4
3450,107,3,117.95,2018Q1
3450,107,6,108.73,2018Q2
3450,107,9,67.97,2018Q3
3450,107,12,65.72,2018Q4
3450,108,3,72.22,2019Q1
3450,108,6,54.96,2019Q2
3450,108,9,58.39,2019Q3
3450,108,12,61.55,2019Q4
3450,109,3,67.89,2020Q1
3450,109,6,71.25,2020Q2
3450,109,9,64.46,2020Q3
3450,109,12,71.48,2020Q4
3450,110,3,64.59,2021Q1
3450,110,6,57.71,2021Q2
3450,110,9,54.1,2021Q3
3450,110,12,55.92,2021Q4
3450,111,3,49.48,2022Q1
3450,111,6,45.11,2022Q2
3450,111,9,43.46,2022Q3
3450,111,12,38.89,2022Q4
3450,112,3,41.01,2023Q1
3450,112,6,38.54,2023Q2
3450,112,9,55.44,2023Q3
3450,112,12,62.15,2023Q4
3450,113,3,75.0,2024Q1
3450,113,6,108.32,2024Q2
3450,113,9,183.87,2024Q3
3450,113,12,260.86,2024Q4
3450,114,3,267.08,2025Q1
3450,114,6,,2025Q2
3450,114,9,,2025Q3
3450,114,12,,2025Q4
3454,105,3,86.6,2016Q1
3454,105,6,81.76,2016Q2
3454,105,9,84.74,2016Q3
3454,105,12,80.96,2016Q4
3454,106,3,87.38,2017Q1
3454,106,6,83.22,2017Q2
3454,106,9,96.26,2017Q3
3454,106,12,99.41,2017Q4
3454,107,3,86.31,2018Q1
3454,107,6,83.18,2018Q2
3454,107,9,88.5,2018Q3
3454,107,12,98.33,2018Q4
3454,108,3,119.24,2019Q1
3454,108,6,127.51,2019Q2
3454,108,9,105.5,2019Q3
3454,108,12,91.42,2019Q4
3454,109,3,72.31,2020Q1
3454,109,6,74.08,2020Q2
3454,109,9,77.86,2020Q3
3454,109,12,86.12,2020Q4
3454,110,3,85.83,2021Q1
3454,110,6,80.72,2021Q2
3454,110,9,76.98,2021Q3
3454,110,12,72.29,2021Q4
3454,111,3,74.84,2022Q1
3454,111,6,78.35,2022Q2
3454,111,9,135.56,2022Q3
3454,111,12,212.33,2022Q4
3454,112,3,269.28,2023Q1
3454,112,6,198.03,2023Q2
3454,112,9,162.65,2023Q3
3454,112,12,162.58,2023Q4
3454,113,3,149.35,2024Q1
3454,113,6,141.23,2024Q2
3454,113,9,119.9,2024Q3
3454,113,12,119.16,2024Q4
3454,114,3,143.64,2025Q1
3454,114,6,,2025Q2
3454,114,9,,2025Q3
3454,114,12,,2025Q4
3481,105,3,10.93,2016Q1
3481,105,6,9.94,2016Q2
3481,105,9,10.82,2016Q3
3481,105,12,11.42,2016Q4
3481,106,3,12.37,2017Q1
3481,106,6,14.88,2017Q2
3481,106,9,14.59,2017Q3
3481,106,12,12.62,2017Q4
3481,107,3,12.99,2018Q1
3481,107,6,11.71,2018Q2
3481,107,9,10.74,2018Q3
3481,107,12,10.08,2018Q4
3481,108,3,10.04,2019Q1
3481,108,6,7.32,2019Q2
3481,108,9,7.08,2019Q3
3481,108,12,8.21,2019Q4
3481,109,3,6.19,2020Q1
3481,109,6,7.6,2020Q2
3481,109,9,9.95,2020Q3
3481,109,12,13.46,2020Q4
3481,110,3,18.73,2021Q1
3481,110,6,21.91,2021Q2
3481,110,9,16.79,2021Q3
3481,110,12,18.97,2021Q4
3481,111,3,17.15,2022Q1
3481,111,6,13.19,2022Q2
3481,111,9,11.68,2022Q3
3481,111,12,11.66,2022Q4
3481,112,3,14.71,2023Q1
3481,112,6,15.44,2023Q2
3481,112,9,13.75,2023Q3
3481,112,12,13.29,2023Q4
3481,113,3,15.06,2024Q1
3481,113,6,14.98,2024Q2
3481,113,9,15.26,2024Q3
3481,113,12,15.17,2024Q4
3481,114,3,15.66,2025Q1
3481,114,6,,2025Q2
3481,114,9,,2025Q3
3481,114,12,,2025Q4
3494,105,3,17.63,2016Q1
3494,105,6,16.06,2016Q2
3494,105,9,13.82,2016Q3
3494,105,12,12.5,2016Q4
3494,106,3,12.21,2017Q1
3494,106,6,11.3,2017Q2
3494,106,9,12.82,2017Q3
3494,106,12,11.04,2017Q4
3494,107,3,10.66,2018Q1
3494,107,6,10.15,2018Q2
3494,107,9,7.3,2018Q3
3494,107,12,7.19,2018Q4
3494,108,3,5.88,2019Q1
3494,108,6,4.36,2019Q2
3494,108,9,4.87,2019Q3
3494,108,12,5.01,2019Q4
3494,109,3,3.45,2020Q1
3494,109,6,3.49,2020Q2
3494,109,9,5.35,2020Q3
3494,109,12,5.17,2020Q4
3494,110,3,4.66,2021Q1
3494,110,6,3.23,2021Q2
3494,110,9,3.23,2021Q3
3494,110,12,4.92,2021Q4
3494,111,3,5.07,2022Q1
3494,111,6,7.69,2022Q2
3494,111,9,12.09,2022Q3
3494,111,12,11.5,2022Q4
3494,112,3,11.23,2023Q1
3494,112,6,8.21,2023Q2
3494,112,9,6.82,2023Q3
3494,112,12,6.61,2023Q4
3494,113,3,5.78,2024Q1
3494,113,6,6.82,2024Q2
3494,113,9,7.32,2024Q3
3494,113,12,16.57,2024Q4
3494,114,3,18.96,2025Q1
3494,114,6,,2025Q2
3494,114,9,,2025Q3
3494,114,12,,2025Q4
3501,105,3,53.32,2016Q1
3501,105,6,53.08,2016Q2
3501,105,9,48.52,2016Q3
3501,105,12,51.32,2016Q4
3501,106,3,53.28,2017Q1
3501,106,6,53.09,2017Q2
3501,106,9,52.86,2017Q3
3501,106,12,58.29,2017Q4
3501,107,3,54.25,2018Q1
3501,107,6,51.62,2018Q2
3501,107,9,50.82,2018Q3
3501,107,12,51.9,2018Q4
3501,108,3,57.73,2019Q1
3501,108,6,52.35,2019Q2
3501,108,9,49.94,2019Q3
3501,108,12,49.53,2019Q4
3501,109,3,41.76,2020Q1
3501,109,6,45.96,2020Q2
3501,109,9,46.62,2020Q3
3501,109,12,49.46,2020Q4
3501,110,3,55.69,2021Q1
3501,110,6,50.79,2021Q2
3501,110,9,47.73,2021Q3
3501,110,12,47.93,2021Q4
3501,111,3,46.52,2022Q1
3501,111,6,43.6,2022Q2
3501,111,9,46.02,2022Q3
3501,111,12,50.86,2022Q4
3501,112,3,52.38,2023Q1
3501,112,6,56.29,2023Q2
3501,112,9,50.39,2023Q3
3501,112,12,51.59,2023Q4
3501,113,3,55.71,2024Q1
3501,113,6,75.02,2024Q2
3501,113,9,69.16,2024Q3
3501,113,12,62.38,2024Q4
3501,114,3,63.89,2025Q1
3501,114,6,,2025Q2
3501,114,9,,2025Q3
3501,114,12,,2025Q4
3504,105,3,38.71,2016Q1
3504,105,6,32.38,2016Q2
3504,105,9,29.22,2016Q3
3504,105,12,26.55,2016Q4
3504,106,3,35.65,2017Q1
3504,106,6,36.21,2017Q2
3504,106,9,77.35,2017Q3
3504,106,12,50.92,2017Q4
3504,107,3,62.11,2018Q1
3504,107,6,134.32,2018Q2
3504,107,9,93.3,2018Q3
3504,107,12,77.07,2018Q4
3504,108,3,103.79,2019Q1
3504,108,6,92.74,2019Q2
3504,108,9,85.82,2019Q3
3504,108,12,83.65,2019Q4
3504,109,3,53.86,2020Q1
3504,109,6,65.03,2020Q2
3504,109,9,58.54,2020Q3
3504,109,12,59.93,2020Q4
3504,110,3,81.37,2021Q1
3504,110,6,84.09,2021Q2
3504,110,9,111.15,2021Q3
3504,110,12,124.63,2021Q4
3504,111,3,80.9,2022Q1
3504,111,6,70.32,2022Q2
3504,111,9,106.77,2022Q3
3504,111,12,86.39,2022Q4
3504,112,3,88.69,2023Q1
3504,112,6,83.38,2023Q2
3504,112,9,64.48,2023Q3
3504,112,12,66.75,2023Q4
3504,113,3,61.72,2024Q1
3504,113,6,61.33,2024Q2
3504,113,9,54.8,2024Q3
3504,113,12,62.1,2024Q4
3504,114,3,60.87,2025Q1
3504,114,6,,2025Q2
3504,114,9,,2025Q3
3504,114,12,,2025Q4
3515,105,3,45.31,2016Q1
3515,105,6,40.69,2016Q2
3515,105,9,39.49,2016Q3
3515,105,12,37.79,2016Q4
3515,106,3,42.85,2017Q1
3515,106,6,60.25,2017Q2
3515,106,9,79.73,2017Q3
3515,106,12,73.98,2017Q4
3515,107,3,93.83,2018Q1
3515,107,6,75.36,2018Q2
3515,107,9,55.47,2018Q3
3515,107,12,54.26,2018Q4
3515,108,3,63.21,2019Q1
3515,108,6,61.39,2019Q2
3515,108,9,69.66,2019Q3
3515,108,12,78.08,2019Q4
3515,109,3,98.91,2020Q1
3515,109,6,145.98,2020Q2
3515,109,9,190.31,2020Q3
3515,109,12,164.83,2020Q4
3515,110,3,158.22,2021Q1
3515,110,6,193.04,2021Q2
3515,110,9,153.72,2021Q3
3515,110,12,270.44,2021Q4
3515,111,3,212.71,2022Q1
3515,111,6,129.01,2022Q2
3515,111,9,101.87,2022Q3
3515,111,12,141.7,2022Q4
3515,112,3,142.96,2023Q1
3515,112,6,208.44,2023Q2
3515,112,9,213.04,2023Q3
3515,112,12,238.17,2023Q4
3515,113,3,282.46,2024Q1
3515,113,6,236.53,2024Q2
3515,113,9,206.12,2024Q3
3515,113,12,242.56,2024Q4
3515,114,3,218.77,2025Q1
3515,114,6,,2025Q2
3515,114,9,,2025Q3
3515,114,12,,2025Q4
3518,105,3,28.97,2016Q1
3518,105,6,22.36,2016Q2
3518,105,9,24.52,2016Q3
3518,105,12,21.93,2016Q4
3518,106,3,22.81,2017Q1
3518,106,6,21.58,2017Q2
3518,106,9,36.31,2017Q3
3518,106,12,38.5,2017Q4
3518,107,3,29.55,2018Q1
3518,107,6,25.02,2018Q2
3518,107,9,25.35,2018Q3
3518,107,12,16.7,2018Q4
3518,108,3,19.2,2019Q1
3518,108,6,20.39,2019Q2
3518,108,9,21.9,2019Q3
3518,108,12,33.14,2019Q4
3518,109,3,22.02,2020Q1
3518,109,6,35.99,2020Q2
3518,109,9,27.31,2020Q3
3518,109,12,34.35,2020Q4
3518,110,3,31.74,2021Q1
3518,110,6,27.11,2021Q2
3518,110,9,23.52,2021Q3
3518,110,12,25.13,2021Q4
3518,111,3,20.91,2022Q1
3518,111,6,19.88,2022Q2
3518,111,9,26.95,2022Q3
3518,111,12,21.01,2022Q4
3518,112,3,23.25,2023Q1
3518,112,6,33.25,2023Q2
3518,112,9,34.71,2023Q3
3518,112,12,38.95,2023Q4
3518,113,3,32.66,2024Q1
3518,113,6,31.42,2024Q2
3518,113,9,32.98,2024Q3
3518,113,12,26.58,2024Q4
3518,114,3,21.97,2025Q1
3518,114,6,,2025Q2
3518,114,9,,2025Q3
3518,114,12,,2025Q4
3528,105,3,,2016Q1
3528,105,6,31.34,2016Q2
3528,105,9,30.09,2016Q3
3528,105,12,28.88,2016Q4
3528,106,3,32.59,2017Q1
3528,106,6,34.53,2017Q2
3528,106,9,36.3,2017Q3
3528,106,12,35.2,2017Q4
3528,107,3,35.67,2018Q1
3528,107,6,36.81,2018Q2
3528,107,9,33.41,2018Q3
3528,107,12,32.55,2018Q4
3528,108,3,34.46,2019Q1
3528,108,6,40.21,2019Q2
3528,108,9,37.81,2019Q3
3528,108,12,37.71,2019Q4
3528,109,3,35.55,2020Q1
3528,109,6,38.88,2020Q2
3528,109,9,41.03,2020Q3
3528,109,12,42.44,2020Q4
3528,110,3,44.53,2021Q1
3528,110,6,48.73,2021Q2
3528,110,9,49.47,2021Q3
3528,110,12,49.94,2021Q4
3528,111,3,51.63,2022Q1
3528,111,6,50.93,2022Q2
3528,111,9,50.19,2022Q3
3528,111,12,50.04,2022Q4
3528,112,3,57.71,2023Q1
3528,112,6,60.72,2023Q2
3528,112,9,52.61,2023Q3
3528,112,12,53.35,2023Q4
3528,113,3,47.4,2024Q1
3528,113,6,49.3,2024Q2
3528,113,9,53.77,2024Q3
3528,113,12,51.23,2024Q4
3528,114,3,76.8,2025Q1
3528,114,6,,2025Q2
3528,114,9,,2025Q3
3528,114,12,,2025Q4
3532,105,3,36.1,2016Q1
3532,105,6,30.42,2016Q2
3532,105,9,34.32,2016Q3
3532,105,12,61.54,2016Q4
3532,106,3,115.29,2017Q1
3532,106,6,82.02,2017Q2
3532,106,9,104.18,2017Q3
3532,106,12,97.49,2017Q4
3532,107,3,134.17,2018Q1
3532,107,6,151.34,2018Q2
3532,107,9,104.9,2018Q3
3532,107,12,132.37,2018Q4
3532,108,3,114.48,2019Q1
3532,108,6,117.11,2019Q2
3532,108,9,103.65,2019Q3
3532,108,12,115.22,2019Q4
3532,109,3,138.55,2020Q1
3532,109,6,137.5,2020Q2
3532,109,9,110.2,2020Q3
3532,109,12,142.93,2020Q4
3532,110,3,138.28,2021Q1
3532,110,6,178.99,2021Q2
3532,110,9,179.3,2021Q3
3532,110,12,287.08,2021Q4
3532,111,3,313.5,2022Q1
3532,111,6,222.16,2022Q2
3532,111,9,160.57,2022Q3
3532,111,12,152.12,2022Q4
3532,112,3,164.59,2023Q1
3532,112,6,164.1,2023Q2
3532,112,9,145.99,2023Q3
3532,112,12,179.04,2023Q4
3532,113,3,164.58,2024Q1
3532,113,6,175.53,2024Q2
3532,113,9,134.08,2024Q3
3532,113,12,102.89,2024Q4
3532,114,3,91.83,2025Q1
3532,114,6,,2025Q2
3532,114,9,,2025Q3
3532,114,12,,2025Q4
3533,105,3,111.42,2016Q1
3533,105,6,92.24,2016Q2
3533,105,9,84.01,2016Q3
3533,105,12,94.96,2016Q4
3533,106,3,100.66,2017Q1
3533,106,6,133.71,2017Q2
3533,106,9,198.44,2017Q3
3533,106,12,185.85,2017Q4
3533,107,3,205.69,2018Q1
3533,107,6,201.25,2018Q2
3533,107,9,218.0,2018Q3
3533,107,12,204.83,2018Q4
3533,108,3,241.69,2019Q1
3533,108,6,210.93,2019Q2
3533,108,9,264.59,2019Q3
3533,108,12,312.63,2019Q4
3533,109,3,264.38,2020Q1
3533,109,6,390.42,2020Q2
3533,109,9,447.27,2020Q3
3533,109,12,465.4,2020Q4
3533,110,3,504.72,2021Q1
3533,110,6,565.03,2021Q2
3533,110,9,573.94,2021Q3
3533,110,12,710.48,2021Q4
3533,111,3,671.42,2022Q1
3533,111,6,752.1,2022Q2
3533,111,9,765.23,2022Q3
3533,111,12,855.24,2022Q4
3533,112,3,877.93,2023Q1
3533,112,6,871.93,2023Q2
3533,112,9,864.92,2023Q3
3533,112,12,1017.37,2023Q4
3533,113,3,1253.95,2024Q1
3533,113,6,1635.69,2024Q2
3533,113,9,1403.81,2024Q3
3533,113,12,1928.58,2024Q4
3533,114,3,1583.62,2025Q1
3533,114,6,,2025Q2
3533,114,9,,2025Q3
3533,114,12,,2025Q4
3535,105,3,12.02,2016Q1
3535,105,6,14.41,2016Q2
3535,105,9,15.64,2016Q3
3535,105,12,16.96,2016Q4
3535,106,3,18.18,2017Q1
3535,106,6,13.94,2017Q2
3535,106,9,12.32,2017Q3
3535,106,12,12.01,2017Q4
3535,107,3,14.69,2018Q1
3535,107,6,15.2,2018Q2
3535,107,9,13.36,2018Q3
3535,107,12,18.02,2018Q4
3535,108,3,28.18,2019Q1
3535,108,6,31.02,2019Q2
3535,108,9,25.84,2019Q3
3535,108,12,23.61,2019Q4
3535,109,3,13.08,2020Q1
3535,109,6,16.23,2020Q2
3535,109,9,18.7,2020Q3
3535,109,12,21.51,2020Q4
3535,110,3,19.69,2021Q1
3535,110,6,16.6,2021Q2
3535,110,9,17.65,2021Q3
3535,110,12,19.31,2021Q4
3535,111,3,21.56,2022Q1
3535,111,6,28.88,2022Q2
3535,111,9,26.5,2022Q3
3535,111,12,24.43,2022Q4
3535,112,3,23.12,2023Q1
3535,112,6,20.42,2023Q2
3535,112,9,18.86,2023Q3
3535,112,12,18.91,2023Q4
3535,113,3,21.57,2024Q1
3535,113,6,37.23,2024Q2
3535,113,9,65.63,2024Q3
3535,113,12,52.34,2024Q4
3535,114,3,42.3,2025Q1
3535,114,6,,2025Q2
3535,114,9,,2025Q3
3535,114,12,,2025Q4
3545,105,3,31.4,2016Q1
3545,105,6,26.96,2016Q2
3545,105,9,35.58,2016Q3
3545,105,12,34.14,2016Q4
3545,106,3,41.99,2017Q1
3545,106,6,34.48,2017Q2
3545,106,9,39.98,2017Q3
3545,106,12,30.44,2017Q4
3545,107,3,30.89,2018Q1
3545,107,6,28.07,2018Q2
3545,107,9,25.13,2018Q3
3545,107,12,27.9,2018Q4
3545,108,3,24.79,2019Q1
3545,108,6,22.58,2019Q2
3545,108,9,22.56,2019Q3
3545,108,12,25.07,2019Q4
3545,109,3,29.79,2020Q1
3545,109,6,32.67,2020Q2
3545,109,9,32.75,2020Q3
3545,109,12,80.63,2020Q4
3545,110,3,131.25,2021Q1
3545,110,6,231.2,2021Q2
3545,110,9,175.34,2021Q3
3545,110,12,170.91,2021Q4
3545,111,3,149.46,2022Q1
3545,111,6,106.85,2022Q2
3545,111,9,67.98,2022Q3
3545,111,12,62.57,2022Q4
3545,112,3,77.76,2023Q1
3545,112,6,82.58,2023Q2
3545,112,9,78.6,2023Q3
3545,112,12,118.43,2023Q4
3545,113,3,94.61,2024Q1
3545,113,6,89.65,2024Q2
3545,113,9,78.98,2024Q3
3545,113,12,90.47,2024Q4
3545,114,3,74.59,2025Q1
3545,114,6,,2025Q2
3545,114,9,,2025Q3
3545,114,12,,2025Q4
3550,105,3,12.85,2016Q1
3550,105,6,13.65,2016Q2
3550,105,9,17.75,2016Q3
3550,105,12,15.25,2016Q4
3550,106,3,18.15,2017Q1
3550,106,6,17.51,2017Q2
3550,106,9,15.98,2017Q3
3550,106,12,21.04,2017Q4
3550,107,3,21.64,2018Q1
3550,107,6,24.02,2018Q2
3550,107,9,18.47,2018Q3
3550,107,12,16.34,2018Q4
3550,108,3,18.7,2019Q1
3550,108,6,15.12,2019Q2
3550,108,9,14.45,2019Q3
3550,108,12,14.55,2019Q4
3550,109,3,10.79,2020Q1
3550,109,6,12.64,2020Q2
3550,109,9,15.41,2020Q3
3550,109,12,15.03,2020Q4
3550,110,3,18.4,2021Q1
3550,110,6,18.77,2021Q2
3550,110,9,18.4,2021Q3
3550,110,12,19.6,2021Q4
3550,111,3,17.05,2022Q1
3550,111,6,15.3,2022Q2
3550,111,9,14.8,2022Q3
3550,111,12,14.0,2022Q4
3550,112,3,14.9,2023Q1
3550,112,6,16.43,2023Q2
3550,112,9,15.48,2023Q3
3550,112,12,14.94,2023Q4
3550,113,3,15.26,2024Q1
3550,113,6,15.35,2024Q2
3550,113,9,27.56,2024Q3
3550,113,12,18.92,2024Q4
3550,114,3,16.57,2025Q1
3550,114,6,,2025Q2
3550,114,9,,2025Q3
3550,114,12,,2025Q4
3557,105,3,4.22,2016Q1
3557,105,6,3.14,2016Q2
3557,105,9,5.57,2016Q3
3557,105,12,6.24,2016Q4
3557,106,3,6.0,2017Q1
3557,106,6,5.07,2017Q2
3557,106,9,6.54,2017Q3
3557,106,12,10.7,2017Q4
3557,107,3,17.32,2018Q1
3557,107,6,17.68,2018Q2
3557,107,9,16.4,2018Q3
3557,107,12,17.08,2018Q4
3557,108,3,24.98,2019Q1
3557,108,6,24.47,2019Q2
3557,108,9,37.3,2019Q3
3557,108,12,39.2,2019Q4
3557,109,3,49.25,2020Q1
3557,109,6,84.91,2020Q2
3557,109,9,78.0,2020Q3
3557,109,12,108.87,2020Q4
3557,110,3,98.08,2021Q1
3557,110,6,85.84,2021Q2
3557,110,9,78.2,2021Q3
3557,110,12,78.96,2021Q4
3557,111,3,74.23,2022Q1
3557,111,6,67.43,2022Q2
3557,111,9,52.6,2022Q3
3557,111,12,49.28,2022Q4
3557,112,3,65.86,2023Q1
3557,112,6,68.92,2023Q2
3557,112,9,53.89,2023Q3
3557,112,12,61.34,2023Q4
3557,113,3,61.56,2024Q1
3557,113,6,76.26,2024Q2
3557,113,9,72.41,2024Q3
3557,113,12,76.98,2024Q4
3557,114,3,66.27,2025Q1
3557,114,6,,2025Q2
3557,114,9,,2025Q3
3557,114,12,,2025Q4
3563,105,3,,2016Q1
3563,105,6,,2016Q2
3563,105,9,,2016Q3
3563,105,12,,2016Q4
3563,106,3,,2017Q1
3563,106,6,,2017Q2
3563,106,9,,2017Q3
3563,106,12,,2017Q4
3563,107,3,,2018Q1
3563,107,6,,2018Q2
3563,107,9,,2018Q3
3563,107,12,,2018Q4
3563,108,3,,2019Q1
3563,108,6,387.33,2019Q2
3563,108,9,332.98,2019Q3
3563,108,12,327.57,2019Q4
3563,109,3,270.35,2020Q1
3563,109,6,325.38,2020Q2
3563,109,9,297.5,2020Q3
3563,109,12,295.95,2020Q4
3563,110,3,283.39,2021Q1
3563,110,6,252.49,2021Q2
3563,110,9,241.23,2021Q3
3563,110,12,253.07,2021Q4
3563,111,3,214.25,2022Q1
3563,111,6,165.32,2022Q2
3563,111,9,138.84,2022Q3
3563,111,12,137.1,2022Q4
3563,112,3,183.62,2023Q1
3563,112,6,219.04,2023Q2
3563,112,9,204.86,2023Q3
3563,112,12,216.49,2023Q4
3563,113,3,350.67,2024Q1
3563,113,6,394.69,2024Q2
3563,113,9,352.27,2024Q3
3563,113,12,414.28,2024Q4
3563,114,3,531.52,2025Q1
3563,114,6,,2025Q2
3563,114,9,,2025Q3
3563,114,12,,2025Q4
3576,105,3,22.08,2016Q1
3576,105,6,17.47,2016Q2
3576,105,9,16.17,2016Q3
3576,105,12,14.97,2016Q4
3576,106,3,15.18,2017Q1
3576,106,6,14.47,2017Q2
3576,106,9,14.89,2017Q3
3576,106,12,13.72,2017Q4
3576,107,3,13.4,2018Q1
3576,107,6,10.52,2018Q2
3576,107,9,10.09,2018Q3
3576,107,12,8.07,2018Q4
3576,108,3,9.37,2019Q1
3576,108,6,9.9,2019Q2
3576,108,9,8.4,2019Q3
3576,108,12,7.43,2019Q4
3576,109,3,5.42,2020Q1
3576,109,6,6.29,2020Q2
3576,109,9,11.89,2020Q3
3576,109,12,14.41,2020Q4
3576,110,3,15.9,2021Q1
3576,110,6,13.36,2021Q2
3576,110,9,21.14,2021Q3
3576,110,12,21.83,2021Q4
3576,111,3,22.53,2022Q1
3576,111,6,21.87,2022Q2
3576,111,9,22.55,2022Q3
3576,111,12,21.41,2022Q4
3576,112,3,21.0,2023Q1
3576,112,6,19.44,2023Q2
3576,112,9,15.28,2023Q3
3576,112,12,14.73,2023Q4
3576,113,3,11.66,2024Q1
3576,113,6,13.12,2024Q2
3576,113,9,12.0,2024Q3
3576,113,12,10.38,2024Q4
3576,114,3,9.88,2025Q1
3576,114,6,,2025Q2
3576,114,9,,2025Q3
3576,114,12,,2025Q4
3583,105,3,75.43,2016Q1
3583,105,6,68.83,2016Q2
3583,105,9,65.17,2016Q3
3583,105,12,58.81,2016Q4
3583,106,3,57.74,2017Q1
3583,106,6,60.3,2017Q2
3583,106,9,66.97,2017Q3
3583,106,12,85.97,2017Q4
3583,107,3,70.21,2018Q1
3583,107,6,68.25,2018Q2
3583,107,9,66.55,2018Q3
3583,107,12,53.86,2018Q4
3583,108,3,68.91,2019Q1
3583,108,6,62.58,2019Q2
3583,108,9,62.11,2019Q3
3583,108,12,66.47,2019Q4
3583,109,3,43.41,2020Q1
3583,109,6,48.8,2020Q2
3583,109,9,57.61,2020Q3
3583,109,12,69.01,2020Q4
3583,110,3,66.24,2021Q1
3583,110,6,62.78,2021Q2
3583,110,9,69.53,2021Q3
3583,110,12,91.4,2021Q4
3583,111,3,89.78,2022Q1
3583,111,6,87.27,2022Q2
3583,111,9,78.38,2022Q3
3583,111,12,76.68,2022Q4
3583,112,3,81.7,2023Q1
3583,112,6,145.07,2023Q2
3583,112,9,206.4,2023Q3
3583,112,12,219.03,2023Q4
3583,113,3,287.89,2024Q1
3583,113,6,349.76,2024Q2
3583,113,9,420.26,2024Q3
3583,113,12,423.89,2024Q4
3583,114,3,325.22,2025Q1
3583,114,6,,2025Q2
3583,114,9,,2025Q3
3583,114,12,,2025Q4
3588,105,3,31.51,2016Q1
3588,105,6,29.38,2016Q2
3588,105,9,38.51,2016Q3
3588,105,12,35.93,2016Q4
3588,106,3,33.62,2017Q1
3588,106,6,29.44,2017Q2
3588,106,9,29.52,2017Q3
3588,106,12,26.19,2017Q4
3588,107,3,25.8,2018Q1
3588,107,6,29.03,2018Q2
3588,107,9,25.15,2018Q3
3588,107,12,21.32,2018Q4
3588,108,3,22.43,2019Q1
3588,108,6,22.72,2019Q2
3588,108,9,25.24,2019Q3
3588,108,12,30.71,2019Q4
3588,109,3,24.54,2020Q1
3588,109,6,35.22,2020Q2
3588,109,9,36.38,2020Q3
3588,109,12,61.96,2020Q4
3588,110,3,81.36,2021Q1
3588,110,6,87.69,2021Q2
3588,110,9,132.87,2021Q3
3588,110,12,152.62,2021Q4
3588,111,3,141.57,2022Q1
3588,111,6,105.66,2022Q2
3588,111,9,56.67,2022Q3
3588,111,12,60.67,2022Q4
3588,112,3,62.88,2023Q1
3588,112,6,54.43,2023Q2
3588,112,9,70.06,2023Q3
3588,112,12,85.31,2023Q4
3588,113,3,111.45,2024Q1
3588,113,6,91.06,2024Q2
3588,113,9,84.21,2024Q3
3588,113,12,71.21,2024Q4
3588,114,3,60.62,2025Q1
3588,114,6,,2025Q2
3588,114,9,,2025Q3
3588,114,12,,2025Q4
3591,105,3,16.39,2016Q1
3591,105,6,13.87,2016Q2
3591,105,9,14.46,2016Q3
3591,105,12,13.6,2016Q4
3591,106,3,18.35,2017Q1
3591,106,6,14.53,2017Q2
3591,106,9,14.97,2017Q3
3591,106,12,15.07,2017Q4
3591,107,3,16.36,2018Q1
3591,107,6,19.6,2018Q2
3591,107,9,14.8,2018Q3
3591,107,12,14.21,2018Q4
3591,108,3,14.43,2019Q1
3591,108,6,14.7,2019Q2
3591,108,9,13.3,2019Q3
3591,108,12,13.57,2019Q4
3591,109,3,9.04,2020Q1
3591,109,6,11.4,2020Q2
3591,109,9,12.13,2020Q3
3591,109,12,17.07,2020Q4
3591,110,3,21.7,2021Q1
3591,110,6,20.07,2021Q2
3591,110,9,22.38,2021Q3
3591,110,12,25.31,2021Q4
3591,111,3,19.74,2022Q1
3591,111,6,16.32,2022Q2
3591,111,9,16.61,2022Q3
3591,111,12,16.73,2022Q4
3591,112,3,22.84,2023Q1
3591,112,6,25.69,2023Q2
3591,112,9,23.47,2023Q3
3591,112,12,24.82,2023Q4
3591,113,3,25.99,2024Q1
3591,113,6,29.73,2024Q2
3591,113,9,24.44,2024Q3
3591,113,12,26.47,2024Q4
3591,114,3,25.49,2025Q1
3591,114,6,,2025Q2
3591,114,9,,2025Q3
3591,114,12,,2025Q4
3593,105,3,8.58,2016Q1
3593,105,6,7.37,2016Q2
3593,105,9,7.47,2016Q3
3593,105,12,6.4,2016Q4
3593,106,3,9.37,2017Q1
3593,106,6,10.29,2017Q2
3593,106,9,14.05,2017Q3
3593,106,12,12.2,2017Q4
3593,107,3,9.39,2018Q1
3593,107,6,8.64,2018Q2
3593,107,9,6.68,2018Q3
3593,107,12,9.33,2018Q4
3593,108,3,7.52,2019Q1
3593,108,6,7.78,2019Q2
3593,108,9,6.51,2019Q3
3593,108,12,7.4,2019Q4
3593,109,3,8.05,2020Q1
3593,109,6,11.56,2020Q2
3593,109,9,10.86,2020Q3
3593,109,12,12.67,2020Q4
3593,110,3,16.03,2021Q1
3593,110,6,14.05,2021Q2
3593,110,9,13.58,2021Q3
3593,110,12,15.59,2021Q4
3593,111,3,14.92,2022Q1
3593,111,6,14.32,2022Q2
3593,111,9,14.12,2022Q3
3593,111,12,13.62,2022Q4
3593,112,3,12.94,2023Q1
3593,112,6,12.8,2023Q2
3593,112,9,11.89,2023Q3
3593,112,12,11.1,2023Q4
3593,113,3,11.95,2024Q1
3593,113,6,13.0,2024Q2
3593,113,9,14.83,2024Q3
3593,113,12,8.08,2024Q4
3593,114,3,7.98,2025Q1
3593,114,6,,2025Q2
3593,114,9,,2025Q3
3593,114,12,,2025Q4
3596,105,3,49.16,2016Q1
3596,105,6,56.46,2016Q2
3596,105,9,66.74,2016Q3
3596,105,12,57.02,2016Q4
3596,106,3,60.52,2017Q1
3596,106,6,51.55,2017Q2
3596,106,9,52.47,2017Q3
3596,106,12,50.84,2017Q4
3596,107,3,53.51,2018Q1
3596,107,6,71.85,2018Q2
3596,107,9,57.19,2018Q3
3596,107,12,73.1,2018Q4
3596,108,3,90.79,2019Q1
3596,108,6,87.95,2019Q2
3596,108,9,98.84,2019Q3
3596,108,12,93.67,2019Q4
3596,109,3,67.4,2020Q1
3596,109,6,83.21,2020Q2
3596,109,9,89.49,2020Q3
3596,109,12,95.99,2020Q4
3596,110,3,106.19,2021Q1
3596,110,6,101.05,2021Q2
3596,110,9,91.49,2021Q3
3596,110,12,124.04,2021Q4
3596,111,3,115.29,2022Q1
3596,111,6,125.78,2022Q2
3596,111,9,107.9,2022Q3
3596,111,12,102.85,2022Q4
3596,112,3,106.61,2023Q1
3596,112,6,119.45,2023Q2
3596,112,9,165.15,2023Q3
3596,112,12,177.65,2023Q4
3596,113,3,189.83,2024Q1
3596,113,6,163.15,2024Q2
3596,113,9,143.53,2024Q3
3596,113,12,173.99,2024Q4
3596,114,3,214.58,2025Q1
3596,114,6,,2025Q2
3596,114,9,,2025Q3
3596,114,12,,2025Q4
3605,105,3,37.66,2016Q1
3605,105,6,26.56,2016Q2
3605,105,9,25.02,2016Q3
3605,105,12,24.92,2016Q4
3605,106,3,26.71,2017Q1
3605,106,6,28.37,2017Q2
3605,106,9,29.02,2017Q3
3605,106,12,24.64,2017Q4
3605,107,3,27.37,2018Q1
3605,107,6,21.92,2018Q2
3605,107,9,21.58,2018Q3
3605,107,12,24.02,2018Q4
3605,108,3,25.81,2019Q1
3605,108,6,21.6,2019Q2
3605,108,9,24.61,2019Q3
3605,108,12,30.37,2019Q4
3605,109,3,20.6,2020Q1
3605,109,6,27.2,2020Q2
3605,109,9,31.47,2020Q3
3605,109,12,38.36,2020Q4
3605,110,3,46.83,2021Q1
3605,110,6,49.35,2021Q2
3605,110,9,49.26,2021Q3
3605,110,12,51.15,2021Q4
3605,111,3,51.28,2022Q1
3605,111,6,40.21,2022Q2
3605,111,9,33.24,2022Q3
3605,111,12,33.68,2022Q4
3605,112,3,33.14,2023Q1
3605,112,6,30.03,2023Q2
3605,112,9,28.47,2023Q3
3605,112,12,32.39,2023Q4
3605,113,3,40.09,2024Q1
3605,113,6,48.13,2024Q2
3605,113,9,57.44,2024Q3
3605,113,12,52.42,2024Q4
3605,114,3,64.27,2025Q1
3605,114,6,,2025Q2
3605,114,9,,2025Q3
3605,114,12,,2025Q4
3607,105,3,48.24,2016Q1
3607,105,6,40.4,2016Q2
3607,105,9,35.35,2016Q3
3607,105,12,32.17,2016Q4
3607,106,3,32.31,2017Q1
3607,106,6,29.57,2017Q2
3607,106,9,27.56,2017Q3
3607,106,12,33.04,2017Q4
3607,107,3,32.08,2018Q1
3607,107,6,28.36,2018Q2
3607,107,9,22.06,2018Q3
3607,107,12,16.34,2018Q4
3607,108,3,19.15,2019Q1
3607,108,6,19.53,2019Q2
3607,108,9,17.84,2019Q3
3607,108,12,17.15,2019Q4
3607,109,3,10.87,2020Q1
3607,109,6,13.54,2020Q2
3607,109,9,12.76,2020Q3
3607,109,12,15.19,2020Q4
3607,110,3,15.48,2021Q1
3607,110,6,15.16,2021Q2
3607,110,9,13.44,2021Q3
3607,110,12,18.47,2021Q4
3607,111,3,14.33,2022Q1
3607,111,6,15.48,2022Q2
3607,111,9,13.35,2022Q3
3607,111,12,12.23,2022Q4
3607,112,3,13.45,2023Q1
3607,112,6,15.61,2023Q2
3607,112,9,14.97,2023Q3
3607,112,12,17.16,2023Q4
3607,113,3,18.51,2024Q1
3607,113,6,18.74,2024Q2
3607,113,9,22.34,2024Q3
3607,113,12,20.65,2024Q4
3607,114,3,17.5,2025Q1
3607,114,6,,2025Q2
3607,114,9,,2025Q3
3607,114,12,,2025Q4
3617,105,3,102.82,2016Q1
3617,105,6,119.23,2016Q2
3617,105,9,121.18,2016Q3
3617,105,12,100.03,2016Q4
3617,106,3,98.62,2017Q1
3617,106,6,96.11,2017Q2
3617,106,9,99.06,2017Q3
3617,106,12,99.87,2017Q4
3617,107,3,93.09,2018Q1
3617,107,6,90.87,2018Q2
3617,107,9,87.62,2018Q3
3617,107,12,78.73,2018Q4
3617,108,3,83.23,2019Q1
3617,108,6,91.6,2019Q2
3617,108,9,94.45,2019Q3
3617,108,12,111.68,2019Q4
3617,109,3,81.02,2020Q1
3617,109,6,82.09,2020Q2
3617,109,9,75.86,2020Q3
3617,109,12,86.74,2020Q4
3617,110,3,84.8,2021Q1
3617,110,6,84.77,2021Q2
3617,110,9,76.59,2021Q3
3617,110,12,69.56,2021Q4
3617,111,3,70.98,2022Q1
3617,111,6,71.16,2022Q2
3617,111,9,103.73,2022Q3
3617,111,12,110.42,2022Q4
3617,112,3,119.78,2023Q1
3617,112,6,214.11,2023Q2
3617,112,9,266.9,2023Q3
3617,112,12,204.31,2023Q4
3617,113,3,225.04,2024Q1
3617,113,6,285.78,2024Q2
3617,113,9,319.05,2024Q3
3617,113,12,369.25,2024Q4
3617,114,3,311.56,2025Q1
3617,114,6,,2025Q2
3617,114,9,,2025Q3
3617,114,12,,2025Q4
3622,105,3,11.7,2016Q1
3622,105,6,10.25,2016Q2
3622,105,9,14.43,2016Q3
3622,105,12,12.16,2016Q4
3622,106,3,13.12,2017Q1
3622,106,6,13.17,2017Q2
3622,106,9,16.83,2017Q3
3622,106,12,18.7,2017Q4
3622,107,3,19.1,2018Q1
3622,107,6,18.24,2018Q2
3622,107,9,17.18,2018Q3
3622,107,12,16.74,2018Q4
3622,108,3,16.93,2019Q1
3622,108,6,16.85,2019Q2
3622,108,9,19.49,2019Q3
3622,108,12,22.33,2019Q4
3622,109,3,16.77,2020Q1
3622,109,6,19.92,2020Q2
3622,109,9,23.76,2020Q3
3622,109,12,34.27,2020Q4
3622,110,3,35.38,2021Q1
3622,110,6,32.43,2021Q2
3622,110,9,27.88,2021Q3
3622,110,12,28.8,2021Q4
3622,111,3,27.81,2022Q1
3622,111,6,33.68,2022Q2
3622,111,9,27.33,2022Q3
3622,111,12,28.03,2022Q4
3622,112,3,29.61,2023Q1
3622,112,6,35.16,2023Q2
3622,112,9,44.39,2023Q3
3622,112,12,46.77,2023Q4
3622,113,3,60.75,2024Q1
3622,113,6,75.77,2024Q2
3622,113,9,70.76,2024Q3
3622,113,12,65.54,2024Q4
3622,114,3,59.27,2025Q1
3622,114,6,,2025Q2
3622,114,9,,2025Q3
3622,114,12,,2025Q4
3645,105,3,29.29,2016Q1
3645,105,6,29.41,2016Q2
3645,105,9,31.56,2016Q3
3645,105,12,33.43,2016Q4
3645,106,3,44.47,2017Q1
3645,106,6,43.4,2017Q2
3645,106,9,40.58,2017Q3
3645,106,12,79.94,2017Q4
3645,107,3,79.84,2018Q1
3645,107,6,85.09,2018Q2
3645,107,9,62.45,2018Q3
3645,107,12,48.83,2018Q4
3645,108,3,59.54,2019Q1
3645,108,6,48.34,2019Q2
3645,108,9,49.19,2019Q3
3645,108,12,50.81,2019Q4
3645,109,3,32.7,2020Q1
3645,109,6,39.42,2020Q2
3645,109,9,64.99,2020Q3
3645,109,12,56.03,2020Q4
3645,110,3,58.14,2021Q1
3645,110,6,48.55,2021Q2
3645,110,9,42.31,2021Q3
3645,110,12,42.78,2021Q4
3645,111,3,54.39,2022Q1
3645,111,6,57.23,2022Q2
3645,111,9,35.77,2022Q3
3645,111,12,33.77,2022Q4
3645,112,3,34.41,2023Q1
3645,112,6,38.46,2023Q2
3645,112,9,43.5,2023Q3
3645,112,12,44.04,2023Q4
3645,113,3,44.99,2024Q1
3645,113,6,41.9,2024Q2
3645,113,9,51.01,2024Q3
3645,113,12,48.39,2024Q4
3645,114,3,67.74,2025Q1
3645,114,6,,2025Q2
3645,114,9,,2025Q3
3645,114,12,,2025Q4
3652,105,3,,2016Q1
3652,105,6,,2016Q2
3652,105,9,,2016Q3
3652,105,12,,2016Q4
3652,106,3,,2017Q1
3652,106,6,,2017Q2
3652,106,9,,2017Q3
3652,106,12,,2017Q4
3652,107,3,,2018Q1
3652,107,6,,2018Q2
3652,107,9,,2018Q3
3652,107,12,,2018Q4
3652,108,3,,2019Q1
3652,108,6,,2019Q2
3652,108,9,,2019Q3
3652,108,12,,2019Q4
3652,109,3,,2020Q1
3652,109,6,,2020Q2
3652,109,9,,2020Q3
3652,109,12,,2020Q4
3652,110,3,,2021Q1
3652,110,6,,2021Q2
3652,110,9,,2021Q3
3652,110,12,,2021Q4
3652,111,3,,2022Q1
3652,111,6,,2022Q2
3652,111,9,24.36,2022Q3
3652,111,12,23.51,2022Q4
3652,112,3,32.23,2023Q1
3652,112,6,38.7,2023Q2
3652,112,9,28.17,2023Q3
3652,112,12,30.2,2023Q4
3652,113,3,29.64,2024Q1
3652,113,6,44.21,2024Q2
3652,113,9,43.52,2024Q3
3652,113,12,39.63,2024Q4
3652,114,3,36.05,2025Q1
3652,114,6,,2025Q2
3652,114,9,,2025Q3
3652,114,12,,2025Q4
3653,105,3,47.35,2016Q1
3653,105,6,42.56,2016Q2
3653,105,9,59.81,2016Q3
3653,105,12,48.24,2016Q4
3653,106,3,67.57,2017Q1
3653,106,6,80.81,2017Q2
3653,106,9,73.64,2017Q3
3653,106,12,68.28,2017Q4
3653,107,3,66.96,2018Q1
3653,107,6,72.79,2018Q2
3653,107,9,83.61,2018Q3
3653,107,12,78.69,2018Q4
3653,108,3,110.5,2019Q1
3653,108,6,117.91,2019Q2
3653,108,9,136.74,2019Q3
3653,108,12,205.36,2019Q4
3653,109,3,168.87,2020Q1
3653,109,6,270.18,2020Q2
3653,109,9,301.02,2020Q3
3653,109,12,268.72,2020Q4
3653,110,3,292.92,2021Q1
3653,110,6,298.26,2021Q2
3653,110,9,322.09,2021Q3
3653,110,12,424.16,2021Q4
3653,111,3,367.27,2022Q1
3653,111,6,374.97,2022Q2
3653,111,9,383.95,2022Q3
3653,111,12,391.06,2022Q4
3653,112,3,444.75,2023Q1
3653,112,6,623.12,2023Q2
3653,112,9,625.02,2023Q3
3653,112,12,696.82,2023Q4
3653,113,3,941.59,2024Q1
3653,113,6,1055.02,2024Q2
3653,113,9,1313.77,2024Q3
3653,113,12,1486.06,2024Q4
3653,114,3,1171.9,2025Q1
3653,114,6,,2025Q2
3653,114,9,,2025Q3
3653,114,12,,2025Q4
3661,105,3,37.29,2016Q1
3661,105,6,25.8,2016Q2
3661,105,9,26.62,2016Q3
3661,105,12,30.81,2016Q4
3661,106,3,43.84,2017Q1
3661,106,6,62.47,2017Q2
3661,106,9,84.16,2017Q3
3661,106,12,87.92,2017Q4
3661,107,3,133.25,2018Q1
3661,107,6,147.01,2018Q2
3661,107,9,98.51,2018Q3
3661,107,12,75.12,2018Q4
3661,108,3,80.83,2019Q1
3661,108,6,92.19,2019Q2
3661,108,9,145.85,2019Q3
3661,108,12,232.26,2019Q4
3661,109,3,202.4,2020Q1
3661,109,6,397.58,2020Q2
3661,109,9,483.77,2020Q3
3661,109,12,621.28,2020Q4
3661,110,3,900.59,2021Q1
3661,110,6,583.07,2021Q2
3661,110,9,812.88,2021Q3
3661,110,12,993.14,2021Q4
3661,111,3,1032.51,2022Q1
3661,111,6,771.24,2022Q2
3661,111,9,891.74,2022Q3
3661,111,12,855.58,2022Q4
3661,112,3,1107.84,2023Q1
3661,112,6,1720.54,2023Q2
3661,112,9,2552.74,2023Q3
3661,112,12,3358.87,2023Q4
3661,113,3,3611.53,2024Q1
3661,113,6,2712.67,2024Q2
3661,113,9,2247.66,2024Q3
3661,113,12,2917.76,2024Q4
3661,114,3,2909.41,2025Q1
3661,114,6,,2025Q2
3661,114,9,,2025Q3
3661,114,12,,2025Q4
3665,105,3,162.52,2016Q1
3665,105,6,186.09,2016Q2
3665,105,9,171.97,2016Q3
3665,105,12,164.4,2016Q4
3665,106,3,179.77,2017Q1
3665,106,6,224.35,2017Q2
3665,106,9,279.92,2017Q3
3665,106,12,272.51,2017Q4
3665,107,3,267.49,2018Q1
3665,107,6,231.48,2018Q2
3665,107,9,153.73,2018Q3
3665,107,12,204.3,2018Q4
3665,108,3,207.07,2019Q1
3665,108,6,206.11,2019Q2
3665,108,9,219.02,2019Q3
3665,108,12,218.24,2019Q4
3665,109,3,158.2,2020Q1
3665,109,6,209.37,2020Q2
3665,109,9,243.05,2020Q3
3665,109,12,243.58,2020Q4
3665,110,3,275.76,2021Q1
3665,110,6,255.36,2021Q2
3665,110,9,237.61,2021Q3
3665,110,12,250.58,2021Q4
3665,111,3,305.24,2022Q1
3665,111,6,306.14,2022Q2
3665,111,9,310.46,2022Q3
3665,111,12,256.53,2022Q4
3665,112,3,277.57,2023Q1
3665,112,6,303.59,2023Q2
3665,112,9,262.69,2023Q3
3665,112,12,268.97,2023Q4
3665,113,3,250.9,2024Q1
3665,113,6,325.25,2024Q2
3665,113,9,434.56,2024Q3
3665,113,12,659.67,2024Q4
3665,114,3,569.66,2025Q1
3665,114,6,,2025Q2
3665,114,9,,2025Q3
3665,114,12,,2025Q4
3669,105,3,16.15,2016Q1
3669,105,6,19.97,2016Q2
3669,105,9,20.42,2016Q3
3669,105,12,20.21,2016Q4
3669,106,3,21.76,2017Q1
3669,106,6,21.98,2017Q2
3669,106,9,21.53,2017Q3
3669,106,12,19.67,2017Q4
3669,107,3,20.35,2018Q1
3669,107,6,20.59,2018Q2
3669,107,9,19.4,2018Q3
3669,107,12,17.27,2018Q4
3669,108,3,18.01,2019Q1
3669,108,6,16.71,2019Q2
3669,108,9,17.78,2019Q3
3669,108,12,16.52,2019Q4
3669,109,3,28.69,2020Q1
3669,109,6,32.22,2020Q2
3669,109,9,124.51,2020Q3
3669,109,12,82.38,2020Q4
3669,110,3,80.68,2021Q1
3669,110,6,84.34,2021Q2
3669,110,9,58.64,2021Q3
3669,110,12,61.04,2021Q4
3669,111,3,55.42,2022Q1
3669,111,6,48.11,2022Q2
3669,111,9,47.78,2022Q3
3669,111,12,48.01,2022Q4
3669,112,3,46.66,2023Q1
3669,112,6,41.71,2023Q2
3669,112,9,42.52,2023Q3
3669,112,12,51.44,2023Q4
3669,113,3,55.8,2024Q1
3669,113,6,56.9,2024Q2
3669,113,9,48.82,2024Q3
3669,113,12,43.5,2024Q4
3669,114,3,40.39,2025Q1
3669,114,6,,2025Q2
3669,114,9,,2025Q3
3669,114,12,,2025Q4
3673,105,3,77.94,2016Q1
3673,105,6,64.31,2016Q2
3673,105,9,54.25,2016Q3
3673,105,12,58.25,2016Q4
3673,106,3,95.62,2017Q1
3673,106,6,93.57,2017Q2
3673,106,9,114.52,2017Q3
3673,106,12,87.28,2017Q4
3673,107,3,72.66,2018Q1
3673,107,6,66.2,2018Q2
3673,107,9,52.42,2018Q3
3673,107,12,50.87,2018Q4
3673,108,3,57.39,2019Q1
3673,108,6,50.0,2019Q2
3673,108,9,57.67,2019Q3
3673,108,12,56.55,2019Q4
3673,109,3,38.5,2020Q1
3673,109,6,45.61,2020Q2
3673,109,9,52.37,2020Q3
3673,109,12,46.44,2020Q4
3673,110,3,50.02,2021Q1
3673,110,6,46.55,2021Q2
3673,110,9,38.18,2021Q3
3673,110,12,42.31,2021Q4
3673,111,3,37.28,2022Q1
3673,111,6,34.53,2022Q2
3673,111,9,34.04,2022Q3
3673,111,12,30.58,2022Q4
3673,112,3,35.21,2023Q1
3673,112,6,43.57,2023Q2
3673,112,9,34.64,2023Q3
3673,112,12,35.47,2023Q4
3673,113,3,35.42,2024Q1
3673,113,6,39.87,2024Q2
3673,113,9,44.96,2024Q3
3673,113,12,39.78,2024Q4
3673,114,3,37.4,2025Q1
3673,114,6,,2025Q2
3673,114,9,,2025Q3
3673,114,12,,2025Q4
3679,105,3,47.99,2016Q1
3679,105,6,54.12,2016Q2
3679,105,9,75.58,2016Q3
3679,105,12,68.97,2016Q4
3679,106,3,85.54,2017Q1
3679,106,6,90.89,2017Q2
3679,106,9,71.29,2017Q3
3679,106,12,73.37,2017Q4
3679,107,3,79.23,2018Q1
3679,107,6,78.76,2018Q2
3679,107,9,72.52,2018Q3
3679,107,12,56.12,2018Q4
3679,108,3,56.72,2019Q1
3679,108,6,47.98,2019Q2
3679,108,9,47.6,2019Q3
3679,108,12,67.3,2019Q4
3679,109,3,51.64,2020Q1
3679,109,6,65.17,2020Q2
3679,109,9,98.76,2020Q3
3679,109,12,114.78,2020Q4
3679,110,3,150.31,2021Q1
3679,110,6,137.18,2021Q2
3679,110,9,82.49,2021Q3
3679,110,12,89.52,2021Q4
3679,111,3,88.54,2022Q1
3679,111,6,83.18,2022Q2
3679,111,9,85.01,2022Q3
3679,111,12,90.41,2022Q4
3679,112,3,93.68,2023Q1
3679,112,6,90.81,2023Q2
3679,112,9,93.73,2023Q3
3679,112,12,106.92,2023Q4
3679,113,3,112.54,2024Q1
3679,113,6,137.71,2024Q2
3679,113,9,131.5,2024Q3
3679,113,12,132.88,2024Q4
3679,114,3,152.33,2025Q1
3679,114,6,,2025Q2
3679,114,9,,2025Q3
3679,114,12,,2025Q4
3686,105,3,10.03,2016Q1
3686,105,6,8.4,2016Q2
3686,105,9,7.25,2016Q3
3686,105,12,7.04,2016Q4
3686,106,3,7.45,2017Q1
3686,106,6,6.81,2017Q2
3686,106,9,7.49,2017Q3
3686,106,12,6.91,2017Q4
3686,107,3,6.48,2018Q1
3686,107,6,6.09,2018Q2
3686,107,9,4.05,2018Q3
3686,107,12,3.72,2018Q4
3686,108,3,1.86,2019Q1
3686,108,6,1.59,2019Q2
3686,108,9,1.51,2019Q3
3686,108,12,4.2,2019Q4
3686,109,3,3.38,2020Q1
3686,109,6,4.04,2020Q2
3686,109,9,15.11,2020Q3
3686,109,12,18.73,2020Q4
3686,110,3,17.89,2021Q1
3686,110,6,17.85,2021Q2
3686,110,9,16.56,2021Q3
3686,110,12,15.96,2021Q4
3686,111,3,16.94,2022Q1
3686,111,6,14.19,2022Q2
3686,111,9,12.52,2022Q3
3686,111,12,15.83,2022Q4
3686,112,3,15.4,2023Q1
3686,112,6,15.22,2023Q2
3686,112,9,13.29,2023Q3
3686,112,12,13.75,2023Q4
3686,113,3,14.4,2024Q1
3686,113,6,20.95,2024Q2
3686,113,9,24.75,2024Q3
3686,113,12,20.28,2024Q4
3686,114,3,17.22,2025Q1
3686,114,6,,2025Q2
3686,114,9,,2025Q3
3686,114,12,,2025Q4
3694,105,3,17.07,2016Q1
3694,105,6,14.95,2016Q2
3694,105,9,16.0,2016Q3
3694,105,12,14.27,2016Q4
3694,106,3,14.81,2017Q1
3694,106,6,13.87,2017Q2
3694,106,9,17.14,2017Q3
3694,106,12,16.73,2017Q4
3694,107,3,21.33,2018Q1
3694,107,6,28.47,2018Q2
3694,107,9,22.25,2018Q3
3694,107,12,22.17,2018Q4
3694,108,3,25.05,2019Q1
3694,108,6,20.2,2019Q2
3694,108,9,20.77,2019Q3
3694,108,12,18.11,2019Q4
3694,109,3,13.5,2020Q1
3694,109,6,18.31,2020Q2
3694,109,9,31.94,2020Q3
3694,109,12,30.36,2020Q4
3694,110,3,27.88,2021Q1
3694,110,6,24.17,2021Q2
3694,110,9,21.57,2021Q3
3694,110,12,27.75,2021Q4
3694,111,3,21.67,2022Q1
3694,111,6,19.21,2022Q2
3694,111,9,19.98,2022Q3
3694,111,12,21.17,2022Q4
3694,112,3,22.72,2023Q1
3694,112,6,28.72,2023Q2
3694,112,9,35.73,2023Q3
3694,112,12,46.2,2023Q4
3694,113,3,55.08,2024Q1
3694,113,6,52.79,2024Q2
3694,113,9,42.79,2024Q3
3694,113,12,54.22,2024Q4
3694,114,3,61.63,2025Q1
3694,114,6,,2025Q2
3694,114,9,,2025Q3
3694,114,12,,2025Q4
3701,105,3,7.9,2016Q1
3701,105,6,6.37,2016Q2
3701,105,9,,2016Q3
3701,105,12,6.78,2016Q4
3701,106,3,6.05,2017Q1
3701,106,6,6.55,2017Q2
3701,106,9,6.33,2017Q3
3701,106,12,6.77,2017Q4
3701,107,3,7.36,2018Q1
3701,107,6,7.21,2018Q2
3701,107,9,6.89,2018Q3
3701,107,12,12.59,2018Q4
3701,108,3,13.45,2019Q1
3701,108,6,14.19,2019Q2
3701,108,9,14.03,2019Q3
3701,108,12,13.95,2019Q4
3701,109,3,12.51,2020Q1
3701,109,6,13.2,2020Q2
3701,109,9,13.16,2020Q3
3701,109,12,13.46,2020Q4
3701,110,3,13.67,2021Q1
3701,110,6,14.2,2021Q2
3701,110,9,30.64,2021Q3
3701,110,12,85.36,2021Q4
3701,111,3,69.13,2022Q1
3701,111,6,52.42,2022Q2
3701,111,9,46.93,2022Q3
3701,111,12,42.73,2022Q4
3701,112,3,49.89,2023Q1
3701,112,6,67.99,2023Q2
3701,112,9,59.8,2023Q3
3701,112,12,61.9,2023Q4
3701,113,3,64.37,2024Q1
3701,113,6,52.47,2024Q2
3701,113,9,39.59,2024Q3
3701,113,12,39.66,2024Q4
3701,114,3,40.29,2025Q1
3701,114,6,,2025Q2
3701,114,9,,2025Q3
3701,114,12,,2025Q4
3702,105,3,34.31,2016Q1
3702,105,6,37.02,2016Q2
3702,105,9,36.9,2016Q3
3702,105,12,38.59,2016Q4
3702,106,3,38.8,2017Q1
3702,106,6,40.5,2017Q2
3702,106,9,39.73,2017Q3
3702,106,12,39.7,2017Q4
3702,107,3,37.57,2018Q1
3702,107,6,43.54,2018Q2
3702,107,9,37.82,2018Q3
3702,107,12,36.61,2018Q4
3702,108,3,39.31,2019Q1
3702,108,6,39.82,2019Q2
3702,108,9,39.18,2019Q3
3702,108,12,38.67,2019Q4
3702,109,3,35.97,2020Q1
3702,109,6,39.55,2020Q2
3702,109,9,39.24,2020Q3
3702,109,12,42.05,2020Q4
3702,110,3,46.89,2021Q1
3702,110,6,50.65,2021Q2
3702,110,9,48.28,2021Q3
3702,110,12,50.87,2021Q4
3702,111,3,56.72,2022Q1
3702,111,6,56.19,2022Q2
3702,111,9,49.1,2022Q3
3702,111,12,47.75,2022Q4
3702,112,3,49.16,2023Q1
3702,112,6,54.11,2023Q2
3702,112,9,58.2,2023Q3
3702,112,12,80.56,2023Q4
3702,113,3,92.67,2024Q1
3702,113,6,87.71,2024Q2
3702,113,9,75.99,2024Q3
3702,113,12,69.23,2024Q4
3702,114,3,65.54,2025Q1
3702,114,6,,2025Q2
3702,114,9,,2025Q3
3702,114,12,,2025Q4
3703,105,3,11.67,2016Q1
3703,105,6,10.56,2016Q2
3703,105,9,10.0,2016Q3
3703,105,12,10.62,2016Q4
3703,106,3,11.04,2017Q1
3703,106,6,11.38,2017Q2
3703,106,9,12.8,2017Q3
3703,106,12,15.95,2017Q4
3703,107,3,15.25,2018Q1
3703,107,6,13.39,2018Q2
3703,107,9,13.94,2018Q3
3703,107,12,14.14,2018Q4
3703,108,3,15.33,2019Q1
3703,108,6,17.05,2019Q2
3703,108,9,14.82,2019Q3
3703,108,12,12.42,2019Q4
3703,109,3,10.54,2020Q1
3703,109,6,12.8,2020Q2
3703,109,9,20.68,2020Q3
3703,109,12,21.56,2020Q4
3703,110,3,23.57,2021Q1
3703,110,6,26.24,2021Q2
3703,110,9,24.11,2021Q3
3703,110,12,25.4,2021Q4
3703,111,3,24.92,2022Q1
3703,111,6,28.68,2022Q2
3703,111,9,31.71,2022Q3
3703,111,12,28.91,2022Q4
3703,112,3,31.1,2023Q1
3703,112,6,30.86,2023Q2
3703,112,9,26.87,2023Q3
3703,112,12,28.12,2023Q4
3703,113,3,29.17,2024Q1
3703,113,6,36.28,2024Q2
3703,113,9,31.59,2024Q3
3703,113,12,30.03,2024Q4
3703,114,3,28.83,2025Q1
3703,114,6,,2025Q2
3703,114,9,,2025Q3
3703,114,12,,2025Q4
3704,105,3,16.32,2016Q1
3704,105,6,16.73,2016Q2
3704,105,9,15.42,2016Q3
3704,105,12,14.7,2016Q4
3704,106,3,16.79,2017Q1
3704,106,6,15.1,2017Q2
3704,106,9,14.91,2017Q3
3704,106,12,15.18,2017Q4
3704,107,3,15.04,2018Q1
3704,107,6,14.16,2018Q2
3704,107,9,11.34,2018Q3
3704,107,12,12.44,2018Q4
3704,108,3,14.45,2019Q1
3704,108,6,22.7,2019Q2
3704,108,9,22.17,2019Q3
3704,108,12,19.95,2019Q4
3704,109,3,13.28,2020Q1
3704,109,6,17.23,2020Q2
3704,109,9,25.88,2020Q3
3704,109,12,33.25,2020Q4
3704,110,3,37.87,2021Q1
3704,110,6,30.28,2021Q2
3704,110,9,24.39,2021Q3
3704,110,12,35.5,2021Q4
3704,111,3,30.16,2022Q1
3704,111,6,28.0,2022Q2
3704,111,9,29.16,2022Q3
3704,111,12,33.65,2022Q4
3704,112,3,38.92,2023Q1
3704,112,6,44.0,2023Q2
3704,112,9,52.24,2023Q3
3704,112,12,53.21,2023Q4
3704,113,3,48.48,2024Q1
3704,113,6,40.31,2024Q2
3704,113,9,38.0,2024Q3
3704,113,12,41.24,2024Q4
3704,114,3,38.52,2025Q1
3704,114,6,,2025Q2
3704,114,9,,2025Q3
3704,114,12,,2025Q4
3705,105,3,49.18,2016Q1
3705,105,6,46.83,2016Q2
3705,105,9,47.55,2016Q3
3705,105,12,45.73,2016Q4
3705,106,3,45.79,2017Q1
3705,106,6,43.17,2017Q2
3705,106,9,40.07,2017Q3
3705,106,12,40.04,2017Q4
3705,107,3,41.08,2018Q1
3705,107,6,41.13,2018Q2
3705,107,9,40.49,2018Q3
3705,107,12,39.47,2018Q4
3705,108,3,41.37,2019Q1
3705,108,6,42.92,2019Q2
3705,108,9,41.69,2019Q3
3705,108,12,42.55,2019Q4
3705,109,3,42.72,2020Q1
3705,109,6,49.07,2020Q2
3705,109,9,43.92,2020Q3
3705,109,12,44.65,2020Q4
3705,110,3,44.17,2021Q1
3705,110,6,43.78,2021Q2
3705,110,9,42.71,2021Q3
3705,110,12,42.97,2021Q4
3705,111,3,42.76,2022Q1
3705,111,6,41.58,2022Q2
3705,111,9,40.43,2022Q3
3705,111,12,47.02,2022Q4
3705,112,3,43.25,2023Q1
3705,112,6,45.11,2023Q2
3705,112,9,43.76,2023Q3
3705,112,12,46.74,2023Q4
3705,113,3,47.67,2024Q1
3705,113,6,54.02,2024Q2
3705,113,9,59.25,2024Q3
3705,113,12,54.84,2024Q4
3705,114,3,55.43,2025Q1
3705,114,6,,2025Q2
3705,114,9,,2025Q3
3705,114,12,,2025Q4
3706,105,3,25.1,2016Q1
3706,105,6,23.36,2016Q2
3706,105,9,31.91,2016Q3
3706,105,12,31.92,2016Q4
3706,106,3,33.02,2017Q1
3706,106,6,38.45,2017Q2
3706,106,9,36.13,2017Q3
3706,106,12,35.86,2017Q4
3706,107,3,33.1,2018Q1
3706,107,6,33.09,2018Q2
3706,107,9,30.59,2018Q3
3706,107,12,25.0,2018Q4
3706,108,3,31.3,2019Q1
3706,108,6,29.97,2019Q2
3706,108,9,26.51,2019Q3
3706,108,12,28.75,2019Q4
3706,109,3,29.59,2020Q1
3706,109,6,32.02,2020Q2
3706,109,9,28.6,2020Q3
3706,109,12,30.41,2020Q4
3706,110,3,29.02,2021Q1
3706,110,6,27.91,2021Q2
3706,110,9,28.7,2021Q3
3706,110,12,33.88,2021Q4
3706,111,3,31.89,2022Q1
3706,111,6,28.2,2022Q2
3706,111,9,27.39,2022Q3
3706,111,12,29.71,2022Q4
3706,112,3,28.68,2023Q1
3706,112,6,34.8,2023Q2
3706,112,9,39.67,2023Q3
3706,112,12,42.64,2023Q4
3706,113,3,52.45,2024Q1
3706,113,6,46.21,2024Q2
3706,113,9,44.86,2024Q3
3706,113,12,81.84,2024Q4
3706,114,3,63.25,2025Q1
3706,114,6,,2025Q2
3706,114,9,,2025Q3
3706,114,12,,2025Q4
4104,105,3,50.62,2016Q1
4104,105,6,51.63,2016Q2
4104,105,9,46.88,2016Q3
4104,105,12,44.71,2016Q4
4104,106,3,46.72,2017Q1
4104,106,6,48.5,2017Q2
4104,106,9,45.31,2017Q3
4104,106,12,45.34,2017Q4
4104,107,3,47.14,2018Q1
4104,107,6,51.16,2018Q2
4104,107,9,47.16,2018Q3
4104,107,12,45.88,2018Q4
4104,108,3,48.8,2019Q1
4104,108,6,50.9,2019Q2
4104,108,9,52.86,2019Q3
4104,108,12,53.67,2019Q4
4104,109,3,50.49,2020Q1
4104,109,6,58.43,2020Q2
4104,109,9,56.24,2020Q3
4104,109,12,56.5,2020Q4
4104,110,3,57.41,2021Q1
4104,110,6,57.73,2021Q2
4104,110,9,55.42,2021Q3
4104,110,12,57.13,2021Q4
4104,111,3,63.08,2022Q1
4104,111,6,67.58,2022Q2
4104,111,9,65.74,2022Q3
4104,111,12,67.27,2022Q4
4104,112,3,79.77,2023Q1
4104,112,6,96.28,2023Q2
4104,112,9,89.0,2023Q3
4104,112,12,87.96,2023Q4
4104,113,3,92.63,2024Q1
4104,113,6,90.07,2024Q2
4104,113,9,87.54,2024Q3
4104,113,12,86.59,2024Q4
4104,114,3,88.99,2025Q1
4104,114,6,,2025Q2
4104,114,9,,2025Q3
4104,114,12,,2025Q4
4106,105,3,44.39,2016Q1
4106,105,6,39.21,2016Q2
4106,105,9,35.23,2016Q3
4106,105,12,33.46,2016Q4
4106,106,3,32.81,2017Q1
4106,106,6,30.79,2017Q2
4106,106,9,31.6,2017Q3
4106,106,12,29.47,2017Q4
4106,107,3,28.17,2018Q1
4106,107,6,28.56,2018Q2
4106,107,9,26.56,2018Q3
4106,107,12,24.57,2018Q4
4106,108,3,25.95,2019Q1
4106,108,6,25.55,2019Q2
4106,108,9,24.66,2019Q3
4106,108,12,24.27,2019Q4
4106,109,3,25.74,2020Q1
4106,109,6,37.41,2020Q2
4106,109,9,32.53,2020Q3
4106,109,12,29.21,2020Q4
4106,110,3,26.56,2021Q1
4106,110,6,47.23,2021Q2
4106,110,9,33.07,2021Q3
4106,110,12,29.31,2021Q4
4106,111,3,27.1,2022Q1
4106,111,6,25.95,2022Q2
4106,111,9,26.69,2022Q3
4106,111,12,31.02,2022Q4
4106,112,3,29.68,2023Q1
4106,112,6,36.53,2023Q2
4106,112,9,28.27,2023Q3
4106,112,12,29.18,2023Q4
4106,113,3,28.22,2024Q1
4106,113,6,28.1,2024Q2
4106,113,9,25.71,2024Q3
4106,113,12,26.16,2024Q4
4106,114,3,24.68,2025Q1
4106,114,6,,2025Q2
4106,114,9,,2025Q3
4106,114,12,,2025Q4
4108,105,3,42.87,2016Q1
4108,105,6,36.82,2016Q2
4108,105,9,32.03,2016Q3
4108,105,12,30.55,2016Q4
4108,106,3,30.92,2017Q1
4108,106,6,28.74,2017Q2
4108,106,9,26.97,2017Q3
4108,106,12,23.71,2017Q4
4108,107,3,24.2,2018Q1
4108,107,6,23.38,2018Q2
4108,107,9,22.2,2018Q3
4108,107,12,18.71,2018Q4
4108,108,3,22.2,2019Q1
4108,108,6,19.08,2019Q2
4108,108,9,19.51,2019Q3
4108,108,12,18.18,2019Q4
4108,109,3,14.79,2020Q1
4108,109,6,26.43,2020Q2
4108,109,9,27.85,2020Q3
4108,109,12,24.32,2020Q4
4108,110,3,28.18,2021Q1
4108,110,6,24.82,2021Q2
4108,110,9,22.47,2021Q3
4108,110,12,23.32,2021Q4
4108,111,3,20.78,2022Q1
4108,111,6,19.22,2022Q2
4108,111,9,20.49,2022Q3
4108,111,12,19.6,2022Q4
4108,112,3,18.97,2023Q1
4108,112,6,22.61,2023Q2
4108,112,9,20.24,2023Q3
4108,112,12,22.32,2023Q4
4108,113,3,21.05,2024Q1
4108,113,6,20.16,2024Q2
4108,113,9,17.94,2024Q3
4108,113,12,16.53,2024Q4
4108,114,3,15.85,2025Q1
4108,114,6,,2025Q2
4108,114,9,,2025Q3
4108,114,12,,2025Q4
4119,105,3,80.24,2016Q1
4119,105,6,91.28,2016Q2
4119,105,9,87.18,2016Q3
4119,105,12,74.27,2016Q4
4119,106,3,77.98,2017Q1
4119,106,6,70.76,2017Q2
4119,106,9,61.99,2017Q3
4119,106,12,57.88,2017Q4
4119,107,3,64.76,2018Q1
4119,107,6,65.54,2018Q2
4119,107,9,83.96,2018Q3
4119,107,12,71.48,2018Q4
4119,108,3,92.25,2019Q1
4119,108,6,93.54,2019Q2
4119,108,9,101.08,2019Q3
4119,108,12,108.21,2019Q4
4119,109,3,122.59,2020Q1
4119,109,6,142.93,2020Q2
4119,109,9,126.19,2020Q3
4119,109,12,87.39,2020Q4
4119,110,3,93.83,2021Q1
4119,110,6,88.49,2021Q2
4119,110,9,82.54,2021Q3
4119,110,12,81.42,2021Q4
4119,111,3,86.87,2022Q1
4119,111,6,82.62,2022Q2
4119,111,9,91.48,2022Q3
4119,111,12,96.82,2022Q4
4119,112,3,114.41,2023Q1
4119,112,6,117.94,2023Q2
4119,112,9,97.41,2023Q3
4119,112,12,94.96,2023Q4
4119,113,3,89.01,2024Q1
4119,113,6,91.04,2024Q2
4119,113,9,87.62,2024Q3
4119,113,12,93.87,2024Q4
4119,114,3,82.76,2025Q1
4119,114,6,,2025Q2
4119,114,9,,2025Q3
4119,114,12,,2025Q4
4133,105,3,33.01,2016Q1
4133,105,6,37.89,2016Q2
4133,105,9,35.89,2016Q3
4133,105,12,36.94,2016Q4
4133,106,3,36.16,2017Q1
4133,106,6,34.76,2017Q2
4133,106,9,40.13,2017Q3
4133,106,12,37.56,2017Q4
4133,107,3,37.73,2018Q1
4133,107,6,36.87,2018Q2
4133,107,9,35.2,2018Q3
4133,107,12,29.54,2018Q4
4133,108,3,31.78,2019Q1
4133,108,6,27.7,2019Q2
4133,108,9,27.82,2019Q3
4133,108,12,25.89,2019Q4
4133,109,3,37.05,2020Q1
4133,109,6,78.2,2020Q2
4133,109,9,77.57,2020Q3
4133,109,12,59.42,2020Q4
4133,110,3,54.09,2021Q1
4133,110,6,72.61,2021Q2
4133,110,9,51.89,2021Q3
4133,110,12,41.94,2021Q4
4133,111,3,40.93,2022Q1
4133,111,6,42.52,2022Q2
4133,111,9,43.11,2022Q3
4133,111,12,40.42,2022Q4
4133,112,3,37.64,2023Q1
4133,112,6,35.68,2023Q2
4133,112,9,31.62,2023Q3
4133,112,12,36.65,2023Q4
4133,113,3,32.06,2024Q1
4133,113,6,33.67,2024Q2
4133,113,9,30.38,2024Q3
4133,113,12,31.25,2024Q4
4133,114,3,29.81,2025Q1
4133,114,6,,2025Q2
4133,114,9,,2025Q3
4133,114,12,,2025Q4
4137,105,3,291.12,2016Q1
4137,105,6,176.09,2016Q2
4137,105,9,159.44,2016Q3
4137,105,12,148.04,2016Q4
4137,106,3,157.13,2017Q1
4137,106,6,138.82,2017Q2
4137,106,9,112.97,2017Q3
4137,106,12,151.78,2017Q4
4137,107,3,176.88,2018Q1
4137,107,6,284.64,2018Q2
4137,107,9,237.58,2018Q3
4137,107,12,257.29,2018Q4
4137,108,3,282.65,2019Q1
4137,108,6,259.55,2019Q2
4137,108,9,213.51,2019Q3
4137,108,12,236.58,2019Q4
4137,109,3,169.4,2020Q1
4137,109,6,209.22,2020Q2
4137,109,9,200.48,2020Q3
4137,109,12,201.0,2020Q4
4137,110,3,228.81,2021Q1
4137,110,6,207.68,2021Q2
4137,110,9,195.89,2021Q3
4137,110,12,239.52,2021Q4
4137,111,3,205.7,2022Q1
4137,111,6,189.32,2022Q2
4137,111,9,164.87,2022Q3
4137,111,12,203.75,2022Q4
4137,112,3,217.25,2023Q1
4137,112,6,209.47,2023Q2
4137,112,9,188.7,2023Q3
4137,112,12,191.15,2023Q4
4137,113,3,194.78,2024Q1
4137,113,6,163.7,2024Q2
4137,113,9,138.17,2024Q3
4137,113,12,114.39,2024Q4
4137,114,3,122.71,2025Q1
4137,114,6,,2025Q2
4137,114,9,,2025Q3
4137,114,12,,2025Q4
4142,105,3,26.45,2016Q1
4142,105,6,23.56,2016Q2
4142,105,9,22.8,2016Q3
4142,105,12,23.14,2016Q4
4142,106,3,23.31,2017Q1
4142,106,6,21.8,2017Q2
4142,106,9,19.98,2017Q3
4142,106,12,20.03,2017Q4
4142,107,3,19.72,2018Q1
4142,107,6,19.01,2018Q2
4142,107,9,20.31,2018Q3
4142,107,12,21.66,2018Q4
4142,108,3,20.27,2019Q1
4142,108,6,20.26,2019Q2
4142,108,9,25.77,2019Q3
4142,108,12,25.06,2019Q4
4142,109,3,30.59,2020Q1
4142,109,6,67.06,2020Q2
4142,109,9,72.68,2020Q3
4142,109,12,58.6,2020Q4
4142,110,3,58.31,2021Q1
4142,110,6,54.32,2021Q2
4142,110,9,53.19,2021Q3
4142,110,12,44.42,2021Q4
4142,111,3,39.58,2022Q1
4142,111,6,38.42,2022Q2
4142,111,9,37.45,2022Q3
4142,111,12,37.0,2022Q4
4142,112,3,41.7,2023Q1
4142,112,6,37.82,2023Q2
4142,112,9,33.7,2023Q3
4142,112,12,34.01,2023Q4
4142,113,3,27.67,2024Q1
4142,113,6,28.31,2024Q2
4142,113,9,27.36,2024Q3
4142,113,12,20.77,2024Q4
4142,114,3,22.1,2025Q1
4142,114,6,,2025Q2
4142,114,9,,2025Q3
4142,114,12,,2025Q4
4148,105,3,,2016Q1
4148,105,6,,2016Q2
4148,105,9,,2016Q3
4148,105,12,,2016Q4
4148,106,3,,2017Q1
4148,106,6,68.47,2017Q2
4148,106,9,103.4,2017Q3
4148,106,12,113.91,2017Q4
4148,107,3,131.26,2018Q1
4148,107,6,119.84,2018Q2
4148,107,9,85.34,2018Q3
4148,107,12,58.86,2018Q4
4148,108,3,58.38,2019Q1
4148,108,6,53.49,2019Q2
4148,108,9,44.86,2019Q3
4148,108,12,40.83,2019Q4
4148,109,3,25.59,2020Q1
4148,109,6,44.44,2020Q2
4148,109,9,38.43,2020Q3
4148,109,12,38.42,2020Q4
4148,110,3,35.62,2021Q1
4148,110,6,34.3,2021Q2
4148,110,9,35.03,2021Q3
4148,110,12,41.27,2021Q4
4148,111,3,62.81,2022Q1
4148,111,6,55.75,2022Q2
4148,111,9,70.91,2022Q3
4148,111,12,59.13,2022Q4
4148,112,3,66.35,2023Q1
4148,112,6,58.85,2023Q2
4148,112,9,49.52,2023Q3
4148,112,12,48.25,2023Q4
4148,113,3,52.92,2024Q1
4148,113,6,49.91,2024Q2
4148,113,9,46.28,2024Q3
4148,113,12,47.93,2024Q4
4148,114,3,44.7,2025Q1
4148,114,6,,2025Q2
4148,114,9,,2025Q3
4148,114,12,,2025Q4
4164,105,3,56.16,2016Q1
4164,105,6,52.21,2016Q2
4164,105,9,47.41,2016Q3
4164,105,12,43.87,2016Q4
4164,106,3,43.39,2017Q1
4164,106,6,46.4,2017Q2
4164,106,9,38.69,2017Q3
4164,106,12,35.23,2017Q4
4164,107,3,33.83,2018Q1
4164,107,6,34.43,2018Q2
4164,107,9,35.62,2018Q3
4164,107,12,31.9,2018Q4
4164,108,3,33.67,2019Q1
4164,108,6,40.62,2019Q2
4164,108,9,44.82,2019Q3
4164,108,12,41.49,2019Q4
4164,109,3,32.28,2020Q1
4164,109,6,43.79,2020Q2
4164,109,9,39.83,2020Q3
4164,109,12,39.26,2020Q4
4164,110,3,38.13,2021Q1
4164,110,6,37.25,2021Q2
4164,110,9,35.72,2021Q3
4164,110,12,37.63,2021Q4
4164,111,3,43.15,2022Q1
4164,111,6,40.76,2022Q2
4164,111,9,44.45,2022Q3
4164,111,12,45.55,2022Q4
4164,112,3,68.09,2023Q1
4164,112,6,65.58,2023Q2
4164,112,9,58.99,2023Q3
4164,112,12,61.54,2023Q4
4164,113,3,60.18,2024Q1
4164,113,6,53.47,2024Q2
4164,113,9,42.93,2024Q3
4164,113,12,41.09,2024Q4
4164,114,3,53.45,2025Q1
4164,114,6,,2025Q2
4164,114,9,,2025Q3
4164,114,12,,2025Q4
4190,105,3,125.0,2016Q1
4190,105,6,93.65,2016Q2
4190,105,9,85.03,2016Q3
4190,105,12,85.83,2016Q4
4190,106,3,88.13,2017Q1
4190,106,6,73.7,2017Q2
4190,106,9,66.42,2017Q3
4190,106,12,56.72,2017Q4
4190,107,3,71.74,2018Q1
4190,107,6,131.22,2018Q2
4190,107,9,105.56,2018Q3
4190,107,12,100.59,2018Q4
4190,108,3,119.18,2019Q1
4190,108,6,112.54,2019Q2
4190,108,9,101.38,2019Q3
4190,108,12,117.04,2019Q4
4190,109,3,74.69,2020Q1
4190,109,6,84.53,2020Q2
4190,109,9,86.76,2020Q3
4190,109,12,98.68,2020Q4
4190,110,3,93.4,2021Q1
4190,110,6,76.31,2021Q2
4190,110,9,70.67,2021Q3
4190,110,12,72.4,2021Q4
4190,111,3,69.03,2022Q1
4190,111,6,64.74,2022Q2
4190,111,9,75.4,2022Q3
4190,111,12,80.16,2022Q4
4190,112,3,87.61,2023Q1
4190,112,6,83.89,2023Q2
4190,112,9,68.16,2023Q3
4190,112,12,59.69,2023Q4
4190,113,3,52.78,2024Q1
4190,113,6,49.81,2024Q2
4190,113,9,48.21,2024Q3
4190,113,12,46.31,2024Q4
4190,114,3,44.74,2025Q1
4190,114,6,,2025Q2
4190,114,9,,2025Q3
4190,114,12,,2025Q4
4306,105,3,13.22,2016Q1
4306,105,6,13.84,2016Q2
4306,105,9,12.23,2016Q3
4306,105,12,12.04,2016Q4
4306,106,3,13.81,2017Q1
4306,106,6,12.87,2017Q2
4306,106,9,13.4,2017Q3
4306,106,12,14.46,2017Q4
4306,107,3,14.09,2018Q1
4306,107,6,20.63,2018Q2
4306,107,9,15.52,2018Q3
4306,107,12,14.52,2018Q4
4306,108,3,14.16,2019Q1
4306,108,6,13.38,2019Q2
4306,108,9,12.03,2019Q3
4306,108,12,12.48,2019Q4
4306,109,3,9.9,2020Q1
4306,109,6,10.97,2020Q2
4306,109,9,14.91,2020Q3
4306,109,12,16.34,2020Q4
4306,110,3,15.49,2021Q1
4306,110,6,18.93,2021Q2
4306,110,9,16.23,2021Q3
4306,110,12,15.16,2021Q4
4306,111,3,15.14,2022Q1
4306,111,6,15.6,2022Q2
4306,111,9,14.27,2022Q3
4306,111,12,14.71,2022Q4
4306,112,3,15.9,2023Q1
4306,112,6,15.99,2023Q2
4306,112,9,15.67,2023Q3
4306,112,12,17.9,2023Q4
4306,113,3,18.25,2024Q1
4306,113,6,20.78,2024Q2
4306,113,9,20.32,2024Q3
4306,113,12,17.4,2024Q4
4306,114,3,18.09,2025Q1
4306,114,6,,2025Q2
4306,114,9,,2025Q3
4306,114,12,,2025Q4
4414,105,3,24.62,2016Q1
4414,105,6,21.06,2016Q2
4414,105,9,19.43,2016Q3
4414,105,12,17.82,2016Q4
4414,106,3,20.73,2017Q1
4414,106,6,19.39,2017Q2
4414,106,9,20.65,2017Q3
4414,106,12,17.86,2017Q4
4414,107,3,16.29,2018Q1
4414,107,6,15.02,2018Q2
4414,107,9,13.24,2018Q3
4414,107,12,13.62,2018Q4
4414,108,3,14.86,2019Q1
4414,108,6,14.12,2019Q2
4414,108,9,12.17,2019Q3
4414,108,12,12.0,2019Q4
4414,109,3,8.77,2020Q1
4414,109,6,13.55,2020Q2
4414,109,9,12.85,2020Q3
4414,109,12,11.3,2020Q4
4414,110,3,10.08,2021Q1
4414,110,6,9.6,2021Q2
4414,110,9,7.94,2021Q3
4414,110,12,7.02,2021Q4
4414,111,3,6.21,2022Q1
4414,111,6,5.1,2022Q2
4414,111,9,,2022Q3
4414,111,12,,2022Q4
4414,112,3,,2023Q1
4414,112,6,4.11,2023Q2
4414,112,9,3.94,2023Q3
4414,112,12,3.7,2023Q4
4414,113,3,3.68,2024Q1
4414,113,6,3.06,2024Q2
4414,113,9,3.19,2024Q3
4414,113,12,2.95,2024Q4
4414,114,3,3.83,2025Q1
4414,114,6,,2025Q2
4414,114,9,,2025Q3
4414,114,12,,2025Q4
4426,105,3,192.77,2016Q1
4426,105,6,138.41,2016Q2
4426,105,9,142.83,2016Q3
4426,105,12,111.36,2016Q4
4426,106,3,87.32,2017Q1
4426,106,6,87.82,2017Q2
4426,106,9,66.07,2017Q3
4426,106,12,49.02,2017Q4
4426,107,3,54.58,2018Q1
4426,107,6,38.5,2018Q2
4426,107,9,48.25,2018Q3
4426,107,12,44.09,2018Q4
4426,108,3,55.03,2019Q1
4426,108,6,68.15,2019Q2
4426,108,9,57.58,2019Q3
4426,108,12,47.22,2019Q4
4426,109,3,29.91,2020Q1
4426,109,6,34.58,2020Q2
4426,109,9,29.03,2020Q3
4426,109,12,28.85,2020Q4
4426,110,3,26.38,2021Q1
4426,110,6,24.49,2021Q2
4426,110,9,18.36,2021Q3
4426,110,12,22.38,2021Q4
4426,111,3,22.27,2022Q1
4426,111,6,27.69,2022Q2
4426,111,9,29.04,2022Q3
4426,111,12,26.27,2022Q4
4426,112,3,26.62,2023Q1
4426,112,6,22.84,2023Q2
4426,112,9,20.77,2023Q3
4426,112,12,21.87,2023Q4
4426,113,3,18.08,2024Q1
4426,113,6,17.0,2024Q2
4426,113,9,13.39,2024Q3
4426,113,12,11.75,2024Q4
4426,114,3,15.2,2025Q1
4426,114,6,,2025Q2
4426,114,9,,2025Q3
4426,114,12,,2025Q4
4438,105,3,,2016Q1
4438,105,6,,2016Q2
4438,105,9,,2016Q3
4438,105,12,148.33,2016Q4
4438,106,3,164.2,2017Q1
4438,106,6,170.2,2017Q2
4438,106,9,165.8,2017Q3
4438,106,12,135.43,2017Q4
4438,107,3,125.73,2018Q1
4438,107,6,128.43,2018Q2
4438,107,9,138.55,2018Q3
4438,107,12,104.19,2018Q4
4438,108,3,133.75,2019Q1
4438,108,6,149.95,2019Q2
4438,108,9,146.65,2019Q3
4438,108,12,149.55,2019Q4
4438,109,3,120.6,2020Q1
4438,109,6,135.47,2020Q2
4438,109,9,113.35,2020Q3
4438,109,12,104.51,2020Q4
4438,110,3,118.62,2021Q1
4438,110,6,130.44,2021Q2
4438,110,9,111.73,2021Q3
4438,110,12,138.31,2021Q4
4438,111,3,114.93,2022Q1
4438,111,6,111.37,2022Q2
4438,111,9,134.69,2022Q3
4438,111,12,120.56,2022Q4
4438,112,3,117.29,2023Q1
4438,112,6,121.15,2023Q2
4438,112,9,113.12,2023Q3
4438,112,12,113.44,2023Q4
4438,113,3,110.9,2024Q1
4438,113,6,114.22,2024Q2
4438,113,9,106.4,2024Q3
4438,113,12,99.45,2024Q4
4438,114,3,104.58,2025Q1
4438,114,6,,2025Q2
4438,114,9,,2025Q3
4438,114,12,,2025Q4
4526,105,3,24.95,2016Q1
4526,105,6,24.07,2016Q2
4526,105,9,22.89,2016Q3
4526,105,12,21.53,2016Q4
4526,106,3,22.18,2017Q1
4526,106,6,21.13,2017Q2
4526,106,9,20.87,2017Q3
4526,106,12,20.33,2017Q4
4526,107,3,19.99,2018Q1
4526,107,6,22.03,2018Q2
4526,107,9,20.28,2018Q3
4526,107,12,17.68,2018Q4
4526,108,3,18.51,2019Q1
4526,108,6,18.36,2019Q2
4526,108,9,17.14,2019Q3
4526,108,12,16.86,2019Q4
4526,109,3,11.6,2020Q1
4526,109,6,13.41,2020Q2
4526,109,9,13.4,2020Q3
4526,109,12,15.39,2020Q4
4526,110,3,15.35,2021Q1
4526,110,6,17.78,2021Q2
4526,110,9,16.72,2021Q3
4526,110,12,17.38,2021Q4
4526,111,3,16.32,2022Q1
4526,111,6,14.83,2022Q2
4526,111,9,14.26,2022Q3
4526,111,12,14.48,2022Q4
4526,112,3,16.88,2023Q1
4526,112,6,19.31,2023Q2
4526,112,9,17.36,2023Q3
4526,112,12,19.03,2023Q4
4526,113,3,22.11,2024Q1
4526,113,6,29.45,2024Q2
4526,113,9,37.35,2024Q3
4526,113,12,32.1,2024Q4
4526,114,3,32.66,2025Q1
4526,114,6,,2025Q2
4526,114,9,,2025Q3
4526,114,12,,2025Q4
4532,105,3,26.92,2016Q1
4532,105,6,26.02,2016Q2
4532,105,9,35.96,2016Q3
4532,105,12,30.85,2016Q4
4532,106,3,34.17,2017Q1
4532,106,6,34.11,2017Q2
4532,106,9,30.54,2017Q3
4532,106,12,28.62,2017Q4
4532,107,3,29.9,2018Q1
4532,107,6,31.74,2018Q2
4532,107,9,27.69,2018Q3
4532,107,12,24.18,2018Q4
4532,108,3,26.26,2019Q1
4532,108,6,25.75,2019Q2
4532,108,9,23.47,2019Q3
4532,108,12,22.91,2019Q4
4532,109,3,16.6,2020Q1
4532,109,6,17.23,2020Q2
4532,109,9,20.47,2020Q3
4532,109,12,20.82,2020Q4
4532,110,3,21.72,2021Q1
4532,110,6,20.47,2021Q2
4532,110,9,19.05,2021Q3
4532,110,12,18.96,2021Q4
4532,111,3,18.13,2022Q1
4532,111,6,17.35,2022Q2
4532,111,9,18.94,2022Q3
4532,111,12,16.42,2022Q4
4532,112,3,18.34,2023Q1
4532,112,6,19.23,2023Q2
4532,112,9,19.77,2023Q3
4532,112,12,21.27,2023Q4
4532,113,3,24.29,2024Q1
4532,113,6,29.95,2024Q2
4532,113,9,25.33,2024Q3
4532,113,12,25.86,2024Q4
4532,114,3,30.26,2025Q1
4532,114,6,,2025Q2
4532,114,9,,2025Q3
4532,114,12,,2025Q4
4536,105,3,120.2,2016Q1
4536,105,6,106.74,2016Q2
4536,105,9,106.47,2016Q3
4536,105,12,101.98,2016Q4
4536,106,3,111.22,2017Q1
4536,106,6,105.76,2017Q2
4536,106,9,95.68,2017Q3
4536,106,12,88.62,2017Q4
4536,107,3,86.47,2018Q1
4536,107,6,82.07,2018Q2
4536,107,9,90.45,2018Q3
4536,107,12,98.34,2018Q4
4536,108,3,148.31,2019Q1
4536,108,6,162.44,2019Q2
4536,108,9,148.5,2019Q3
4536,108,12,133.4,2019Q4
4536,109,3,103.83,2020Q1
4536,109,6,131.92,2020Q2
4536,109,9,159.6,2020Q3
4536,109,12,157.6,2020Q4
4536,110,3,171.28,2021Q1
4536,110,6,160.35,2021Q2
4536,110,9,132.79,2021Q3
4536,110,12,143.8,2021Q4
4536,111,3,131.91,2022Q1
4536,111,6,130.54,2022Q2
4536,111,9,169.34,2022Q3
4536,111,12,195.78,2022Q4
4536,112,3,220.62,2023Q1
4536,112,6,195.33,2023Q2
4536,112,9,169.28,2023Q3
4536,112,12,184.53,2023Q4
4536,113,3,191.56,2024Q1
4536,113,6,203.6,2024Q2
4536,113,9,220.71,2024Q3
4536,113,12,200.52,2024Q4
4536,114,3,212.06,2025Q1
4536,114,6,,2025Q2
4536,114,9,,2025Q3
4536,114,12,,2025Q4
4545,105,3,87.33,2016Q1
4545,105,6,61.87,2016Q2
4545,105,9,45.66,2016Q3
4545,105,12,43.0,2016Q4
4545,106,3,44.88,2017Q1
4545,106,6,35.35,2017Q2
4545,106,9,35.38,2017Q3
4545,106,12,43.73,2017Q4
4545,107,3,33.91,2018Q1
4545,107,6,34.84,2018Q2
4545,107,9,31.44,2018Q3
4545,107,12,25.2,2018Q4
4545,108,3,26.52,2019Q1
4545,108,6,22.72,2019Q2
4545,108,9,22.19,2019Q3
4545,108,12,27.05,2019Q4
4545,109,3,29.28,2020Q1
4545,109,6,29.74,2020Q2
4545,109,9,30.76,2020Q3
4545,109,12,31.56,2020Q4
4545,110,3,29.18,2021Q1
4545,110,6,27.13,2021Q2
4545,110,9,26.52,2021Q3
4545,110,12,29.07,2021Q4
4545,111,3,33.33,2022Q1
4545,111,6,29.74,2022Q2
4545,111,9,28.61,2022Q3
4545,111,12,29.5,2022Q4
4545,112,3,32.04,2023Q1
4545,112,6,29.73,2023Q2
4545,112,9,29.91,2023Q3
4545,112,12,29.85,2023Q4
4545,113,3,33.79,2024Q1
4545,113,6,53.87,2024Q2
4545,113,9,57.11,2024Q3
4545,113,12,49.32,2024Q4
4545,114,3,41.89,2025Q1
4545,114,6,,2025Q2
4545,114,9,,2025Q3
4545,114,12,,2025Q4
4551,105,3,84.14,2016Q1
4551,105,6,111.19,2016Q2
4551,105,9,150.39,2016Q3
4551,105,12,131.66,2016Q4
4551,106,3,136.35,2017Q1
4551,106,6,146.88,2017Q2
4551,106,9,186.85,2017Q3
4551,106,12,166.63,2017Q4
4551,107,3,179.87,2018Q1
4551,107,6,157.12,2018Q2
4551,107,9,84.96,2018Q3
4551,107,12,107.12,2018Q4
4551,108,3,118.4,2019Q1
4551,108,6,119.71,2019Q2
4551,108,9,154.71,2019Q3
4551,108,12,178.16,2019Q4
4551,109,3,109.06,2020Q1
4551,109,6,166.74,2020Q2
4551,109,9,182.28,2020Q3
4551,109,12,180.79,2020Q4
4551,110,3,183.79,2021Q1
4551,110,6,186.25,2021Q2
4551,110,9,165.78,2021Q3
4551,110,12,178.56,2021Q4
4551,111,3,149.72,2022Q1
4551,111,6,156.42,2022Q2
4551,111,9,166.6,2022Q3
4551,111,12,152.34,2022Q4
4551,112,3,147.38,2023Q1
4551,112,6,147.6,2023Q2
4551,112,9,139.04,2023Q3
4551,112,12,131.98,2023Q4
4551,113,3,106.94,2024Q1
4551,113,6,113.22,2024Q2
4551,113,9,132.73,2024Q3
4551,113,12,112.69,2024Q4
4551,114,3,111.42,2025Q1
4551,114,6,,2025Q2
4551,114,9,,2025Q3
4551,114,12,,2025Q4
4552,105,3,,2016Q1
4552,105,6,,2016Q2
4552,105,9,121.93,2016Q3
4552,105,12,108.88,2016Q4
4552,106,3,117.02,2017Q1
4552,106,6,112.0,2017Q2
4552,106,9,102.42,2017Q3
4552,106,12,101.41,2017Q4
4552,107,3,97.13,2018Q1
4552,107,6,89.42,2018Q2
4552,107,9,61.0,2018Q3
4552,107,12,58.6,2018Q4
4552,108,3,60.85,2019Q1
4552,108,6,51.0,2019Q2
4552,108,9,48.55,2019Q3
4552,108,12,40.57,2019Q4
4552,109,3,27.93,2020Q1
4552,109,6,37.96,2020Q2
4552,109,9,37.81,2020Q3
4552,109,12,35.0,2020Q4
4552,110,3,35.92,2021Q1
4552,110,6,30.49,2021Q2
4552,110,9,29.44,2021Q3
4552,110,12,32.07,2021Q4
4552,111,3,32.91,2022Q1
4552,111,6,29.02,2022Q2
4552,111,9,29.72,2022Q3
4552,111,12,29.61,2022Q4
4552,112,3,30.4,2023Q1
4552,112,6,34.75,2023Q2
4552,112,9,34.88,2023Q3
4552,112,12,31.72,2023Q4
4552,113,3,31.22,2024Q1
4552,113,6,28.4,2024Q2
4552,113,9,26.68,2024Q3
4552,113,12,24.5,2024Q4
4552,114,3,24.05,2025Q1
4552,114,6,,2025Q2
4552,114,9,,2025Q3
4552,114,12,,2025Q4
4555,105,3,73.44,2016Q1
4555,105,6,70.61,2016Q2
4555,105,9,61.92,2016Q3
4555,105,12,60.25,2016Q4
4555,106,3,60.36,2017Q1
4555,106,6,61.48,2017Q2
4555,106,9,61.28,2017Q3
4555,106,12,67.84,2017Q4
4555,107,3,78.65,2018Q1
4555,107,6,77.76,2018Q2
4555,107,9,63.04,2018Q3
4555,107,12,57.59,2018Q4
4555,108,3,59.54,2019Q1
4555,108,6,56.26,2019Q2
4555,108,9,52.83,2019Q3
4555,108,12,49.3,2019Q4
4555,109,3,52.18,2020Q1
4555,109,6,54.01,2020Q2
4555,109,9,49.06,2020Q3
4555,109,12,49.73,2020Q4
4555,110,3,61.11,2021Q1
4555,110,6,55.07,2021Q2
4555,110,9,55.1,2021Q3
4555,110,12,51.65,2021Q4
4555,111,3,56.67,2022Q1
4555,111,6,57.63,2022Q2
4555,111,9,53.61,2022Q3
4555,111,12,50.05,2022Q4
4555,112,3,48.62,2023Q1
4555,112,6,51.34,2023Q2
4555,112,9,53.19,2023Q3
4555,112,12,58.35,2023Q4
4555,113,3,64.75,2024Q1
4555,113,6,61.52,2024Q2
4555,113,9,44.81,2024Q3
4555,113,12,44.74,2024Q4
4555,114,3,42.61,2025Q1
4555,114,6,,2025Q2
4555,114,9,,2025Q3
4555,114,12,,2025Q4
4557,105,3,76.63,2016Q1
4557,105,6,74.62,2016Q2
4557,105,9,71.32,2016Q3
4557,105,12,70.25,2016Q4
4557,106,3,90.64,2017Q1
4557,106,6,82.42,2017Q2
4557,106,9,77.23,2017Q3
4557,106,12,70.75,2017Q4
4557,107,3,77.95,2018Q1
4557,107,6,69.03,2018Q2
4557,107,9,66.59,2018Q3
4557,107,12,62.38,2018Q4
4557,108,3,75.78,2019Q1
4557,108,6,74.32,2019Q2
4557,108,9,69.92,2019Q3
4557,108,12,70.09,2019Q4
4557,109,3,61.97,2020Q1
4557,109,6,69.4,2020Q2
4557,109,9,61.06,2020Q3
4557,109,12,62.43,2020Q4
4557,110,3,64.72,2021Q1
4557,110,6,65.69,2021Q2
4557,110,9,64.17,2021Q3
4557,110,12,73.91,2021Q4
4557,111,3,75.52,2022Q1
4557,111,6,81.35,2022Q2
4557,111,9,116.28,2022Q3
4557,111,12,101.93,2022Q4
4557,112,3,114.72,2023Q1
4557,112,6,114.45,2023Q2
4557,112,9,109.99,2023Q3
4557,112,12,115.27,2023Q4
4557,113,3,123.32,2024Q1
4557,113,6,119.17,2024Q2
4557,113,9,123.83,2024Q3
4557,113,12,130.06,2024Q4
4557,114,3,120.17,2025Q1
4557,114,6,,2025Q2
4557,114,9,,2025Q3
4557,114,12,,2025Q4
4720,105,3,16.99,2016Q1
4720,105,6,16.49,2016Q2
4720,105,9,15.27,2016Q3
4720,105,12,14.83,2016Q4
4720,106,3,14.89,2017Q1
4720,106,6,14.23,2017Q2
4720,106,9,14.15,2017Q3
4720,106,12,14.24,2017Q4
4720,107,3,14.49,2018Q1
4720,107,6,14.33,2018Q2
4720,107,9,13.39,2018Q3
4720,107,12,13.37,2018Q4
4720,108,3,13.51,2019Q1
4720,108,6,13.46,2019Q2
4720,108,9,13.96,2019Q3
4720,108,12,13.68,2019Q4
4720,109,3,14.46,2020Q1
4720,109,6,14.32,2020Q2
4720,109,9,14.49,2020Q3
4720,109,12,15.76,2020Q4
4720,110,3,16.06,2021Q1
4720,110,6,15.22,2021Q2
4720,110,9,14.72,2021Q3
4720,110,12,15.34,2021Q4
4720,111,3,15.75,2022Q1
4720,111,6,14.5,2022Q2
4720,111,9,16.28,2022Q3
4720,111,12,14.37,2022Q4
4720,112,3,14.56,2023Q1
4720,112,6,15.22,2023Q2
4720,112,9,14.59,2023Q3
4720,112,12,15.89,2023Q4
4720,113,3,16.17,2024Q1
4720,113,6,20.45,2024Q2
4720,113,9,20.94,2024Q3
4720,113,12,19.32,2024Q4
4720,114,3,20.29,2025Q1
4720,114,6,,2025Q2
4720,114,9,,2025Q3
4720,114,12,,2025Q4
4722,105,3,34.87,2016Q1
4722,105,6,36.66,2016Q2
4722,105,9,36.18,2016Q3
4722,105,12,34.0,2016Q4
4722,106,3,34.93,2017Q1
4722,106,6,31.93,2017Q2
4722,106,9,31.5,2017Q3
4722,106,12,34.73,2017Q4
4722,107,3,33.81,2018Q1
4722,107,6,34.07,2018Q2
4722,107,9,30.09,2018Q3
4722,107,12,26.85,2018Q4
4722,108,3,29.01,2019Q1
4722,108,6,29.6,2019Q2
4722,108,9,27.39,2019Q3
4722,108,12,27.57,2019Q4
4722,109,3,24.91,2020Q1
4722,109,6,27.7,2020Q2
4722,109,9,27.94,2020Q3
4722,109,12,29.8,2020Q4
4722,110,3,32.89,2021Q1
4722,110,6,33.71,2021Q2
4722,110,9,42.84,2021Q3
4722,110,12,42.69,2021Q4
4722,111,3,43.95,2022Q1
4722,111,6,39.69,2022Q2
4722,111,9,36.29,2022Q3
4722,111,12,33.93,2022Q4
4722,112,3,35.06,2023Q1
4722,112,6,35.66,2023Q2
4722,112,9,34.44,2023Q3
4722,112,12,36.53,2023Q4
4722,113,3,39.03,2024Q1
4722,113,6,45.01,2024Q2
4722,113,9,47.3,2024Q3
4722,113,12,45.56,2024Q4
4722,114,3,67.06,2025Q1
4722,114,6,,2025Q2
4722,114,9,,2025Q3
4722,114,12,,2025Q4
4736,105,3,,2016Q1
4736,105,6,,2016Q2
4736,105,9,,2016Q3
4736,105,12,,2016Q4
4736,106,3,,2017Q1
4736,106,6,,2017Q2
4736,106,9,,2017Q3
4736,106,12,,2017Q4
4736,107,3,,2018Q1
4736,107,6,,2018Q2
4736,107,9,,2018Q3
4736,107,12,,2018Q4
4736,108,3,,2019Q1
4736,108,6,,2019Q2
4736,108,9,,2019Q3
4736,108,12,,2019Q4
4736,109,3,,2020Q1
4736,109,6,,2020Q2
4736,109,9,,2020Q3
4736,109,12,,2020Q4
4736,110,3,,2021Q1
4736,110,6,,2021Q2
4736,110,9,,2021Q3
4736,110,12,,2021Q4
4736,111,3,,2022Q1
4736,111,6,,2022Q2
4736,111,9,,2022Q3
4736,111,12,,2022Q4
4736,112,3,,2023Q1
4736,112,6,,2023Q2
4736,112,9,,2023Q3
4736,112,12,162.67,2023Q4
4736,113,3,154.08,2024Q1
4736,113,6,168.5,2024Q2
4736,113,9,158.92,2024Q3
4736,113,12,146.72,2024Q4
4736,114,3,146.2,2025Q1
4736,114,6,,2025Q2
4736,114,9,,2025Q3
4736,114,12,,2025Q4
4737,105,3,53.18,2016Q1
4737,105,6,50.02,2016Q2
4737,105,9,46.07,2016Q3
4737,105,12,55.76,2016Q4
4737,106,3,66.96,2017Q1
4737,106,6,71.6,2017Q2
4737,106,9,56.5,2017Q3
4737,106,12,54.44,2017Q4
4737,107,3,62.23,2018Q1
4737,107,6,56.51,2018Q2
4737,107,9,50.77,2018Q3
4737,107,12,47.46,2018Q4
4737,108,3,52.29,2019Q1
4737,108,6,50.86,2019Q2
4737,108,9,56.17,2019Q3
4737,108,12,79.83,2019Q4
4737,109,3,68.35,2020Q1
4737,109,6,68.23,2020Q2
4737,109,9,73.46,2020Q3
4737,109,12,67.01,2020Q4
4737,110,3,82.08,2021Q1
4737,110,6,70.24,2021Q2
4737,110,9,69.72,2021Q3
4737,110,12,73.73,2021Q4
4737,111,3,68.75,2022Q1
4737,111,6,74.04,2022Q2
4737,111,9,85.31,2022Q3
4737,111,12,77.85,2022Q4
4737,112,3,79.32,2023Q1
4737,112,6,78.38,2023Q2
4737,112,9,75.47,2023Q3
4737,112,12,76.06,2023Q4
4737,113,3,71.11,2024Q1
4737,113,6,69.28,2024Q2
4737,113,9,68.71,2024Q3
4737,113,12,66.72,2024Q4
4737,114,3,63.37,2025Q1
4737,114,6,,2025Q2
4737,114,9,,2025Q3
4737,114,12,,2025Q4
4739,105,3,,2016Q1
4739,105,6,,2016Q2
4739,105,9,,2016Q3
4739,105,12,,2016Q4
4739,106,3,,2017Q1
4739,106,6,,2017Q2
4739,106,9,121.73,2017Q3
4739,106,12,111.79,2017Q4
4739,107,3,141.08,2018Q1
4739,107,6,129.76,2018Q2
4739,107,9,86.72,2018Q3
4739,107,12,91.44,2018Q4
4739,108,3,95.84,2019Q1
4739,108,6,75.71,2019Q2
4739,108,9,82.26,2019Q3
4739,108,12,76.37,2019Q4
4739,109,3,45.34,2020Q1
4739,109,6,62.61,2020Q2
4739,109,9,63.43,2020Q3
4739,109,12,66.91,2020Q4
4739,110,3,72.49,2021Q1
4739,110,6,93.04,2021Q2
4739,110,9,113.17,2021Q3
4739,110,12,144.96,2021Q4
4739,111,3,158.2,2022Q1
4739,111,6,140.66,2022Q2
4739,111,9,112.59,2022Q3
4739,111,12,100.55,2022Q4
4739,112,3,100.22,2023Q1
4739,112,6,94.05,2023Q2
4739,112,9,80.44,2023Q3
4739,112,12,81.46,2023Q4
4739,113,3,64.76,2024Q1
4739,113,6,67.85,2024Q2
4739,113,9,59.23,2024Q3
4739,113,12,60.75,2024Q4
4739,114,3,54.88,2025Q1
4739,114,6,,2025Q2
4739,114,9,,2025Q3
4739,114,12,,2025Q4
4746,105,3,79.43,2016Q1
4746,105,6,98.75,2016Q2
4746,105,9,95.44,2016Q3
4746,105,12,95.11,2016Q4
4746,106,3,89.66,2017Q1
4746,106,6,84.79,2017Q2
4746,106,9,72.99,2017Q3
4746,106,12,68.29,2017Q4
4746,107,3,59.33,2018Q1
4746,107,6,56.72,2018Q2
4746,107,9,48.29,2018Q3
4746,107,12,38.67,2018Q4
4746,108,3,43.11,2019Q1
4746,108,6,37.95,2019Q2
4746,108,9,34.66,2019Q3
4746,108,12,42.41,2019Q4
4746,109,3,44.7,2020Q1
4746,109,6,54.92,2020Q2
4746,109,9,51.32,2020Q3
4746,109,12,47.21,2020Q4
4746,110,3,56.8,2021Q1
4746,110,6,88.37,2021Q2
4746,110,9,64.96,2021Q3
4746,110,12,58.76,2021Q4
4746,111,3,56.34,2022Q1
4746,111,6,50.48,2022Q2
4746,111,9,56.3,2022Q3
4746,111,12,73.11,2022Q4
4746,112,3,73.08,2023Q1
4746,112,6,92.93,2023Q2
4746,112,9,89.87,2023Q3
4746,112,12,101.0,2023Q4
4746,113,3,105.83,2024Q1
4746,113,6,98.62,2024Q2
4746,113,9,96.29,2024Q3
4746,113,12,72.96,2024Q4
4746,114,3,71.92,2025Q1
4746,114,6,,2025Q2
4746,114,9,,2025Q3
4746,114,12,,2025Q4
4755,105,3,23.83,2016Q1
4755,105,6,25.93,2016Q2
4755,105,9,31.77,2016Q3
4755,105,12,30.59,2016Q4
4755,106,3,32.85,2017Q1
4755,106,6,32.09,2017Q2
4755,106,9,40.76,2017Q3
4755,106,12,57.75,2017Q4
4755,107,3,53.89,2018Q1
4755,107,6,52.83,2018Q2
4755,107,9,48.12,2018Q3
4755,107,12,40.35,2018Q4
4755,108,3,46.57,2019Q1
4755,108,6,46.5,2019Q2
4755,108,9,41.8,2019Q3
4755,108,12,48.77,2019Q4
4755,109,3,43.29,2020Q1
4755,109,6,49.98,2020Q2
4755,109,9,68.48,2020Q3
4755,109,12,65.83,2020Q4
4755,110,3,64.33,2021Q1
4755,110,6,63.24,2021Q2
4755,110,9,70.6,2021Q3
4755,110,12,140.14,2021Q4
4755,111,3,186.74,2022Q1
4755,111,6,203.48,2022Q2
4755,111,9,134.05,2022Q3
4755,111,12,132.36,2022Q4
4755,112,3,129.41,2023Q1
4755,112,6,145.76,2023Q2
4755,112,9,135.23,2023Q3
4755,112,12,125.21,2023Q4
4755,113,3,154.72,2024Q1
4755,113,6,139.06,2024Q2
4755,113,9,136.17,2024Q3
4755,113,12,139.4,2024Q4
4755,114,3,118.86,2025Q1
4755,114,6,,2025Q2
4755,114,9,,2025Q3
4755,114,12,,2025Q4
4763,105,3,117.99,2016Q1
4763,105,6,109.72,2016Q2
4763,105,9,110.89,2016Q3
4763,105,12,118.27,2016Q4
4763,106,3,148.61,2017Q1
4763,106,6,175.8,2017Q2
4763,106,9,181.06,2017Q3
4763,106,12,163.41,2017Q4
4763,107,3,123.43,2018Q1
4763,107,6,121.8,2018Q2
4763,107,9,128.51,2018Q3
4763,107,12,134.85,2018Q4
4763,108,3,132.83,2019Q1
4763,108,6,160.85,2019Q2
4763,108,9,132.19,2019Q3
4763,108,12,121.39,2019Q4
4763,109,3,104.96,2020Q1
4763,109,6,123.8,2020Q2
4763,109,9,145.68,2020Q3
4763,109,12,135.23,2020Q4
4763,110,3,132.06,2021Q1
4763,110,6,107.43,2021Q2
4763,110,9,102.6,2021Q3
4763,110,12,102.34,2021Q4
4763,111,3,95.38,2022Q1
4763,111,6,113.44,2022Q2
4763,111,9,135.54,2022Q3
4763,111,12,178.42,2022Q4
4763,112,3,324.14,2023Q1
4763,112,6,541.43,2023Q2
4763,112,9,1077.51,2023Q3
4763,112,12,823.52,2023Q4
4763,113,3,952.55,2024Q1
4763,113,6,877.26,2024Q2
4763,113,9,922.63,2024Q3
4763,113,12,925.4,2024Q4
4763,114,3,1012.36,2025Q1
4763,114,6,,2025Q2
4763,114,9,,2025Q3
4763,114,12,,2025Q4
4904,105,3,70.77,2016Q1
4904,105,6,75.23,2016Q2
4904,105,9,73.72,2016Q3
4904,105,12,72.14,2016Q4
4904,106,3,74.77,2017Q1
4904,106,6,77.56,2017Q2
4904,106,9,72.01,2017Q3
4904,106,12,71.72,2017Q4
4904,107,3,74.53,2018Q1
4904,107,6,77.35,2018Q2
4904,107,9,73.46,2018Q3
4904,107,12,72.74,2018Q4
4904,108,3,72.25,2019Q1
4904,108,6,78.3,2019Q2
4904,108,9,73.31,2019Q3
4904,108,12,72.67,2019Q4
4904,109,3,63.17,2020Q1
4904,109,6,67.2,2020Q2
4904,109,9,61.62,2020Q3
4904,109,12,61.07,2020Q4
4904,110,3,62.88,2021Q1
4904,110,6,65.17,2021Q2
4904,110,9,60.8,2021Q3
4904,110,12,63.31,2021Q4
4904,111,3,72.69,2022Q1
4904,111,6,82.45,2022Q2
4904,111,9,72.45,2022Q3
4904,111,12,66.73,2022Q4
4904,112,3,67.79,2023Q1
4904,112,6,77.93,2023Q2
4904,112,9,72.5,2023Q3
4904,112,12,80.71,2023Q4
4904,113,3,78.94,2024Q1
4904,113,6,84.08,2024Q2
4904,113,9,92.04,2024Q3
4904,113,12,90.12,2024Q4
4904,114,3,92.42,2025Q1
4904,114,6,,2025Q2
4904,114,9,,2025Q3
4904,114,12,,2025Q4
4906,105,3,18.96,2016Q1
4906,105,6,18.73,2016Q2
4906,105,9,20.39,2016Q3
4906,105,12,23.79,2016Q4
4906,106,3,27.37,2017Q1
4906,106,6,30.34,2017Q2
4906,106,9,24.31,2017Q3
4906,106,12,25.26,2017Q4
4906,107,3,28.34,2018Q1
4906,107,6,27.59,2018Q2
4906,107,9,22.29,2018Q3
4906,107,12,22.78,2018Q4
4906,108,3,25.14,2019Q1
4906,108,6,24.82,2019Q2
4906,108,9,27.28,2019Q3
4906,108,12,25.55,2019Q4
4906,109,3,19.39,2020Q1
4906,109,6,22.4,2020Q2
4906,109,9,27.4,2020Q3
4906,109,12,30.1,2020Q4
4906,110,3,32.01,2021Q1
4906,110,6,31.53,2021Q2
4906,110,9,25.91,2021Q3
4906,110,12,30.5,2021Q4
4906,111,3,31.43,2022Q1
4906,111,6,31.15,2022Q2
4906,111,9,30.82,2022Q3
4906,111,12,28.1,2022Q4
4906,112,3,29.32,2023Q1
4906,112,6,31.77,2023Q2
4906,112,9,37.23,2023Q3
4906,112,12,35.59,2023Q4
4906,113,3,37.6,2024Q1
4906,113,6,38.15,2024Q2
4906,113,9,41.26,2024Q3
4906,113,12,34.76,2024Q4
4906,114,3,31.89,2025Q1
4906,114,6,,2025Q2
4906,114,9,,2025Q3
4906,114,12,,2025Q4
4912,105,3,91.49,2016Q1
4912,105,6,84.6,2016Q2
4912,105,9,77.24,2016Q3
4912,105,12,77.9,2016Q4
4912,106,3,113.4,2017Q1
4912,106,6,170.3,2017Q2
4912,106,9,247.45,2017Q3
4912,106,12,137.11,2017Q4
4912,107,3,181.85,2018Q1
4912,107,6,192.14,2018Q2
4912,107,9,179.51,2018Q3
4912,107,12,162.33,2018Q4
4912,108,3,147.17,2019Q1
4912,108,6,131.16,2019Q2
4912,108,9,119.05,2019Q3
4912,108,12,109.25,2019Q4
4912,109,3,70.37,2020Q1
4912,109,6,88.15,2020Q2
4912,109,9,135.23,2020Q3
4912,109,12,114.03,2020Q4
4912,110,3,181.2,2021Q1
4912,110,6,177.19,2021Q2
4912,110,9,163.37,2021Q3
4912,110,12,161.64,2021Q4
4912,111,3,164.85,2022Q1
4912,111,6,118.08,2022Q2
4912,111,9,88.02,2022Q3
4912,111,12,82.46,2022Q4
4912,112,3,76.6,2023Q1
4912,112,6,82.43,2023Q2
4912,112,9,89.83,2023Q3
4912,112,12,84.77,2023Q4
4912,113,3,121.52,2024Q1
4912,113,6,127.38,2024Q2
4912,113,9,102.65,2024Q3
4912,113,12,142.04,2024Q4
4912,114,3,124.08,2025Q1
4912,114,6,,2025Q2
4912,114,9,,2025Q3
4912,114,12,,2025Q4
4915,105,3,39.65,2016Q1
4915,105,6,41.1,2016Q2
4915,105,9,45.34,2016Q3
4915,105,12,44.46,2016Q4
4915,106,3,48.98,2017Q1
4915,106,6,62.79,2017Q2
4915,106,9,70.92,2017Q3
4915,106,12,79.76,2017Q4
4915,107,3,68.13,2018Q1
4915,107,6,61.02,2018Q2
4915,107,9,50.44,2018Q3
4915,107,12,45.01,2018Q4
4915,108,3,60.82,2019Q1
4915,108,6,52.48,2019Q2
4915,108,9,61.15,2019Q3
4915,108,12,62.83,2019Q4
4915,109,3,41.84,2020Q1
4915,109,6,49.39,2020Q2
4915,109,9,43.66,2020Q3
4915,109,12,48.45,2020Q4
4915,110,3,63.31,2021Q1
4915,110,6,54.09,2021Q2
4915,110,9,51.22,2021Q3
4915,110,12,56.56,2021Q4
4915,111,3,51.72,2022Q1
4915,111,6,61.6,2022Q2
4915,111,9,66.55,2022Q3
4915,111,12,57.29,2022Q4
4915,112,3,61.3,2023Q1
4915,112,6,65.52,2023Q2
4915,112,9,70.15,2023Q3
4915,112,12,66.03,2023Q4
4915,113,3,81.61,2024Q1
4915,113,6,104.54,2024Q2
4915,113,9,88.55,2024Q3
4915,113,12,78.96,2024Q4
4915,114,3,84.66,2025Q1
4915,114,6,,2025Q2
4915,114,9,,2025Q3
4915,114,12,,2025Q4
4916,105,3,33.4,2016Q1
4916,105,6,49.86,2016Q2
4916,105,9,40.62,2016Q3
4916,105,12,37.76,2016Q4
4916,106,3,38.97,2017Q1
4916,106,6,32.77,2017Q2
4916,106,9,35.98,2017Q3
4916,106,12,37.24,2017Q4
4916,107,3,34.99,2018Q1
4916,107,6,38.45,2018Q2
4916,107,9,33.83,2018Q3
4916,107,12,29.96,2018Q4
4916,108,3,35.49,2019Q1
4916,108,6,35.22,2019Q2
4916,108,9,33.27,2019Q3
4916,108,12,34.03,2019Q4
4916,109,3,25.81,2020Q1
4916,109,6,27.96,2020Q2
4916,109,9,21.21,2020Q3
4916,109,12,26.28,2020Q4
4916,110,3,23.98,2021Q1
4916,110,6,23.52,2021Q2
4916,110,9,25.11,2021Q3
4916,110,12,32.32,2021Q4
4916,111,3,28.63,2022Q1
4916,111,6,23.65,2022Q2
4916,111,9,23.99,2022Q3
4916,111,12,28.52,2022Q4
4916,112,3,32.8,2023Q1
4916,112,6,41.83,2023Q2
4916,112,9,40.03,2023Q3
4916,112,12,35.65,2023Q4
4916,113,3,33.19,2024Q1
4916,113,6,30.14,2024Q2
4916,113,9,27.56,2024Q3
4916,113,12,32.56,2024Q4
4916,114,3,48.08,2025Q1
4916,114,6,,2025Q2
4916,114,9,,2025Q3
4916,114,12,,2025Q4
4919,105,3,33.68,2016Q1
4919,105,6,31.79,2016Q2
4919,105,9,39.08,2016Q3
4919,105,12,37.94,2016Q4
4919,106,3,45.29,2017Q1
4919,106,6,45.49,2017Q2
4919,106,9,59.01,2017Q3
4919,106,12,63.77,2017Q4
4919,107,3,73.65,2018Q1
4919,107,6,67.79,2018Q2
4919,107,9,46.91,2018Q3
4919,107,12,43.86,2018Q4
4919,108,3,51.29,2019Q1
4919,108,6,44.88,2019Q2
4919,108,9,51.48,2019Q3
4919,108,12,46.99,2019Q4
4919,109,3,37.26,2020Q1
4919,109,6,39.05,2020Q2
4919,109,9,44.98,2020Q3
4919,109,12,47.75,2020Q4
4919,110,3,51.53,2021Q1
4919,110,6,83.09,2021Q2
4919,110,9,142.9,2021Q3
4919,110,12,149.26,2021Q4
4919,111,3,166.96,2022Q1
4919,111,6,163.83,2022Q2
4919,111,9,117.88,2022Q3
4919,111,12,122.21,2022Q4
4919,112,3,150.73,2023Q1
4919,112,6,130.48,2023Q2
4919,112,9,129.56,2023Q3
4919,112,12,143.55,2023Q4
4919,113,3,124.19,2024Q1
4919,113,6,128.02,2024Q2
4919,113,9,82.88,2024Q3
4919,113,12,97.39,2024Q4
4919,114,3,89.36,2025Q1
4919,114,6,,2025Q2
4919,114,9,,2025Q3
4919,114,12,,2025Q4
4927,105,3,38.37,2016Q1
4927,105,6,37.94,2016Q2
4927,105,9,37.96,2016Q3
4927,105,12,30.5,2016Q4
4927,106,3,32.36,2017Q1
4927,106,6,29.78,2017Q2
4927,106,9,22.95,2017Q3
4927,106,12,19.47,2017Q4
4927,107,3,19.64,2018Q1
4927,107,6,23.68,2018Q2
4927,107,9,33.94,2018Q3
4927,107,12,34.91,2018Q4
4927,108,3,42.51,2019Q1
4927,108,6,53.16,2019Q2
4927,108,9,46.51,2019Q3
4927,108,12,45.59,2019Q4
4927,109,3,52.7,2020Q1
4927,109,6,69.52,2020Q2
4927,109,9,75.14,2020Q3
4927,109,12,72.88,2020Q4
4927,110,3,68.3,2021Q1
4927,110,6,58.44,2021Q2
4927,110,9,70.04,2021Q3
4927,110,12,111.4,2021Q4
4927,111,3,99.48,2022Q1
4927,111,6,78.14,2022Q2
4927,111,9,57.12,2022Q3
4927,111,12,58.57,2022Q4
4927,112,3,59.2,2023Q1
4927,112,6,63.28,2023Q2
4927,112,9,57.17,2023Q3
4927,112,12,50.33,2023Q4
4927,113,3,42.32,2024Q1
4927,113,6,39.27,2024Q2
4927,113,9,57.22,2024Q3
4927,113,12,38.03,2024Q4
4927,114,3,41.3,2025Q1
4927,114,6,,2025Q2
4927,114,9,,2025Q3
4927,114,12,,2025Q4
4930,105,3,15.38,2016Q1
4930,105,6,12.3,2016Q2
4930,105,9,13.15,2016Q3
4930,105,12,13.01,2016Q4
4930,106,3,14.75,2017Q1
4930,106,6,14.05,2017Q2
4930,106,9,13.37,2017Q3
4930,106,12,12.71,2017Q4
4930,107,3,12.53,2018Q1
4930,107,6,11.99,2018Q2
4930,107,9,12.24,2018Q3
4930,107,12,10.69,2018Q4
4930,108,3,12.83,2019Q1
4930,108,6,10.95,2019Q2
4930,108,9,10.56,2019Q3
4930,108,12,11.1,2019Q4
4930,109,3,7.95,2020Q1
4930,109,6,10.66,2020Q2
4930,109,9,14.16,2020Q3
4930,109,12,20.08,2020Q4
4930,110,3,28.17,2021Q1
4930,110,6,25.17,2021Q2
4930,110,9,22.3,2021Q3
4930,110,12,25.55,2021Q4
4930,111,3,29.3,2022Q1
4930,111,6,28.47,2022Q2
4930,111,9,25.68,2022Q3
4930,111,12,27.03,2022Q4
4930,112,3,29.67,2023Q1
4930,112,6,28.23,2023Q2
4930,112,9,26.71,2023Q3
4930,112,12,31.05,2023Q4
4930,113,3,35.43,2024Q1
4930,113,6,33.67,2024Q2
4930,113,9,32.98,2024Q3
4930,113,12,30.44,2024Q4
4930,114,3,30.91,2025Q1
4930,114,6,,2025Q2
4930,114,9,,2025Q3
4930,114,12,,2025Q4
4934,105,3,22.54,2016Q1
4934,105,6,17.79,2016Q2
4934,105,9,15.55,2016Q3
4934,105,12,13.59,2016Q4
4934,106,3,14.43,2017Q1
4934,106,6,12.8,2017Q2
4934,106,9,12.77,2017Q3
4934,106,12,12.88,2017Q4
4934,107,3,10.56,2018Q1
4934,107,6,9.35,2018Q2
4934,107,9,7.17,2018Q3
4934,107,12,5.32,2018Q4
4934,108,3,4.77,2019Q1
4934,108,6,4.46,2019Q2
4934,108,9,4.86,2019Q3
4934,108,12,5.82,2019Q4
4934,109,3,13.86,2020Q1
4934,109,6,16.91,2020Q2
4934,109,9,29.3,2020Q3
4934,109,12,29.21,2020Q4
4934,110,3,28.0,2021Q1
4934,110,6,23.94,2021Q2
4934,110,9,35.72,2021Q3
4934,110,12,36.74,2021Q4
4934,111,3,31.93,2022Q1
4934,111,6,30.7,2022Q2
4934,111,9,28.57,2022Q3
4934,111,12,28.24,2022Q4
4934,112,3,30.9,2023Q1
4934,112,6,31.6,2023Q2
4934,112,9,35.04,2023Q3
4934,112,12,27.46,2023Q4
4934,113,3,25.62,2024Q1
4934,113,6,23.17,2024Q2
4934,113,9,18.45,2024Q3
4934,113,12,13.76,2024Q4
4934,114,3,12.9,2025Q1
4934,114,6,,2025Q2
4934,114,9,,2025Q3
4934,114,12,,2025Q4
4935,105,3,71.73,2016Q1
4935,105,6,69.11,2016Q2
4935,105,9,76.33,2016Q3
4935,105,12,66.86,2016Q4
4935,106,3,56.69,2017Q1
4935,106,6,47.93,2017Q2
4935,106,9,44.05,2017Q3
4935,106,12,43.9,2017Q4
4935,107,3,39.83,2018Q1
4935,107,6,37.42,2018Q2
4935,107,9,38.79,2018Q3
4935,107,12,32.43,2018Q4
4935,108,3,32.73,2019Q1
4935,108,6,42.27,2019Q2
4935,108,9,78.73,2019Q3
4935,108,12,119.85,2019Q4
4935,109,3,104.25,2020Q1
4935,109,6,134.73,2020Q2
4935,109,9,115.56,2020Q3
4935,109,12,115.94,2020Q4
4935,110,3,106.1,2021Q1
4935,110,6,102.69,2021Q2
4935,110,9,80.02,2021Q3
4935,110,12,81.26,2021Q4
4935,111,3,69.45,2022Q1
4935,111,6,60.57,2022Q2
4935,111,9,58.31,2022Q3
4935,111,12,59.75,2022Q4
4935,112,3,58.88,2023Q1
4935,112,6,58.12,2023Q2
4935,112,9,52.5,2023Q3
4935,112,12,51.67,2023Q4
4935,113,3,50.46,2024Q1
4935,113,6,63.93,2024Q2
4935,113,9,69.74,2024Q3
4935,113,12,62.38,2024Q4
4935,114,3,55.31,2025Q1
4935,114,6,,2025Q2
4935,114,9,,2025Q3
4935,114,12,,2025Q4
4938,105,3,78.44,2016Q1
4938,105,6,68.7,2016Q2
4938,105,9,79.64,2016Q3
4938,105,12,75.95,2016Q4
4938,106,3,85.25,2017Q1
4938,106,6,95.36,2017Q2
4938,106,9,84.72,2017Q3
4938,106,12,70.05,2017Q4
4938,107,3,74.54,2018Q1
4938,107,6,65.54,2018Q2
4938,107,9,62.72,2018Q3
4938,107,12,51.07,2018Q4
4938,108,3,52.55,2019Q1
4938,108,6,52.35,2019Q2
4938,108,9,53.6,2019Q3
4938,108,12,69.22,2019Q4
4938,109,3,56.92,2020Q1
4938,109,6,67.78,2020Q2
4938,109,9,63.32,2020Q3
4938,109,12,67.86,2020Q4
4938,110,3,73.44,2021Q1
4938,110,6,72.97,2021Q2
4938,110,9,65.52,2021Q3
4938,110,12,67.81,2021Q4
4938,111,3,71.39,2022Q1
4938,111,6,66.38,2022Q2
4938,111,9,62.48,2022Q3
4938,111,12,63.25,2022Q4
4938,112,3,68.83,2023Q1
4938,112,6,77.59,2023Q2
4938,112,9,77.11,2023Q3
4938,112,12,85.22,2023Q4
4938,113,3,97.81,2024Q1
4938,113,6,111.91,2024Q2
4938,113,9,101.64,2024Q3
4938,113,12,93.26,2024Q4
4938,114,3,91.7,2025Q1
4938,114,6,,2025Q2
4938,114,9,,2025Q3
4938,114,12,,2025Q4
4942,105,3,21.57,2016Q1
4942,105,6,22.0,2016Q2
4942,105,9,26.05,2016Q3
4942,105,12,25.66,2016Q4
4942,106,3,26.81,2017Q1
4942,106,6,25.01,2017Q2
4942,106,9,23.76,2017Q3
4942,106,12,23.15,2017Q4
4942,107,3,23.41,2018Q1
4942,107,6,23.09,2018Q2
4942,107,9,31.69,2018Q3
4942,107,12,36.98,2018Q4
4942,108,3,41.14,2019Q1
4942,108,6,37.39,2019Q2
4942,108,9,37.58,2019Q3
4942,108,12,42.83,2019Q4
4942,109,3,30.27,2020Q1
4942,109,6,35.83,2020Q2
4942,109,9,38.79,2020Q3
4942,109,12,38.22,2020Q4
4942,110,3,40.42,2021Q1
4942,110,6,44.74,2021Q2
4942,110,9,46.4,2021Q3
4942,110,12,48.6,2021Q4
4942,111,3,48.67,2022Q1
4942,111,6,41.78,2022Q2
4942,111,9,36.35,2022Q3
4942,111,12,36.13,2022Q4
4942,112,3,37.98,2023Q1
4942,112,6,40.64,2023Q2
4942,112,9,42.88,2023Q3
4942,112,12,43.39,2023Q4
4942,113,3,45.68,2024Q1
4942,113,6,46.76,2024Q2
4942,113,9,43.64,2024Q3
4942,113,12,41.0,2024Q4
4942,114,3,42.06,2025Q1
4942,114,6,,2025Q2
4942,114,9,,2025Q3
4942,114,12,,2025Q4
4943,105,3,,2016Q1
4943,105,6,,2016Q2
4943,105,9,,2016Q3
4943,105,12,62.7,2016Q4
4943,106,3,104.24,2017Q1
4943,106,6,137.53,2017Q2
4943,106,9,212.6,2017Q3
4943,106,12,430.24,2017Q4
4943,107,3,297.32,2018Q1
4943,107,6,332.25,2018Q2
4943,107,9,258.56,2018Q3
4943,107,12,122.54,2018Q4
4943,108,3,138.24,2019Q1
4943,108,6,145.69,2019Q2
4943,108,9,173.97,2019Q3
4943,108,12,172.2,2019Q4
4943,109,3,106.52,2020Q1
4943,109,6,117.85,2020Q2
4943,109,9,85.66,2020Q3
4943,109,12,92.34,2020Q4
4943,110,3,80.32,2021Q1
4943,110,6,78.56,2021Q2
4943,110,9,62.02,2021Q3
4943,110,12,34.92,2021Q4
4943,111,3,25.8,2022Q1
4943,111,6,20.2,2022Q2
4943,111,9,14.23,2022Q3
4943,111,12,10.36,2022Q4
4943,112,3,13.32,2023Q1
4943,112,6,14.4,2023Q2
4943,112,9,15.62,2023Q3
4943,112,12,15.22,2023Q4
4943,113,3,25.29,2024Q1
4943,113,6,20.2,2024Q2
4943,113,9,18.09,2024Q3
4943,113,12,14.09,2024Q4
4943,114,3,13.03,2025Q1
4943,114,6,,2025Q2
4943,114,9,,2025Q3
4943,114,12,,2025Q4
4952,105,3,41.95,2016Q1
4952,105,6,43.77,2016Q2
4952,105,9,39.03,2016Q3
4952,105,12,37.23,2016Q4
4952,106,3,41.36,2017Q1
4952,106,6,39.96,2017Q2
4952,106,9,47.98,2017Q3
4952,106,12,54.41,2017Q4
4952,107,3,50.75,2018Q1
4952,107,6,44.6,2018Q2
4952,107,9,34.77,2018Q3
4952,107,12,31.18,2018Q4
4952,108,3,37.28,2019Q1
4952,108,6,35.51,2019Q2
4952,108,9,35.64,2019Q3
4952,108,12,33.7,2019Q4
4952,109,3,31.34,2020Q1
4952,109,6,30.66,2020Q2
4952,109,9,31.4,2020Q3
4952,109,12,40.7,2020Q4
4952,110,3,52.51,2021Q1
4952,110,6,55.69,2021Q2
4952,110,9,72.61,2021Q3
4952,110,12,70.13,2021Q4
4952,111,3,79.07,2022Q1
4952,111,6,76.46,2022Q2
4952,111,9,51.77,2022Q3
4952,111,12,48.57,2022Q4
4952,112,3,57.26,2023Q1
4952,112,6,56.71,2023Q2
4952,112,9,52.46,2023Q3
4952,112,12,56.84,2023Q4
4952,113,3,49.33,2024Q1
4952,113,6,68.32,2024Q2
4952,113,9,57.68,2024Q3
4952,113,12,56.11,2024Q4
4952,114,3,50.0,2025Q1
4952,114,6,,2025Q2
4952,114,9,,2025Q3
4952,114,12,,2025Q4
4956,105,3,12.37,2016Q1
4956,105,6,9.84,2016Q2
4956,105,9,23.14,2016Q3
4956,105,12,22.6,2016Q4
4956,106,3,23.42,2017Q1
4956,106,6,21.9,2017Q2
4956,106,9,22.26,2017Q3
4956,106,12,25.09,2017Q4
4956,107,3,22.94,2018Q1
4956,107,6,24.6,2018Q2
4956,107,9,19.33,2018Q3
4956,107,12,15.74,2018Q4
4956,108,3,17.98,2019Q1
4956,108,6,14.09,2019Q2
4956,108,9,14.44,2019Q3
4956,108,12,14.27,2019Q4
4956,109,3,9.71,2020Q1
4956,109,6,20.49,2020Q2
4956,109,9,19.88,2020Q3
4956,109,12,20.31,2020Q4
4956,110,3,24.78,2021Q1
4956,110,6,23.03,2021Q2
4956,110,9,24.58,2021Q3
4956,110,12,27.7,2021Q4
4956,111,3,23.1,2022Q1
4956,111,6,18.23,2022Q2
4956,111,9,15.82,2022Q3
4956,111,12,14.68,2022Q4
4956,112,3,16.67,2023Q1
4956,112,6,16.22,2023Q2
4956,112,9,14.93,2023Q3
4956,112,12,16.78,2023Q4
4956,113,3,19.17,2024Q1
4956,113,6,26.17,2024Q2
4956,113,9,29.78,2024Q3
4956,113,12,36.44,2024Q4
4956,114,3,29.1,2025Q1
4956,114,6,,2025Q2
4956,114,9,,2025Q3
4956,114,12,,2025Q4
4958,105,3,77.75,2016Q1
4958,105,6,57.96,2016Q2
4958,105,9,67.07,2016Q3
4958,105,12,63.92,2016Q4
4958,106,3,74.36,2017Q1
4958,106,6,73.83,2017Q2
4958,106,9,66.4,2017Q3
4958,106,12,68.04,2017Q4
4958,107,3,68.65,2018Q1
4958,107,6,69.78,2018Q2
4958,107,9,73.06,2018Q3
4958,107,12,81.43,2018Q4
4958,108,3,91.38,2019Q1
4958,108,6,96.04,2019Q2
4958,108,9,114.15,2019Q3
4958,108,12,138.03,2019Q4
4958,109,3,93.87,2020Q1
4958,109,6,131.22,2020Q2
4958,109,9,127.88,2020Q3
4958,109,12,119.45,2020Q4
4958,110,3,123.74,2021Q1
4958,110,6,102.29,2021Q2
4958,110,9,98.83,2021Q3
4958,110,12,98.92,2021Q4
4958,111,3,105.61,2022Q1
4958,111,6,111.09,2022Q2
4958,111,9,111.68,2022Q3
4958,111,12,115.33,2022Q4
4958,112,3,111.76,2023Q1
4958,112,6,108.25,2023Q2
4958,112,9,99.31,2023Q3
4958,112,12,106.22,2023Q4
4958,113,3,112.69,2024Q1
4958,113,6,124.78,2024Q2
4958,113,9,119.14,2024Q3
4958,113,12,120.89,2024Q4
4958,114,3,111.27,2025Q1
4958,114,6,,2025Q2
4958,114,9,,2025Q3
4958,114,12,,2025Q4
4960,105,3,21.22,2016Q1
4960,105,6,14.87,2016Q2
4960,105,9,14.05,2016Q3
4960,105,12,12.68,2016Q4
4960,106,3,13.31,2017Q1
4960,106,6,14.73,2017Q2
4960,106,9,15.21,2017Q3
4960,106,12,11.84,2017Q4
4960,107,3,11.77,2018Q1
4960,107,6,10.62,2018Q2
4960,107,9,9.97,2018Q3
4960,107,12,9.57,2018Q4
4960,108,3,12.63,2019Q1
4960,108,6,9.02,2019Q2
4960,108,9,9.36,2019Q3
4960,108,12,6.59,2019Q4
4960,109,3,4.86,2020Q1
4960,109,6,7.39,2020Q2
4960,109,9,9.37,2020Q3
4960,109,12,11.57,2020Q4
4960,110,3,12.75,2021Q1
4960,110,6,11.72,2021Q2
4960,110,9,11.23,2021Q3
4960,110,12,13.36,2021Q4
4960,111,3,12.52,2022Q1
4960,111,6,10.8,2022Q2
4960,111,9,10.18,2022Q3
4960,111,12,9.93,2022Q4
4960,112,3,12.38,2023Q1
4960,112,6,11.67,2023Q2
4960,112,9,12.01,2023Q3
4960,112,12,13.29,2023Q4
4960,113,3,13.03,2024Q1
4960,113,6,14.41,2024Q2
4960,113,9,13.29,2024Q3
4960,113,12,12.54,2024Q4
4960,114,3,13.72,2025Q1
4960,114,6,,2025Q2
4960,114,9,,2025Q3
4960,114,12,,2025Q4
4968,105,3,85.39,2016Q1
4968,105,6,66.89,2016Q2
4968,105,9,58.79,2016Q3
4968,105,12,57.7,2016Q4
4968,106,3,76.33,2017Q1
4968,106,6,118.69,2017Q2
4968,106,9,113.89,2017Q3
4968,106,12,97.2,2017Q4
4968,107,3,78.15,2018Q1
4968,107,6,84.03,2018Q2
4968,107,9,50.92,2018Q3
4968,107,12,50.36,2018Q4
4968,108,3,49.58,2019Q1
4968,108,6,78.97,2019Q2
4968,108,9,157.2,2019Q3
4968,108,12,170.75,2019Q4
4968,109,3,140.47,2020Q1
4968,109,6,175.5,2020Q2
4968,109,9,231.44,2020Q3
4968,109,12,357.81,2020Q4
4968,110,3,599.0,2021Q1
4968,110,6,519.04,2021Q2
4968,110,9,329.79,2021Q3
4968,110,12,273.08,2021Q4
4968,111,3,188.31,2022Q1
4968,111,6,202.52,2022Q2
4968,111,9,113.7,2022Q3
4968,111,12,121.3,2022Q4
4968,112,3,129.23,2023Q1
4968,112,6,180.7,2023Q2
4968,112,9,153.56,2023Q3
4968,112,12,177.77,2023Q4
4968,113,3,229.51,2024Q1
4968,113,6,226.38,2024Q2
4968,113,9,183.55,2024Q3
4968,113,12,215.64,2024Q4
4968,114,3,192.6,2025Q1
4968,114,6,,2025Q2
4968,114,9,,2025Q3
4968,114,12,,2025Q4
4976,105,3,16.42,2016Q1
4976,105,6,14.73,2016Q2
4976,105,9,21.4,2016Q3
4976,105,12,24.23,2016Q4
4976,106,3,32.32,2017Q1
4976,106,6,38.97,2017Q2
4976,106,9,48.76,2017Q3
4976,106,12,38.19,2017Q4
4976,107,3,44.29,2018Q1
4976,107,6,61.2,2018Q2
4976,107,9,40.73,2018Q3
4976,107,12,34.3,2018Q4
4976,108,3,40.7,2019Q1
4976,108,6,31.6,2019Q2
4976,108,9,30.88,2019Q3
4976,108,12,26.41,2019Q4
4976,109,3,16.4,2020Q1
4976,109,6,21.8,2020Q2
4976,109,9,43.46,2020Q3
4976,109,12,63.98,2020Q4
4976,110,3,113.52,2021Q1
4976,110,6,86.14,2021Q2
4976,110,9,69.96,2021Q3
4976,110,12,71.05,2021Q4
4976,111,3,53.13,2022Q1
4976,111,6,47.59,2022Q2
4976,111,9,45.44,2022Q3
4976,111,12,39.81,2022Q4
4976,112,3,49.77,2023Q1
4976,112,6,43.74,2023Q2
4976,112,9,40.89,2023Q3
4976,112,12,43.23,2023Q4
4976,113,3,41.31,2024Q1
4976,113,6,48.99,2024Q2
4976,113,9,44.18,2024Q3
4976,113,12,39.89,2024Q4
4976,114,3,34.65,2025Q1
4976,114,6,,2025Q2
4976,114,9,,2025Q3
4976,114,12,,2025Q4
4977,105,3,68.03,2016Q1
4977,105,6,65.26,2016Q2
4977,105,9,57.87,2016Q3
4977,105,12,80.93,2016Q4
4977,106,3,83.51,2017Q1
4977,106,6,95.15,2017Q2
4977,106,9,134.1,2017Q3
4977,106,12,115.94,2017Q4
4977,107,3,93.91,2018Q1
4977,107,6,93.4,2018Q2
4977,107,9,64.35,2018Q3
4977,107,12,80.95,2018Q4
4977,108,3,98.57,2019Q1
4977,108,6,90.7,2019Q2
4977,108,9,88.75,2019Q3
4977,108,12,103.33,2019Q4
4977,109,3,99.8,2020Q1
4977,109,6,126.65,2020Q2
4977,109,9,111.63,2020Q3
4977,109,12,122.51,2020Q4
4977,110,3,111.93,2021Q1
4977,110,6,95.21,2021Q2
4977,110,9,79.26,2021Q3
4977,110,12,85.2,2021Q4
4977,111,3,78.29,2022Q1
4977,111,6,79.41,2022Q2
4977,111,9,118.42,2022Q3
4977,111,12,107.91,2022Q4
4977,112,3,117.84,2023Q1
4977,112,6,99.08,2023Q2
4977,112,9,84.08,2023Q3
4977,112,12,78.74,2023Q4
4977,113,3,76.49,2024Q1
4977,113,6,80.61,2024Q2
4977,113,9,103.8,2024Q3
4977,113,12,143.23,2024Q4
4977,114,3,114.66,2025Q1
4977,114,6,,2025Q2
4977,114,9,,2025Q3
4977,114,12,,2025Q4
4994,105,3,74.24,2016Q1
4994,105,6,57.07,2016Q2
4994,105,9,48.7,2016Q3
4994,105,12,70.54,2016Q4
4994,106,3,66.47,2017Q1
4994,106,6,71.31,2017Q2
4994,106,9,58.95,2017Q3
4994,106,12,52.32,2017Q4
4994,107,3,51.34,2018Q1
4994,107,6,47.11,2018Q2
4994,107,9,51.69,2018Q3
4994,107,12,54.57,2018Q4
4994,108,3,66.28,2019Q1
4994,108,6,87.21,2019Q2
4994,108,9,103.87,2019Q3
4994,108,12,85.7,2019Q4
4994,109,3,54.79,2020Q1
4994,109,6,69.79,2020Q2
4994,109,9,62.25,2020Q3
4994,109,12,74.71,2020Q4
4994,110,3,77.96,2021Q1
4994,110,6,64.51,2021Q2
4994,110,9,55.07,2021Q3
4994,110,12,65.96,2021Q4
4994,111,3,45.54,2022Q1
4994,111,6,46.58,2022Q2
4994,111,9,39.18,2022Q3
4994,111,12,41.61,2022Q4
4994,112,3,46.41,2023Q1
4994,112,6,49.41,2023Q2
4994,112,9,40.57,2023Q3
4994,112,12,64.95,2023Q4
4994,113,3,112.09,2024Q1
4994,113,6,132.71,2024Q2
4994,113,9,113.59,2024Q3
4994,113,12,103.81,2024Q4
4994,114,3,103.89,2025Q1
4994,114,6,,2025Q2
4994,114,9,,2025Q3
4994,114,12,,2025Q4
4999,105,3,47.01,2016Q1
4999,105,6,44.57,2016Q2
4999,105,9,58.87,2016Q3
4999,105,12,52.82,2016Q4
4999,106,3,56.34,2017Q1
4999,106,6,55.08,2017Q2
4999,106,9,51.42,2017Q3
4999,106,12,49.88,2017Q4
4999,107,3,50.87,2018Q1
4999,107,6,49.74,2018Q2
4999,107,9,49.18,2018Q3
4999,107,12,46.51,2018Q4
4999,108,3,53.01,2019Q1
4999,108,6,44.8,2019Q2
4999,108,9,42.73,2019Q3
4999,108,12,42.67,2019Q4
4999,109,3,32.14,2020Q1
4999,109,6,43.0,2020Q2
4999,109,9,47.14,2020Q3
4999,109,12,47.33,2020Q4
4999,110,3,58.22,2021Q1
4999,110,6,50.05,2021Q2
4999,110,9,42.94,2021Q3
4999,110,12,41.01,2021Q4
4999,111,3,39.38,2022Q1
4999,111,6,36.63,2022Q2
4999,111,9,38.15,2022Q3
4999,111,12,37.04,2022Q4
4999,112,3,38.26,2023Q1
4999,112,6,37.53,2023Q2
4999,112,9,35.33,2023Q3
4999,112,12,35.76,2023Q4
4999,113,3,33.75,2024Q1
4999,113,6,35.55,2024Q2
4999,113,9,33.84,2024Q3
4999,113,12,33.54,2024Q4
4999,114,3,31.65,2025Q1
4999,114,6,,2025Q2
4999,114,9,,2025Q3
4999,114,12,,2025Q4
5007,105,3,62.47,2016Q1
5007,105,6,61.19,2016Q2
5007,105,9,58.19,2016Q3
5007,105,12,53.42,2016Q4
5007,106,3,53.16,2017Q1
5007,106,6,52.12,2017Q2
5007,106,9,61.4,2017Q3
5007,106,12,58.02,2017Q4
5007,107,3,57.93,2018Q1
5007,107,6,56.21,2018Q2
5007,107,9,54.56,2018Q3
5007,107,12,52.33,2018Q4
5007,108,3,52.23,2019Q1
5007,108,6,55.64,2019Q2
5007,108,9,51.96,2019Q3
5007,108,12,52.3,2019Q4
5007,109,3,45.57,2020Q1
5007,109,6,46.83,2020Q2
5007,109,9,44.62,2020Q3
5007,109,12,49.6,2020Q4
5007,110,3,57.28,2021Q1
5007,110,6,58.95,2021Q2
5007,110,9,59.74,2021Q3
5007,110,12,56.77,2021Q4
5007,111,3,54.64,2022Q1
5007,111,6,59.48,2022Q2
5007,111,9,52.44,2022Q3
5007,111,12,51.08,2022Q4
5007,112,3,51.76,2023Q1
5007,112,6,55.12,2023Q2
5007,112,9,55.92,2023Q3
5007,112,12,55.92,2023Q4
5007,113,3,56.55,2024Q1
5007,113,6,55.57,2024Q2
5007,113,9,56.25,2024Q3
5007,113,12,54.33,2024Q4
5007,114,3,55.79,2025Q1
5007,114,6,,2025Q2
5007,114,9,,2025Q3
5007,114,12,,2025Q4
5203,105,3,74.51,2016Q1
5203,105,6,69.35,2016Q2
5203,105,9,68.74,2016Q3
5203,105,12,71.33,2016Q4
5203,106,3,66.01,2017Q1
5203,106,6,70.36,2017Q2
5203,106,9,62.03,2017Q3
5203,106,12,65.0,2017Q4
5203,107,3,61.88,2018Q1
5203,107,6,70.87,2018Q2
5203,107,9,74.41,2018Q3
5203,107,12,69.48,2018Q4
5203,108,3,71.14,2019Q1
5203,108,6,74.44,2019Q2
5203,108,9,99.99,2019Q3
5203,108,12,114.13,2019Q4
5203,109,3,109.07,2020Q1
5203,109,6,109.75,2020Q2
5203,109,9,117.36,2020Q3
5203,109,12,102.3,2020Q4
5203,110,3,99.66,2021Q1
5203,110,6,83.03,2021Q2
5203,110,9,81.88,2021Q3
5203,110,12,90.24,2021Q4
5203,111,3,104.67,2022Q1
5203,111,6,87.52,2022Q2
5203,111,9,92.14,2022Q3
5203,111,12,84.97,2022Q4
5203,112,3,104.06,2023Q1
5203,112,6,94.42,2023Q2
5203,112,9,90.82,2023Q3
5203,112,12,97.78,2023Q4
5203,113,3,87.71,2024Q1
5203,113,6,104.47,2024Q2
5203,113,9,93.45,2024Q3
5203,113,12,89.73,2024Q4
5203,114,3,122.7,2025Q1
5203,114,6,,2025Q2
5203,114,9,,2025Q3
5203,114,12,,2025Q4
5215,105,3,39.57,2016Q1
5215,105,6,31.49,2016Q2
5215,105,9,30.44,2016Q3
5215,105,12,28.68,2016Q4
5215,106,3,33.31,2017Q1
5215,106,6,32.63,2017Q2
5215,106,9,28.49,2017Q3
5215,106,12,26.58,2017Q4
5215,107,3,25.1,2018Q1
5215,107,6,24.34,2018Q2
5215,107,9,26.52,2018Q3
5215,107,12,29.14,2018Q4
5215,108,3,31.74,2019Q1
5215,108,6,35.96,2019Q2
5215,108,9,63.39,2019Q3
5215,108,12,66.39,2019Q4
5215,109,3,52.34,2020Q1
5215,109,6,108.96,2020Q2
5215,109,9,161.9,2020Q3
5215,109,12,136.65,2020Q4
5215,110,3,139.6,2021Q1
5215,110,6,118.78,2021Q2
5215,110,9,77.45,2021Q3
5215,110,12,83.17,2021Q4
5215,111,3,64.51,2022Q1
5215,111,6,53.79,2022Q2
5215,111,9,40.51,2022Q3
5215,111,12,48.35,2022Q4
5215,112,3,49.88,2023Q1
5215,112,6,46.68,2023Q2
5215,112,9,59.09,2023Q3
5215,112,12,60.55,2023Q4
5215,113,3,54.21,2024Q1
5215,113,6,51.97,2024Q2
5215,113,9,49.03,2024Q3
5215,113,12,46.04,2024Q4
5215,114,3,44.11,2025Q1
5215,114,6,,2025Q2
5215,114,9,,2025Q3
5215,114,12,,2025Q4
5225,105,3,47.1,2016Q1
5225,105,6,37.06,2016Q2
5225,105,9,36.12,2016Q3
5225,105,12,31.93,2016Q4
5225,106,3,33.19,2017Q1
5225,106,6,30.03,2017Q2
5225,106,9,29.39,2017Q3
5225,106,12,28.45,2017Q4
5225,107,3,27.93,2018Q1
5225,107,6,21.76,2018Q2
5225,107,9,23.17,2018Q3
5225,107,12,27.73,2018Q4
5225,108,3,33.7,2019Q1
5225,108,6,33.53,2019Q2
5225,108,9,55.91,2019Q3
5225,108,12,55.91,2019Q4
5225,109,3,28.17,2020Q1
5225,109,6,25.8,2020Q2
5225,109,9,25.5,2020Q3
5225,109,12,29.97,2020Q4
5225,110,3,24.64,2021Q1
5225,110,6,21.01,2021Q2
5225,110,9,19.71,2021Q3
5225,110,12,21.83,2021Q4
5225,111,3,24.56,2022Q1
5225,111,6,22.11,2022Q2
5225,111,9,30.75,2022Q3
5225,111,12,38.05,2022Q4
5225,112,3,41.62,2023Q1
5225,112,6,46.0,2023Q2
5225,112,9,55.4,2023Q3
5225,112,12,61.77,2023Q4
5225,113,3,110.77,2024Q1
5225,113,6,110.82,2024Q2
5225,113,9,143.04,2024Q3
5225,113,12,126.6,2024Q4
5225,114,3,135.73,2025Q1
5225,114,6,,2025Q2
5225,114,9,,2025Q3
5225,114,12,,2025Q4
5234,105,3,31.65,2016Q1
5234,105,6,29.81,2016Q2
5234,105,9,36.7,2016Q3
5234,105,12,36.85,2016Q4
5234,106,3,41.47,2017Q1
5234,106,6,46.17,2017Q2
5234,106,9,49.84,2017Q3
5234,106,12,66.0,2017Q4
5234,107,3,100.18,2018Q1
5234,107,6,89.87,2018Q2
5234,107,9,82.79,2018Q3
5234,107,12,89.53,2018Q4
5234,108,3,106.5,2019Q1
5234,108,6,85.9,2019Q2
5234,108,9,92.57,2019Q3
5234,108,12,90.37,2019Q4
5234,109,3,72.34,2020Q1
5234,109,6,89.75,2020Q2
5234,109,9,83.53,2020Q3
5234,109,12,85.44,2020Q4
5234,110,3,92.1,2021Q1
5234,110,6,86.38,2021Q2
5234,110,9,89.69,2021Q3
5234,110,12,136.02,2021Q4
5234,111,3,115.49,2022Q1
5234,111,6,90.96,2022Q2
5234,111,9,68.51,2022Q3
5234,111,12,70.71,2022Q4
5234,112,3,83.48,2023Q1
5234,112,6,105.41,2023Q2
5234,112,9,107.16,2023Q3
5234,112,12,97.84,2023Q4
5234,113,3,153.06,2024Q1
5234,113,6,158.75,2024Q2
5234,113,9,218.24,2024Q3
5234,113,12,198.93,2024Q4
5234,114,3,203.61,2025Q1
5234,114,6,,2025Q2
5234,114,9,,2025Q3
5234,114,12,,2025Q4
5243,105,3,35.87,2016Q1
5243,105,6,35.35,2016Q2
5243,105,9,40.44,2016Q3
5243,105,12,38.16,2016Q4
5243,106,3,48.48,2017Q1
5243,106,6,47.79,2017Q2
5243,106,9,46.2,2017Q3
5243,106,12,47.3,2017Q4
5243,107,3,39.02,2018Q1
5243,107,6,36.28,2018Q2
5243,107,9,31.23,2018Q3
5243,107,12,30.86,2018Q4
5243,108,3,33.88,2019Q1
5243,108,6,35.55,2019Q2
5243,108,9,40.79,2019Q3
5243,108,12,36.97,2019Q4
5243,109,3,27.09,2020Q1
5243,109,6,32.9,2020Q2
5243,109,9,35.01,2020Q3
5243,109,12,54.02,2020Q4
5243,110,3,74.02,2021Q1
5243,110,6,69.51,2021Q2
5243,110,9,59.54,2021Q3
5243,110,12,67.29,2021Q4
5243,111,3,58.33,2022Q1
5243,111,6,65.79,2022Q2
5243,111,9,61.78,2022Q3
5243,111,12,62.88,2022Q4
5243,112,3,64.85,2023Q1
5243,112,6,85.54,2023Q2
5243,112,9,66.37,2023Q3
5243,112,12,60.6,2023Q4
5243,113,3,59.16,2024Q1
5243,113,6,65.13,2024Q2
5243,113,9,61.72,2024Q3
5243,113,12,69.27,2024Q4
5243,114,3,55.79,2025Q1
5243,114,6,,2025Q2
5243,114,9,,2025Q3
5243,114,12,,2025Q4
5269,105,3,177.52,2016Q1
5269,105,6,156.96,2016Q2
5269,105,9,251.04,2016Q3
5269,105,12,261.57,2016Q4
5269,106,3,327.5,2017Q1
5269,106,6,319.88,2017Q2
5269,106,9,342.21,2017Q3
5269,106,12,364.45,2017Q4
5269,107,3,359.59,2018Q1
5269,107,6,430.95,2018Q2
5269,107,9,536.94,2018Q3
5269,107,12,488.64,2018Q4
5269,108,3,561.81,2019Q1
5269,108,6,488.23,2019Q2
5269,108,9,480.06,2019Q3
5269,108,12,619.34,2019Q4
5269,109,3,760.78,2020Q1
5269,109,6,1318.61,2020Q2
5269,109,9,1492.43,2020Q3
5269,109,12,1653.04,2020Q4
5269,110,3,1580.88,2021Q1
5269,110,6,1443.85,2021Q2
5269,110,9,2065.96,2021Q3
5269,110,12,1864.55,2021Q4
5269,111,3,1838.43,2022Q1
5269,111,6,1273.51,2022Q2
5269,111,9,770.23,2022Q3
5269,111,12,731.86,2022Q4
5269,112,3,1120.97,2023Q1
5269,112,6,1140.77,2023Q2
5269,112,9,1143.84,2023Q3
5269,112,12,1631.43,2023Q4
5269,113,3,2308.54,2024Q1
5269,113,6,2161.71,2024Q2
5269,113,9,1582.11,2024Q3
5269,113,12,1916.56,2024Q4
5269,114,3,1963.19,2025Q1
5269,114,6,,2025Q2
5269,114,9,,2025Q3
5269,114,12,,2025Q4
5284,105,3,,2016Q1
5284,105,6,,2016Q2
5284,105,9,,2016Q3
5284,105,12,,2016Q4
5284,106,3,63.1,2017Q1
5284,106,6,63.65,2017Q2
5284,106,9,65.96,2017Q3
5284,106,12,65.0,2017Q4
5284,107,3,63.77,2018Q1
5284,107,6,62.35,2018Q2
5284,107,9,55.85,2018Q3
5284,107,12,53.36,2018Q4
5284,108,3,56.65,2019Q1
5284,108,6,55.74,2019Q2
5284,108,9,52.68,2019Q3
5284,108,12,49.49,2019Q4
5284,109,3,36.09,2020Q1
5284,109,6,43.03,2020Q2
5284,109,9,34.34,2020Q3
5284,109,12,35.39,2020Q4
5284,110,3,41.2,2021Q1
5284,110,6,43.86,2021Q2
5284,110,9,41.94,2021Q3
5284,110,12,44.42,2021Q4
5284,111,3,45.12,2022Q1
5284,111,6,44.84,2022Q2
5284,111,9,55.02,2022Q3
5284,111,12,66.85,2022Q4
5284,112,3,104.01,2023Q1
5284,112,6,149.49,2023Q2
5284,112,9,141.36,2023Q3
5284,112,12,123.27,2023Q4
5284,113,3,209.66,2024Q1
5284,113,6,124.99,2024Q2
5284,113,9,122.34,2024Q3
5284,113,12,164.8,2024Q4
5284,114,3,160.51,2025Q1
5284,114,6,,2025Q2
5284,114,9,,2025Q3
5284,114,12,,2025Q4
5285,105,3,31.58,2016Q1
5285,105,6,29.6,2016Q2
5285,105,9,28.26,2016Q3
5285,105,12,34.6,2016Q4
5285,106,3,37.4,2017Q1
5285,106,6,45.69,2017Q2
5285,106,9,67.1,2017Q3
5285,106,12,88.3,2017Q4
5285,107,3,94.17,2018Q1
5285,107,6,88.85,2018Q2
5285,107,9,75.75,2018Q3
5285,107,12,69.03,2018Q4
5285,108,3,69.35,2019Q1
5285,108,6,62.66,2019Q2
5285,108,9,57.46,2019Q3
5285,108,12,63.23,2019Q4
5285,109,3,42.69,2020Q1
5285,109,6,46.7,2020Q2
5285,109,9,45.71,2020Q3
5285,109,12,69.3,2020Q4
5285,110,3,78.16,2021Q1
5285,110,6,89.29,2021Q2
5285,110,9,105.1,2021Q3
5285,110,12,105.47,2021Q4
5285,111,3,100.29,2022Q1
5285,111,6,91.44,2022Q2
5285,111,9,75.46,2022Q3
5285,111,12,65.23,2022Q4
5285,112,3,87.69,2023Q1
5285,112,6,74.39,2023Q2
5285,112,9,83.21,2023Q3
5285,112,12,72.47,2023Q4
5285,113,3,63.42,2024Q1
5285,113,6,69.52,2024Q2
5285,113,9,68.87,2024Q3
5285,113,12,50.97,2024Q4
5285,114,3,53.96,2025Q1
5285,114,6,,2025Q2
5285,114,9,,2025Q3
5285,114,12,,2025Q4
5288,105,3,104.03,2016Q1
5288,105,6,112.71,2016Q2
5288,105,9,108.85,2016Q3
5288,105,12,78.28,2016Q4
5288,106,3,84.73,2017Q1
5288,106,6,91.49,2017Q2
5288,106,9,89.32,2017Q3
5288,106,12,89.16,2017Q4
5288,107,3,84.21,2018Q1
5288,107,6,87.08,2018Q2
5288,107,9,89.87,2018Q3
5288,107,12,108.86,2018Q4
5288,108,3,135.8,2019Q1
5288,108,6,130.97,2019Q2
5288,108,9,129.94,2019Q3
5288,108,12,122.51,2019Q4
5288,109,3,96.54,2020Q1
5288,109,6,99.12,2020Q2
5288,109,9,107.13,2020Q3
5288,109,12,108.32,2020Q4
5288,110,3,137.1,2021Q1
5288,110,6,159.39,2021Q2
5288,110,9,139.88,2021Q3
5288,110,12,147.29,2021Q4
5288,111,3,149.13,2022Q1
5288,111,6,167.24,2022Q2
5288,111,9,169.34,2022Q3
5288,111,12,164.47,2022Q4
5288,112,3,179.78,2023Q1
5288,112,6,189.88,2023Q2
5288,112,9,172.36,2023Q3
5288,112,12,178.73,2023Q4
5288,113,3,189.09,2024Q1
5288,113,6,207.58,2024Q2
5288,113,9,193.91,2024Q3
5288,113,12,196.47,2024Q4
5288,114,3,181.67,2025Q1
5288,114,6,,2025Q2
5288,114,9,,2025Q3
5288,114,12,,2025Q4
5306,105,3,,2016Q1
5306,105,6,,2016Q2
5306,105,9,,2016Q3
5306,105,12,,2016Q4
5306,106,3,,2017Q1
5306,106,6,,2017Q2
5306,106,9,,2017Q3
5306,106,12,,2017Q4
5306,107,3,,2018Q1
5306,107,6,,2018Q2
5306,107,9,,2018Q3
5306,107,12,,2018Q4
5306,108,3,,2019Q1
5306,108,6,,2019Q2
5306,108,9,,2019Q3
5306,108,12,,2019Q4
5306,109,3,,2020Q1
5306,109,6,,2020Q2
5306,109,9,,2020Q3
5306,109,12,,2020Q4
5306,110,3,,2021Q1
5306,110,6,,2021Q2
5306,110,9,,2021Q3
5306,110,12,,2021Q4
5306,111,3,189.84,2022Q1
5306,111,6,172.28,2022Q2
5306,111,9,156.13,2022Q3
5306,111,12,146.36,2022Q4
5306,112,3,145.77,2023Q1
5306,112,6,146.26,2023Q2
5306,112,9,137.39,2023Q3
5306,112,12,128.83,2023Q4
5306,113,3,147.79,2024Q1
5306,113,6,142.65,2024Q2
5306,113,9,154.27,2024Q3
5306,113,12,124.16,2024Q4
5306,114,3,122.83,2025Q1
5306,114,6,,2025Q2
5306,114,9,,2025Q3
5306,114,12,,2025Q4
5388,105,3,82.96,2016Q1
5388,105,6,74.19,2016Q2
5388,105,9,73.17,2016Q3
5388,105,12,79.33,2016Q4
5388,106,3,79.26,2017Q1
5388,106,6,77.89,2017Q2
5388,106,9,81.89,2017Q3
5388,106,12,83.96,2017Q4
5388,107,3,81.29,2018Q1
5388,107,6,72.56,2018Q2
5388,107,9,51.22,2018Q3
5388,107,12,64.82,2018Q4
5388,108,3,68.15,2019Q1
5388,108,6,67.25,2019Q2
5388,108,9,79.45,2019Q3
5388,108,12,76.05,2019Q4
5388,109,3,64.76,2020Q1
5388,109,6,77.29,2020Q2
5388,109,9,75.47,2020Q3
5388,109,12,79.67,2020Q4
5388,110,3,72.85,2021Q1
5388,110,6,66.49,2021Q2
5388,110,9,64.87,2021Q3
5388,110,12,71.37,2021Q4
5388,111,3,77.3,2022Q1
5388,111,6,80.92,2022Q2
5388,111,9,90.96,2022Q3
5388,111,12,81.63,2022Q4
5388,112,3,90.58,2023Q1
5388,112,6,100.83,2023Q2
5388,112,9,126.35,2023Q3
5388,112,12,133.8,2023Q4
5388,113,3,142.04,2024Q1
5388,113,6,115.28,2024Q2
5388,113,9,108.85,2024Q3
5388,113,12,121.71,2024Q4
5388,114,3,130.18,2025Q1
5388,114,6,,2025Q2
5388,114,9,,2025Q3
5388,114,12,,2025Q4
5434,105,3,59.92,2016Q1
5434,105,6,66.92,2016Q2
5434,105,9,86.23,2016Q3
5434,105,12,80.87,2016Q4
5434,106,3,96.7,2017Q1
5434,106,6,93.3,2017Q2
5434,106,9,77.63,2017Q3
5434,106,12,78.46,2017Q4
5434,107,3,85.16,2018Q1
5434,107,6,81.35,2018Q2
5434,107,9,72.15,2018Q3
5434,107,12,70.65,2018Q4
5434,108,3,77.61,2019Q1
5434,108,6,82.18,2019Q2
5434,108,9,94.21,2019Q3
5434,108,12,106.99,2019Q4
5434,109,3,89.89,2020Q1
5434,109,6,107.83,2020Q2
5434,109,9,115.36,2020Q3
5434,109,12,120.56,2020Q4
5434,110,3,128.31,2021Q1
5434,110,6,125.99,2021Q2
5434,110,9,141.35,2021Q3
5434,110,12,152.01,2021Q4
5434,111,3,170.28,2022Q1
5434,111,6,154.58,2022Q2
5434,111,9,162.01,2022Q3
5434,111,12,167.07,2022Q4
5434,112,3,189.27,2023Q1
5434,112,6,190.19,2023Q2
5434,112,9,172.16,2023Q3
5434,112,12,182.61,2023Q4
5434,113,3,210.62,2024Q1
5434,113,6,272.96,2024Q2
5434,113,9,283.55,2024Q3
5434,113,12,294.81,2024Q4
5434,114,3,281.43,2025Q1
5434,114,6,,2025Q2
5434,114,9,,2025Q3
5434,114,12,,2025Q4
5469,105,3,10.46,2016Q1
5469,105,6,9.15,2016Q2
5469,105,9,11.77,2016Q3
5469,105,12,19.46,2016Q4
5469,106,3,19.18,2017Q1
5469,106,6,16.92,2017Q2
5469,106,9,15.74,2017Q3
5469,106,12,21.46,2017Q4
5469,107,3,18.66,2018Q1
5469,107,6,30.18,2018Q2
5469,107,9,26.92,2018Q3
5469,107,12,24.69,2018Q4
5469,108,3,26.73,2019Q1
5469,108,6,30.89,2019Q2
5469,108,9,41.72,2019Q3
5469,108,12,42.72,2019Q4
5469,109,3,34.78,2020Q1
5469,109,6,38.76,2020Q2
5469,109,9,42.49,2020Q3
5469,109,12,44.94,2020Q4
5469,110,3,48.31,2021Q1
5469,110,6,46.68,2021Q2
5469,110,9,42.21,2021Q3
5469,110,12,44.97,2021Q4
5469,111,3,42.85,2022Q1
5469,111,6,34.43,2022Q2
5469,111,9,30.99,2022Q3
5469,111,12,33.39,2022Q4
5469,112,3,34.95,2023Q1
5469,112,6,45.08,2023Q2
5469,112,9,58.7,2023Q3
5469,112,12,59.78,2023Q4
5469,113,3,62.44,2024Q1
5469,113,6,55.33,2024Q2
5469,113,9,52.48,2024Q3
5469,113,12,53.0,2024Q4
5469,114,3,55.65,2025Q1
5469,114,6,,2025Q2
5469,114,9,,2025Q3
5469,114,12,,2025Q4
5471,105,3,36.26,2016Q1
5471,105,6,32.94,2016Q2
5471,105,9,34.51,2016Q3
5471,105,12,31.92,2016Q4
5471,106,3,33.55,2017Q1
5471,106,6,34.37,2017Q2
5471,106,9,33.3,2017Q3
5471,106,12,38.42,2017Q4
5471,107,3,37.39,2018Q1
5471,107,6,31.56,2018Q2
5471,107,9,30.18,2018Q3
5471,107,12,29.36,2018Q4
5471,108,3,30.2,2019Q1
5471,108,6,31.1,2019Q2
5471,108,9,34.57,2019Q3
5471,108,12,32.53,2019Q4
5471,109,3,39.59,2020Q1
5471,109,6,55.26,2020Q2
5471,109,9,66.68,2020Q3
5471,109,12,66.73,2020Q4
5471,110,3,94.32,2021Q1
5471,110,6,95.47,2021Q2
5471,110,9,94.57,2021Q3
5471,110,12,93.43,2021Q4
5471,111,3,89.24,2022Q1
5471,111,6,71.96,2022Q2
5471,111,9,53.14,2022Q3
5471,111,12,53.74,2022Q4
5471,112,3,54.13,2023Q1
5471,112,6,51.17,2023Q2
5471,112,9,46.08,2023Q3
5471,112,12,56.65,2023Q4
5471,113,3,52.05,2024Q1
5471,113,6,52.32,2024Q2
5471,113,9,44.66,2024Q3
5471,113,12,40.96,2024Q4
5471,114,3,40.59,2025Q1
5471,114,6,,2025Q2
5471,114,9,,2025Q3
5471,114,12,,2025Q4
5484,105,3,4.3,2016Q1
5484,105,6,5.15,2016Q2
5484,105,9,7.68,2016Q3
5484,105,12,6.8,2016Q4
5484,106,3,5.99,2017Q1
5484,106,6,5.83,2017Q2
5484,106,9,5.37,2017Q3
5484,106,12,4.98,2017Q4
5484,107,3,5.8,2018Q1
5484,107,6,6.57,2018Q2
5484,107,9,5.97,2018Q3
5484,107,12,4.94,2018Q4
5484,108,3,4.52,2019Q1
5484,108,6,4.3,2019Q2
5484,108,9,9.12,2019Q3
5484,108,12,8.96,2019Q4
5484,109,3,7.6,2020Q1
5484,109,6,8.32,2020Q2
5484,109,9,10.54,2020Q3
5484,109,12,14.0,2020Q4
5484,110,3,16.38,2021Q1
5484,110,6,15.67,2021Q2
5484,110,9,13.55,2021Q3
5484,110,12,15.93,2021Q4
5484,111,3,14.74,2022Q1
5484,111,6,13.55,2022Q2
5484,111,9,13.59,2022Q3
5484,111,12,13.82,2022Q4
5484,112,3,14.82,2023Q1
5484,112,6,21.49,2023Q2
5484,112,9,21.97,2023Q3
5484,112,12,23.18,2023Q4
5484,113,3,25.78,2024Q1
5484,113,6,55.74,2024Q2
5484,113,9,72.57,2024Q3
5484,113,12,63.28,2024Q4
5484,114,3,50.55,2025Q1
5484,114,6,,2025Q2
5484,114,9,,2025Q3
5484,114,12,,2025Q4
5515,105,3,8.92,2016Q1
5515,105,6,8.53,2016Q2
5515,105,9,8.46,2016Q3
5515,105,12,8.61,2016Q4
5515,106,3,9.23,2017Q1
5515,106,6,9.23,2017Q2
5515,106,9,10.76,2017Q3
5515,106,12,11.22,2017Q4
5515,107,3,11.65,2018Q1
5515,107,6,11.76,2018Q2
5515,107,9,11.46,2018Q3
5515,107,12,10.02,2018Q4
5515,108,3,10.04,2019Q1
5515,108,6,10.46,2019Q2
5515,108,9,10.07,2019Q3
5515,108,12,10.59,2019Q4
5515,109,3,8.13,2020Q1
5515,109,6,10.34,2020Q2
5515,109,9,12.3,2020Q3
5515,109,12,12.98,2020Q4
5515,110,3,13.66,2021Q1
5515,110,6,14.12,2021Q2
5515,110,9,13.51,2021Q3
5515,110,12,13.91,2021Q4
5515,111,3,13.91,2022Q1
5515,111,6,14.12,2022Q2
5515,111,9,11.92,2022Q3
5515,111,12,11.47,2022Q4
5515,112,3,12.54,2023Q1
5515,112,6,14.31,2023Q2
5515,112,9,14.18,2023Q3
5515,112,12,17.76,2023Q4
5515,113,3,20.35,2024Q1
5515,113,6,24.08,2024Q2
5515,113,9,22.51,2024Q3
5515,113,12,27.44,2024Q4
5515,114,3,30.61,2025Q1
5515,114,6,,2025Q2
5515,114,9,,2025Q3
5515,114,12,,2025Q4
5519,105,3,13.15,2016Q1
5519,105,6,10.68,2016Q2
5519,105,9,11.12,2016Q3
5519,105,12,10.53,2016Q4
5519,106,3,11.93,2017Q1
5519,106,6,11.2,2017Q2
5519,106,9,10.69,2017Q3
5519,106,12,10.23,2017Q4
5519,107,3,10.73,2018Q1
5519,107,6,12.63,2018Q2
5519,107,9,11.33,2018Q3
5519,107,12,12.89,2018Q4
5519,108,3,14.51,2019Q1
5519,108,6,17.07,2019Q2
5519,108,9,15.95,2019Q3
5519,108,12,16.18,2019Q4
5519,109,3,12.19,2020Q1
5519,109,6,15.41,2020Q2
5519,109,9,15.84,2020Q3
5519,109,12,15.41,2020Q4
5519,110,3,18.22,2021Q1
5519,110,6,21.85,2021Q2
5519,110,9,20.59,2021Q3
5519,110,12,21.32,2021Q4
5519,111,3,23.69,2022Q1
5519,111,6,22.13,2022Q2
5519,111,9,22.1,2022Q3
5519,111,12,22.77,2022Q4
5519,112,3,23.93,2023Q1
5519,112,6,24.86,2023Q2
5519,112,9,22.94,2023Q3
5519,112,12,29.89,2023Q4
5519,113,3,37.82,2024Q1
5519,113,6,49.85,2024Q2
5519,113,9,41.71,2024Q3
5519,113,12,35.06,2024Q4
5519,114,3,36.31,2025Q1
5519,114,6,,2025Q2
5519,114,9,,2025Q3
5519,114,12,,2025Q4
5521,105,3,11.78,2016Q1
5521,105,6,10.32,2016Q2
5521,105,9,10.1,2016Q3
5521,105,12,9.85,2016Q4
5521,106,3,12.97,2017Q1
5521,106,6,11.88,2017Q2
5521,106,9,11.7,2017Q3
5521,106,12,14.76,2017Q4
5521,107,3,15.96,2018Q1
5521,107,6,10.83,2018Q2
5521,107,9,9.54,2018Q3
5521,107,12,8.53,2018Q4
5521,108,3,7.94,2019Q1
5521,108,6,7.23,2019Q2
5521,108,9,7.42,2019Q3
5521,108,12,9.37,2019Q4
5521,109,3,6.73,2020Q1
5521,109,6,9.09,2020Q2
5521,109,9,11.38,2020Q3
5521,109,12,10.73,2020Q4
5521,110,3,10.73,2021Q1
5521,110,6,9.87,2021Q2
5521,110,9,9.16,2021Q3
5521,110,12,8.44,2021Q4
5521,111,3,8.23,2022Q1
5521,111,6,7.36,2022Q2
5521,111,9,6.86,2022Q3
5521,111,12,6.7,2022Q4
5521,112,3,7.27,2023Q1
5521,112,6,7.68,2023Q2
5521,112,9,7.67,2023Q3
5521,112,12,14.1,2023Q4
5521,113,3,13.76,2024Q1
5521,113,6,12.81,2024Q2
5521,113,9,11.62,2024Q3
5521,113,12,10.87,2024Q4
5521,114,3,12.53,2025Q1
5521,114,6,,2025Q2
5521,114,9,,2025Q3
5521,114,12,,2025Q4
5522,105,3,35.4,2016Q1
5522,105,6,36.72,2016Q2
5522,105,9,37.84,2016Q3
5522,105,12,36.89,2016Q4
5522,106,3,40.26,2017Q1
5522,106,6,41.39,2017Q2
5522,106,9,34.66,2017Q3
5522,106,12,31.12,2017Q4
5522,107,3,33.0,2018Q1
5522,107,6,33.26,2018Q2
5522,107,9,31.43,2018Q3
5522,107,12,34.69,2018Q4
5522,108,3,35.74,2019Q1
5522,108,6,40.16,2019Q2
5522,108,9,37.09,2019Q3
5522,108,12,39.79,2019Q4
5522,109,3,34.72,2020Q1
5522,109,6,45.34,2020Q2
5522,109,9,46.19,2020Q3
5522,109,12,54.71,2020Q4
5522,110,3,54.3,2021Q1
5522,110,6,55.5,2021Q2
5522,110,9,59.35,2021Q3
5522,110,12,63.0,2021Q4
5522,111,3,63.48,2022Q1
5522,111,6,63.07,2022Q2
5522,111,9,59.03,2022Q3
5522,111,12,55.77,2022Q4
5522,112,3,57.99,2023Q1
5522,112,6,61.74,2023Q2
5522,112,9,57.2,2023Q3
5522,112,12,56.83,2023Q4
5522,113,3,56.57,2024Q1
5522,113,6,90.58,2024Q2
5522,113,9,73.36,2024Q3
5522,113,12,78.73,2024Q4
5522,114,3,77.23,2025Q1
5522,114,6,,2025Q2
5522,114,9,,2025Q3
5522,114,12,,2025Q4
5525,105,3,15.93,2016Q1
5525,105,6,15.9,2016Q2
5525,105,9,14.89,2016Q3
5525,105,12,14.46,2016Q4
5525,106,3,14.4,2017Q1
5525,106,6,14.1,2017Q2
5525,106,9,13.77,2017Q3
5525,106,12,14.91,2017Q4
5525,107,3,17.41,2018Q1
5525,107,6,21.81,2018Q2
5525,107,9,21.85,2018Q3
5525,107,12,20.85,2018Q4
5525,108,3,24.99,2019Q1
5525,108,6,28.36,2019Q2
5525,108,9,22.88,2019Q3
5525,108,12,22.86,2019Q4
5525,109,3,18.23,2020Q1
5525,109,6,20.98,2020Q2
5525,109,9,21.24,2020Q3
5525,109,12,21.66,2020Q4
5525,110,3,23.67,2021Q1
5525,110,6,25.0,2021Q2
5525,110,9,25.61,2021Q3
5525,110,12,28.44,2021Q4
5525,111,3,26.73,2022Q1
5525,111,6,23.44,2022Q2
5525,111,9,24.21,2022Q3
5525,111,12,24.32,2022Q4
5525,112,3,25.56,2023Q1
5525,112,6,27.01,2023Q2
5525,112,9,25.17,2023Q3
5525,112,12,26.14,2023Q4
5525,113,3,30.52,2024Q1
5525,113,6,36.54,2024Q2
5525,113,9,34.13,2024Q3
5525,113,12,32.96,2024Q4
5525,114,3,33.42,2025Q1
5525,114,6,,2025Q2
5525,114,9,,2025Q3
5525,114,12,,2025Q4
5531,105,3,12.69,2016Q1
5531,105,6,11.1,2016Q2
5531,105,9,10.69,2016Q3
5531,105,12,10.76,2016Q4
5531,106,3,11.41,2017Q1
5531,106,6,10.79,2017Q2
5531,106,9,10.25,2017Q3
5531,106,12,10.37,2017Q4
5531,107,3,10.87,2018Q1
5531,107,6,13.29,2018Q2
5531,107,9,11.94,2018Q3
5531,107,12,10.41,2018Q4
5531,108,3,10.51,2019Q1
5531,108,6,9.95,2019Q2
5531,108,9,10.66,2019Q3
5531,108,12,10.96,2019Q4
5531,109,3,8.16,2020Q1
5531,109,6,9.63,2020Q2
5531,109,9,10.59,2020Q3
5531,109,12,17.32,2020Q4
5531,110,3,15.09,2021Q1
5531,110,6,12.36,2021Q2
5531,110,9,11.28,2021Q3
5531,110,12,11.17,2021Q4
5531,111,3,10.69,2022Q1
5531,111,6,9.7,2022Q2
5531,111,9,9.17,2022Q3
5531,111,12,9.44,2022Q4
5531,112,3,9.18,2023Q1
5531,112,6,12.21,2023Q2
5531,112,9,9.72,2023Q3
5531,112,12,10.85,2023Q4
5531,113,3,9.66,2024Q1
5531,113,6,11.67,2024Q2
5531,113,9,10.1,2024Q3
5531,113,12,10.7,2024Q4
5531,114,3,10.7,2025Q1
5531,114,6,,2025Q2
5531,114,9,,2025Q3
5531,114,12,,2025Q4
5533,105,3,17.3,2016Q1
5533,105,6,17.2,2016Q2
5533,105,9,15.64,2016Q3
5533,105,12,15.91,2016Q4
5533,106,3,15.86,2017Q1
5533,106,6,15.52,2017Q2
5533,106,9,15.6,2017Q3
5533,106,12,15.79,2017Q4
5533,107,3,15.79,2018Q1
5533,107,6,16.47,2018Q2
5533,107,9,16.22,2018Q3
5533,107,12,15.95,2018Q4
5533,108,3,16.32,2019Q1
5533,108,6,15.99,2019Q2
5533,108,9,15.85,2019Q3
5533,108,12,15.91,2019Q4
5533,109,3,14.66,2020Q1
5533,109,6,16.57,2020Q2
5533,109,9,15.96,2020Q3
5533,109,12,16.11,2020Q4
5533,110,3,16.43,2021Q1
5533,110,6,15.84,2021Q2
5533,110,9,17.91,2021Q3
5533,110,12,19.05,2021Q4
5533,111,3,19.03,2022Q1
5533,111,6,19.59,2022Q2
5533,111,9,18.3,2022Q3
5533,111,12,17.55,2022Q4
5533,112,3,17.83,2023Q1
5533,112,6,19.44,2023Q2
5533,112,9,19.19,2023Q3
5533,112,12,23.6,2023Q4
5533,113,3,23.5,2024Q1
5533,113,6,24.19,2024Q2
5533,113,9,21.32,2024Q3
5533,113,12,20.55,2024Q4
5533,114,3,19.43,2025Q1
5533,114,6,,2025Q2
5533,114,9,,2025Q3
5533,114,12,,2025Q4
5534,105,3,46.64,2016Q1
5534,105,6,58.59,2016Q2
5534,105,9,53.02,2016Q3
5534,105,12,63.2,2016Q4
5534,106,3,71.48,2017Q1
5534,106,6,68.59,2017Q2
5534,106,9,69.09,2017Q3
5534,106,12,74.77,2017Q4
5534,107,3,83.87,2018Q1
5534,107,6,95.23,2018Q2
5534,107,9,77.33,2018Q3
5534,107,12,77.78,2018Q4
5534,108,3,87.73,2019Q1
5534,108,6,89.66,2019Q2
5534,108,9,80.17,2019Q3
5534,108,12,81.61,2019Q4
5534,109,3,73.44,2020Q1
5534,109,6,87.86,2020Q2
5534,109,9,81.32,2020Q3
5534,109,12,80.82,2020Q4
5534,110,3,83.66,2021Q1
5534,110,6,78.13,2021Q2
5534,110,9,79.46,2021Q3
5534,110,12,72.1,2021Q4
5534,111,3,73.57,2022Q1
5534,111,6,74.24,2022Q2
5534,111,9,73.45,2022Q3
5534,111,12,72.33,2022Q4
5534,112,3,76.37,2023Q1
5534,112,6,80.99,2023Q2
5534,112,9,73.48,2023Q3
5534,112,12,77.18,2023Q4
5534,113,3,83.63,2024Q1
5534,113,6,119.31,2024Q2
5534,113,9,103.34,2024Q3
5534,113,12,87.34,2024Q4
5534,114,3,102.5,2025Q1
5534,114,6,,2025Q2
5534,114,9,,2025Q3
5534,114,12,,2025Q4
5538,105,3,25.6,2016Q1
5538,105,6,25.45,2016Q2
5538,105,9,25.39,2016Q3
5538,105,12,28.04,2016Q4
5538,106,3,29.33,2017Q1
5538,106,6,30.96,2017Q2
5538,106,9,31.87,2017Q3
5538,106,12,35.46,2017Q4
5538,107,3,41.82,2018Q1
5538,107,6,42.11,2018Q2
5538,107,9,42.07,2018Q3
5538,107,12,36.51,2018Q4
5538,108,3,36.69,2019Q1
5538,108,6,34.83,2019Q2
5538,108,9,33.36,2019Q3
5538,108,12,31.81,2019Q4
5538,109,3,27.71,2020Q1
5538,109,6,29.02,2020Q2
5538,109,9,31.5,2020Q3
5538,109,12,37.18,2020Q4
5538,110,3,37.02,2021Q1
5538,110,6,47.16,2021Q2
5538,110,9,41.77,2021Q3
5538,110,12,53.14,2021Q4
5538,111,3,62.42,2022Q1
5538,111,6,48.27,2022Q2
5538,111,9,44.53,2022Q3
5538,111,12,41.98,2022Q4
5538,112,3,41.73,2023Q1
5538,112,6,39.84,2023Q2
5538,112,9,33.77,2023Q3
5538,112,12,34.52,2023Q4
5538,113,3,31.96,2024Q1
5538,113,6,32.4,2024Q2
5538,113,9,37.56,2024Q3
5538,113,12,33.39,2024Q4
5538,114,3,34.45,2025Q1
5538,114,6,,2025Q2
5538,114,9,,2025Q3
5538,114,12,,2025Q4
5607,105,3,15.2,2016Q1
5607,105,6,13.57,2016Q2
5607,105,9,13.72,2016Q3
5607,105,12,14.35,2016Q4
5607,106,3,15.18,2017Q1
5607,106,6,14.11,2017Q2
5607,106,9,13.96,2017Q3
5607,106,12,17.45,2017Q4
5607,107,3,19.46,2018Q1
5607,107,6,17.39,2018Q2
5607,107,9,16.77,2018Q3
5607,107,12,18.77,2018Q4
5607,108,3,18.48,2019Q1
5607,108,6,21.12,2019Q2
5607,108,9,21.59,2019Q3
5607,108,12,27.33,2019Q4
5607,109,3,19.25,2020Q1
5607,109,6,24.81,2020Q2
5607,109,9,28.13,2020Q3
5607,109,12,29.93,2020Q4
5607,110,3,28.69,2021Q1
5607,110,6,38.49,2021Q2
5607,110,9,40.02,2021Q3
5607,110,12,65.06,2021Q4
5607,111,3,61.12,2022Q1
5607,111,6,48.39,2022Q2
5607,111,9,55.47,2022Q3
5607,111,12,52.13,2022Q4
5607,112,3,63.93,2023Q1
5607,112,6,64.86,2023Q2
5607,112,9,52.59,2023Q3
5607,112,12,57.89,2023Q4
5607,113,3,59.85,2024Q1
5607,113,6,57.24,2024Q2
5607,113,9,46.94,2024Q3
5607,113,12,41.94,2024Q4
5607,114,3,41.71,2025Q1
5607,114,6,,2025Q2
5607,114,9,,2025Q3
5607,114,12,,2025Q4
5608,105,3,12.93,2016Q1
5608,105,6,9.9,2016Q2
5608,105,9,9.36,2016Q3
5608,105,12,9.02,2016Q4
5608,106,3,10.96,2017Q1
5608,106,6,9.45,2017Q2
5608,106,9,9.06,2017Q3
5608,106,12,9.05,2017Q4
5608,107,3,7.45,2018Q1
5608,107,6,7.59,2018Q2
5608,107,9,7.96,2018Q3
5608,107,12,7.5,2018Q4
5608,108,3,10.47,2019Q1
5608,108,6,8.49,2019Q2
5608,108,9,8.82,2019Q3
5608,108,12,8.16,2019Q4
5608,109,3,5.4,2020Q1
5608,109,6,6.29,2020Q2
5608,109,9,7.36,2020Q3
5608,109,12,10.79,2020Q4
5608,110,3,15.79,2021Q1
5608,110,6,44.05,2021Q2
5608,110,9,60.13,2021Q3
5608,110,12,47.26,2021Q4
5608,111,3,46.13,2022Q1
5608,111,6,37.87,2022Q2
5608,111,9,27.36,2022Q3
5608,111,12,26.07,2022Q4
5608,112,3,29.03,2023Q1
5608,112,6,23.19,2023Q2
5608,112,9,20.26,2023Q3
5608,112,12,22.72,2023Q4
5608,113,3,19.37,2024Q1
5608,113,6,22.79,2024Q2
5608,113,9,18.39,2024Q3
5608,113,12,17.37,2024Q4
5608,114,3,20.99,2025Q1
5608,114,6,,2025Q2
5608,114,9,,2025Q3
5608,114,12,,2025Q4
5706,105,3,40.51,2016Q1
5706,105,6,38.9,2016Q2
5706,105,9,36.03,2016Q3
5706,105,12,34.36,2016Q4
5706,106,3,37.53,2017Q1
5706,106,6,35.95,2017Q2
5706,106,9,34.54,2017Q3
5706,106,12,34.54,2017Q4
5706,107,3,35.33,2018Q1
5706,107,6,37.54,2018Q2
5706,107,9,34.01,2018Q3
5706,107,12,36.19,2018Q4
5706,108,3,36.34,2019Q1
5706,108,6,37.63,2019Q2
5706,108,9,36.06,2019Q3
5706,108,12,39.57,2019Q4
5706,109,3,28.0,2020Q1
5706,109,6,35.07,2020Q2
5706,109,9,29.07,2020Q3
5706,109,12,32.75,2020Q4
5706,110,3,42.93,2021Q1
5706,110,6,41.85,2021Q2
5706,110,9,39.98,2021Q3
5706,110,12,42.47,2021Q4
5706,111,3,64.97,2022Q1
5706,111,6,72.77,2022Q2
5706,111,9,64.99,2022Q3
5706,111,12,62.16,2022Q4
5706,112,3,66.21,2023Q1
5706,112,6,114.35,2023Q2
5706,112,9,68.5,2023Q3
5706,112,12,73.54,2023Q4
5706,113,3,66.68,2024Q1
5706,113,6,77.52,2024Q2
5706,113,9,58.81,2024Q3
5706,113,12,66.58,2024Q4
5706,114,3,63.6,2025Q1
5706,114,6,,2025Q2
5706,114,9,,2025Q3
5706,114,12,,2025Q4
5871,105,3,56.48,2016Q1
5871,105,6,50.47,2016Q2
5871,105,9,55.24,2016Q3
5871,105,12,54.82,2016Q4
5871,106,3,70.14,2017Q1
5871,106,6,81.53,2017Q2
5871,106,9,77.8,2017Q3
5871,106,12,85.02,2017Q4
5871,107,3,102.77,2018Q1
5871,107,6,105.49,2018Q2
5871,107,9,105.23,2018Q3
5871,107,12,97.32,2018Q4
5871,108,3,119.41,2019Q1
5871,108,6,124.92,2019Q2
5871,108,9,128.41,2019Q3
5871,108,12,136.59,2019Q4
5871,109,3,96.35,2020Q1
5871,109,6,123.75,2020Q2
5871,109,9,130.01,2020Q3
5871,109,12,160.35,2020Q4
5871,110,3,183.88,2021Q1
5871,110,6,200.85,2021Q2
5871,110,9,255.96,2021Q3
5871,110,12,254.98,2021Q4
5871,111,3,242.94,2022Q1
5871,111,6,217.77,2022Q2
5871,111,9,191.84,2022Q3
5871,111,12,213.21,2022Q4
5871,112,3,229.36,2023Q1
5871,112,6,205.7,2023Q2
5871,112,9,178.88,2023Q3
5871,112,12,183.92,2023Q4
5871,113,3,174.1,2024Q1
5871,113,6,156.67,2024Q2
5871,113,9,151.27,2024Q3
5871,113,12,116.33,2024Q4
5871,114,3,123.38,2025Q1
5871,114,6,,2025Q2
5871,114,9,,2025Q3
5871,114,12,,2025Q4
5906,105,3,2.34,2016Q1
5906,105,6,1.8,2016Q2
5906,105,9,5.98,2016Q3
5906,105,12,5.77,2016Q4
5906,106,3,5.79,2017Q1
5906,106,6,5.26,2017Q2
5906,106,9,6.82,2017Q3
5906,106,12,7.96,2017Q4
5906,107,3,9.79,2018Q1
5906,107,6,13.63,2018Q2
5906,107,9,14.12,2018Q3
5906,107,12,10.95,2018Q4
5906,108,3,12.64,2019Q1
5906,108,6,13.29,2019Q2
5906,108,9,12.79,2019Q3
5906,108,12,20.74,2019Q4
5906,109,3,19.99,2020Q1
5906,109,6,18.64,2020Q2
5906,109,9,31.71,2020Q3
5906,109,12,49.36,2020Q4
5906,110,3,47.31,2021Q1
5906,110,6,36.18,2021Q2
5906,110,9,34.23,2021Q3
5906,110,12,38.87,2021Q4
5906,111,3,37.73,2022Q1
5906,111,6,30.88,2022Q2
5906,111,9,31.24,2022Q3
5906,111,12,30.22,2022Q4
5906,112,3,38.45,2023Q1
5906,112,6,74.43,2023Q2
5906,112,9,76.88,2023Q3
5906,112,12,69.91,2023Q4
5906,113,3,62.62,2024Q1
5906,113,6,65.51,2024Q2
5906,113,9,58.5,2024Q3
5906,113,12,53.89,2024Q4
5906,114,3,56.63,2025Q1
5906,114,6,,2025Q2
5906,114,9,,2025Q3
5906,114,12,,2025Q4
5907,105,3,25.85,2016Q1
5907,105,6,24.77,2016Q2
5907,105,9,24.41,2016Q3
5907,105,12,21.83,2016Q4
5907,106,3,23.81,2017Q1
5907,106,6,25.99,2017Q2
5907,106,9,23.58,2017Q3
5907,106,12,22.51,2017Q4
5907,107,3,22.54,2018Q1
5907,107,6,34.86,2018Q2
5907,107,9,33.57,2018Q3
5907,107,12,33.06,2018Q4
5907,108,3,36.48,2019Q1
5907,108,6,34.32,2019Q2
5907,108,9,30.17,2019Q3
5907,108,12,28.69,2019Q4
5907,109,3,18.69,2020Q1
5907,109,6,24.8,2020Q2
5907,109,9,23.44,2020Q3
5907,109,12,21.9,2020Q4
5907,110,3,20.13,2021Q1
5907,110,6,23.02,2021Q2
5907,110,9,19.88,2021Q3
5907,110,12,17.75,2021Q4
5907,111,3,17.25,2022Q1
5907,111,6,16.17,2022Q2
5907,111,9,14.1,2022Q3
5907,111,12,17.35,2022Q4
5907,112,3,16.64,2023Q1
5907,112,6,15.93,2023Q2
5907,112,9,12.72,2023Q3
5907,112,12,12.11,2023Q4
5907,113,3,9.74,2024Q1
5907,113,6,9.34,2024Q2
5907,113,9,9.59,2024Q3
5907,113,12,12.68,2024Q4
5907,114,3,10.11,2025Q1
5907,114,6,,2025Q2
5907,114,9,,2025Q3
5907,114,12,,2025Q4
6108,105,3,15.42,2016Q1
6108,105,6,15.57,2016Q2
6108,105,9,20.5,2016Q3
6108,105,12,26.41,2016Q4
6108,106,3,31.03,2017Q1
6108,106,6,31.61,2017Q2
6108,106,9,31.76,2017Q3
6108,106,12,28.25,2017Q4
6108,107,3,25.74,2018Q1
6108,107,6,23.16,2018Q2
6108,107,9,27.74,2018Q3
6108,107,12,27.59,2018Q4
6108,108,3,28.12,2019Q1
6108,108,6,30.15,2019Q2
6108,108,9,27.97,2019Q3
6108,108,12,25.92,2019Q4
6108,109,3,19.47,2020Q1
6108,109,6,22.17,2020Q2
6108,109,9,21.66,2020Q3
6108,109,12,20.8,2020Q4
6108,110,3,21.86,2021Q1
6108,110,6,19.81,2021Q2
6108,110,9,23.84,2021Q3
6108,110,12,21.9,2021Q4
6108,111,3,20.04,2022Q1
6108,111,6,18.69,2022Q2
6108,111,9,16.4,2022Q3
6108,111,12,16.65,2022Q4
6108,112,3,17.2,2023Q1
6108,112,6,17.87,2023Q2
6108,112,9,19.59,2023Q3
6108,112,12,21.91,2023Q4
6108,113,3,22.76,2024Q1
6108,113,6,20.84,2024Q2
6108,113,9,16.64,2024Q3
6108,113,12,17.26,2024Q4
6108,114,3,16.48,2025Q1
6108,114,6,,2025Q2
6108,114,9,,2025Q3
6108,114,12,,2025Q4
6112,105,3,27.98,2016Q1
6112,105,6,27.45,2016Q2
6112,105,9,26.27,2016Q3
6112,105,12,26.7,2016Q4
6112,106,3,29.52,2017Q1
6112,106,6,30.69,2017Q2
6112,106,9,28.99,2017Q3
6112,106,12,29.22,2017Q4
6112,107,3,32.58,2018Q1
6112,107,6,36.32,2018Q2
6112,107,9,30.44,2018Q3
6112,107,12,30.4,2018Q4
6112,108,3,35.14,2019Q1
6112,108,6,36.27,2019Q2
6112,108,9,34.19,2019Q3
6112,108,12,34.45,2019Q4
6112,109,3,33.61,2020Q1
6112,109,6,43.87,2020Q2
6112,109,9,39.31,2020Q3
6112,109,12,43.29,2020Q4
6112,110,3,44.61,2021Q1
6112,110,6,41.63,2021Q2
6112,110,9,38.81,2021Q3
6112,110,12,39.07,2021Q4
6112,111,3,39.1,2022Q1
6112,111,6,36.07,2022Q2
6112,111,9,33.43,2022Q3
6112,111,12,32.56,2022Q4
6112,112,3,40.54,2023Q1
6112,112,6,70.26,2023Q2
6112,112,9,62.87,2023Q3
6112,112,12,72.54,2023Q4
6112,113,3,67.5,2024Q1
6112,113,6,65.15,2024Q2
6112,113,9,46.17,2024Q3
6112,113,12,55.35,2024Q4
6112,114,3,57.6,2025Q1
6112,114,6,,2025Q2
6112,114,9,,2025Q3
6112,114,12,,2025Q4
6115,105,3,37.23,2016Q1
6115,105,6,40.32,2016Q2
6115,105,9,42.3,2016Q3
6115,105,12,44.61,2016Q4
6115,106,3,49.09,2017Q1
6115,106,6,48.63,2017Q2
6115,106,9,44.12,2017Q3
6115,106,12,43.53,2017Q4
6115,107,3,46.0,2018Q1
6115,107,6,44.73,2018Q2
6115,107,9,42.63,2018Q3
6115,107,12,40.54,2018Q4
6115,108,3,41.87,2019Q1
6115,108,6,43.31,2019Q2
6115,108,9,41.57,2019Q3
6115,108,12,43.51,2019Q4
6115,109,3,40.61,2020Q1
6115,109,6,44.11,2020Q2
6115,109,9,41.15,2020Q3
6115,109,12,41.81,2020Q4
6115,110,3,43.85,2021Q1
6115,110,6,43.97,2021Q2
6115,110,9,41.79,2021Q3
6115,110,12,42.63,2021Q4
6115,111,3,42.94,2022Q1
6115,111,6,42.85,2022Q2
6115,111,9,41.75,2022Q3
6115,111,12,42.37,2022Q4
6115,112,3,44.62,2023Q1
6115,112,6,46.44,2023Q2
6115,112,9,44.97,2023Q3
6115,112,12,45.71,2023Q4
6115,113,3,51.49,2024Q1
6115,113,6,57.23,2024Q2
6115,113,9,52.27,2024Q3
6115,113,12,51.82,2024Q4
6115,114,3,53.52,2025Q1
6115,114,6,,2025Q2
6115,114,9,,2025Q3
6115,114,12,,2025Q4
6116,105,3,4.26,2016Q1
6116,105,6,4.44,2016Q2
6116,105,9,6.76,2016Q3
6116,105,12,8.22,2016Q4
6116,106,3,8.43,2017Q1
6116,106,6,8.65,2017Q2
6116,106,9,12.72,2017Q3
6116,106,12,10.26,2017Q4
6116,107,3,10.23,2018Q1
6116,107,6,9.68,2018Q2
6116,107,9,7.71,2018Q3
6116,107,12,7.01,2018Q4
6116,108,3,6.95,2019Q1
6116,108,6,6.7,2019Q2
6116,108,9,6.83,2019Q3
6116,108,12,7.7,2019Q4
6116,109,3,5.81,2020Q1
6116,109,6,6.47,2020Q2
6116,109,9,9.05,2020Q3
6116,109,12,12.51,2020Q4
6116,110,3,13.99,2021Q1
6116,110,6,23.27,2021Q2
6116,110,9,15.51,2021Q3
6116,110,12,16.89,2021Q4
6116,111,3,16.04,2022Q1
6116,111,6,11.61,2022Q2
6116,111,9,11.65,2022Q3
6116,111,12,11.19,2022Q4
6116,112,3,13.33,2023Q1
6116,112,6,13.5,2023Q2
6116,112,9,12.03,2023Q3
6116,112,12,11.43,2023Q4
6116,113,3,10.83,2024Q1
6116,113,6,9.97,2024Q2
6116,113,9,9.11,2024Q3
6116,113,12,8.38,2024Q4
6116,114,3,8.3,2025Q1
6116,114,6,,2025Q2
6116,114,9,,2025Q3
6116,114,12,,2025Q4
6117,105,3,13.86,2016Q1
6117,105,6,14.04,2016Q2
6117,105,9,14.51,2016Q3
6117,105,12,13.12,2016Q4
6117,106,3,16.67,2017Q1
6117,106,6,18.04,2017Q2
6117,106,9,17.55,2017Q3
6117,106,12,18.03,2017Q4
6117,107,3,20.96,2018Q1
6117,107,6,16.44,2018Q2
6117,107,9,13.13,2018Q3
6117,107,12,12.24,2018Q4
6117,108,3,14.2,2019Q1
6117,108,6,14.14,2019Q2
6117,108,9,14.39,2019Q3
6117,108,12,13.52,2019Q4
6117,109,3,12.72,2020Q1
6117,109,6,19.84,2020Q2
6117,109,9,17.76,2020Q3
6117,109,12,16.65,2020Q4
6117,110,3,16.02,2021Q1
6117,110,6,17.01,2021Q2
6117,110,9,16.02,2021Q3
6117,110,12,18.36,2021Q4
6117,111,3,16.34,2022Q1
6117,111,6,15.19,2022Q2
6117,111,9,18.22,2022Q3
6117,111,12,14.65,2022Q4
6117,112,3,15.03,2023Q1
6117,112,6,17.27,2023Q2
6117,112,9,34.9,2023Q3
6117,112,12,75.24,2023Q4
6117,113,3,82.79,2024Q1
6117,113,6,142.38,2024Q2
6117,113,9,98.87,2024Q3
6117,113,12,100.27,2024Q4
6117,114,3,107.6,2025Q1
6117,114,6,,2025Q2
6117,114,9,,2025Q3
6117,114,12,,2025Q4
6120,105,3,11.11,2016Q1
6120,105,6,11.67,2016Q2
6120,105,9,13.12,2016Q3
6120,105,12,12.74,2016Q4
6120,106,3,14.83,2017Q1
6120,106,6,13.55,2017Q2
6120,106,9,27.37,2017Q3
6120,106,12,34.13,2017Q4
6120,107,3,27.01,2018Q1
6120,107,6,28.93,2018Q2
6120,107,9,20.93,2018Q3
6120,107,12,17.73,2018Q4
6120,108,3,20.98,2019Q1
6120,108,6,19.26,2019Q2
6120,108,9,17.93,2019Q3
6120,108,12,15.16,2019Q4
6120,109,3,10.95,2020Q1
6120,109,6,10.93,2020Q2
6120,109,9,11.85,2020Q3
6120,109,12,14.23,2020Q4
6120,110,3,15.34,2021Q1
6120,110,6,13.85,2021Q2
6120,110,9,11.35,2021Q3
6120,110,12,14.51,2021Q4
6120,111,3,12.82,2022Q1
6120,111,6,10.43,2022Q2
6120,111,9,9.29,2022Q3
6120,111,12,9.0,2022Q4
6120,112,3,10.41,2023Q1
6120,112,6,14.64,2023Q2
6120,112,9,15.56,2023Q3
6120,112,12,13.61,2023Q4
6120,113,3,16.14,2024Q1
6120,113,6,16.06,2024Q2
6120,113,9,14.71,2024Q3
6120,113,12,13.14,2024Q4
6120,114,3,13.49,2025Q1
6120,114,6,,2025Q2
6120,114,9,,2025Q3
6120,114,12,,2025Q4
6128,105,3,38.49,2016Q1
6128,105,6,39.71,2016Q2
6128,105,9,44.52,2016Q3
6128,105,12,41.43,2016Q4
6128,106,3,42.5,2017Q1
6128,106,6,42.46,2017Q2
6128,106,9,44.76,2017Q3
6128,106,12,39.6,2017Q4
6128,107,3,40.14,2018Q1
6128,107,6,37.04,2018Q2
6128,107,9,30.91,2018Q3
6128,107,12,28.34,2018Q4
6128,108,3,34.42,2019Q1
6128,108,6,35.08,2019Q2
6128,108,9,31.81,2019Q3
6128,108,12,30.48,2019Q4
6128,109,3,26.15,2020Q1
6128,109,6,29.81,2020Q2
6128,109,9,26.96,2020Q3
6128,109,12,27.88,2020Q4
6128,110,3,27.21,2021Q1
6128,110,6,25.03,2021Q2
6128,110,9,25.01,2021Q3
6128,110,12,29.29,2021Q4
6128,111,3,28.41,2022Q1
6128,111,6,31.37,2022Q2
6128,111,9,29.16,2022Q3
6128,111,12,29.5,2022Q4
6128,112,3,34.48,2023Q1
6128,112,6,35.13,2023Q2
6128,112,9,33.9,2023Q3
6128,112,12,34.68,2023Q4
6128,113,3,38.52,2024Q1
6128,113,6,39.77,2024Q2
6128,113,9,35.6,2024Q3
6128,113,12,34.59,2024Q4
6128,114,3,37.11,2025Q1
6128,114,6,,2025Q2
6128,114,9,,2025Q3
6128,114,12,,2025Q4
6133,105,3,10.01,2016Q1
6133,105,6,9.36,2016Q2
6133,105,9,9.32,2016Q3
6133,105,12,9.05,2016Q4
6133,106,3,9.24,2017Q1
6133,106,6,9.4,2017Q2
6133,106,9,12.26,2017Q3
6133,106,12,10.32,2017Q4
6133,107,3,10.38,2018Q1
6133,107,6,9.7,2018Q2
6133,107,9,9.17,2018Q3
6133,107,12,8.64,2018Q4
6133,108,3,8.95,2019Q1
6133,108,6,8.44,2019Q2
6133,108,9,8.4,2019Q3
6133,108,12,8.2,2019Q4
6133,109,3,6.49,2020Q1
6133,109,6,7.29,2020Q2
6133,109,9,8.11,2020Q3
6133,109,12,9.35,2020Q4
6133,110,3,10.0,2021Q1
6133,110,6,8.99,2021Q2
6133,110,9,8.58,2021Q3
6133,110,12,10.82,2021Q4
6133,111,3,9.37,2022Q1
6133,111,6,12.22,2022Q2
6133,111,9,25.87,2022Q3
6133,111,12,24.5,2022Q4
6133,112,3,24.03,2023Q1
6133,112,6,18.68,2023Q2
6133,112,9,15.04,2023Q3
6133,112,12,15.83,2023Q4
6133,113,3,14.39,2024Q1
6133,113,6,15.45,2024Q2
6133,113,9,22.76,2024Q3
6133,113,12,21.5,2024Q4
6133,114,3,17.9,2025Q1
6133,114,6,,2025Q2
6133,114,9,,2025Q3
6133,114,12,,2025Q4
6136,105,3,24.41,2016Q1
6136,105,6,24.46,2016Q2
6136,105,9,22.99,2016Q3
6136,105,12,23.92,2016Q4
6136,106,3,25.44,2017Q1
6136,106,6,25.39,2017Q2
6136,106,9,23.84,2017Q3
6136,106,12,23.82,2017Q4
6136,107,3,24.31,2018Q1
6136,107,6,24.02,2018Q2
6136,107,9,19.17,2018Q3
6136,107,12,18.21,2018Q4
6136,108,3,21.3,2019Q1
6136,108,6,20.87,2019Q2
6136,108,9,19.67,2019Q3
6136,108,12,19.87,2019Q4
6136,109,3,16.76,2020Q1
6136,109,6,19.07,2020Q2
6136,109,9,17.47,2020Q3
6136,109,12,17.43,2020Q4
6136,110,3,17.93,2021Q1
6136,110,6,18.19,2021Q2
6136,110,9,16.92,2021Q3
6136,110,12,19.01,2021Q4
6136,111,3,18.76,2022Q1
6136,111,6,18.72,2022Q2
6136,111,9,17.92,2022Q3
6136,111,12,18.27,2022Q4
6136,112,3,18.89,2023Q1
6136,112,6,19.63,2023Q2
6136,112,9,18.76,2023Q3
6136,112,12,22.2,2023Q4
6136,113,3,24.09,2024Q1
6136,113,6,23.25,2024Q2
6136,113,9,22.91,2024Q3
6136,113,12,22.69,2024Q4
6136,114,3,24.15,2025Q1
6136,114,6,,2025Q2
6136,114,9,,2025Q3
6136,114,12,,2025Q4
6139,105,3,35.42,2016Q1
6139,105,6,26.32,2016Q2
6139,105,9,28.1,2016Q3
6139,105,12,32.28,2016Q4
6139,106,3,37.98,2017Q1
6139,106,6,35.0,2017Q2
6139,106,9,34.77,2017Q3
6139,106,12,33.66,2017Q4
6139,107,3,36.32,2018Q1
6139,107,6,34.52,2018Q2
6139,107,9,32.09,2018Q3
6139,107,12,26.72,2018Q4
6139,108,3,29.05,2019Q1
6139,108,6,27.48,2019Q2
6139,108,9,25.22,2019Q3
6139,108,12,31.29,2019Q4
6139,109,3,24.0,2020Q1
6139,109,6,27.62,2020Q2
6139,109,9,28.05,2020Q3
6139,109,12,28.86,2020Q4
6139,110,3,32.14,2021Q1
6139,110,6,29.62,2021Q2
6139,110,9,29.53,2021Q3
6139,110,12,30.77,2021Q4
6139,111,3,31.43,2022Q1
6139,111,6,32.25,2022Q2
6139,111,9,31.02,2022Q3
6139,111,12,37.06,2022Q4
6139,112,3,46.22,2023Q1
6139,112,6,61.09,2023Q2
6139,112,9,100.39,2023Q3
6139,112,12,156.99,2023Q4
6139,113,3,195.17,2024Q1
6139,113,6,226.78,2024Q2
6139,113,9,215.21,2024Q3
6139,113,12,224.81,2024Q4
6139,114,3,262.97,2025Q1
6139,114,6,,2025Q2
6139,114,9,,2025Q3
6139,114,12,,2025Q4
6141,105,3,8.99,2016Q1
6141,105,6,8.0,2016Q2
6141,105,9,9.0,2016Q3
6141,105,12,10.4,2016Q4
6141,106,3,14.92,2017Q1
6141,106,6,18.46,2017Q2
6141,106,9,19.95,2017Q3
6141,106,12,16.6,2017Q4
6141,107,3,26.28,2018Q1
6141,107,6,25.06,2018Q2
6141,107,9,16.48,2018Q3
6141,107,12,17.62,2018Q4
6141,108,3,20.33,2019Q1
6141,108,6,20.4,2019Q2
6141,108,9,22.93,2019Q3
6141,108,12,22.84,2019Q4
6141,109,3,15.96,2020Q1
6141,109,6,18.48,2020Q2
6141,109,9,26.3,2020Q3
6141,109,12,29.5,2020Q4
6141,110,3,32.31,2021Q1
6141,110,6,28.17,2021Q2
6141,110,9,24.47,2021Q3
6141,110,12,30.86,2021Q4
6141,111,3,27.74,2022Q1
6141,111,6,23.43,2022Q2
6141,111,9,22.64,2022Q3
6141,111,12,20.11,2022Q4
6141,112,3,19.25,2023Q1
6141,112,6,17.66,2023Q2
6141,112,9,16.99,2023Q3
6141,112,12,16.26,2023Q4
6141,113,3,20.67,2024Q1
6141,113,6,16.46,2024Q2
6141,113,9,13.75,2024Q3
6141,113,12,15.89,2024Q4
6141,114,3,14.73,2025Q1
6141,114,6,,2025Q2
6141,114,9,,2025Q3
6141,114,12,,2025Q4
6142,105,3,5.94,2016Q1
6142,105,6,5.79,2016Q2
6142,105,9,6.21,2016Q3
6142,105,12,6.01,2016Q4
6142,106,3,8.21,2017Q1
6142,106,6,8.28,2017Q2
6142,106,9,8.57,2017Q3
6142,106,12,8.21,2017Q4
6142,107,3,8.1,2018Q1
6142,107,6,8.19,2018Q2
6142,107,9,8.78,2018Q3
6142,107,12,8.55,2018Q4
6142,108,3,9.37,2019Q1
6142,108,6,7.4,2019Q2
6142,108,9,8.2,2019Q3
6142,108,12,7.78,2019Q4
6142,109,3,5.22,2020Q1
6142,109,6,9.47,2020Q2
6142,109,9,8.35,2020Q3
6142,109,12,9.44,2020Q4
6142,110,3,12.82,2021Q1
6142,110,6,12.39,2021Q2
6142,110,9,11.72,2021Q3
6142,110,12,11.22,2021Q4
6142,111,3,9.86,2022Q1
6142,111,6,9.07,2022Q2
6142,111,9,10.15,2022Q3
6142,111,12,10.14,2022Q4
6142,112,3,12.74,2023Q1
6142,112,6,13.12,2023Q2
6142,112,9,10.65,2023Q3
6142,112,12,10.11,2023Q4
6142,113,3,10.25,2024Q1
6142,113,6,10.13,2024Q2
6142,113,9,10.97,2024Q3
6142,113,12,12.23,2024Q4
6142,114,3,11.12,2025Q1
6142,114,6,,2025Q2
6142,114,9,,2025Q3
6142,114,12,,2025Q4
6152,105,3,11.58,2016Q1
6152,105,6,10.33,2016Q2
6152,105,9,9.74,2016Q3
6152,105,12,10.04,2016Q4
6152,106,3,10.27,2017Q1
6152,106,6,9.75,2017Q2
6152,106,9,9.52,2017Q3
6152,106,12,8.48,2017Q4
6152,107,3,8.43,2018Q1
6152,107,6,8.94,2018Q2
6152,107,9,6.32,2018Q3
6152,107,12,4.67,2018Q4
6152,108,3,4.75,2019Q1
6152,108,6,5.22,2019Q2
6152,108,9,7.42,2019Q3
6152,108,12,7.22,2019Q4
6152,109,3,5.22,2020Q1
6152,109,6,5.96,2020Q2
6152,109,9,9.03,2020Q3
6152,109,12,12.88,2020Q4
6152,110,3,10.87,2021Q1
6152,110,6,10.32,2021Q2
6152,110,9,8.34,2021Q3
6152,110,12,12.01,2021Q4
6152,111,3,9.77,2022Q1
6152,111,6,9.75,2022Q2
6152,111,9,11.57,2022Q3
6152,111,12,10.66,2022Q4
6152,112,3,10.86,2023Q1
6152,112,6,10.34,2023Q2
6152,112,9,10.22,2023Q3
6152,112,12,10.48,2023Q4
6152,113,3,10.76,2024Q1
6152,113,6,13.55,2024Q2
6152,113,9,17.8,2024Q3
6152,113,12,12.81,2024Q4
6152,114,3,11.52,2025Q1
6152,114,6,,2025Q2
6152,114,9,,2025Q3
6152,114,12,,2025Q4
6153,105,3,23.36,2016Q1
6153,105,6,16.88,2016Q2
6153,105,9,19.77,2016Q3
6153,105,12,18.58,2016Q4
6153,106,3,19.69,2017Q1
6153,106,6,20.78,2017Q2
6153,106,9,23.13,2017Q3
6153,106,12,42.61,2017Q4
6153,107,3,41.13,2018Q1
6153,107,6,67.98,2018Q2
6153,107,9,42.49,2018Q3
6153,107,12,28.7,2018Q4
6153,108,3,31.78,2019Q1
6153,108,6,30.03,2019Q2
6153,108,9,36.86,2019Q3
6153,108,12,35.43,2019Q4
6153,109,3,26.41,2020Q1
6153,109,6,29.77,2020Q2
6153,109,9,28.19,2020Q3
6153,109,12,36.44,2020Q4
6153,110,3,36.56,2021Q1
6153,110,6,30.54,2021Q2
6153,110,9,26.0,2021Q3
6153,110,12,25.49,2021Q4
6153,111,3,23.15,2022Q1
6153,111,6,23.44,2022Q2
6153,111,9,27.15,2022Q3
6153,111,12,26.14,2022Q4
6153,112,3,23.87,2023Q1
6153,112,6,25.62,2023Q2
6153,112,9,23.11,2023Q3
6153,112,12,22.79,2023Q4
6153,113,3,20.39,2024Q1
6153,113,6,21.25,2024Q2
6153,113,9,21.57,2024Q3
6153,113,12,16.12,2024Q4
6153,114,3,14.61,2025Q1
6153,114,6,,2025Q2
6153,114,9,,2025Q3
6153,114,12,,2025Q4
6155,105,3,18.84,2016Q1
6155,105,6,17.76,2016Q2
6155,105,9,18.68,2016Q3
6155,105,12,17.62,2016Q4
6155,106,3,18.2,2017Q1
6155,106,6,19.72,2017Q2
6155,106,9,20.0,2017Q3
6155,106,12,19.38,2017Q4
6155,107,3,20.86,2018Q1
6155,107,6,40.9,2018Q2
6155,107,9,32.38,2018Q3
6155,107,12,23.18,2018Q4
6155,108,3,20.78,2019Q1
6155,108,6,21.29,2019Q2
6155,108,9,26.02,2019Q3
6155,108,12,28.93,2019Q4
6155,109,3,20.29,2020Q1
6155,109,6,25.44,2020Q2
6155,109,9,21.67,2020Q3
6155,109,12,27.1,2020Q4
6155,110,3,28.71,2021Q1
6155,110,6,27.35,2021Q2
6155,110,9,23.57,2021Q3
6155,110,12,24.44,2021Q4
6155,111,3,23.67,2022Q1
6155,111,6,25.53,2022Q2
6155,111,9,22.19,2022Q3
6155,111,12,25.0,2022Q4
6155,112,3,27.89,2023Q1
6155,112,6,26.19,2023Q2
6155,112,9,27.15,2023Q3
6155,112,12,27.79,2023Q4
6155,113,3,26.6,2024Q1
6155,113,6,29.29,2024Q2
6155,113,9,26.42,2024Q3
6155,113,12,27.1,2024Q4
6155,114,3,26.58,2025Q1
6155,114,6,,2025Q2
6155,114,9,,2025Q3
6155,114,12,,2025Q4
6164,105,3,10.19,2016Q1
6164,105,6,12.01,2016Q2
6164,105,9,12.91,2016Q3
6164,105,12,14.45,2016Q4
6164,106,3,14.64,2017Q1
6164,106,6,13.9,2017Q2
6164,106,9,13.25,2017Q3
6164,106,12,13.26,2017Q4
6164,107,3,11.89,2018Q1
6164,107,6,11.49,2018Q2
6164,107,9,9.89,2018Q3
6164,107,12,8.74,2018Q4
6164,108,3,8.9,2019Q1
6164,108,6,7.5,2019Q2
6164,108,9,7.01,2019Q3
6164,108,12,7.04,2019Q4
6164,109,3,5.26,2020Q1
6164,109,6,6.43,2020Q2
6164,109,9,6.96,2020Q3
6164,109,12,10.29,2020Q4
6164,110,3,12.48,2021Q1
6164,110,6,11.56,2021Q2
6164,110,9,16.28,2021Q3
6164,110,12,16.91,2021Q4
6164,111,3,13.11,2022Q1
6164,111,6,13.02,2022Q2
6164,111,9,11.05,2022Q3
6164,111,12,10.33,2022Q4
6164,112,3,11.37,2023Q1
6164,112,6,13.4,2023Q2
6164,112,9,11.39,2023Q3
6164,112,12,12.34,2023Q4
6164,113,3,15.15,2024Q1
6164,113,6,16.55,2024Q2
6164,113,9,13.85,2024Q3
6164,113,12,14.83,2024Q4
6164,114,3,12.79,2025Q1
6164,114,6,,2025Q2
6164,114,9,,2025Q3
6164,114,12,,2025Q4
6165,105,3,10.67,2016Q1
6165,105,6,9.77,2016Q2
6165,105,9,16.36,2016Q3
6165,105,12,14.3,2016Q4
6165,106,3,36.04,2017Q1
6165,106,6,61.19,2017Q2
6165,106,9,47.56,2017Q3
6165,106,12,36.27,2017Q4
6165,107,3,17.46,2018Q1
6165,107,6,16.27,2018Q2
6165,107,9,9.38,2018Q3
6165,107,12,8.68,2018Q4
6165,108,3,8.58,2019Q1
6165,108,6,7.98,2019Q2
6165,108,9,11.3,2019Q3
6165,108,12,18.06,2019Q4
6165,109,3,19.13,2020Q1
6165,109,6,31.46,2020Q2
6165,109,9,61.56,2020Q3
6165,109,12,50.65,2020Q4
6165,110,3,46.07,2021Q1
6165,110,6,37.23,2021Q2
6165,110,9,35.3,2021Q3
6165,110,12,39.55,2021Q4
6165,111,3,33.39,2022Q1
6165,111,6,25.65,2022Q2
6165,111,9,25.41,2022Q3
6165,111,12,27.19,2022Q4
6165,112,3,30.47,2023Q1
6165,112,6,33.51,2023Q2
6165,112,9,37.8,2023Q3
6165,112,12,35.13,2023Q4
6165,113,3,45.76,2024Q1
6165,113,6,39.87,2024Q2
6165,113,9,37.1,2024Q3
6165,113,12,44.66,2024Q4
6165,114,3,47.04,2025Q1
6165,114,6,,2025Q2
6165,114,9,,2025Q3
6165,114,12,,2025Q4
6166,105,3,76.91,2016Q1
6166,105,6,64.7,2016Q2
6166,105,9,61.43,2016Q3
6166,105,12,57.97,2016Q4
6166,106,3,71.88,2017Q1
6166,106,6,65.97,2017Q2
6166,106,9,65.74,2017Q3
6166,106,12,62.61,2017Q4
6166,107,3,61.3,2018Q1
6166,107,6,55.66,2018Q2
6166,107,9,48.68,2018Q3
6166,107,12,32.08,2018Q4
6166,108,3,43.12,2019Q1
6166,108,6,38.27,2019Q2
6166,108,9,51.5,2019Q3
6166,108,12,47.16,2019Q4
6166,109,3,59.08,2020Q1
6166,109,6,80.8,2020Q2
6166,109,9,68.55,2020Q3
6166,109,12,64.92,2020Q4
6166,110,3,65.05,2021Q1
6166,110,6,61.91,2021Q2
6166,110,9,65.42,2021Q3
6166,110,12,63.84,2021Q4
6166,111,3,58.01,2022Q1
6166,111,6,55.4,2022Q2
6166,111,9,52.02,2022Q3
6166,111,12,53.77,2022Q4
6166,112,3,62.9,2023Q1
6166,112,6,72.84,2023Q2
6166,112,9,62.27,2023Q3
6166,112,12,60.61,2023Q4
6166,113,3,68.93,2024Q1
6166,113,6,80.48,2024Q2
6166,113,9,68.04,2024Q3
6166,113,12,76.63,2024Q4
6166,114,3,85.97,2025Q1
6166,114,6,,2025Q2
6166,114,9,,2025Q3
6166,114,12,,2025Q4
6168,105,3,12.81,2016Q1
6168,105,6,9.91,2016Q2
6168,105,9,9.47,2016Q3
6168,105,12,10.66,2016Q4
6168,106,3,10.81,2017Q1
6168,106,6,10.87,2017Q2
6168,106,9,15.23,2017Q3
6168,106,12,21.06,2017Q4
6168,107,3,21.11,2018Q1
6168,107,6,21.29,2018Q2
6168,107,9,14.77,2018Q3
6168,107,12,12.91,2018Q4
6168,108,3,15.17,2019Q1
6168,108,6,14.27,2019Q2
6168,108,9,13.46,2019Q3
6168,108,12,13.62,2019Q4
6168,109,3,10.57,2020Q1
6168,109,6,13.21,2020Q2
6168,109,9,15.24,2020Q3
6168,109,12,16.15,2020Q4
6168,110,3,18.91,2021Q1
6168,110,6,22.66,2021Q2
6168,110,9,27.11,2021Q3
6168,110,12,27.9,2021Q4
6168,111,3,23.76,2022Q1
6168,111,6,21.91,2022Q2
6168,111,9,17.85,2022Q3
6168,111,12,18.35,2022Q4
6168,112,3,24.8,2023Q1
6168,112,6,24.55,2023Q2
6168,112,9,24.17,2023Q3
6168,112,12,27.7,2023Q4
6168,113,3,25.21,2024Q1
6168,113,6,24.02,2024Q2
6168,113,9,22.28,2024Q3
6168,113,12,22.32,2024Q4
6168,114,3,20.47,2025Q1
6168,114,6,,2025Q2
6168,114,9,,2025Q3
6168,114,12,,2025Q4
6176,105,3,68.52,2016Q1
6176,105,6,49.64,2016Q2
6176,105,9,51.78,2016Q3
6176,105,12,57.3,2016Q4
6176,106,3,63.0,2017Q1
6176,106,6,67.19,2017Q2
6176,106,9,74.14,2017Q3
6176,106,12,71.48,2017Q4
6176,107,3,77.46,2018Q1
6176,107,6,63.0,2018Q2
6176,107,9,67.66,2018Q3
6176,107,12,84.03,2018Q4
6176,108,3,96.96,2019Q1
6176,108,6,101.44,2019Q2
6176,108,9,121.06,2019Q3
6176,108,12,119.03,2019Q4
6176,109,3,85.44,2020Q1
6176,109,6,113.64,2020Q2
6176,109,9,109.01,2020Q3
6176,109,12,115.65,2020Q4
6176,110,3,123.16,2021Q1
6176,110,6,118.7,2021Q2
6176,110,9,94.6,2021Q3
6176,110,12,98.39,2021Q4
6176,111,3,101.99,2022Q1
6176,111,6,97.1,2022Q2
6176,111,9,99.07,2022Q3
6176,111,12,106.14,2022Q4
6176,112,3,107.21,2023Q1
6176,112,6,119.39,2023Q2
6176,112,9,126.58,2023Q3
6176,112,12,133.15,2023Q4
6176,113,3,174.22,2024Q1
6176,113,6,205.24,2024Q2
6176,113,9,195.26,2024Q3
6176,113,12,194.6,2024Q4
6176,114,3,186.74,2025Q1
6176,114,6,,2025Q2
6176,114,9,,2025Q3
6176,114,12,,2025Q4
6177,105,3,20.91,2016Q1
6177,105,6,22.9,2016Q2
6177,105,9,20.41,2016Q3
6177,105,12,19.62,2016Q4
6177,106,3,23.84,2017Q1
6177,106,6,25.35,2017Q2
6177,106,9,34.72,2017Q3
6177,106,12,33.05,2017Q4
6177,107,3,34.49,2018Q1
6177,107,6,36.84,2018Q2
6177,107,9,27.73,2018Q3
6177,107,12,26.85,2018Q4
6177,108,3,31.85,2019Q1
6177,108,6,30.1,2019Q2
6177,108,9,27.58,2019Q3
6177,108,12,28.17,2019Q4
6177,109,3,24.67,2020Q1
6177,109,6,31.09,2020Q2
6177,109,9,29.6,2020Q3
6177,109,12,30.29,2020Q4
6177,110,3,30.59,2021Q1
6177,110,6,29.92,2021Q2
6177,110,9,31.79,2021Q3
6177,110,12,30.07,2021Q4
6177,111,3,30.84,2022Q1
6177,111,6,30.19,2022Q2
6177,111,9,27.73,2022Q3
6177,111,12,29.19,2022Q4
6177,112,3,31.97,2023Q1
6177,112,6,31.67,2023Q2
6177,112,9,31.12,2023Q3
6177,112,12,34.46,2023Q4
6177,113,3,37.99,2024Q1
6177,113,6,60.65,2024Q2
6177,113,9,53.95,2024Q3
6177,113,12,44.08,2024Q4
6177,114,3,49.36,2025Q1
6177,114,6,,2025Q2
6177,114,9,,2025Q3
6177,114,12,,2025Q4
6183,105,3,26.25,2016Q1
6183,105,6,26.2,2016Q2
6183,105,9,25.82,2016Q3
6183,105,12,25.62,2016Q4
6183,106,3,28.19,2017Q1
6183,106,6,27.27,2017Q2
6183,106,9,29.02,2017Q3
6183,106,12,30.8,2017Q4
6183,107,3,32.81,2018Q1
6183,107,6,32.78,2018Q2
6183,107,9,34.31,2018Q3
6183,107,12,32.69,2018Q4
6183,108,3,35.92,2019Q1
6183,108,6,34.47,2019Q2
6183,108,9,36.52,2019Q3
6183,108,12,36.72,2019Q4
6183,109,3,37.99,2020Q1
6183,109,6,52.64,2020Q2
6183,109,9,49.54,2020Q3
6183,109,12,48.94,2020Q4
6183,110,3,48.17,2021Q1
6183,110,6,50.05,2021Q2
6183,110,9,50.46,2021Q3
6183,110,12,50.6,2021Q4
6183,111,3,52.48,2022Q1
6183,111,6,59.88,2022Q2
6183,111,9,69.52,2022Q3
6183,111,12,59.32,2022Q4
6183,112,3,64.53,2023Q1
6183,112,6,65.2,2023Q2
6183,112,9,67.01,2023Q3
6183,112,12,67.05,2023Q4
6183,113,3,72.54,2024Q1
6183,113,6,74.13,2024Q2
6183,113,9,74.5,2024Q3
6183,113,12,83.71,2024Q4
6183,114,3,89.93,2025Q1
6183,114,6,,2025Q2
6183,114,9,,2025Q3
6183,114,12,,2025Q4
6184,105,3,48.78,2016Q1
6184,105,6,36.83,2016Q2
6184,105,9,33.03,2016Q3
6184,105,12,32.47,2016Q4
6184,106,3,33.88,2017Q1
6184,106,6,38.68,2017Q2
6184,106,9,35.72,2017Q3
6184,106,12,33.92,2017Q4
6184,107,3,39.14,2018Q1
6184,107,6,37.1,2018Q2
6184,107,9,35.92,2018Q3
6184,107,12,34.01,2018Q4
6184,108,3,35.75,2019Q1
6184,108,6,37.45,2019Q2
6184,108,9,37.9,2019Q3
6184,108,12,40.03,2019Q4
6184,109,3,39.03,2020Q1
6184,109,6,43.7,2020Q2
6184,109,9,40.35,2020Q3
6184,109,12,42.73,2020Q4
6184,110,3,44.28,2021Q1
6184,110,6,45.14,2021Q2
6184,110,9,43.03,2021Q3
6184,110,12,43.73,2021Q4
6184,111,3,46.5,2022Q1
6184,111,6,48.92,2022Q2
6184,111,9,48.49,2022Q3
6184,111,12,47.99,2022Q4
6184,112,3,49.97,2023Q1
6184,112,6,52.32,2023Q2
6184,112,9,50.26,2023Q3
6184,112,12,51.72,2023Q4
6184,113,3,53.18,2024Q1
6184,113,6,54.51,2024Q2
6184,113,9,52.17,2024Q3
6184,113,12,51.72,2024Q4
6184,114,3,53.68,2025Q1
6184,114,6,,2025Q2
6184,114,9,,2025Q3
6184,114,12,,2025Q4
6189,105,3,34.69,2016Q1
6189,105,6,34.12,2016Q2
6189,105,9,31.85,2016Q3
6189,105,12,30.28,2016Q4
6189,106,3,32.63,2017Q1
6189,106,6,30.63,2017Q2
6189,106,9,28.23,2017Q3
6189,106,12,27.94,2017Q4
6189,107,3,28.58,2018Q1
6189,107,6,28.69,2018Q2
6189,107,9,28.55,2018Q3
6189,107,12,28.5,2018Q4
6189,108,3,31.24,2019Q1
6189,108,6,33.89,2019Q2
6189,108,9,33.98,2019Q3
6189,108,12,34.75,2019Q4
6189,109,3,29.98,2020Q1
6189,109,6,34.25,2020Q2
6189,109,9,33.34,2020Q3
6189,109,12,35.38,2020Q4
6189,110,3,38.27,2021Q1
6189,110,6,40.72,2021Q2
6189,110,9,38.82,2021Q3
6189,110,12,41.05,2021Q4
6189,111,3,44.64,2022Q1
6189,111,6,42.47,2022Q2
6189,111,9,37.66,2022Q3
6189,111,12,37.97,2022Q4
6189,112,3,40.98,2023Q1
6189,112,6,44.02,2023Q2
6189,112,9,46.62,2023Q3
6189,112,12,60.38,2023Q4
6189,113,3,82.32,2024Q1
6189,113,6,91.84,2024Q2
6189,113,9,83.93,2024Q3
6189,113,12,82.55,2024Q4
6189,114,3,75.25,2025Q1
6189,114,6,,2025Q2
6189,114,9,,2025Q3
6189,114,12,,2025Q4
6191,105,3,7.65,2016Q1
6191,105,6,7.65,2016Q2
6191,105,9,10.06,2016Q3
6191,105,12,12.89,2016Q4
6191,106,3,13.53,2017Q1
6191,106,6,11.16,2017Q2
6191,106,9,13.21,2017Q3
6191,106,12,13.36,2017Q4
6191,107,3,12.96,2018Q1
6191,107,6,16.5,2018Q2
6191,107,9,13.9,2018Q3
6191,107,12,13.24,2018Q4
6191,108,3,13.65,2019Q1
6191,108,6,14.42,2019Q2
6191,108,9,17.56,2019Q3
6191,108,12,17.03,2019Q4
6191,109,3,13.01,2020Q1
6191,109,6,14.59,2020Q2
6191,109,9,21.36,2020Q3
6191,109,12,25.88,2020Q4
6191,110,3,30.4,2021Q1
6191,110,6,33.35,2021Q2
6191,110,9,32.44,2021Q3
6191,110,12,39.1,2021Q4
6191,111,3,34.29,2022Q1
6191,111,6,32.69,2022Q2
6191,111,9,26.86,2022Q3
6191,111,12,29.0,2022Q4
6191,112,3,32.49,2023Q1
6191,112,6,43.15,2023Q2
6191,112,9,60.58,2023Q3
6191,112,12,68.54,2023Q4
6191,113,3,71.45,2024Q1
6191,113,6,71.73,2024Q2
6191,113,9,60.63,2024Q3
6191,113,12,57.47,2024Q4
6191,114,3,69.15,2025Q1
6191,114,6,,2025Q2
6191,114,9,,2025Q3
6191,114,12,,2025Q4
6192,105,3,45.89,2016Q1
6192,105,6,45.83,2016Q2
6192,105,9,47.42,2016Q3
6192,105,12,53.85,2016Q4
6192,106,3,53.03,2017Q1
6192,106,6,61.75,2017Q2
6192,106,9,58.66,2017Q3
6192,106,12,55.82,2017Q4
6192,107,3,58.1,2018Q1
6192,107,6,63.59,2018Q2
6192,107,9,68.9,2018Q3
6192,107,12,64.47,2018Q4
6192,108,3,71.09,2019Q1
6192,108,6,73.15,2019Q2
6192,108,9,86.44,2019Q3
6192,108,12,77.34,2019Q4
6192,109,3,59.22,2020Q1
6192,109,6,66.88,2020Q2
6192,109,9,64.46,2020Q3
6192,109,12,68.52,2020Q4
6192,110,3,73.01,2021Q1
6192,110,6,71.54,2021Q2
6192,110,9,69.89,2021Q3
6192,110,12,71.89,2021Q4
6192,111,3,73.57,2022Q1
6192,111,6,70.07,2022Q2
6192,111,9,68.19,2022Q3
6192,111,12,69.75,2022Q4
6192,112,3,75.48,2023Q1
6192,112,6,76.58,2023Q2
6192,112,9,85.96,2023Q3
6192,112,12,89.28,2023Q4
6192,113,3,99.26,2024Q1
6192,113,6,120.99,2024Q2
6192,113,9,116.65,2024Q3
6192,113,12,110.61,2024Q4
6192,114,3,110.44,2025Q1
6192,114,6,,2025Q2
6192,114,9,,2025Q3
6192,114,12,,2025Q4
6196,105,3,27.23,2016Q1
6196,105,6,28.75,2016Q2
6196,105,9,27.53,2016Q3
6196,105,12,27.8,2016Q4
6196,106,3,36.26,2017Q1
6196,106,6,41.85,2017Q2
6196,106,9,39.78,2017Q3
6196,106,12,38.25,2017Q4
6196,107,3,45.58,2018Q1
6196,107,6,76.81,2018Q2
6196,107,9,59.11,2018Q3
6196,107,12,51.51,2018Q4
6196,108,3,54.34,2019Q1
6196,108,6,50.15,2019Q2
6196,108,9,51.01,2019Q3
6196,108,12,85.24,2019Q4
6196,109,3,62.11,2020Q1
6196,109,6,82.45,2020Q2
6196,109,9,105.01,2020Q3
6196,109,12,113.09,2020Q4
6196,110,3,110.19,2021Q1
6196,110,6,106.83,2021Q2
6196,110,9,117.75,2021Q3
6196,110,12,166.94,2021Q4
6196,111,3,153.79,2022Q1
6196,111,6,121.56,2022Q2
6196,111,9,121.7,2022Q3
6196,111,12,123.21,2022Q4
6196,112,3,131.64,2023Q1
6196,112,6,145.39,2023Q2
6196,112,9,138.14,2023Q3
6196,112,12,135.43,2023Q4
6196,113,3,160.54,2024Q1
6196,113,6,165.25,2024Q2
6196,113,9,151.2,2024Q3
6196,113,12,148.44,2024Q4
6196,114,3,167.12,2025Q1
6196,114,6,,2025Q2
6196,114,9,,2025Q3
6196,114,12,,2025Q4
6197,105,3,29.21,2016Q1
6197,105,6,27.1,2016Q2
6197,105,9,28.65,2016Q3
6197,105,12,28.16,2016Q4
6197,106,3,36.81,2017Q1
6197,106,6,31.2,2017Q2
6197,106,9,30.5,2017Q3
6197,106,12,30.6,2017Q4
6197,107,3,29.02,2018Q1
6197,107,6,28.92,2018Q2
6197,107,9,24.99,2018Q3
6197,107,12,29.08,2018Q4
6197,108,3,28.82,2019Q1
6197,108,6,30.36,2019Q2
6197,108,9,30.16,2019Q3
6197,108,12,34.47,2019Q4
6197,109,3,25.0,2020Q1
6197,109,6,34.35,2020Q2
6197,109,9,35.2,2020Q3
6197,109,12,37.4,2020Q4
6197,110,3,41.77,2021Q1
6197,110,6,39.41,2021Q2
6197,110,9,35.01,2021Q3
6197,110,12,40.48,2021Q4
6197,111,3,43.54,2022Q1
6197,111,6,39.24,2022Q2
6197,111,9,39.22,2022Q3
6197,111,12,40.39,2022Q4
6197,112,3,46.2,2023Q1
6197,112,6,64.54,2023Q2
6197,112,9,70.65,2023Q3
6197,112,12,90.05,2023Q4
6197,113,3,110.3,2024Q1
6197,113,6,182.42,2024Q2
6197,113,9,163.56,2024Q3
6197,113,12,154.24,2024Q4
6197,114,3,135.19,2025Q1
6197,114,6,,2025Q2
6197,114,9,,2025Q3
6197,114,12,,2025Q4
6201,105,3,26.88,2016Q1
6201,105,6,27.47,2016Q2
6201,105,9,33.46,2016Q3
6201,105,12,31.51,2016Q4
6201,106,3,34.57,2017Q1
6201,106,6,33.36,2017Q2
6201,106,9,29.41,2017Q3
6201,106,12,29.0,2017Q4
6201,107,3,31.25,2018Q1
6201,107,6,31.37,2018Q2
6201,107,9,30.0,2018Q3
6201,107,12,29.5,2018Q4
6201,108,3,33.83,2019Q1
6201,108,6,35.38,2019Q2
6201,108,9,34.72,2019Q3
6201,108,12,35.27,2019Q4
6201,109,3,32.01,2020Q1
6201,109,6,34.25,2020Q2
6201,109,9,34.1,2020Q3
6201,109,12,37.7,2020Q4
6201,110,3,50.14,2021Q1
6201,110,6,46.04,2021Q2
6201,110,9,42.52,2021Q3
6201,110,12,43.8,2021Q4
6201,111,3,44.39,2022Q1
6201,111,6,42.24,2022Q2
6201,111,9,39.78,2022Q3
6201,111,12,39.13,2022Q4
6201,112,3,43.0,2023Q1
6201,112,6,44.55,2023Q2
6201,112,9,49.12,2023Q3
6201,112,12,54.52,2023Q4
6201,113,3,64.32,2024Q1
6201,113,6,63.66,2024Q2
6201,113,9,57.82,2024Q3
6201,113,12,57.39,2024Q4
6201,114,3,63.15,2025Q1
6201,114,6,,2025Q2
6201,114,9,,2025Q3
6201,114,12,,2025Q4
6202,105,3,52.9,2016Q1
6202,105,6,54.41,2016Q2
6202,105,9,49.95,2016Q3
6202,105,12,49.31,2016Q4
6202,106,3,54.66,2017Q1
6202,106,6,57.17,2017Q2
6202,106,9,56.43,2017Q3
6202,106,12,72.26,2017Q4
6202,107,3,81.09,2018Q1
6202,107,6,78.41,2018Q2
6202,107,9,80.57,2018Q3
6202,107,12,59.68,2018Q4
6202,108,3,72.21,2019Q1
6202,108,6,68.53,2019Q2
6202,108,9,66.46,2019Q3
6202,108,12,69.58,2019Q4
6202,109,3,67.88,2020Q1
6202,109,6,66.54,2020Q2
6202,109,9,65.01,2020Q3
6202,109,12,73.01,2020Q4
6202,110,3,89.23,2021Q1
6202,110,6,104.6,2021Q2
6202,110,9,121.51,2021Q3
6202,110,12,107.27,2021Q4
6202,111,3,118.87,2022Q1
6202,111,6,95.7,2022Q2
6202,111,9,68.42,2022Q3
6202,111,12,69.58,2022Q4
6202,112,3,74.83,2023Q1
6202,112,6,70.75,2023Q2
6202,112,9,63.66,2023Q3
6202,112,12,66.77,2023Q4
6202,113,3,56.1,2024Q1
6202,113,6,60.28,2024Q2
6202,113,9,50.99,2024Q3
6202,113,12,49.19,2024Q4
6202,114,3,49.77,2025Q1
6202,114,6,,2025Q2
6202,114,9,,2025Q3
6202,114,12,,2025Q4
6205,105,3,30.07,2016Q1
6205,105,6,26.87,2016Q2
6205,105,9,30.73,2016Q3
6205,105,12,29.75,2016Q4
6205,106,3,40.4,2017Q1
6205,106,6,40.69,2017Q2
6205,106,9,35.44,2017Q3
6205,106,12,31.05,2017Q4
6205,107,3,28.72,2018Q1
6205,107,6,27.84,2018Q2
6205,107,9,24.18,2018Q3
6205,107,12,22.11,2018Q4
6205,108,3,27.45,2019Q1
6205,108,6,26.86,2019Q2
6205,108,9,25.69,2019Q3
6205,108,12,25.47,2019Q4
6205,109,3,20.13,2020Q1
6205,109,6,35.63,2020Q2
6205,109,9,34.51,2020Q3
6205,109,12,48.05,2020Q4
6205,110,3,42.58,2021Q1
6205,110,6,31.72,2021Q2
6205,110,9,30.45,2021Q3
6205,110,12,67.67,2021Q4
6205,111,3,87.75,2022Q1
6205,111,6,74.62,2022Q2
6205,111,9,77.37,2022Q3
6205,111,12,76.99,2022Q4
6205,112,3,87.63,2023Q1
6205,112,6,73.97,2023Q2
6205,112,9,67.12,2023Q3
6205,112,12,76.62,2023Q4
6205,113,3,84.16,2024Q1
6205,113,6,74.81,2024Q2
6205,113,9,70.59,2024Q3
6205,113,12,78.99,2024Q4
6205,114,3,67.69,2025Q1
6205,114,6,,2025Q2
6205,114,9,,2025Q3
6205,114,12,,2025Q4
6206,105,3,113.05,2016Q1
6206,105,6,104.63,2016Q2
6206,105,9,109.92,2016Q3
6206,105,12,96.52,2016Q4
6206,106,3,101.36,2017Q1
6206,106,6,100.22,2017Q2
6206,106,9,90.34,2017Q3
6206,106,12,81.31,2017Q4
6206,107,3,81.66,2018Q1
6206,107,6,79.52,2018Q2
6206,107,9,75.55,2018Q3
6206,107,12,69.85,2018Q4
6206,108,3,76.93,2019Q1
6206,108,6,79.95,2019Q2
6206,108,9,73.49,2019Q3
6206,108,12,70.95,2019Q4
6206,109,3,63.31,2020Q1
6206,109,6,71.19,2020Q2
6206,109,9,62.68,2020Q3
6206,109,12,61.65,2020Q4
6206,110,3,64.27,2021Q1
6206,110,6,65.58,2021Q2
6206,110,9,65.16,2021Q3
6206,110,12,79.64,2021Q4
6206,111,3,73.05,2022Q1
6206,111,6,87.9,2022Q2
6206,111,9,75.76,2022Q3
6206,111,12,67.14,2022Q4
6206,112,3,72.85,2023Q1
6206,112,6,72.38,2023Q2
6206,112,9,66.9,2023Q3
6206,112,12,69.22,2023Q4
6206,113,3,76.96,2024Q1
6206,113,6,96.86,2024Q2
6206,113,9,84.31,2024Q3
6206,113,12,86.47,2024Q4
6206,114,3,140.59,2025Q1
6206,114,6,,2025Q2
6206,114,9,,2025Q3
6206,114,12,,2025Q4
6209,105,3,17.52,2016Q1
6209,105,6,16.36,2016Q2
6209,105,9,22.73,2016Q3
6209,105,12,20.68,2016Q4
6209,106,3,28.89,2017Q1
6209,106,6,27.7,2017Q2
6209,106,9,52.5,2017Q3
6209,106,12,36.95,2017Q4
6209,107,3,36.51,2018Q1
6209,107,6,37.22,2018Q2
6209,107,9,29.59,2018Q3
6209,107,12,29.7,2018Q4
6209,108,3,34.69,2019Q1
6209,108,6,29.4,2019Q2
6209,108,9,29.84,2019Q3
6209,108,12,30.93,2019Q4
6209,109,3,19.37,2020Q1
6209,109,6,30.3,2020Q2
6209,109,9,36.28,2020Q3
6209,109,12,35.85,2020Q4
6209,110,3,38.4,2021Q1
6209,110,6,36.34,2021Q2
6209,110,9,30.09,2021Q3
6209,110,12,36.6,2021Q4
6209,111,3,29.63,2022Q1
6209,111,6,30.97,2022Q2
6209,111,9,27.71,2022Q3
6209,111,12,26.38,2022Q4
6209,112,3,26.79,2023Q1
6209,112,6,30.58,2023Q2
6209,112,9,29.89,2023Q3
6209,112,12,28.54,2023Q4
6209,113,3,26.03,2024Q1
6209,113,6,32.0,2024Q2
6209,113,9,25.56,2024Q3
6209,113,12,29.26,2024Q4
6209,114,3,30.51,2025Q1
6209,114,6,,2025Q2
6209,114,9,,2025Q3
6209,114,12,,2025Q4
6213,105,3,27.52,2016Q1
6213,105,6,31.49,2016Q2
6213,105,9,33.63,2016Q3
6213,105,12,32.98,2016Q4
6213,106,3,43.81,2017Q1
6213,106,6,43.2,2017Q2
6213,106,9,59.02,2017Q3
6213,106,12,64.82,2017Q4
6213,107,3,72.99,2018Q1
6213,107,6,70.97,2018Q2
6213,107,9,62.22,2018Q3
6213,107,12,52.01,2018Q4
6213,108,3,78.19,2019Q1
6213,108,6,100.0,2019Q2
6213,108,9,155.73,2019Q3
6213,108,12,132.17,2019Q4
6213,109,3,132.21,2020Q1
6213,109,6,145.61,2020Q2
6213,109,9,126.72,2020Q3
6213,109,12,138.41,2020Q4
6213,110,3,136.96,2021Q1
6213,110,6,138.09,2021Q2
6213,110,9,152.22,2021Q3
6213,110,12,134.21,2021Q4
6213,111,3,120.39,2022Q1
6213,111,6,89.86,2022Q2
6213,111,9,67.58,2022Q3
6213,111,12,75.08,2022Q4
6213,112,3,76.51,2023Q1
6213,112,6,71.44,2023Q2
6213,112,9,90.83,2023Q3
6213,112,12,83.77,2023Q4
6213,113,3,90.18,2024Q1
6213,113,6,113.76,2024Q2
6213,113,9,77.82,2024Q3
6213,113,12,79.02,2024Q4
6213,114,3,71.32,2025Q1
6213,114,6,,2025Q2
6213,114,9,,2025Q3
6213,114,12,,2025Q4
6214,105,3,58.24,2016Q1
6214,105,6,55.68,2016Q2
6214,105,9,51.88,2016Q3
6214,105,12,57.67,2016Q4
6214,106,3,66.45,2017Q1
6214,106,6,63.69,2017Q2
6214,106,9,58.96,2017Q3
6214,106,12,58.84,2017Q4
6214,107,3,62.02,2018Q1
6214,107,6,66.78,2018Q2
6214,107,9,64.45,2018Q3
6214,107,12,61.37,2018Q4
6214,108,3,65.96,2019Q1
6214,108,6,74.76,2019Q2
6214,108,9,73.08,2019Q3
6214,108,12,74.83,2019Q4
6214,109,3,74.37,2020Q1
6214,109,6,80.16,2020Q2
6214,109,9,83.78,2020Q3
6214,109,12,86.73,2020Q4
6214,110,3,87.11,2021Q1
6214,110,6,88.6,2021Q2
6214,110,9,86.48,2021Q3
6214,110,12,84.44,2021Q4
6214,111,3,80.92,2022Q1
6214,111,6,75.7,2022Q2
6214,111,9,70.11,2022Q3
6214,111,12,69.78,2022Q4
6214,112,3,77.52,2023Q1
6214,112,6,108.11,2023Q2
6214,112,9,106.5,2023Q3
6214,112,12,109.97,2023Q4
6214,113,3,117.76,2024Q1
6214,113,6,129.53,2024Q2
6214,113,9,124.28,2024Q3
6214,113,12,149.65,2024Q4
6214,114,3,135.13,2025Q1
6214,114,6,,2025Q2
6214,114,9,,2025Q3
6214,114,12,,2025Q4
6215,105,3,14.56,2016Q1
6215,105,6,15.09,2016Q2
6215,105,9,14.58,2016Q3
6215,105,12,12.54,2016Q4
6215,106,3,13.33,2017Q1
6215,106,6,14.28,2017Q2
6215,106,9,19.84,2017Q3
6215,106,12,19.33,2017Q4
6215,107,3,25.74,2018Q1
6215,107,6,22.83,2018Q2
6215,107,9,17.77,2018Q3
6215,107,12,14.84,2018Q4
6215,108,3,19.6,2019Q1
6215,108,6,16.54,2019Q2
6215,108,9,15.91,2019Q3
6215,108,12,15.8,2019Q4
6215,109,3,11.45,2020Q1
6215,109,6,15.3,2020Q2
6215,109,9,17.0,2020Q3
6215,109,12,16.47,2020Q4
6215,110,3,23.92,2021Q1
6215,110,6,23.86,2021Q2
6215,110,9,29.43,2021Q3
6215,110,12,30.7,2021Q4
6215,111,3,26.6,2022Q1
6215,111,6,26.35,2022Q2
6215,111,9,22.13,2022Q3
6215,111,12,20.77,2022Q4
6215,112,3,26.99,2023Q1
6215,112,6,32.15,2023Q2
6215,112,9,24.63,2023Q3
6215,112,12,25.14,2023Q4
6215,113,3,33.53,2024Q1
6215,113,6,59.06,2024Q2
6215,113,9,68.43,2024Q3
6215,113,12,80.59,2024Q4
6215,114,3,102.94,2025Q1
6215,114,6,,2025Q2
6215,114,9,,2025Q3
6215,114,12,,2025Q4
6216,105,3,29.87,2016Q1
6216,105,6,29.67,2016Q2
6216,105,9,28.75,2016Q3
6216,105,12,29.78,2016Q4
6216,106,3,33.61,2017Q1
6216,106,6,31.7,2017Q2
6216,106,9,29.03,2017Q3
6216,106,12,28.47,2017Q4
6216,107,3,28.43,2018Q1
6216,107,6,29.56,2018Q2
6216,107,9,28.05,2018Q3
6216,107,12,27.7,2018Q4
6216,108,3,28.9,2019Q1
6216,108,6,28.3,2019Q2
6216,108,9,27.89,2019Q3
6216,108,12,27.91,2019Q4
6216,109,3,24.26,2020Q1
6216,109,6,27.68,2020Q2
6216,109,9,25.56,2020Q3
6216,109,12,25.95,2020Q4
6216,110,3,25.69,2021Q1
6216,110,6,25.34,2021Q2
6216,110,9,24.77,2021Q3
6216,110,12,27.23,2021Q4
6216,111,3,27.16,2022Q1
6216,111,6,31.19,2022Q2
6216,111,9,28.23,2022Q3
6216,111,12,25.85,2022Q4
6216,112,3,27.2,2023Q1
6216,112,6,28.07,2023Q2
6216,112,9,29.29,2023Q3
6216,112,12,30.79,2023Q4
6216,113,3,35.12,2024Q1
6216,113,6,48.68,2024Q2
6216,113,9,47.02,2024Q3
6216,113,12,41.96,2024Q4
6216,114,3,38.23,2025Q1
6216,114,6,,2025Q2
6216,114,9,,2025Q3
6216,114,12,,2025Q4
6224,105,3,64.27,2016Q1
6224,105,6,57.56,2016Q2
6224,105,9,61.23,2016Q3
6224,105,12,58.25,2016Q4
6224,106,3,60.98,2017Q1
6224,106,6,62.91,2017Q2
6224,106,9,57.71,2017Q3
6224,106,12,55.86,2017Q4
6224,107,3,65.77,2018Q1
6224,107,6,72.87,2018Q2
6224,107,9,61.17,2018Q3
6224,107,12,55.72,2018Q4
6224,108,3,55.34,2019Q1
6224,108,6,57.35,2019Q2
6224,108,9,67.81,2019Q3
6224,108,12,66.67,2019Q4
6224,109,3,55.02,2020Q1
6224,109,6,65.88,2020Q2
6224,109,9,79.14,2020Q3
6224,109,12,95.83,2020Q4
6224,110,3,129.08,2021Q1
6224,110,6,130.05,2021Q2
6224,110,9,131.11,2021Q3
6224,110,12,133.5,2021Q4
6224,111,3,102.95,2022Q1
6224,111,6,73.81,2022Q2
6224,111,9,57.53,2022Q3
6224,111,12,61.34,2022Q4
6224,112,3,67.16,2023Q1
6224,112,6,63.55,2023Q2
6224,112,9,56.28,2023Q3
6224,112,12,57.28,2023Q4
6224,113,3,57.96,2024Q1
6224,113,6,53.34,2024Q2
6224,113,9,67.66,2024Q3
6224,113,12,63.69,2024Q4
6224,114,3,52.95,2025Q1
6224,114,6,,2025Q2
6224,114,9,,2025Q3
6224,114,12,,2025Q4
6225,105,3,2.32,2016Q1
6225,105,6,3.78,2016Q2
6225,105,9,3.97,2016Q3
6225,105,12,3.45,2016Q4
6225,106,3,3.36,2017Q1
6225,106,6,3.01,2017Q2
6225,106,9,2.99,2017Q3
6225,106,12,3.41,2017Q4
6225,107,3,2.97,2018Q1
6225,107,6,4.57,2018Q2
6225,107,9,3.71,2018Q3
6225,107,12,3.36,2018Q4
6225,108,3,3.02,2019Q1
6225,108,6,2.77,2019Q2
6225,108,9,2.75,2019Q3
6225,108,12,1.73,2019Q4
6225,109,3,1.86,2020Q1
6225,109,6,2.76,2020Q2
6225,109,9,4.77,2020Q3
6225,109,12,3.43,2020Q4
6225,110,3,3.83,2021Q1
6225,110,6,3.41,2021Q2
6225,110,9,6.73,2021Q3
6225,110,12,6.75,2021Q4
6225,111,3,11.54,2022Q1
6225,111,6,10.84,2022Q2
6225,111,9,9.56,2022Q3
6225,111,12,10.99,2022Q4
6225,112,3,11.28,2023Q1
6225,112,6,10.17,2023Q2
6225,112,9,10.37,2023Q3
6225,112,12,11.92,2023Q4
6225,113,3,16.28,2024Q1
6225,113,6,16.42,2024Q2
6225,113,9,15.51,2024Q3
6225,113,12,14.57,2024Q4
6225,114,3,13.11,2025Q1
6225,114,6,,2025Q2
6225,114,9,,2025Q3
6225,114,12,,2025Q4
6226,105,3,6.05,2016Q1
6226,105,6,5.3,2016Q2
6226,105,9,6.85,2016Q3
6226,105,12,6.58,2016Q4
6226,106,3,9.29,2017Q1
6226,106,6,8.07,2017Q2
6226,106,9,9.94,2017Q3
6226,106,12,10.14,2017Q4
6226,107,3,9.98,2018Q1
6226,107,6,10.8,2018Q2
6226,107,9,9.18,2018Q3
6226,107,12,9.2,2018Q4
6226,108,3,8.74,2019Q1
6226,108,6,7.7,2019Q2
6226,108,9,7.67,2019Q3
6226,108,12,8.03,2019Q4
6226,109,3,6.3,2020Q1
6226,109,6,8.75,2020Q2
6226,109,9,8.1,2020Q3
6226,109,12,10.04,2020Q4
6226,110,3,10.48,2021Q1
6226,110,6,9.2,2021Q2
6226,110,9,14.73,2021Q3
6226,110,12,16.48,2021Q4
6226,111,3,12.99,2022Q1
6226,111,6,13.45,2022Q2
6226,111,9,11.5,2022Q3
6226,111,12,11.14,2022Q4
6226,112,3,12.59,2023Q1
6226,112,6,11.9,2023Q2
6226,112,9,10.04,2023Q3
6226,112,12,10.21,2023Q4
6226,113,3,10.79,2024Q1
6226,113,6,10.87,2024Q2
6226,113,9,9.87,2024Q3
6226,113,12,9.16,2024Q4
6226,114,3,8.34,2025Q1
6226,114,6,,2025Q2
6226,114,9,,2025Q3
6226,114,12,,2025Q4
6230,105,3,143.3,2016Q1
6230,105,6,124.31,2016Q2
6230,105,9,170.1,2016Q3
6230,105,12,126.76,2016Q4
6230,106,3,142.49,2017Q1
6230,106,6,125.21,2017Q2
6230,106,9,99.08,2017Q3
6230,106,12,95.23,2017Q4
6230,107,3,94.04,2018Q1
6230,107,6,86.79,2018Q2
6230,107,9,89.62,2018Q3
6230,107,12,130.47,2018Q4
6230,108,3,128.61,2019Q1
6230,108,6,167.19,2019Q2
6230,108,9,240.98,2019Q3
6230,108,12,258.3,2019Q4
6230,109,3,207.84,2020Q1
6230,109,6,263.15,2020Q2
6230,109,9,261.99,2020Q3
6230,109,12,218.05,2020Q4
6230,110,3,218.57,2021Q1
6230,110,6,212.99,2021Q2
6230,110,9,171.63,2021Q3
6230,110,12,168.1,2021Q4
6230,111,3,138.3,2022Q1
6230,111,6,110.65,2022Q2
6230,111,9,104.31,2022Q3
6230,111,12,127.82,2022Q4
6230,112,3,143.18,2023Q1
6230,112,6,165.56,2023Q2
6230,112,9,151.2,2023Q3
6230,112,12,138.74,2023Q4
6230,113,3,197.88,2024Q1
6230,113,6,323.46,2024Q2
6230,113,9,235.51,2024Q3
6230,113,12,204.36,2024Q4
6230,114,3,187.27,2025Q1
6230,114,6,,2025Q2
6230,114,9,,2025Q3
6230,114,12,,2025Q4
6235,105,3,10.79,2016Q1
6235,105,6,13.32,2016Q2
6235,105,9,18.27,2016Q3
6235,105,12,19.96,2016Q4
6235,106,3,22.22,2017Q1
6235,106,6,20.19,2017Q2
6235,106,9,17.34,2017Q3
6235,106,12,20.64,2017Q4
6235,107,3,19.62,2018Q1
6235,107,6,17.36,2018Q2
6235,107,9,18.01,2018Q3
6235,107,12,18.03,2018Q4
6235,108,3,17.89,2019Q1
6235,108,6,11.82,2019Q2
6235,108,9,13.44,2019Q3
6235,108,12,13.05,2019Q4
6235,109,3,8.78,2020Q1
6235,109,6,13.44,2020Q2
6235,109,9,16.75,2020Q3
6235,109,12,18.5,2020Q4
6235,110,3,22.65,2021Q1
6235,110,6,18.95,2021Q2
6235,110,9,17.56,2021Q3
6235,110,12,31.08,2021Q4
6235,111,3,36.89,2022Q1
6235,111,6,44.3,2022Q2
6235,111,9,38.75,2022Q3
6235,111,12,38.58,2022Q4
6235,112,3,67.52,2023Q1
6235,112,6,142.34,2023Q2
6235,112,9,143.14,2023Q3
6235,112,12,114.34,2023Q4
6235,113,3,111.27,2024Q1
6235,113,6,89.49,2024Q2
6235,113,9,72.53,2024Q3
6235,113,12,69.92,2024Q4
6235,114,3,58.39,2025Q1
6235,114,6,,2025Q2
6235,114,9,,2025Q3
6235,114,12,,2025Q4
6239,105,3,70.94,2016Q1
6239,105,6,70.09,2016Q2
6239,105,9,81.06,2016Q3
6239,105,12,86.04,2016Q4
6239,106,3,87.56,2017Q1
6239,106,6,92.98,2017Q2
6239,106,9,88.89,2017Q3
6239,106,12,88.11,2017Q4
6239,107,3,91.73,2018Q1
6239,107,6,89.43,2018Q2
6239,107,9,85.17,2018Q3
6239,107,12,68.95,2018Q4
6239,108,3,71.63,2019Q1
6239,108,6,75.34,2019Q2
6239,108,9,83.76,2019Q3
6239,108,12,100.42,2019Q4
6239,109,3,84.73,2020Q1
6239,109,6,102.47,2020Q2
6239,109,9,87.8,2020Q3
6239,109,12,97.42,2020Q4
6239,110,3,102.42,2021Q1
6239,110,6,106.45,2021Q2
6239,110,9,107.59,2021Q3
6239,110,12,97.42,2021Q4
6239,111,3,96.0,2022Q1
6239,111,6,95.69,2022Q2
6239,111,9,80.4,2022Q3
6239,111,12,81.73,2022Q4
6239,112,3,89.74,2023Q1
6239,112,6,102.04,2023Q2
6239,112,9,103.64,2023Q3
6239,112,12,139.42,2023Q4
6239,113,3,183.92,2024Q1
6239,113,6,189.19,2024Q2
6239,113,9,139.33,2024Q3
6239,113,12,120.87,2024Q4
6239,114,3,131.15,2025Q1
6239,114,6,,2025Q2
6239,114,9,,2025Q3
6239,114,12,,2025Q4
6243,105,3,18.18,2016Q1
6243,105,6,16.2,2016Q2
6243,105,9,17.01,2016Q3
6243,105,12,14.37,2016Q4
6243,106,3,15.03,2017Q1
6243,106,6,14.42,2017Q2
6243,106,9,18.11,2017Q3
6243,106,12,19.18,2017Q4
6243,107,3,16.17,2018Q1
6243,107,6,16.13,2018Q2
6243,107,9,13.28,2018Q3
6243,107,12,10.68,2018Q4
6243,108,3,11.42,2019Q1
6243,108,6,9.21,2019Q2
6243,108,9,11.46,2019Q3
6243,108,12,11.01,2019Q4
6243,109,3,6.9,2020Q1
6243,109,6,8.97,2020Q2
6243,109,9,12.93,2020Q3
6243,109,12,13.8,2020Q4
6243,110,3,20.13,2021Q1
6243,110,6,16.63,2021Q2
6243,110,9,19.85,2021Q3
6243,110,12,66.89,2021Q4
6243,111,3,49.05,2022Q1
6243,111,6,43.68,2022Q2
6243,111,9,27.84,2022Q3
6243,111,12,29.81,2022Q4
6243,112,3,37.19,2023Q1
6243,112,6,52.31,2023Q2
6243,112,9,50.64,2023Q3
6243,112,12,73.84,2023Q4
6243,113,3,71.0,2024Q1
6243,113,6,64.09,2024Q2
6243,113,9,55.46,2024Q3
6243,113,12,52.56,2024Q4
6243,114,3,42.31,2025Q1
6243,114,6,,2025Q2
6243,114,9,,2025Q3
6243,114,12,,2025Q4
6257,105,3,24.11,2016Q1
6257,105,6,23.67,2016Q2
6257,105,9,23.93,2016Q3
6257,105,12,23.43,2016Q4
6257,106,3,27.42,2017Q1
6257,106,6,27.27,2017Q2
6257,106,9,26.1,2017Q3
6257,106,12,32.3,2017Q4
6257,107,3,37.69,2018Q1
6257,107,6,39.6,2018Q2
6257,107,9,34.02,2018Q3
6257,107,12,28.72,2018Q4
6257,108,3,30.05,2019Q1
6257,108,6,29.23,2019Q2
6257,108,9,34.32,2019Q3
6257,108,12,36.7,2019Q4
6257,109,3,32.58,2020Q1
6257,109,6,39.09,2020Q2
6257,109,9,38.8,2020Q3
6257,109,12,45.52,2020Q4
6257,110,3,51.84,2021Q1
6257,110,6,53.95,2021Q2
6257,110,9,64.1,2021Q3
6257,110,12,58.79,2021Q4
6257,111,3,58.53,2022Q1
6257,111,6,59.03,2022Q2
6257,111,9,46.61,2022Q3
6257,111,12,49.62,2022Q4
6257,112,3,55.53,2023Q1
6257,112,6,55.55,2023Q2
6257,112,9,58.59,2023Q3
6257,112,12,67.18,2023Q4
6257,113,3,72.08,2024Q1
6257,113,6,79.78,2024Q2
6257,113,9,76.13,2024Q3
6257,113,12,68.9,2024Q4
6257,114,3,78.81,2025Q1
6257,114,6,,2025Q2
6257,114,9,,2025Q3
6257,114,12,,2025Q4
6269,105,3,86.85,2016Q1
6269,105,6,81.42,2016Q2
6269,105,9,88.13,2016Q3
6269,105,12,83.66,2016Q4
6269,106,3,99.55,2017Q1
6269,106,6,113.19,2017Q2
6269,106,9,121.62,2017Q3
6269,106,12,110.08,2017Q4
6269,107,3,106.75,2018Q1
6269,107,6,93.25,2018Q2
6269,107,9,89.82,2018Q3
6269,107,12,80.01,2018Q4
6269,108,3,90.6,2019Q1
6269,108,6,82.76,2019Q2
6269,108,9,96.43,2019Q3
6269,108,12,111.11,2019Q4
6269,109,3,99.8,2020Q1
6269,109,6,116.74,2020Q2
6269,109,9,123.73,2020Q3
6269,109,12,120.09,2020Q4
6269,110,3,124.34,2021Q1
6269,110,6,129.29,2021Q2
6269,110,9,109.03,2021Q3
6269,110,12,103.69,2021Q4
6269,111,3,98.53,2022Q1
6269,111,6,92.64,2022Q2
6269,111,9,93.9,2022Q3
6269,111,12,104.78,2022Q4
6269,112,3,97.96,2023Q1
6269,112,6,93.37,2023Q2
6269,112,9,89.44,2023Q3
6269,112,12,88.18,2023Q4
6269,113,3,89.44,2024Q1
6269,113,6,90.8,2024Q2
6269,113,9,80.79,2024Q3
6269,113,12,65.16,2024Q4
6269,114,3,64.33,2025Q1
6269,114,6,,2025Q2
6269,114,9,,2025Q3
6269,114,12,,2025Q4
6271,105,3,93.19,2016Q1
6271,105,6,105.84,2016Q2
6271,105,9,119.35,2016Q3
6271,105,12,102.8,2016Q4
6271,106,3,137.61,2017Q1
6271,106,6,122.76,2017Q2
6271,106,9,129.54,2017Q3
6271,106,12,139.03,2017Q4
6271,107,3,120.67,2018Q1
6271,107,6,110.26,2018Q2
6271,107,9,86.57,2018Q3
6271,107,12,107.55,2018Q4
6271,108,3,106.32,2019Q1
6271,108,6,105.16,2019Q2
6271,108,9,120.36,2019Q3
6271,108,12,145.71,2019Q4
6271,109,3,121.32,2020Q1
6271,109,6,145.2,2020Q2
6271,109,9,131.14,2020Q3
6271,109,12,195.81,2020Q4
6271,110,3,202.58,2021Q1
6271,110,6,207.21,2021Q2
6271,110,9,234.42,2021Q3
6271,110,12,291.42,2021Q4
6271,111,3,275.06,2022Q1
6271,111,6,222.53,2022Q2
6271,111,9,188.38,2022Q3
6271,111,12,206.33,2022Q4
6271,112,3,205.39,2023Q1
6271,112,6,185.63,2023Q2
6271,112,9,141.67,2023Q3
6271,112,12,158.82,2023Q4
6271,113,3,148.59,2024Q1
6271,113,6,152.87,2024Q2
6271,113,9,138.44,2024Q3
6271,113,12,135.03,2024Q4
6271,114,3,118.98,2025Q1
6271,114,6,,2025Q2
6271,114,9,,2025Q3
6271,114,12,,2025Q4
6277,105,3,74.98,2016Q1
6277,105,6,86.17,2016Q2
6277,105,9,81.17,2016Q3
6277,105,12,79.99,2016Q4
6277,106,3,83.66,2017Q1
6277,106,6,84.06,2017Q2
6277,106,9,77.3,2017Q3
6277,106,12,82.46,2017Q4
6277,107,3,91.78,2018Q1
6277,107,6,90.48,2018Q2
6277,107,9,81.8,2018Q3
6277,107,12,84.37,2018Q4
6277,108,3,97.04,2019Q1
6277,108,6,90.48,2019Q2
6277,108,9,85.39,2019Q3
6277,108,12,86.82,2019Q4
6277,109,3,78.63,2020Q1
6277,109,6,90.8,2020Q2
6277,109,9,84.15,2020Q3
6277,109,12,83.97,2020Q4
6277,110,3,87.96,2021Q1
6277,110,6,84.74,2021Q2
6277,110,9,82.23,2021Q3
6277,110,12,81.5,2021Q4
6277,111,3,81.14,2022Q1
6277,111,6,77.91,2022Q2
6277,111,9,77.71,2022Q3
6277,111,12,77.22,2022Q4
6277,112,3,81.32,2023Q1
6277,112,6,87.85,2023Q2
6277,112,9,81.01,2023Q3
6277,112,12,80.39,2023Q4
6277,113,3,80.14,2024Q1
6277,113,6,83.43,2024Q2
6277,113,9,78.63,2024Q3
6277,113,12,76.67,2024Q4
6277,114,3,75.02,2025Q1
6277,114,6,,2025Q2
6277,114,9,,2025Q3
6277,114,12,,2025Q4
6278,105,3,29.97,2016Q1
6278,105,6,27.72,2016Q2
6278,105,9,26.77,2016Q3
6278,105,12,26.42,2016Q4
6278,106,3,28.68,2017Q1
6278,106,6,25.21,2017Q2
6278,106,9,26.98,2017Q3
6278,106,12,34.36,2017Q4
6278,107,3,28.71,2018Q1
6278,107,6,27.47,2018Q2
6278,107,9,36.08,2018Q3
6278,107,12,37.79,2018Q4
6278,108,3,51.48,2019Q1
6278,108,6,54.23,2019Q2
6278,108,9,76.82,2019Q3
6278,108,12,112.23,2019Q4
6278,109,3,77.0,2020Q1
6278,109,6,123.04,2020Q2
6278,109,9,115.18,2020Q3
6278,109,12,126.49,2020Q4
6278,110,3,114.15,2021Q1
6278,110,6,126.32,2021Q2
6278,110,9,107.93,2021Q3
6278,110,12,119.71,2021Q4
6278,111,3,116.62,2022Q1
6278,111,6,103.1,2022Q2
6278,111,9,90.35,2022Q3
6278,111,12,95.58,2022Q4
6278,112,3,92.93,2023Q1
6278,112,6,99.84,2023Q2
6278,112,9,93.62,2023Q3
6278,112,12,95.24,2023Q4
6278,113,3,106.03,2024Q1
6278,113,6,118.65,2024Q2
6278,113,9,111.09,2024Q3
6278,113,12,106.23,2024Q4
6278,114,3,114.15,2025Q1
6278,114,6,,2025Q2
6278,114,9,,2025Q3
6278,114,12,,2025Q4
6281,105,3,58.89,2016Q1
6281,105,6,59.19,2016Q2
6281,105,9,60.23,2016Q3
6281,105,12,61.04,2016Q4
6281,106,3,63.2,2017Q1
6281,106,6,62.67,2017Q2
6281,106,9,62.31,2017Q3
6281,106,12,62.05,2017Q4
6281,107,3,64.84,2018Q1
6281,107,6,66.23,2018Q2
6281,107,9,64.77,2018Q3
6281,107,12,62.75,2018Q4
6281,108,3,64.88,2019Q1
6281,108,6,66.03,2019Q2
6281,108,9,66.07,2019Q3
6281,108,12,67.7,2019Q4
6281,109,3,63.37,2020Q1
6281,109,6,71.15,2020Q2
6281,109,9,69.5,2020Q3
6281,109,12,72.03,2020Q4
6281,110,3,81.45,2021Q1
6281,110,6,83.11,2021Q2
6281,110,9,84.83,2021Q3
6281,110,12,82.29,2021Q4
6281,111,3,84.72,2022Q1
6281,111,6,86.67,2022Q2
6281,111,9,82.14,2022Q3
6281,111,12,81.55,2022Q4
6281,112,3,86.52,2023Q1
6281,112,6,85.35,2023Q2
6281,112,9,84.77,2023Q3
6281,112,12,84.8,2023Q4
6281,113,3,85.46,2024Q1
6281,113,6,84.27,2024Q2
6281,113,9,83.52,2024Q3
6281,113,12,82.39,2024Q4
6281,114,3,79.78,2025Q1
6281,114,6,,2025Q2
6281,114,9,,2025Q3
6281,114,12,,2025Q4
6282,105,3,26.52,2016Q1
6282,105,6,24.72,2016Q2
6282,105,9,23.6,2016Q3
6282,105,12,23.63,2016Q4
6282,106,3,24.44,2017Q1
6282,106,6,23.12,2017Q2
6282,106,9,24.25,2017Q3
6282,106,12,21.67,2017Q4
6282,107,3,21.24,2018Q1
6282,107,6,19.39,2018Q2
6282,107,9,20.37,2018Q3
6282,107,12,19.97,2018Q4
6282,108,3,21.75,2019Q1
6282,108,6,20.47,2019Q2
6282,108,9,22.4,2019Q3
6282,108,12,23.98,2019Q4
6282,109,3,19.23,2020Q1
6282,109,6,20.58,2020Q2
6282,109,9,25.21,2020Q3
6282,109,12,29.16,2020Q4
6282,110,3,28.82,2021Q1
6282,110,6,26.72,2021Q2
6282,110,9,28.52,2021Q3
6282,110,12,36.49,2021Q4
6282,111,3,34.67,2022Q1
6282,111,6,29.42,2022Q2
6282,111,9,29.17,2022Q3
6282,111,12,30.51,2022Q4
6282,112,3,40.49,2023Q1
6282,112,6,47.99,2023Q2
6282,112,9,45.47,2023Q3
6282,112,12,41.41,2023Q4
6282,113,3,40.37,2024Q1
6282,113,6,38.57,2024Q2
6282,113,9,32.82,2024Q3
6282,113,12,32.03,2024Q4
6282,114,3,31.27,2025Q1
6282,114,6,,2025Q2
6282,114,9,,2025Q3
6282,114,12,,2025Q4
6283,105,3,5.02,2016Q1
6283,105,6,4.9,2016Q2
6283,105,9,5.54,2016Q3
6283,105,12,26.13,2016Q4
6283,106,3,43.02,2017Q1
6283,106,6,59.36,2017Q2
6283,106,9,47.76,2017Q3
6283,106,12,51.74,2017Q4
6283,107,3,39.22,2018Q1
6283,107,6,57.1,2018Q2
6283,107,9,44.49,2018Q3
6283,107,12,37.17,2018Q4
6283,108,3,41.36,2019Q1
6283,108,6,35.35,2019Q2
6283,108,9,33.97,2019Q3
6283,108,12,29.87,2019Q4
6283,109,3,17.19,2020Q1
6283,109,6,26.13,2020Q2
6283,109,9,29.99,2020Q3
6283,109,12,40.52,2020Q4
6283,110,3,57.37,2021Q1
6283,110,6,51.82,2021Q2
6283,110,9,51.14,2021Q3
6283,110,12,46.22,2021Q4
6283,111,3,37.88,2022Q1
6283,111,6,33.58,2022Q2
6283,111,9,36.74,2022Q3
6283,111,12,34.85,2022Q4
6283,112,3,34.42,2023Q1
6283,112,6,32.06,2023Q2
6283,112,9,31.91,2023Q3
6283,112,12,28.19,2023Q4
6283,113,3,25.29,2024Q1
6283,113,6,30.12,2024Q2
6283,113,9,28.74,2024Q3
6283,113,12,27.36,2024Q4
6283,114,3,30.4,2025Q1
6283,114,6,,2025Q2
6283,114,9,,2025Q3
6283,114,12,,2025Q4
6285,105,3,83.93,2016Q1
6285,105,6,82.5,2016Q2
6285,105,9,96.36,2016Q3
6285,105,12,87.51,2016Q4
6285,106,3,86.67,2017Q1
6285,106,6,89.28,2017Q2
6285,106,9,91.84,2017Q3
6285,106,12,84.46,2017Q4
6285,107,3,78.58,2018Q1
6285,107,6,73.33,2018Q2
6285,107,9,72.71,2018Q3
6285,107,12,79.17,2018Q4
6285,108,3,80.45,2019Q1
6285,108,6,71.9,2019Q2
6285,108,9,81.93,2019Q3
6285,108,12,75.31,2019Q4
6285,109,3,55.7,2020Q1
6285,109,6,64.43,2020Q2
6285,109,9,81.5,2020Q3
6285,109,12,78.67,2020Q4
6285,110,3,74.57,2021Q1
6285,110,6,71.86,2021Q2
6285,110,9,73.15,2021Q3
6285,110,12,76.24,2021Q4
6285,111,3,70.01,2022Q1
6285,111,6,68.15,2022Q2
6285,111,9,84.49,2022Q3
6285,111,12,87.36,2022Q4
6285,112,3,93.59,2023Q1
6285,112,6,93.0,2023Q2
6285,112,9,141.36,2023Q3
6285,112,12,156.11,2023Q4
6285,113,3,155.1,2024Q1
6285,113,6,163.06,2024Q2
6285,113,9,116.51,2024Q3
6285,113,12,132.98,2024Q4
6285,114,3,150.38,2025Q1
6285,114,6,,2025Q2
6285,114,9,,2025Q3
6285,114,12,,2025Q4
6405,105,3,19.05,2016Q1
6405,105,6,14.78,2016Q2
6405,105,9,16.99,2016Q3
6405,105,12,16.05,2016Q4
6405,106,3,18.06,2017Q1
6405,106,6,17.67,2017Q2
6405,106,9,27.11,2017Q3
6405,106,12,23.65,2017Q4
6405,107,3,24.22,2018Q1
6405,107,6,21.39,2018Q2
6405,107,9,16.05,2018Q3
6405,107,12,14.71,2018Q4
6405,108,3,15.04,2019Q1
6405,108,6,14.27,2019Q2
6405,108,9,15.22,2019Q3
6405,108,12,14.97,2019Q4
6405,109,3,11.58,2020Q1
6405,109,6,14.45,2020Q2
6405,109,9,20.51,2020Q3
6405,109,12,22.53,2020Q4
6405,110,3,22.35,2021Q1
6405,110,6,37.04,2021Q2
6405,110,9,26.49,2021Q3
6405,110,12,27.97,2021Q4
6405,111,3,27.11,2022Q1
6405,111,6,22.59,2022Q2
6405,111,9,21.13,2022Q3
6405,111,12,21.32,2022Q4
6405,112,3,22.51,2023Q1
6405,112,6,23.1,2023Q2
6405,112,9,27.5,2023Q3
6405,112,12,24.29,2023Q4
6405,113,3,25.03,2024Q1
6405,113,6,25.64,2024Q2
6405,113,9,39.0,2024Q3
6405,113,12,35.7,2024Q4
6405,114,3,28.81,2025Q1
6405,114,6,,2025Q2
6405,114,9,,2025Q3
6405,114,12,,2025Q4
6409,105,3,499.67,2016Q1
6409,105,6,468.28,2016Q2
6409,105,9,488.59,2016Q3
6409,105,12,428.99,2016Q4
6409,106,3,410.17,2017Q1
6409,106,6,518.59,2017Q2
6409,106,9,556.04,2017Q3
6409,106,12,513.58,2017Q4
6409,107,3,528.61,2018Q1
6409,107,6,493.68,2018Q2
6409,107,9,540.98,2018Q3
6409,107,12,526.16,2018Q4
6409,108,3,605.38,2019Q1
6409,108,6,613.13,2019Q2
6409,108,9,656.83,2019Q3
6409,108,12,713.63,2019Q4
6409,109,3,649.33,2020Q1
6409,109,6,834.93,2020Q2
6409,109,9,957.69,2020Q3
6409,109,12,952.35,2020Q4
6409,110,3,1086.43,2021Q1
6409,110,6,1278.51,2021Q2
6409,110,9,1474.44,2021Q3
6409,110,12,1523.55,2021Q4
6409,111,3,1441.01,2022Q1
6409,111,6,1438.53,2022Q2
6409,111,9,1564.43,2022Q3
6409,111,12,1679.93,2022Q4
6409,112,3,1696.65,2023Q1
6409,112,6,1962.36,2023Q2
6409,112,9,1517.14,2023Q3
6409,112,12,1612.16,2023Q4
6409,113,3,1678.26,2024Q1
6409,113,6,1786.17,2024Q2
6409,113,9,2103.37,2024Q3
6409,113,12,1890.06,2024Q4
6409,114,3,1587.73,2025Q1
6409,114,6,,2025Q2
6409,114,9,,2025Q3
6409,114,12,,2025Q4
6412,105,3,38.61,2016Q1
6412,105,6,35.96,2016Q2
6412,105,9,41.11,2016Q3
6412,105,12,49.03,2016Q4
6412,106,3,49.33,2017Q1
6412,106,6,64.41,2017Q2
6412,106,9,58.66,2017Q3
6412,106,12,60.41,2017Q4
6412,107,3,62.92,2018Q1
6412,107,6,51.63,2018Q2
6412,107,9,42.53,2018Q3
6412,107,12,43.04,2018Q4
6412,108,3,54.95,2019Q1
6412,108,6,49.35,2019Q2
6412,108,9,58.17,2019Q3
6412,108,12,63.06,2019Q4
6412,109,3,49.9,2020Q1
6412,109,6,65.96,2020Q2
6412,109,9,67.78,2020Q3
6412,109,12,73.54,2020Q4
6412,110,3,80.42,2021Q1
6412,110,6,71.93,2021Q2
6412,110,9,68.49,2021Q3
6412,110,12,77.83,2021Q4
6412,111,3,84.35,2022Q1
6412,111,6,71.49,2022Q2
6412,111,9,67.87,2022Q3
6412,111,12,73.38,2022Q4
6412,112,3,81.56,2023Q1
6412,112,6,90.04,2023Q2
6412,112,9,117.52,2023Q3
6412,112,12,135.68,2023Q4
6412,113,3,177.03,2024Q1
6412,113,6,142.66,2024Q2
6412,113,9,137.63,2024Q3
6412,113,12,122.69,2024Q4
6412,114,3,122.55,2025Q1
6412,114,6,,2025Q2
6412,114,9,,2025Q3
6412,114,12,,2025Q4
6414,105,3,374.19,2016Q1
6414,105,6,439.31,2016Q2
6414,105,9,517.93,2016Q3
6414,105,12,431.01,2016Q4
6414,106,3,435.55,2017Q1
6414,106,6,382.34,2017Q2
6414,106,9,460.16,2017Q3
6414,106,12,470.52,2017Q4
6414,107,3,504.57,2018Q1
6414,107,6,455.11,2018Q2
6414,107,9,271.05,2018Q3
6414,107,12,264.56,2018Q4
6414,108,3,283.71,2019Q1
6414,108,6,221.84,2019Q2
6414,108,9,230.12,2019Q3
6414,108,12,253.67,2019Q4
6414,109,3,168.63,2020Q1
6414,109,6,243.47,2020Q2
6414,109,9,253.43,2020Q3
6414,109,12,250.51,2020Q4
6414,110,3,242.25,2021Q1
6414,110,6,212.8,2021Q2
6414,110,9,193.61,2021Q3
6414,110,12,235.52,2021Q4
6414,111,3,197.99,2022Q1
6414,111,6,213.48,2022Q2
6414,111,9,202.02,2022Q3
6414,111,12,208.77,2022Q4
6414,112,3,253.27,2023Q1
6414,112,6,280.28,2023Q2
6414,112,9,272.15,2023Q3
6414,112,12,272.38,2023Q4
6414,113,3,324.47,2024Q1
6414,113,6,333.48,2024Q2
6414,113,9,287.11,2024Q3
6414,113,12,302.55,2024Q4
6414,114,3,303.34,2025Q1
6414,114,6,,2025Q2
6414,114,9,,2025Q3
6414,114,12,,2025Q4
6415,105,3,432.46,2016Q1
6415,105,6,357.08,2016Q2
6415,105,9,466.55,2016Q3
6415,105,12,464.04,2016Q4
6415,106,3,549.2,2017Q1
6415,106,6,576.79,2017Q2
6415,106,9,676.41,2017Q3
6415,106,12,631.84,2017Q4
6415,107,3,647.88,2018Q1
6415,107,6,722.63,2018Q2
6415,107,9,570.61,2018Q3
6415,107,12,489.08,2018Q4
6415,108,3,493.31,2019Q1
6415,108,6,522.7,2019Q2
6415,108,9,741.46,2019Q3
6415,108,12,953.2,2019Q4
6415,109,3,923.49,2020Q1
6415,109,6,1711.44,2020Q2
6415,109,9,1766.87,2020Q3
6415,109,12,2384.74,2020Q4
6415,110,3,2416.05,2021Q1
6415,110,6,3468.95,2021Q2
6415,110,9,4207.95,2021Q3
6415,110,12,4572.82,2021Q4
6415,111,3,3247.26,2022Q1
6415,111,6,2574.9,2022Q2
6415,111,9,480.14,2022Q3
6415,111,12,493.69,2022Q4
6415,112,3,529.95,2023Q1
6415,112,6,370.63,2023Q2
6415,112,9,316.56,2023Q3
6415,112,12,433.75,2023Q4
6415,113,3,376.36,2024Q1
6415,113,6,494.04,2024Q2
6415,113,9,437.3,2024Q3
6415,113,12,416.56,2024Q4
6415,114,3,428.91,2025Q1
6415,114,6,,2025Q2
6415,114,9,,2025Q3
6415,114,12,,2025Q4
6426,105,3,,2016Q1
6426,105,6,,2016Q2
6426,105,9,,2016Q3
6426,105,12,,2016Q4
6426,106,3,,2017Q1
6426,106,6,,2017Q2
6426,106,9,,2017Q3
6426,106,12,,2017Q4
6426,107,3,,2018Q1
6426,107,6,,2018Q2
6426,107,9,,2018Q3
6426,107,12,,2018Q4
6426,108,3,,2019Q1
6426,108,6,,2019Q2
6426,108,9,,2019Q3
6426,108,12,,2019Q4
6426,109,3,,2020Q1
6426,109,6,,2020Q2
6426,109,9,,2020Q3
6426,109,12,,2020Q4
6426,110,3,101.79,2021Q1
6426,110,6,81.61,2021Q2
6426,110,9,61.53,2021Q3
6426,110,12,75.72,2021Q4
6426,111,3,68.95,2022Q1
6426,111,6,64.95,2022Q2
6426,111,9,78.71,2022Q3
6426,111,12,71.4,2022Q4
6426,112,3,68.3,2023Q1
6426,112,6,60.78,2023Q2
6426,112,9,75.13,2023Q3
6426,112,12,84.66,2023Q4
6426,113,3,75.47,2024Q1
6426,113,6,66.76,2024Q2
6426,113,9,69.56,2024Q3
6426,113,12,97.47,2024Q4
6426,114,3,79.11,2025Q1
6426,114,6,,2025Q2
6426,114,9,,2025Q3
6426,114,12,,2025Q4
6431,105,3,9.97,2016Q1
6431,105,6,9.15,2016Q2
6431,105,9,9.29,2016Q3
6431,105,12,8.29,2016Q4
6431,106,3,8.51,2017Q1
6431,106,6,10.72,2017Q2
6431,106,9,10.46,2017Q3
6431,106,12,14.94,2017Q4
6431,107,3,13.67,2018Q1
6431,107,6,12.53,2018Q2
6431,107,9,13.24,2018Q3
6431,107,12,15.33,2018Q4
6431,108,3,23.98,2019Q1
6431,108,6,26.19,2019Q2
6431,108,9,25.86,2019Q3
6431,108,12,28.87,2019Q4
6431,109,3,21.38,2020Q1
6431,109,6,23.88,2020Q2
6431,109,9,31.37,2020Q3
6431,109,12,30.1,2020Q4
6431,110,3,34.13,2021Q1
6431,110,6,33.17,2021Q2
6431,110,9,30.19,2021Q3
6431,110,12,28.47,2021Q4
6431,111,3,30.14,2022Q1
6431,111,6,26.32,2022Q2
6431,111,9,22.18,2022Q3
6431,111,12,22.0,2022Q4
6431,112,3,20.89,2023Q1
6431,112,6,20.21,2023Q2
6431,112,9,18.36,2023Q3
6431,112,12,17.32,2023Q4
6431,113,3,13.73,2024Q1
6431,113,6,16.13,2024Q2
6431,113,9,21.22,2024Q3
6431,113,12,15.23,2024Q4
6431,114,3,19.49,2025Q1
6431,114,6,,2025Q2
6431,114,9,,2025Q3
6431,114,12,,2025Q4
6442,105,3,62.44,2016Q1
6442,105,6,50.03,2016Q2
6442,105,9,56.27,2016Q3
6442,105,12,47.57,2016Q4
6442,106,3,47.53,2017Q1
6442,106,6,52.37,2017Q2
6442,106,9,46.88,2017Q3
6442,106,12,42.48,2017Q4
6442,107,3,38.96,2018Q1
6442,107,6,37.84,2018Q2
6442,107,9,37.71,2018Q3
6442,107,12,38.94,2018Q4
6442,108,3,43.9,2019Q1
6442,108,6,38.14,2019Q2
6442,108,9,39.87,2019Q3
6442,108,12,37.12,2019Q4
6442,109,3,35.73,2020Q1
6442,109,6,36.07,2020Q2
6442,109,9,31.55,2020Q3
6442,109,12,30.19,2020Q4
6442,110,3,31.72,2021Q1
6442,110,6,33.77,2021Q2
6442,110,9,35.71,2021Q3
6442,110,12,35.07,2021Q4
6442,111,3,37.73,2022Q1
6442,111,6,40.55,2022Q2
6442,111,9,56.35,2022Q3
6442,111,12,50.84,2022Q4
6442,112,3,51.99,2023Q1
6442,112,6,51.72,2023Q2
6442,112,9,73.63,2023Q3
6442,112,12,68.87,2023Q4
6442,113,3,132.99,2024Q1
6442,113,6,251.55,2024Q2
6442,113,9,367.96,2024Q3
6442,113,12,560.38,2024Q4
6442,114,3,479.06,2025Q1
6442,114,6,,2025Q2
6442,114,9,,2025Q3
6442,114,12,,2025Q4
6443,105,3,16.69,2016Q1
6443,105,6,13.53,2016Q2
6443,105,9,11.36,2016Q3
6443,105,12,10.24,2016Q4
6443,106,3,10.91,2017Q1
6443,106,6,10.97,2017Q2
6443,106,9,9.97,2017Q3
6443,106,12,10.63,2017Q4
6443,107,3,9.38,2018Q1
6443,107,6,9.52,2018Q2
6443,107,9,7.94,2018Q3
6443,107,12,6.89,2018Q4
6443,108,3,6.03,2019Q1
6443,108,6,6.0,2019Q2
6443,108,9,7.7,2019Q3
6443,108,12,7.44,2019Q4
6443,109,3,5.48,2020Q1
6443,109,6,7.05,2020Q2
6443,109,9,25.49,2020Q3
6443,109,12,41.45,2020Q4
6443,110,3,42.27,2021Q1
6443,110,6,34.25,2021Q2
6443,110,9,30.16,2021Q3
6443,110,12,41.39,2021Q4
6443,111,3,40.39,2022Q1
6443,111,6,34.27,2022Q2
6443,111,9,40.76,2022Q3
6443,111,12,35.32,2022Q4
6443,112,3,38.53,2023Q1
6443,112,6,35.47,2023Q2
6443,112,9,29.46,2023Q3
6443,112,12,29.76,2023Q4
6443,113,3,28.47,2024Q1
6443,113,6,28.71,2024Q2
6443,113,9,23.04,2024Q3
6443,113,12,19.66,2024Q4
6443,114,3,19.6,2025Q1
6443,114,6,,2025Q2
6443,114,9,,2025Q3
6443,114,12,,2025Q4
6446,105,3,,2016Q1
6446,105,6,,2016Q2
6446,105,9,,2016Q3
6446,105,12,,2016Q4
6446,106,3,,2017Q1
6446,106,6,,2017Q2
6446,106,9,,2017Q3
6446,106,12,,2017Q4
6446,107,3,,2018Q1
6446,107,6,,2018Q2
6446,107,9,,2018Q3
6446,107,12,,2018Q4
6446,108,3,,2019Q1
6446,108,6,,2019Q2
6446,108,9,,2019Q3
6446,108,12,,2019Q4
6446,109,3,,2020Q1
6446,109,6,,2020Q2
6446,109,9,,2020Q3
6446,109,12,,2020Q4
6446,110,3,,2021Q1
6446,110,6,,2021Q2
6446,110,9,,2021Q3
6446,110,12,,2021Q4
6446,111,3,,2022Q1
6446,111,6,,2022Q2
6446,111,9,,2022Q3
6446,111,12,,2022Q4
6446,112,3,,2023Q1
6446,112,6,,2023Q2
6446,112,9,,2023Q3
6446,112,12,,2023Q4
6446,113,3,325.66,2024Q1
6446,113,6,497.08,2024Q2
6446,113,9,684.68,2024Q3
6446,113,12,592.61,2024Q4
6446,114,3,580.4,2025Q1
6446,114,6,,2025Q2
6446,114,9,,2025Q3
6446,114,12,,2025Q4
6449,105,3,30.8,2016Q1
6449,105,6,25.04,2016Q2
6449,105,9,30.76,2016Q3
6449,105,12,31.0,2016Q4
6449,106,3,36.59,2017Q1
6449,106,6,36.14,2017Q2
6449,106,9,40.83,2017Q3
6449,106,12,53.54,2017Q4
6449,107,3,63.41,2018Q1
6449,107,6,70.55,2018Q2
6449,107,9,41.17,2018Q3
6449,107,12,31.66,2018Q4
6449,108,3,32.6,2019Q1
6449,108,6,28.58,2019Q2
6449,108,9,32.71,2019Q3
6449,108,12,40.08,2019Q4
6449,109,3,25.57,2020Q1
6449,109,6,30.8,2020Q2
6449,109,9,51.54,2020Q3
6449,109,12,58.63,2020Q4
6449,110,3,64.91,2021Q1
6449,110,6,59.81,2021Q2
6449,110,9,51.87,2021Q3
6449,110,12,57.88,2021Q4
6449,111,3,56.58,2022Q1
6449,111,6,50.27,2022Q2
6449,111,9,40.25,2022Q3
6449,111,12,42.54,2022Q4
6449,112,3,55.47,2023Q1
6449,112,6,51.72,2023Q2
6449,112,9,72.44,2023Q3
6449,112,12,69.17,2023Q4
6449,113,3,79.57,2024Q1
6449,113,6,145.61,2024Q2
6449,113,9,166.0,2024Q3
6449,113,12,149.43,2024Q4
6449,114,3,129.2,2025Q1
6449,114,6,,2025Q2
6449,114,9,,2025Q3
6449,114,12,,2025Q4
6451,105,3,107.3,2016Q1
6451,105,6,92.25,2016Q2
6451,105,9,154.06,2016Q3
6451,105,12,100.6,2016Q4
6451,106,3,111.75,2017Q1
6451,106,6,113.37,2017Q2
6451,106,9,104.38,2017Q3
6451,106,12,126.06,2017Q4
6451,107,3,144.94,2018Q1
6451,107,6,160.67,2018Q2
6451,107,9,96.83,2018Q3
6451,107,12,76.81,2018Q4
6451,108,3,106.45,2019Q1
6451,108,6,98.38,2019Q2
6451,108,9,122.05,2019Q3
6451,108,12,145.04,2019Q4
6451,109,3,97.96,2020Q1
6451,109,6,108.86,2020Q2
6451,109,9,101.96,2020Q3
6451,109,12,124.77,2020Q4
6451,110,3,122.86,2021Q1
6451,110,6,116.39,2021Q2
6451,110,9,92.22,2021Q3
6451,110,12,95.31,2021Q4
6451,111,3,82.7,2022Q1
6451,111,6,78.56,2022Q2
6451,111,9,88.09,2022Q3
6451,111,12,89.74,2022Q4
6451,112,3,84.34,2023Q1
6451,112,6,99.61,2023Q2
6451,112,9,134.66,2023Q3
6451,112,12,152.86,2023Q4
6451,113,3,200.15,2024Q1
6451,113,6,223.11,2024Q2
6451,113,9,225.34,2024Q3
6451,113,12,246.05,2024Q4
6451,114,3,179.95,2025Q1
6451,114,6,,2025Q2
6451,114,9,,2025Q3
6451,114,12,,2025Q4
6456,105,3,116.95,2016Q1
6456,105,6,84.01,2016Q2
6456,105,9,81.33,2016Q3
6456,105,12,90.84,2016Q4
6456,106,3,140.53,2017Q1
6456,106,6,226.13,2017Q2
6456,106,9,329.75,2017Q3
6456,106,12,216.7,2017Q4
6456,107,3,178.6,2018Q1
6456,107,6,209.47,2018Q2
6456,107,9,145.28,2018Q3
6456,107,12,99.34,2018Q4
6456,108,3,119.79,2019Q1
6456,108,6,101.93,2019Q2
6456,108,9,107.47,2019Q3
6456,108,12,109.29,2019Q4
6456,109,3,78.97,2020Q1
6456,109,6,116.71,2020Q2
6456,109,9,133.03,2020Q3
6456,109,12,115.28,2020Q4
6456,110,3,123.76,2021Q1
6456,110,6,112.38,2021Q2
6456,110,9,101.72,2021Q3
6456,110,12,103.26,2021Q4
6456,111,3,93.63,2022Q1
6456,111,6,82.24,2022Q2
6456,111,9,80.08,2022Q3
6456,111,12,92.33,2022Q4
6456,112,3,83.1,2023Q1
6456,112,6,75.67,2023Q2
6456,112,9,61.7,2023Q3
6456,112,12,66.17,2023Q4
6456,113,3,58.4,2024Q1
6456,113,6,68.4,2024Q2
6456,113,9,58.13,2024Q3
6456,113,12,49.47,2024Q4
6456,114,3,51.95,2025Q1
6456,114,6,,2025Q2
6456,114,9,,2025Q3
6456,114,12,,2025Q4
6464,105,3,129.43,2016Q1
6464,105,6,127.54,2016Q2
6464,105,9,126.24,2016Q3
6464,105,12,125.77,2016Q4
6464,106,3,123.61,2017Q1
6464,106,6,121.71,2017Q2
6464,106,9,119.16,2017Q3
6464,106,12,120.16,2017Q4
6464,107,3,119.42,2018Q1
6464,107,6,120.29,2018Q2
6464,107,9,117.69,2018Q3
6464,107,12,116.31,2018Q4
6464,108,3,109.3,2019Q1
6464,108,6,109.54,2019Q2
6464,108,9,107.9,2019Q3
6464,108,12,114.04,2019Q4
6464,109,3,109.31,2020Q1
6464,109,6,123.62,2020Q2
6464,109,9,127.69,2020Q3
6464,109,12,112.04,2020Q4
6464,110,3,111.11,2021Q1
6464,110,6,105.26,2021Q2
6464,110,9,104.49,2021Q3
6464,110,12,93.83,2021Q4
6464,111,3,89.75,2022Q1
6464,111,6,88.12,2022Q2
6464,111,9,86.6,2022Q3
6464,111,12,98.47,2022Q4
6464,112,3,89.52,2023Q1
6464,112,6,93.77,2023Q2
6464,112,9,89.11,2023Q3
6464,112,12,86.02,2023Q4
6464,113,3,87.07,2024Q1
6464,113,6,84.81,2024Q2
6464,113,9,79.84,2024Q3
6464,113,12,79.29,2024Q4
6464,114,3,80.32,2025Q1
6464,114,6,,2025Q2
6464,114,9,,2025Q3
6464,114,12,,2025Q4
6477,105,3,,2016Q1
6477,105,6,22.4,2016Q2
6477,105,9,16.33,2016Q3
6477,105,12,18.93,2016Q4
6477,106,3,17.95,2017Q1
6477,106,6,15.95,2017Q2
6477,106,9,22.52,2017Q3
6477,106,12,24.1,2017Q4
6477,107,3,22.2,2018Q1
6477,107,6,23.25,2018Q2
6477,107,9,24.22,2018Q3
6477,107,12,21.1,2018Q4
6477,108,3,24.25,2019Q1
6477,108,6,23.17,2019Q2
6477,108,9,21.82,2019Q3
6477,108,12,23.28,2019Q4
6477,109,3,18.16,2020Q1
6477,109,6,22.69,2020Q2
6477,109,9,40.27,2020Q3
6477,109,12,68.07,2020Q4
6477,110,3,66.22,2021Q1
6477,110,6,48.86,2021Q2
6477,110,9,33.88,2021Q3
6477,110,12,47.46,2021Q4
6477,111,3,59.46,2022Q1
6477,111,6,51.67,2022Q2
6477,111,9,53.4,2022Q3
6477,111,12,48.77,2022Q4
6477,112,3,48.55,2023Q1
6477,112,6,50.6,2023Q2
6477,112,9,41.26,2023Q3
6477,112,12,38.68,2023Q4
6477,113,3,40.58,2024Q1
6477,113,6,42.09,2024Q2
6477,113,9,34.65,2024Q3
6477,113,12,29.81,2024Q4
6477,114,3,36.69,2025Q1
6477,114,6,,2025Q2
6477,114,9,,2025Q3
6477,114,12,,2025Q4
6504,105,3,143.62,2016Q1
6504,105,6,147.99,2016Q2
6504,105,9,150.01,2016Q3
6504,105,12,151.52,2016Q4
6504,106,3,155.79,2017Q1
6504,106,6,151.78,2017Q2
6504,106,9,155.24,2017Q3
6504,106,12,162.74,2017Q4
6504,107,3,159.0,2018Q1
6504,107,6,172.92,2018Q2
6504,107,9,162.55,2018Q3
6504,107,12,165.14,2018Q4
6504,108,3,167.33,2019Q1
6504,108,6,163.59,2019Q2
6504,108,9,143.58,2019Q3
6504,108,12,134.5,2019Q4
6504,109,3,150.48,2020Q1
6504,109,6,273.08,2020Q2
6504,109,9,249.75,2020Q3
6504,109,12,190.13,2020Q4
6504,110,3,178.43,2021Q1
6504,110,6,153.6,2021Q2
6504,110,9,128.46,2021Q3
6504,110,12,115.59,2021Q4
6504,111,3,102.6,2022Q1
6504,111,6,85.95,2022Q2
6504,111,9,78.58,2022Q3
6504,111,12,77.55,2022Q4
6504,112,3,77.8,2023Q1
6504,112,6,82.36,2023Q2
6504,112,9,75.55,2023Q3
6504,112,12,81.3,2023Q4
6504,113,3,71.58,2024Q1
6504,113,6,74.08,2024Q2
6504,113,9,70.01,2024Q3
6504,113,12,69.12,2024Q4
6504,114,3,63.12,2025Q1
6504,114,6,,2025Q2
6504,114,9,,2025Q3
6504,114,12,,2025Q4
6505,105,3,90.02,2016Q1
6505,105,6,87.33,2016Q2
6505,105,9,93.59,2016Q3
6505,105,12,109.29,2016Q4
6505,106,3,105.92,2017Q1
6505,106,6,109.57,2017Q2
6505,106,9,106.05,2017Q3
6505,106,12,112.23,2017Q4
6505,107,3,113.97,2018Q1
6505,107,6,121.31,2018Q2
6505,107,9,135.75,2018Q3
6505,107,12,110.13,2018Q4
6505,108,3,114.66,2019Q1
6505,108,6,113.97,2019Q2
6505,108,9,100.59,2019Q3
6505,108,12,96.84,2019Q4
6505,109,3,76.6,2020Q1
6505,109,6,91.36,2020Q2
6505,109,9,81.84,2020Q3
6505,109,12,94.63,2020Q4
6505,110,3,98.52,2021Q1
6505,110,6,107.3,2021Q2
6505,110,9,98.64,2021Q3
6505,110,12,95.99,2021Q4
6505,111,3,97.69,2022Q1
6505,111,6,95.28,2022Q2
6505,111,9,81.08,2022Q3
6505,111,12,81.85,2022Q4
6505,112,3,83.56,2023Q1
6505,112,6,86.99,2023Q2
6505,112,9,80.79,2023Q3
6505,112,12,82.2,2023Q4
6505,113,3,69.99,2024Q1
6505,113,6,65.64,2024Q2
6505,113,9,51.09,2024Q3
6505,113,12,37.53,2024Q4
6505,114,3,38.97,2025Q1
6505,114,6,,2025Q2
6505,114,9,,2025Q3
6505,114,12,,2025Q4
6525,105,3,,2016Q1
6525,105,6,61.12,2016Q2
6525,105,9,58.49,2016Q3
6525,105,12,53.22,2016Q4
6525,106,3,64.52,2017Q1
6525,106,6,62.69,2017Q2
6525,106,9,63.03,2017Q3
6525,106,12,81.79,2017Q4
6525,107,3,81.77,2018Q1
6525,107,6,89.24,2018Q2
6525,107,9,66.2,2018Q3
6525,107,12,73.8,2018Q4
6525,108,3,73.37,2019Q1
6525,108,6,69.84,2019Q2
6525,108,9,67.99,2019Q3
6525,108,12,66.25,2019Q4
6525,109,3,49.65,2020Q1
6525,109,6,63.81,2020Q2
6525,109,9,56.68,2020Q3
6525,109,12,65.33,2020Q4
6525,110,3,83.72,2021Q1
6525,110,6,78.58,2021Q2
6525,110,9,107.13,2021Q3
6525,110,12,92.37,2021Q4
6525,111,3,90.95,2022Q1
6525,111,6,85.17,2022Q2
6525,111,9,74.23,2022Q3
6525,111,12,70.87,2022Q4
6525,112,3,75.55,2023Q1
6525,112,6,76.62,2023Q2
6525,112,9,66.56,2023Q3
6525,112,12,68.88,2023Q4
6525,113,3,67.9,2024Q1
6525,113,6,66.59,2024Q2
6525,113,9,63.72,2024Q3
6525,113,12,67.47,2024Q4
6525,114,3,72.53,2025Q1
6525,114,6,,2025Q2
6525,114,9,,2025Q3
6525,114,12,,2025Q4
6531,105,3,,2016Q1
6531,105,6,95.03,2016Q2
6531,105,9,89.01,2016Q3
6531,105,12,71.41,2016Q4
6531,106,3,81.21,2017Q1
6531,106,6,77.56,2017Q2
6531,106,9,81.97,2017Q3
6531,106,12,88.57,2017Q4
6531,107,3,107.56,2018Q1
6531,107,6,88.57,2018Q2
6531,107,9,60.0,2018Q3
6531,107,12,47.06,2018Q4
6531,108,3,45.35,2019Q1
6531,108,6,37.64,2019Q2
6531,108,9,45.35,2019Q3
6531,108,12,77.63,2019Q4
6531,109,3,105.71,2020Q1
6531,109,6,318.11,2020Q2
6531,109,9,345.53,2020Q3
6531,109,12,416.4,2020Q4
6531,110,3,781.36,2021Q1
6531,110,6,669.27,2021Q2
6531,110,9,715.46,2021Q3
6531,110,12,507.32,2021Q4
6531,111,3,344.75,2022Q1
6531,111,6,271.21,2022Q2
6531,111,9,178.73,2022Q3
6531,111,12,188.56,2022Q4
6531,112,3,305.31,2023Q1
6531,112,6,330.82,2023Q2
6531,112,9,367.8,2023Q3
6531,112,12,452.96,2023Q4
6531,113,3,440.45,2024Q1
6531,113,6,374.17,2024Q2
6531,113,9,303.44,2024Q3
6531,113,12,326.23,2024Q4
6531,114,3,290.27,2025Q1
6531,114,6,,2025Q2
6531,114,9,,2025Q3
6531,114,12,,2025Q4
6533,105,3,,2016Q1
6533,105,6,,2016Q2
6533,105,9,,2016Q3
6533,105,12,,2016Q4
6533,106,3,171.68,2017Q1
6533,106,6,143.95,2017Q2
6533,106,9,137.18,2017Q3
6533,106,12,123.32,2017Q4
6533,107,3,154.28,2018Q1
6533,107,6,135.11,2018Q2
6533,107,9,102.81,2018Q3
6533,107,12,78.65,2018Q4
6533,108,3,115.6,2019Q1
6533,108,6,111.29,2019Q2
6533,108,9,120.66,2019Q3
6533,108,12,129.57,2019Q4
6533,109,3,86.77,2020Q1
6533,109,6,131.7,2020Q2
6533,109,9,150.18,2020Q3
6533,109,12,292.35,2020Q4
6533,110,3,483.73,2021Q1
6533,110,6,508.19,2021Q2
6533,110,9,460.62,2021Q3
6533,110,12,540.22,2021Q4
6533,111,3,403.96,2022Q1
6533,111,6,294.84,2022Q2
6533,111,9,405.2,2022Q3
6533,111,12,519.28,2022Q4
6533,112,3,557.53,2023Q1
6533,112,6,504.2,2023Q2
6533,112,9,411.09,2023Q3
6533,112,12,472.16,2023Q4
6533,113,3,462.86,2024Q1
6533,113,6,425.18,2024Q2
6533,113,9,351.91,2024Q3
6533,113,12,403.72,2024Q4
6533,114,3,380.21,2025Q1
6533,114,6,,2025Q2
6533,114,9,,2025Q3
6533,114,12,,2025Q4
6552,105,3,,2016Q1
6552,105,6,,2016Q2
6552,105,9,,2016Q3
6552,105,12,,2016Q4
6552,106,3,31.02,2017Q1
6552,106,6,29.94,2017Q2
6552,106,9,36.24,2017Q3
6552,106,12,52.64,2017Q4
6552,107,3,60.68,2018Q1
6552,107,6,61.69,2018Q2
6552,107,9,84.17,2018Q3
6552,107,12,108.53,2018Q4
6552,108,3,136.78,2019Q1
6552,108,6,94.4,2019Q2
6552,108,9,97.43,2019Q3
6552,108,12,82.25,2019Q4
6552,109,3,52.69,2020Q1
6552,109,6,61.38,2020Q2
6552,109,9,46.93,2020Q3
6552,109,12,54.14,2020Q4
6552,110,3,71.75,2021Q1
6552,110,6,52.06,2021Q2
6552,110,9,64.17,2021Q3
6552,110,12,56.41,2021Q4
6552,111,3,50.34,2022Q1
6552,111,6,43.54,2022Q2
6552,111,9,37.25,2022Q3
6552,111,12,31.82,2022Q4
6552,112,3,37.76,2023Q1
6552,112,6,36.85,2023Q2
6552,112,9,37.27,2023Q3
6552,112,12,37.38,2023Q4
6552,113,3,34.41,2024Q1
6552,113,6,57.71,2024Q2
6552,113,9,50.51,2024Q3
6552,113,12,38.38,2024Q4
6552,114,3,33.86,2025Q1
6552,114,6,,2025Q2
6552,114,9,,2025Q3
6552,114,12,,2025Q4
6605,105,3,111.88,2016Q1
6605,105,6,98.43,2016Q2
6605,105,9,98.77,2016Q3
6605,105,12,85.97,2016Q4
6605,106,3,82.71,2017Q1
6605,106,6,84.0,2017Q2
6605,106,9,81.47,2017Q3
6605,106,12,91.34,2017Q4
6605,107,3,87.13,2018Q1
6605,107,6,80.34,2018Q2
6605,107,9,72.69,2018Q3
6605,107,12,69.08,2018Q4
6605,108,3,68.79,2019Q1
6605,108,6,68.18,2019Q2
6605,108,9,63.56,2019Q3
6605,108,12,58.59,2019Q4
6605,109,3,45.45,2020Q1
6605,109,6,51.51,2020Q2
6605,109,9,47.98,2020Q3
6605,109,12,63.59,2020Q4
6605,110,3,65.6,2021Q1
6605,110,6,58.29,2021Q2
6605,110,9,56.35,2021Q3
6605,110,12,61.43,2021Q4
6605,111,3,57.62,2022Q1
6605,111,6,73.39,2022Q2
6605,111,9,79.85,2022Q3
6605,111,12,74.83,2022Q4
6605,112,3,91.2,2023Q1
6605,112,6,113.72,2023Q2
6605,112,9,128.77,2023Q3
6605,112,12,151.72,2023Q4
6605,113,3,201.7,2024Q1
6605,113,6,233.65,2024Q2
6605,113,9,262.54,2024Q3
6605,113,12,226.05,2024Q4
6605,114,3,208.44,2025Q1
6605,114,6,,2025Q2
6605,114,9,,2025Q3
6605,114,12,,2025Q4
8011,105,3,20.17,2016Q1
8011,105,6,18.18,2016Q2
8011,105,9,18.76,2016Q3
8011,105,12,20.69,2016Q4
8011,106,3,25.41,2017Q1
8011,106,6,25.14,2017Q2
8011,106,9,23.17,2017Q3
8011,106,12,19.41,2017Q4
8011,107,3,19.67,2018Q1
8011,107,6,21.09,2018Q2
8011,107,9,18.05,2018Q3
8011,107,12,18.46,2018Q4
8011,108,3,19.0,2019Q1
8011,108,6,16.54,2019Q2
8011,108,9,16.47,2019Q3
8011,108,12,17.54,2019Q4
8011,109,3,12.18,2020Q1
8011,109,6,18.12,2020Q2
8011,109,9,17.49,2020Q3
8011,109,12,22.39,2020Q4
8011,110,3,21.2,2021Q1
8011,110,6,18.11,2021Q2
8011,110,9,18.42,2021Q3
8011,110,12,19.8,2021Q4
8011,111,3,17.59,2022Q1
8011,111,6,16.2,2022Q2
8011,111,9,15.48,2022Q3
8011,111,12,15.18,2022Q4
8011,112,3,14.69,2023Q1
8011,112,6,18.89,2023Q2
8011,112,9,19.0,2023Q3
8011,112,12,23.22,2023Q4
8011,113,3,28.83,2024Q1
8011,113,6,25.06,2024Q2
8011,113,9,27.99,2024Q3
8011,113,12,25.74,2024Q4
8011,114,3,24.04,2025Q1
8011,114,6,,2025Q2
8011,114,9,,2025Q3
8011,114,12,,2025Q4
8016,105,3,92.23,2016Q1
8016,105,6,102.93,2016Q2
8016,105,9,104.94,2016Q3
8016,105,12,104.07,2016Q4
8016,106,3,99.8,2017Q1
8016,106,6,91.88,2017Q2
8016,106,9,90.14,2017Q3
8016,106,12,82.06,2017Q4
8016,107,3,87.62,2018Q1
8016,107,6,115.12,2018Q2
8016,107,9,85.64,2018Q3
8016,107,12,110.2,2018Q4
8016,108,3,131.13,2019Q1
8016,108,6,133.23,2019Q2
8016,108,9,168.69,2019Q3
8016,108,12,170.2,2019Q4
8016,109,3,131.0,2020Q1
8016,109,6,155.4,2020Q2
8016,109,9,140.86,2020Q3
8016,109,12,153.55,2020Q4
8016,110,3,222.23,2021Q1
8016,110,6,288.4,2021Q2
8016,110,9,266.92,2021Q3
8016,110,12,312.55,2021Q4
8016,111,3,299.91,2022Q1
8016,111,6,232.32,2022Q2
8016,111,9,173.05,2022Q3
8016,111,12,183.06,2022Q4
8016,112,3,233.05,2023Q1
8016,112,6,235.33,2023Q2
8016,112,9,284.75,2023Q3
8016,112,12,283.68,2023Q4
8016,113,3,300.61,2024Q1
8016,113,6,271.63,2024Q2
8016,113,9,223.33,2024Q3
8016,113,12,213.46,2024Q4
8016,114,3,213.15,2025Q1
8016,114,6,,2025Q2
8016,114,9,,2025Q3
8016,114,12,,2025Q4
8021,105,3,23.93,2016Q1
8021,105,6,20.79,2016Q2
8021,105,9,20.37,2016Q3
8021,105,12,19.75,2016Q4
8021,106,3,25.07,2017Q1
8021,106,6,24.05,2017Q2
8021,106,9,21.69,2017Q3
8021,106,12,21.35,2017Q4
8021,107,3,20.78,2018Q1
8021,107,6,21.71,2018Q2
8021,107,9,19.02,2018Q3
8021,107,12,18.63,2018Q4
8021,108,3,20.34,2019Q1
8021,108,6,19.22,2019Q2
8021,108,9,20.3,2019Q3
8021,108,12,23.32,2019Q4
8021,109,3,18.11,2020Q1
8021,109,6,21.49,2020Q2
8021,109,9,22.45,2020Q3
8021,109,12,27.49,2020Q4
8021,110,3,32.53,2021Q1
8021,110,6,40.13,2021Q2
8021,110,9,41.61,2021Q3
8021,110,12,41.87,2021Q4
8021,111,3,36.88,2022Q1
8021,111,6,32.18,2022Q2
8021,111,9,26.83,2022Q3
8021,111,12,30.07,2022Q4
8021,112,3,29.67,2023Q1
8021,112,6,31.45,2023Q2
8021,112,9,27.82,2023Q3
8021,112,12,28.08,2023Q4
8021,113,3,28.39,2024Q1
8021,113,6,32.01,2024Q2
8021,113,9,36.52,2024Q3
8021,113,12,33.72,2024Q4
8021,114,3,31.17,2025Q1
8021,114,6,,2025Q2
8021,114,9,,2025Q3
8021,114,12,,2025Q4
8033,105,3,9.44,2016Q1
8033,105,6,9.38,2016Q2
8033,105,9,8.63,2016Q3
8033,105,12,8.65,2016Q4
8033,106,3,8.99,2017Q1
8033,106,6,9.05,2017Q2
8033,106,9,10.0,2017Q3
8033,106,12,11.5,2017Q4
8033,107,3,12.67,2018Q1
8033,107,6,14.93,2018Q2
8033,107,9,11.41,2018Q3
8033,107,12,8.35,2018Q4
8033,108,3,8.56,2019Q1
8033,108,6,10.44,2019Q2
8033,108,9,10.88,2019Q3
8033,108,12,10.15,2019Q4
8033,109,3,7.79,2020Q1
8033,109,6,9.89,2020Q2
8033,109,9,10.86,2020Q3
8033,109,12,13.31,2020Q4
8033,110,3,18.06,2021Q1
8033,110,6,15.71,2021Q2
8033,110,9,14.43,2021Q3
8033,110,12,17.85,2021Q4
8033,111,3,16.87,2022Q1
8033,111,6,17.83,2022Q2
8033,111,9,20.03,2022Q3
8033,111,12,43.59,2022Q4
8033,112,3,58.89,2023Q1
8033,112,6,71.61,2023Q2
8033,112,9,64.31,2023Q3
8033,112,12,56.97,2023Q4
8033,113,3,60.72,2024Q1
8033,113,6,70.56,2024Q2
8033,113,9,59.03,2024Q3
8033,113,12,66.97,2024Q4
8033,114,3,70.29,2025Q1
8033,114,6,,2025Q2
8033,114,9,,2025Q3
8033,114,12,,2025Q4
8039,105,3,37.79,2016Q1
8039,105,6,35.68,2016Q2
8039,105,9,32.53,2016Q3
8039,105,12,33.54,2016Q4
8039,106,3,37.86,2017Q1
8039,106,6,40.48,2017Q2
8039,106,9,50.92,2017Q3
8039,106,12,56.6,2017Q4
8039,107,3,45.83,2018Q1
8039,107,6,44.82,2018Q2
8039,107,9,35.96,2018Q3
8039,107,12,35.59,2018Q4
8039,108,3,38.29,2019Q1
8039,108,6,40.61,2019Q2
8039,108,9,44.39,2019Q3
8039,108,12,46.69,2019Q4
8039,109,3,45.79,2020Q1
8039,109,6,47.46,2020Q2
8039,109,9,50.66,2020Q3
8039,109,12,54.92,2020Q4
8039,110,3,51.67,2021Q1
8039,110,6,50.92,2021Q2
8039,110,9,47.57,2021Q3
8039,110,12,46.81,2021Q4
8039,111,3,44.89,2022Q1
8039,111,6,45.61,2022Q2
8039,111,9,40.63,2022Q3
8039,111,12,41.64,2022Q4
8039,112,3,42.59,2023Q1
8039,112,6,43.79,2023Q2
8039,112,9,43.8,2023Q3
8039,112,12,48.19,2023Q4
8039,113,3,45.79,2024Q1
8039,113,6,57.78,2024Q2
8039,113,9,64.96,2024Q3
8039,113,12,46.83,2024Q4
8039,114,3,47.82,2025Q1
8039,114,6,,2025Q2
8039,114,9,,2025Q3
8039,114,12,,2025Q4
8046,105,3,34.45,2016Q1
8046,105,6,29.28,2016Q2
8046,105,9,25.76,2016Q3
8046,105,12,25.4,2016Q4
8046,106,3,25.48,2017Q1
8046,106,6,25.15,2017Q2
8046,106,9,24.74,2017Q3
8046,106,12,26.16,2017Q4
8046,107,3,32.75,2018Q1
8046,107,6,27.29,2018Q2
8046,107,9,32.23,2018Q3
8046,107,12,36.33,2018Q4
8046,108,3,41.65,2019Q1
8046,108,6,37.17,2019Q2
8046,108,9,46.54,2019Q3
8046,108,12,48.72,2019Q4
8046,109,3,50.4,2020Q1
8046,109,6,65.87,2020Q2
8046,109,9,128.65,2020Q3
8046,109,12,177.14,2020Q4
8046,110,3,303.68,2021Q1
8046,110,6,359.78,2021Q2
8046,110,9,439.62,2021Q3
8046,110,12,582.51,2021Q4
8046,111,3,507.07,2022Q1
8046,111,6,325.91,2022Q2
8046,111,9,223.29,2022Q3
8046,111,12,269.19,2022Q4
8046,112,3,267.99,2023Q1
8046,112,6,286.45,2023Q2
8046,112,9,262.65,2023Q3
8046,112,12,248.73,2023Q4
8046,113,3,207.01,2024Q1
8046,113,6,193.06,2024Q2
8046,113,9,134.36,2024Q3
8046,113,12,116.65,2024Q4
8046,114,3,125.27,2025Q1
8046,114,6,,2025Q2
8046,114,9,,2025Q3
8046,114,12,,2025Q4
8070,105,3,91.68,2016Q1
8070,105,6,90.03,2016Q2
8070,105,9,137.19,2016Q3
8070,105,12,132.23,2016Q4
8070,106,3,154.39,2017Q1
8070,106,6,144.79,2017Q2
8070,106,9,145.69,2017Q3
8070,106,12,141.76,2017Q4
8070,107,3,152.43,2018Q1
8070,107,6,142.47,2018Q2
8070,107,9,139.16,2018Q3
8070,107,12,134.38,2018Q4
8070,108,3,152.16,2019Q1
8070,108,6,154.51,2019Q2
8070,108,9,161.89,2019Q3
8070,108,12,175.77,2019Q4
8070,109,3,141.89,2020Q1
8070,109,6,163.67,2020Q2
8070,109,9,20.67,2020Q3
8070,109,12,30.68,2020Q4
8070,110,3,40.8,2021Q1
8070,110,6,32.69,2021Q2
8070,110,9,33.69,2021Q3
8070,110,12,37.22,2021Q4
8070,111,3,36.82,2022Q1
8070,111,6,35.54,2022Q2
8070,111,9,32.49,2022Q3
8070,111,12,31.25,2022Q4
8070,112,3,35.09,2023Q1
8070,112,6,35.87,2023Q2
8070,112,9,31.77,2023Q3
8070,112,12,34.62,2023Q4
8070,113,3,39.09,2024Q1
8070,113,6,49.93,2024Q2
8070,113,9,63.81,2024Q3
8070,113,12,46.56,2024Q4
8070,114,3,43.98,2025Q1
8070,114,6,,2025Q2
8070,114,9,,2025Q3
8070,114,12,,2025Q4
8072,105,3,26.42,2016Q1
8072,105,6,24.66,2016Q2
8072,105,9,23.46,2016Q3
8072,105,12,22.24,2016Q4
8072,106,3,23.6,2017Q1
8072,106,6,20.45,2017Q2
8072,106,9,23.03,2017Q3
8072,106,12,21.61,2017Q4
8072,107,3,20.99,2018Q1
8072,107,6,24.95,2018Q2
8072,107,9,22.91,2018Q3
8072,107,12,22.08,2018Q4
8072,108,3,22.31,2019Q1
8072,108,6,20.67,2019Q2
8072,108,9,20.66,2019Q3
8072,108,12,20.38,2019Q4
8072,109,3,20.05,2020Q1
8072,109,6,28.09,2020Q2
8072,109,9,33.17,2020Q3
8072,109,12,28.42,2020Q4
8072,110,3,28.74,2021Q1
8072,110,6,25.15,2021Q2
8072,110,9,23.66,2021Q3
8072,110,12,26.67,2021Q4
8072,111,3,24.19,2022Q1
8072,111,6,23.89,2022Q2
8072,111,9,26.61,2022Q3
8072,111,12,31.52,2022Q4
8072,112,3,27.76,2023Q1
8072,112,6,29.76,2023Q2
8072,112,9,26.77,2023Q3
8072,112,12,27.23,2023Q4
8072,113,3,28.87,2024Q1
8072,113,6,30.79,2024Q2
8072,113,9,26.38,2024Q3
8072,113,12,25.18,2024Q4
8072,114,3,29.11,2025Q1
8072,114,6,,2025Q2
8072,114,9,,2025Q3
8072,114,12,,2025Q4
8081,105,3,77.77,2016Q1
8081,105,6,64.17,2016Q2
8081,105,9,66.93,2016Q3
8081,105,12,72.28,2016Q4
8081,106,3,70.16,2017Q1
8081,106,6,73.83,2017Q2
8081,106,9,67.56,2017Q3
8081,106,12,66.7,2017Q4
8081,107,3,67.85,2018Q1
8081,107,6,67.29,2018Q2
8081,107,9,67.72,2018Q3
8081,107,12,65.32,2018Q4
8081,108,3,72.76,2019Q1
8081,108,6,91.31,2019Q2
8081,108,9,118.91,2019Q3
8081,108,12,125.78,2019Q4
8081,109,3,102.08,2020Q1
8081,109,6,153.54,2020Q2
8081,109,9,156.45,2020Q3
8081,109,12,163.92,2020Q4
8081,110,3,196.32,2021Q1
8081,110,6,227.74,2021Q2
8081,110,9,253.22,2021Q3
8081,110,12,258.08,2021Q4
8081,111,3,238.6,2022Q1
8081,111,6,190.1,2022Q2
8081,111,9,131.94,2022Q3
8081,111,12,146.61,2022Q4
8081,112,3,177.4,2023Q1
8081,112,6,198.28,2023Q2
8081,112,9,264.68,2023Q3
8081,112,12,255.72,2023Q4
8081,113,3,266.19,2024Q1
8081,113,6,307.88,2024Q2
8081,113,9,220.66,2024Q3
8081,113,12,239.4,2024Q4
8081,114,3,245.9,2025Q1
8081,114,6,,2025Q2
8081,114,9,,2025Q3
8081,114,12,,2025Q4
8101,105,3,7.69,2016Q1
8101,105,6,6.29,2016Q2
8101,105,9,5.94,2016Q3
8101,105,12,5.12,2016Q4
8101,106,3,5.23,2017Q1
8101,106,6,4.65,2017Q2
8101,106,9,4.38,2017Q3
8101,106,12,3.85,2017Q4
8101,107,3,3.68,2018Q1
8101,107,6,2.65,2018Q2
8101,107,9,4.12,2018Q3
8101,107,12,3.45,2018Q4
8101,108,3,3.13,2019Q1
8101,108,6,2.75,2019Q2
8101,108,9,2.64,2019Q3
8101,108,12,5.75,2019Q4
8101,109,3,4.62,2020Q1
8101,109,6,3.95,2020Q2
8101,109,9,6.21,2020Q3
8101,109,12,4.1,2020Q4
8101,110,3,3.39,2021Q1
8101,110,6,2.66,2021Q2
8101,110,9,2.46,2021Q3
8101,110,12,2.91,2021Q4
8101,111,3,2.7,2022Q1
8101,111,6,2.42,2022Q2
8101,111,9,2.8,2022Q3
8101,111,12,5.97,2022Q4
8101,112,3,5.84,2023Q1
8101,112,6,5.03,2023Q2
8101,112,9,4.56,2023Q3
8101,112,12,4.01,2023Q4
8101,113,3,4.04,2024Q1
8101,113,6,3.68,2024Q2
8101,113,9,,2024Q3
8101,113,12,23.32,2024Q4
8101,114,3,19.88,2025Q1
8101,114,6,,2025Q2
8101,114,9,,2025Q3
8101,114,12,,2025Q4
8103,105,3,27.44,2016Q1
8103,105,6,23.64,2016Q2
8103,105,9,29.31,2016Q3
8103,105,12,27.6,2016Q4
8103,106,3,33.92,2017Q1
8103,106,6,32.71,2017Q2
8103,106,9,31.59,2017Q3
8103,106,12,32.02,2017Q4
8103,107,3,32.18,2018Q1
8103,107,6,26.59,2018Q2
8103,107,9,25.94,2018Q3
8103,107,12,25.53,2018Q4
8103,108,3,25.95,2019Q1
8103,108,6,24.14,2019Q2
8103,108,9,24.69,2019Q3
8103,108,12,26.79,2019Q4
8103,109,3,21.08,2020Q1
8103,109,6,27.77,2020Q2
8103,109,9,36.93,2020Q3
8103,109,12,35.15,2020Q4
8103,110,3,39.63,2021Q1
8103,110,6,42.46,2021Q2
8103,110,9,41.2,2021Q3
8103,110,12,50.18,2021Q4
8103,111,3,47.8,2022Q1
8103,111,6,38.61,2022Q2
8103,111,9,35.17,2022Q3
8103,111,12,32.2,2022Q4
8103,112,3,36.57,2023Q1
8103,112,6,37.05,2023Q2
8103,112,9,40.05,2023Q3
8103,112,12,43.22,2023Q4
8103,113,3,45.39,2024Q1
8103,113,6,56.87,2024Q2
8103,113,9,66.92,2024Q3
8103,113,12,49.48,2024Q4
8103,114,3,50.82,2025Q1
8103,114,6,,2025Q2
8103,114,9,,2025Q3
8103,114,12,,2025Q4
8105,105,3,20.73,2016Q1
8105,105,6,19.0,2016Q2
8105,105,9,20.53,2016Q3
8105,105,12,16.05,2016Q4
8105,106,3,17.4,2017Q1
8105,106,6,18.96,2017Q2
8105,106,9,23.95,2017Q3
8105,106,12,19.08,2017Q4
8105,107,3,18.76,2018Q1
8105,107,6,15.35,2018Q2
8105,107,9,12.49,2018Q3
8105,107,12,10.55,2018Q4
8105,108,3,10.89,2019Q1
8105,108,6,10.58,2019Q2
8105,108,9,14.56,2019Q3
8105,108,12,14.34,2019Q4
8105,109,3,9.1,2020Q1
8105,109,6,9.66,2020Q2
8105,109,9,10.8,2020Q3
8105,109,12,12.32,2020Q4
8105,110,3,13.13,2021Q1
8105,110,6,14.0,2021Q2
8105,110,9,11.77,2021Q3
8105,110,12,13.49,2021Q4
8105,111,3,12.26,2022Q1
8105,111,6,11.07,2022Q2
8105,111,9,12.58,2022Q3
8105,111,12,12.82,2022Q4
8105,112,3,15.12,2023Q1
8105,112,6,14.97,2023Q2
8105,112,9,13.41,2023Q3
8105,112,12,13.26,2023Q4
8105,113,3,14.55,2024Q1
8105,113,6,16.19,2024Q2
8105,113,9,18.58,2024Q3
8105,113,12,15.62,2024Q4
8105,114,3,14.16,2025Q1
8105,114,6,,2025Q2
8105,114,9,,2025Q3
8105,114,12,,2025Q4
8110,105,3,8.62,2016Q1
8110,105,6,9.14,2016Q2
8110,105,9,11.05,2016Q3
8110,105,12,12.05,2016Q4
8110,106,3,14.64,2017Q1
8110,106,6,13.6,2017Q2
8110,106,9,15.03,2017Q3
8110,106,12,16.47,2017Q4
8110,107,3,14.62,2018Q1
8110,107,6,14.86,2018Q2
8110,107,9,12.78,2018Q3
8110,107,12,10.71,2018Q4
8110,108,3,11.25,2019Q1
8110,108,6,9.27,2019Q2
8110,108,9,9.64,2019Q3
8110,108,12,11.69,2019Q4
8110,109,3,8.42,2020Q1
8110,109,6,10.05,2020Q2
8110,109,9,10.36,2020Q3
8110,109,12,13.72,2020Q4
8110,110,3,13.65,2021Q1
8110,110,6,17.29,2021Q2
8110,110,9,19.31,2021Q3
8110,110,12,19.14,2021Q4
8110,111,3,16.68,2022Q1
8110,111,6,13.58,2022Q2
8110,111,9,12.45,2022Q3
8110,111,12,12.3,2022Q4
8110,112,3,13.4,2023Q1
8110,112,6,14.0,2023Q2
8110,112,9,14.58,2023Q3
8110,112,12,15.43,2023Q4
8110,113,3,17.47,2024Q1
8110,113,6,20.77,2024Q2
8110,113,9,17.3,2024Q3
8110,113,12,14.69,2024Q4
8110,114,3,14.7,2025Q1
8110,114,6,,2025Q2
8110,114,9,,2025Q3
8110,114,12,,2025Q4
8112,105,3,15.14,2016Q1
8112,105,6,15.16,2016Q2
8112,105,9,19.73,2016Q3
8112,105,12,24.71,2016Q4
8112,106,3,26.39,2017Q1
8112,106,6,30.87,2017Q2
8112,106,9,31.1,2017Q3
8112,106,12,30.03,2017Q4
8112,107,3,30.86,2018Q1
8112,107,6,34.1,2018Q2
8112,107,9,29.85,2018Q3
8112,107,12,28.46,2018Q4
8112,108,3,30.21,2019Q1
8112,108,6,31.04,2019Q2
8112,108,9,29.13,2019Q3
8112,108,12,29.84,2019Q4
8112,109,3,30.45,2020Q1
8112,109,6,30.17,2020Q2
8112,109,9,29.57,2020Q3
8112,109,12,34.08,2020Q4
8112,110,3,41.25,2021Q1
8112,110,6,39.83,2021Q2
8112,110,9,44.9,2021Q3
8112,110,12,47.83,2021Q4
8112,111,3,51.96,2022Q1
8112,111,6,45.33,2022Q2
8112,111,9,35.71,2022Q3
8112,111,12,36.6,2022Q4
8112,112,3,42.48,2023Q1
8112,112,6,48.86,2023Q2
8112,112,9,53.18,2023Q3
8112,112,12,65.24,2023Q4
8112,113,3,70.53,2024Q1
8112,113,6,83.25,2024Q2
8112,113,9,67.08,2024Q3
8112,113,12,62.75,2024Q4
8112,114,3,60.46,2025Q1
8112,114,6,,2025Q2
8112,114,9,,2025Q3
8112,114,12,,2025Q4
8114,105,3,162.21,2016Q1
8114,105,6,157.9,2016Q2
8114,105,9,184.84,2016Q3
8114,105,12,177.95,2016Q4
8114,106,3,169.58,2017Q1
8114,106,6,168.94,2017Q2
8114,106,9,149.32,2017Q3
8114,106,12,137.31,2017Q4
8114,107,3,135.27,2018Q1
8114,107,6,117.67,2018Q2
8114,107,9,110.46,2018Q3
8114,107,12,105.96,2018Q4
8114,108,3,112.36,2019Q1
8114,108,6,105.8,2019Q2
8114,108,9,110.49,2019Q3
8114,108,12,103.94,2019Q4
8114,109,3,77.45,2020Q1
8114,109,6,84.55,2020Q2
8114,109,9,82.92,2020Q3
8114,109,12,78.65,2020Q4
8114,110,3,81.51,2021Q1
8114,110,6,70.86,2021Q2
8114,110,9,78.79,2021Q3
8114,110,12,126.62,2021Q4
8114,111,3,99.38,2022Q1
8114,111,6,129.98,2022Q2
8114,111,9,157.97,2022Q3
8114,111,12,117.96,2022Q4
8114,112,3,115.92,2023Q1
8114,112,6,123.43,2023Q2
8114,112,9,105.75,2023Q3
8114,112,12,120.8,2023Q4
8114,113,3,124.61,2024Q1
8114,113,6,155.24,2024Q2
8114,113,9,202.86,2024Q3
8114,113,12,339.31,2024Q4
8114,114,3,308.74,2025Q1
8114,114,6,,2025Q2
8114,114,9,,2025Q3
8114,114,12,,2025Q4
8131,105,3,22.39,2016Q1
8131,105,6,22.26,2016Q2
8131,105,9,22.32,2016Q3
8131,105,12,23.45,2016Q4
8131,106,3,25.26,2017Q1
8131,106,6,27.71,2017Q2
8131,106,9,33.4,2017Q3
8131,106,12,30.86,2017Q4
8131,107,3,32.55,2018Q1
8131,107,6,39.5,2018Q2
8131,107,9,34.09,2018Q3
8131,107,12,32.21,2018Q4
8131,108,3,35.34,2019Q1
8131,108,6,34.82,2019Q2
8131,108,9,34.2,2019Q3
8131,108,12,35.86,2019Q4
8131,109,3,35.04,2020Q1
8131,109,6,37.93,2020Q2
8131,109,9,35.21,2020Q3
8131,109,12,37.89,2020Q4
8131,110,3,39.57,2021Q1
8131,110,6,39.84,2021Q2
8131,110,9,38.01,2021Q3
8131,110,12,38.78,2021Q4
8131,111,3,40.94,2022Q1
8131,111,6,40.72,2022Q2
8131,111,9,38.03,2022Q3
8131,111,12,38.88,2022Q4
8131,112,3,43.9,2023Q1
8131,112,6,43.95,2023Q2
8131,112,9,39.15,2023Q3
8131,112,12,39.33,2023Q4
8131,113,3,36.08,2024Q1
8131,113,6,39.08,2024Q2
8131,113,9,35.74,2024Q3
8131,113,12,29.43,2024Q4
8131,114,3,30.28,2025Q1
8131,114,6,,2025Q2
8131,114,9,,2025Q3
8131,114,12,,2025Q4
8150,105,3,34.32,2016Q1
8150,105,6,33.38,2016Q2
8150,105,9,30.72,2016Q3
8150,105,12,24.72,2016Q4
8150,106,3,26.31,2017Q1
8150,106,6,31.9,2017Q2
8150,106,9,29.09,2017Q3
8150,106,12,27.35,2017Q4
8150,107,3,24.95,2018Q1
8150,107,6,23.13,2018Q2
8150,107,9,22.46,2018Q3
8150,107,12,27.13,2018Q4
8150,108,3,25.78,2019Q1
8150,108,6,23.88,2019Q2
8150,108,9,32.73,2019Q3
8150,108,12,35.18,2019Q4
8150,109,3,28.13,2020Q1
8150,109,6,33.27,2020Q2
8150,109,9,28.94,2020Q3
8150,109,12,35.39,2020Q4
8150,110,3,41.51,2021Q1
8150,110,6,47.72,2021Q2
8150,110,9,55.73,2021Q3
8150,110,12,47.17,2021Q4
8150,111,3,51.48,2022Q1
8150,111,6,45.86,2022Q2
8150,111,9,32.46,2022Q3
8150,111,12,33.32,2022Q4
8150,112,3,36.92,2023Q1
8150,112,6,39.36,2023Q2
8150,112,9,39.18,2023Q3
8150,112,12,42.63,2023Q4
8150,113,3,48.74,2024Q1
8150,113,6,44.29,2024Q2
8150,113,9,37.04,2024Q3
8150,113,12,31.29,2024Q4
8150,114,3,30.63,2025Q1
8150,114,6,,2025Q2
8150,114,9,,2025Q3
8150,114,12,,2025Q4
8163,105,3,21.23,2016Q1
8163,105,6,19.63,2016Q2
8163,105,9,19.09,2016Q3
8163,105,12,20.87,2016Q4
8163,106,3,23.14,2017Q1
8163,106,6,28.39,2017Q2
8163,106,9,27.55,2017Q3
8163,106,12,29.97,2017Q4
8163,107,3,31.55,2018Q1
8163,107,6,80.46,2018Q2
8163,107,9,49.33,2018Q3
8163,107,12,42.8,2018Q4
8163,108,3,49.53,2019Q1
8163,108,6,43.75,2019Q2
8163,108,9,40.27,2019Q3
8163,108,12,42.79,2019Q4
8163,109,3,30.76,2020Q1
8163,109,6,38.04,2020Q2
8163,109,9,40.5,2020Q3
8163,109,12,44.64,2020Q4
8163,110,3,46.65,2021Q1
8163,110,6,43.9,2021Q2
8163,110,9,43.45,2021Q3
8163,110,12,49.29,2021Q4
8163,111,3,48.66,2022Q1
8163,111,6,42.31,2022Q2
8163,111,9,41.1,2022Q3
8163,111,12,38.77,2022Q4
8163,112,3,43.78,2023Q1
8163,112,6,46.98,2023Q2
8163,112,9,43.62,2023Q3
8163,112,12,54.45,2023Q4
8163,113,3,60.84,2024Q1
8163,113,6,70.12,2024Q2
8163,113,9,50.2,2024Q3
8163,113,12,46.35,2024Q4
8163,114,3,42.69,2025Q1
8163,114,6,,2025Q2
8163,114,9,,2025Q3
8163,114,12,,2025Q4
8201,105,3,8.15,2016Q1
8201,105,6,8.67,2016Q2
8201,105,9,9.08,2016Q3
8201,105,12,8.22,2016Q4
8201,106,3,13.95,2017Q1
8201,106,6,14.35,2017Q2
8201,106,9,14.36,2017Q3
8201,106,12,13.2,2017Q4
8201,107,3,17.75,2018Q1
8201,107,6,16.72,2018Q2
8201,107,9,14.33,2018Q3
8201,107,12,12.74,2018Q4
8201,108,3,13.97,2019Q1
8201,108,6,12.22,2019Q2
8201,108,9,12.74,2019Q3
8201,108,12,11.05,2019Q4
8201,109,3,7.46,2020Q1
8201,109,6,9.08,2020Q2
8201,109,9,9.3,2020Q3
8201,109,12,9.74,2020Q4
8201,110,3,10.42,2021Q1
8201,110,6,10.49,2021Q2
8201,110,9,17.34,2021Q3
8201,110,12,18.08,2021Q4
8201,111,3,14.91,2022Q1
8201,111,6,12.99,2022Q2
8201,111,9,12.64,2022Q3
8201,111,12,10.59,2022Q4
8201,112,3,12.87,2023Q1
8201,112,6,15.36,2023Q2
8201,112,9,16.86,2023Q3
8201,112,12,19.23,2023Q4
8201,113,3,19.54,2024Q1
8201,113,6,18.9,2024Q2
8201,113,9,17.52,2024Q3
8201,113,12,16.46,2024Q4
8201,114,3,13.88,2025Q1
8201,114,6,,2025Q2
8201,114,9,,2025Q3
8201,114,12,,2025Q4
8210,105,3,44.89,2016Q1
8210,105,6,58.07,2016Q2
8210,105,9,52.49,2016Q3
8210,105,12,52.27,2016Q4
8210,106,3,56.61,2017Q1
8210,106,6,56.38,2017Q2
8210,106,9,51.46,2017Q3
8210,106,12,42.28,2017Q4
8210,107,3,48.45,2018Q1
8210,107,6,42.79,2018Q2
8210,107,9,39.42,2018Q3
8210,107,12,44.79,2018Q4
8210,108,3,63.52,2019Q1
8210,108,6,64.22,2019Q2
8210,108,9,72.32,2019Q3
8210,108,12,83.9,2019Q4
8210,109,3,80.0,2020Q1
8210,109,6,98.28,2020Q2
8210,109,9,90.55,2020Q3
8210,109,12,83.56,2020Q4
8210,110,3,84.95,2021Q1
8210,110,6,73.48,2021Q2
8210,110,9,73.43,2021Q3
8210,110,12,75.62,2021Q4
8210,111,3,75.46,2022Q1
8210,111,6,67.84,2022Q2
8210,111,9,77.79,2022Q3
8210,111,12,74.28,2022Q4
8210,112,3,84.11,2023Q1
8210,112,6,138.14,2023Q2
8210,112,9,212.02,2023Q3
8210,112,12,263.12,2023Q4
8210,113,3,264.56,2024Q1
8210,113,6,305.48,2024Q2
8210,113,9,276.64,2024Q3
8210,113,12,287.16,2024Q4
8210,114,3,286.52,2025Q1
8210,114,6,,2025Q2
8210,114,9,,2025Q3
8210,114,12,,2025Q4
8213,105,3,34.44,2016Q1
8213,105,6,30.34,2016Q2
8213,105,9,32.35,2016Q3
8213,105,12,30.77,2016Q4
8213,106,3,31.85,2017Q1
8213,106,6,30.85,2017Q2
8213,106,9,32.48,2017Q3
8213,106,12,32.56,2017Q4
8213,107,3,29.69,2018Q1
8213,107,6,28.91,2018Q2
8213,107,9,28.4,2018Q3
8213,107,12,28.65,2018Q4
8213,108,3,36.24,2019Q1
8213,108,6,36.32,2019Q2
8213,108,9,37.84,2019Q3
8213,108,12,36.36,2019Q4
8213,109,3,29.15,2020Q1
8213,109,6,36.73,2020Q2
8213,109,9,42.1,2020Q3
8213,109,12,44.92,2020Q4
8213,110,3,51.21,2021Q1
8213,110,6,50.35,2021Q2
8213,110,9,46.29,2021Q3
8213,110,12,47.66,2021Q4
8213,111,3,49.92,2022Q1
8213,111,6,46.68,2022Q2
8213,111,9,35.91,2022Q3
8213,111,12,36.51,2022Q4
8213,112,3,40.07,2023Q1
8213,112,6,41.45,2023Q2
8213,112,9,45.46,2023Q3
8213,112,12,44.12,2023Q4
8213,113,3,43.0,2024Q1
8213,113,6,39.03,2024Q2
8213,113,9,37.51,2024Q3
8213,113,12,36.02,2024Q4
8213,114,3,34.04,2025Q1
8213,114,6,,2025Q2
8213,114,9,,2025Q3
8213,114,12,,2025Q4
8215,105,3,20.37,2016Q1
8215,105,6,16.57,2016Q2
8215,105,9,14.59,2016Q3
8215,105,12,14.73,2016Q4
8215,106,3,14.58,2017Q1
8215,106,6,18.29,2017Q2
8215,106,9,19.9,2017Q3
8215,106,12,19.05,2017Q4
8215,107,3,19.42,2018Q1
8215,107,6,20.57,2018Q2
8215,107,9,17.7,2018Q3
8215,107,12,17.4,2018Q4
8215,108,3,27.87,2019Q1
8215,108,6,24.01,2019Q2
8215,108,9,20.92,2019Q3
8215,108,12,18.58,2019Q4
8215,109,3,15.44,2020Q1
8215,109,6,17.97,2020Q2
8215,109,9,23.38,2020Q3
8215,109,12,26.63,2020Q4
8215,110,3,30.71,2021Q1
8215,110,6,26.32,2021Q2
8215,110,9,36.98,2021Q3
8215,110,12,40.18,2021Q4
8215,111,3,35.03,2022Q1
8215,111,6,34.74,2022Q2
8215,111,9,30.17,2022Q3
8215,111,12,33.0,2022Q4
8215,112,3,37.39,2023Q1
8215,112,6,38.78,2023Q2
8215,112,9,35.34,2023Q3
8215,112,12,34.41,2023Q4
8215,113,3,34.1,2024Q1
8215,113,6,32.93,2024Q2
8215,113,9,30.59,2024Q3
8215,113,12,32.32,2024Q4
8215,114,3,27.96,2025Q1
8215,114,6,,2025Q2
8215,114,9,,2025Q3
8215,114,12,,2025Q4
8222,105,3,30.74,2016Q1
8222,105,6,37.99,2016Q2
8222,105,9,29.53,2016Q3
8222,105,12,25.85,2016Q4
8222,106,3,28.86,2017Q1
8222,106,6,24.1,2017Q2
8222,106,9,21.01,2017Q3
8222,106,12,21.83,2017Q4
8222,107,3,18.81,2018Q1
8222,107,6,19.5,2018Q2
8222,107,9,17.16,2018Q3
8222,107,12,16.65,2018Q4
8222,108,3,20.84,2019Q1
8222,108,6,21.52,2019Q2
8222,108,9,19.39,2019Q3
8222,108,12,18.41,2019Q4
8222,109,3,12.95,2020Q1
8222,109,6,15.84,2020Q2
8222,109,9,13.74,2020Q3
8222,109,12,13.5,2020Q4
8222,110,3,14.14,2021Q1
8222,110,6,14.54,2021Q2
8222,110,9,14.19,2021Q3
8222,110,12,14.97,2021Q4
8222,111,3,14.3,2022Q1
8222,111,6,19.77,2022Q2
8222,111,9,27.66,2022Q3
8222,111,12,28.67,2022Q4
8222,112,3,38.4,2023Q1
8222,112,6,61.18,2023Q2
8222,112,9,53.31,2023Q3
8222,112,12,46.53,2023Q4
8222,113,3,47.55,2024Q1
8222,113,6,43.97,2024Q2
8222,113,9,37.36,2024Q3
8222,113,12,38.91,2024Q4
8222,114,3,48.56,2025Q1
8222,114,6,,2025Q2
8222,114,9,,2025Q3
8222,114,12,,2025Q4
8249,105,3,23.52,2016Q1
8249,105,6,20.54,2016Q2
8249,105,9,19.75,2016Q3
8249,105,12,21.0,2016Q4
8249,106,3,24.08,2017Q1
8249,106,6,23.88,2017Q2
8249,106,9,25.08,2017Q3
8249,106,12,26.08,2017Q4
8249,107,3,26.76,2018Q1
8249,107,6,25.43,2018Q2
8249,107,9,21.71,2018Q3
8249,107,12,19.91,2018Q4
8249,108,3,21.84,2019Q1
8249,108,6,22.33,2019Q2
8249,108,9,21.94,2019Q3
8249,108,12,23.11,2019Q4
8249,109,3,17.68,2020Q1
8249,109,6,18.59,2020Q2
8249,109,9,17.22,2020Q3
8249,109,12,19.67,2020Q4
8249,110,3,21.92,2021Q1
8249,110,6,27.22,2021Q2
8249,110,9,30.05,2021Q3
8249,110,12,24.94,2021Q4
8249,111,3,22.85,2022Q1
8249,111,6,22.75,2022Q2
8249,111,9,21.7,2022Q3
8249,111,12,28.0,2022Q4
8249,112,3,30.01,2023Q1
8249,112,6,30.94,2023Q2
8249,112,9,29.35,2023Q3
8249,112,12,29.63,2023Q4
8249,113,3,30.26,2024Q1
8249,113,6,29.58,2024Q2
8249,113,9,45.27,2024Q3
8249,113,12,59.52,2024Q4
8249,114,3,58.3,2025Q1
8249,114,6,,2025Q2
8249,114,9,,2025Q3
8249,114,12,,2025Q4
8261,105,3,25.89,2016Q1
8261,105,6,21.95,2016Q2
8261,105,9,26.35,2016Q3
8261,105,12,22.22,2016Q4
8261,106,3,26.76,2017Q1
8261,106,6,24.02,2017Q2
8261,106,9,25.3,2017Q3
8261,106,12,31.03,2017Q4
8261,107,3,28.67,2018Q1
8261,107,6,51.12,2018Q2
8261,107,9,39.45,2018Q3
8261,107,12,32.84,2018Q4
8261,108,3,30.6,2019Q1
8261,108,6,25.86,2019Q2
8261,108,9,28.86,2019Q3
8261,108,12,30.16,2019Q4
8261,109,3,20.29,2020Q1
8261,109,6,28.12,2020Q2
8261,109,9,34.51,2020Q3
8261,109,12,49.64,2020Q4
8261,110,3,57.07,2021Q1
8261,110,6,71.61,2021Q2
8261,110,9,103.35,2021Q3
8261,110,12,110.36,2021Q4
8261,111,3,111.27,2022Q1
8261,111,6,131.34,2022Q2
8261,111,9,110.94,2022Q3
8261,111,12,111.89,2022Q4
8261,112,3,107.51,2023Q1
8261,112,6,108.19,2023Q2
8261,112,9,86.09,2023Q3
8261,112,12,100.77,2023Q4
8261,113,3,86.26,2024Q1
8261,113,6,84.62,2024Q2
8261,113,9,80.14,2024Q3
8261,113,12,94.46,2024Q4
8261,114,3,90.6,2025Q1
8261,114,6,,2025Q2
8261,114,9,,2025Q3
8261,114,12,,2025Q4
8271,105,3,22.17,2016Q1
8271,105,6,27.59,2016Q2
8271,105,9,28.11,2016Q3
8271,105,12,33.39,2016Q4
8271,106,3,37.39,2017Q1
8271,106,6,42.9,2017Q2
8271,106,9,39.95,2017Q3
8271,106,12,38.43,2017Q4
8271,107,3,40.35,2018Q1
8271,107,6,40.16,2018Q2
8271,107,9,34.43,2018Q3
8271,107,12,29.33,2018Q4
8271,108,3,34.96,2019Q1
8271,108,6,32.03,2019Q2
8271,108,9,32.97,2019Q3
8271,108,12,41.1,2019Q4
8271,109,3,42.8,2020Q1
8271,109,6,48.01,2020Q2
8271,109,9,36.15,2020Q3
8271,109,12,39.72,2020Q4
8271,110,3,42.45,2021Q1
8271,110,6,47.76,2021Q2
8271,110,9,43.55,2021Q3
8271,110,12,47.46,2021Q4
8271,111,3,47.61,2022Q1
8271,111,6,40.95,2022Q2
8271,111,9,39.72,2022Q3
8271,111,12,41.78,2022Q4
8271,112,3,50.35,2023Q1
8271,112,6,61.35,2023Q2
8271,112,9,56.27,2023Q3
8271,112,12,61.31,2023Q4
8271,113,3,71.85,2024Q1
8271,113,6,67.64,2024Q2
8271,113,9,52.43,2024Q3
8271,113,12,45.9,2024Q4
8271,114,3,51.1,2025Q1
8271,114,6,,2025Q2
8271,114,9,,2025Q3
8271,114,12,,2025Q4
8341,105,3,144.96,2016Q1
8341,105,6,153.79,2016Q2
8341,105,9,126.82,2016Q3
8341,105,12,112.47,2016Q4
8341,106,3,144.26,2017Q1
8341,106,6,162.09,2017Q2
8341,106,9,184.46,2017Q3
8341,106,12,245.82,2017Q4
8341,107,3,235.56,2018Q1
8341,107,6,212.25,2018Q2
8341,107,9,221.03,2018Q3
8341,107,12,211.73,2018Q4
8341,108,3,245.1,2019Q1
8341,108,6,270.79,2019Q2
8341,108,9,272.78,2019Q3
8341,108,12,237.88,2019Q4
8341,109,3,217.41,2020Q1
8341,109,6,261.44,2020Q2
8341,109,9,239.64,2020Q3
8341,109,12,228.29,2020Q4
8341,110,3,227.12,2021Q1
8341,110,6,212.46,2021Q2
8341,110,9,202.95,2021Q3
8341,110,12,199.54,2021Q4
8341,111,3,200.16,2022Q1
8341,111,6,204.27,2022Q2
8341,111,9,160.16,2022Q3
8341,111,12,170.4,2022Q4
8341,112,3,167.39,2023Q1
8341,112,6,149.38,2023Q2
8341,112,9,116.28,2023Q3
8341,112,12,116.3,2023Q4
8341,113,3,99.82,2024Q1
8341,113,6,99.05,2024Q2
8341,113,9,88.61,2024Q3
8341,113,12,89.01,2024Q4
8341,114,3,85.11,2025Q1
8341,114,6,,2025Q2
8341,114,9,,2025Q3
8341,114,12,,2025Q4
8374,105,3,12.89,2016Q1
8374,105,6,12.57,2016Q2
8374,105,9,16.04,2016Q3
8374,105,12,18.97,2016Q4
8374,106,3,19.23,2017Q1
8374,106,6,19.98,2017Q2
8374,106,9,30.46,2017Q3
8374,106,12,29.04,2017Q4
8374,107,3,28.94,2018Q1
8374,107,6,31.9,2018Q2
8374,107,9,25.79,2018Q3
8374,107,12,19.81,2018Q4
8374,108,3,22.53,2019Q1
8374,108,6,19.71,2019Q2
8374,108,9,21.54,2019Q3
8374,108,12,22.6,2019Q4
8374,109,3,16.19,2020Q1
8374,109,6,22.26,2020Q2
8374,109,9,25.34,2020Q3
8374,109,12,26.48,2020Q4
8374,110,3,28.07,2021Q1
8374,110,6,30.71,2021Q2
8374,110,9,31.1,2021Q3
8374,110,12,30.32,2021Q4
8374,111,3,30.57,2022Q1
8374,111,6,30.17,2022Q2
8374,111,9,30.75,2022Q3
8374,111,12,29.15,2022Q4
8374,112,3,30.62,2023Q1
8374,112,6,33.04,2023Q2
8374,112,9,29.04,2023Q3
8374,112,12,28.3,2023Q4
8374,113,3,30.98,2024Q1
8374,113,6,77.87,2024Q2
8374,113,9,147.34,2024Q3
8374,113,12,143.81,2024Q4
8374,114,3,109.42,2025Q1
8374,114,6,,2025Q2
8374,114,9,,2025Q3
8374,114,12,,2025Q4
8404,105,3,36.77,2016Q1
8404,105,6,36.88,2016Q2
8404,105,9,36.91,2016Q3
8404,105,12,37.45,2016Q4
8404,106,3,38.68,2017Q1
8404,106,6,45.17,2017Q2
8404,106,9,60.88,2017Q3
8404,106,12,62.98,2017Q4
8404,107,3,61.51,2018Q1
8404,107,6,47.62,2018Q2
8404,107,9,52.08,2018Q3
8404,107,12,42.0,2018Q4
8404,108,3,41.23,2019Q1
8404,108,6,51.74,2019Q2
8404,108,9,43.07,2019Q3
8404,108,12,42.09,2019Q4
8404,109,3,30.34,2020Q1
8404,109,6,31.69,2020Q2
8404,109,9,29.59,2020Q3
8404,109,12,29.64,2020Q4
8404,110,3,29.24,2021Q1
8404,110,6,49.01,2021Q2
8404,110,9,38.43,2021Q3
8404,110,12,34.53,2021Q4
8404,111,3,35.6,2022Q1
8404,111,6,34.87,2022Q2
8404,111,9,30.82,2022Q3
8404,111,12,26.62,2022Q4
8404,112,3,27.51,2023Q1
8404,112,6,24.62,2023Q2
8404,112,9,21.35,2023Q3
8404,112,12,20.33,2023Q4
8404,113,3,18.73,2024Q1
8404,113,6,20.99,2024Q2
8404,113,9,19.74,2024Q3
8404,113,12,28.91,2024Q4
8404,114,3,27.26,2025Q1
8404,114,6,,2025Q2
8404,114,9,,2025Q3
8404,114,12,,2025Q4
8411,105,3,29.06,2016Q1
8411,105,6,27.36,2016Q2
8411,105,9,26.34,2016Q3
8411,105,12,33.65,2016Q4
8411,106,3,35.15,2017Q1
8411,106,6,32.28,2017Q2
8411,106,9,27.5,2017Q3
8411,106,12,25.78,2017Q4
8411,107,3,24.01,2018Q1
8411,107,6,17.1,2018Q2
8411,107,9,13.44,2018Q3
8411,107,12,12.49,2018Q4
8411,108,3,14.8,2019Q1
8411,108,6,15.0,2019Q2
8411,108,9,16.83,2019Q3
8411,108,12,15.68,2019Q4
8411,109,3,10.36,2020Q1
8411,109,6,11.3,2020Q2
8411,109,9,13.66,2020Q3
8411,109,12,14.1,2020Q4
8411,110,3,14.1,2021Q1
8411,110,6,14.78,2021Q2
8411,110,9,14.44,2021Q3
8411,110,12,16.16,2021Q4
8411,111,3,16.98,2022Q1
8411,111,6,16.17,2022Q2
8411,111,9,15.28,2022Q3
8411,111,12,13.1,2022Q4
8411,112,3,14.89,2023Q1
8411,112,6,14.81,2023Q2
8411,112,9,14.09,2023Q3
8411,112,12,14.88,2023Q4
8411,113,3,13.91,2024Q1
8411,113,6,14.04,2024Q2
8411,113,9,14.08,2024Q3
8411,113,12,12.92,2024Q4
8411,114,3,13.26,2025Q1
8411,114,6,,2025Q2
8411,114,9,,2025Q3
8411,114,12,,2025Q4
8422,105,3,179.37,2016Q1
8422,105,6,172.75,2016Q2
8422,105,9,174.49,2016Q3
8422,105,12,164.63,2016Q4
8422,106,3,173.26,2017Q1
8422,106,6,180.81,2017Q2
8422,106,9,168.36,2017Q3
8422,106,12,174.38,2017Q4
8422,107,3,183.07,2018Q1
8422,107,6,189.97,2018Q2
8422,107,9,176.02,2018Q3
8422,107,12,167.68,2018Q4
8422,108,3,172.86,2019Q1
8422,108,6,167.5,2019Q2
8422,108,9,155.48,2019Q3
8422,108,12,156.55,2019Q4
8422,109,3,142.23,2020Q1
8422,109,6,165.75,2020Q2
8422,109,9,158.99,2020Q3
8422,109,12,163.2,2020Q4
8422,110,3,169.98,2021Q1
8422,110,6,171.84,2021Q2
8422,110,9,181.06,2021Q3
8422,110,12,235.93,2021Q4
8422,111,3,203.61,2022Q1
8422,111,6,178.96,2022Q2
8422,111,9,178.29,2022Q3
8422,111,12,179.28,2022Q4
8422,112,3,187.38,2023Q1
8422,112,6,211.28,2023Q2
8422,112,9,179.44,2023Q3
8422,112,12,178.34,2023Q4
8422,113,3,179.25,2024Q1
8422,113,6,190.76,2024Q2
8422,113,9,186.0,2024Q3
8422,113,12,180.2,2024Q4
8422,114,3,191.38,2025Q1
8422,114,6,,2025Q2
8422,114,9,,2025Q3
8422,114,12,,2025Q4
8429,105,3,59.93,2016Q1
8429,105,6,58.88,2016Q2
8429,105,9,49.02,2016Q3
8429,105,12,39.1,2016Q4
8429,106,3,36.41,2017Q1
8429,106,6,36.87,2017Q2
8429,106,9,30.14,2017Q3
8429,106,12,24.5,2017Q4
8429,107,3,21.76,2018Q1
8429,107,6,25.81,2018Q2
8429,107,9,19.38,2018Q3
8429,107,12,18.79,2018Q4
8429,108,3,17.57,2019Q1
8429,108,6,14.48,2019Q2
8429,108,9,13.45,2019Q3
8429,108,12,11.56,2019Q4
8429,109,3,7.36,2020Q1
8429,109,6,7.45,2020Q2
8429,109,9,9.22,2020Q3
8429,109,12,9.05,2020Q4
8429,110,3,8.6,2021Q1
8429,110,6,15.73,2021Q2
8429,110,9,12.71,2021Q3
8429,110,12,13.03,2021Q4
8429,111,3,11.0,2022Q1
8429,111,6,10.51,2022Q2
8429,111,9,10.18,2022Q3
8429,111,12,11.04,2022Q4
8429,112,3,10.59,2023Q1
8429,112,6,10.86,2023Q2
8429,112,9,10.1,2023Q3
8429,112,12,10.9,2023Q4
8429,113,3,9.94,2024Q1
8429,113,6,10.11,2024Q2
8429,113,9,10.44,2024Q3
8429,113,12,13.13,2024Q4
8429,114,3,10.46,2025Q1
8429,114,6,,2025Q2
8429,114,9,,2025Q3
8429,114,12,,2025Q4
8443,105,3,22.6,2016Q1
8443,105,6,21.39,2016Q2
8443,105,9,19.87,2016Q3
8443,105,12,16.68,2016Q4
8443,106,3,17.38,2017Q1
8443,106,6,15.65,2017Q2
8443,106,9,14.17,2017Q3
8443,106,12,13.67,2017Q4
8443,107,3,14.44,2018Q1
8443,107,6,14.91,2018Q2
8443,107,9,13.82,2018Q3
8443,107,12,12.15,2018Q4
8443,108,3,11.94,2019Q1
8443,108,6,11.89,2019Q2
8443,108,9,11.33,2019Q3
8443,108,12,11.07,2019Q4
8443,109,3,8.72,2020Q1
8443,109,6,9.55,2020Q2
8443,109,9,10.19,2020Q3
8443,109,12,11.72,2020Q4
8443,110,3,11.71,2021Q1
8443,110,6,11.53,2021Q2
8443,110,9,11.37,2021Q3
8443,110,12,11.88,2021Q4
8443,111,3,11.6,2022Q1
8443,111,6,11.29,2022Q2
8443,111,9,11.21,2022Q3
8443,111,12,11.02,2022Q4
8443,112,3,11.45,2023Q1
8443,112,6,12.06,2023Q2
8443,112,9,11.7,2023Q3
8443,112,12,12.06,2023Q4
8443,113,3,11.98,2024Q1
8443,113,6,12.12,2024Q2
8443,113,9,11.71,2024Q3
8443,113,12,11.65,2024Q4
8443,114,3,11.83,2025Q1
8443,114,6,,2025Q2
8443,114,9,,2025Q3
8443,114,12,,2025Q4
8454,105,3,215.61,2016Q1
8454,105,6,216.76,2016Q2
8454,105,9,213.5,2016Q3
8454,105,12,194.89,2016Q4
8454,106,3,203.96,2017Q1
8454,106,6,218.77,2017Q2
8454,106,9,222.34,2017Q3
8454,106,12,209.63,2017Q4
8454,107,3,281.63,2018Q1
8454,107,6,222.76,2018Q2
8454,107,9,184.24,2018Q3
8454,107,12,195.47,2018Q4
8454,108,3,254.28,2019Q1
8454,108,6,250.55,2019Q2
8454,108,9,265.82,2019Q3
8454,108,12,289.59,2019Q4
8454,109,3,340.87,2020Q1
8454,109,6,659.18,2020Q2
8454,109,9,718.19,2020Q3
8454,109,12,614.44,2020Q4
8454,110,3,907.73,2021Q1
8454,110,6,1563.31,2021Q2
8454,110,9,1818.76,2021Q3
8454,110,12,1633.78,2021Q4
8454,111,3,929.9,2022Q1
8454,111,6,780.88,2022Q2
8454,111,9,629.45,2022Q3
8454,111,12,626.95,2022Q4
8454,112,3,846.38,2023Q1
8454,112,6,681.83,2023Q2
8454,112,9,509.51,2023Q3
8454,112,12,510.85,2023Q4
8454,113,3,403.11,2024Q1
8454,113,6,436.5,2024Q2
8454,113,9,383.83,2024Q3
8454,113,12,350.86,2024Q4
8454,114,3,372.11,2025Q1
8454,114,6,,2025Q2
8454,114,9,,2025Q3
8454,114,12,,2025Q4
8462,105,3,,2016Q1
8462,105,6,,2016Q2
8462,105,9,,2016Q3
8462,105,12,,2016Q4
8462,106,3,,2017Q1
8462,106,6,,2017Q2
8462,106,9,,2017Q3
8462,106,12,,2017Q4
8462,107,3,,2018Q1
8462,107,6,,2018Q2
8462,107,9,,2018Q3
8462,107,12,,2018Q4
8462,108,3,180.48,2019Q1
8462,108,6,256.98,2019Q2
8462,108,9,237.72,2019Q3
8462,108,12,195.36,2019Q4
8462,109,3,137.97,2020Q1
8462,109,6,193.86,2020Q2
8462,109,9,162.19,2020Q3
8462,109,12,157.43,2020Q4
8462,110,3,167.0,2021Q1
8462,110,6,144.33,2021Q2
8462,110,9,138.02,2021Q3
8462,110,12,136.66,2021Q4
8462,111,3,130.66,2022Q1
8462,111,6,127.61,2022Q2
8462,111,9,121.36,2022Q3
8462,111,12,124.9,2022Q4
8462,112,3,143.9,2023Q1
8462,112,6,156.53,2023Q2
8462,112,9,132.97,2023Q3
8462,112,12,117.58,2023Q4
8462,113,3,115.91,2024Q1
8462,113,6,119.33,2024Q2
8462,113,9,137.28,2024Q3
8462,113,12,113.49,2024Q4
8462,114,3,121.91,2025Q1
8462,114,6,,2025Q2
8462,114,9,,2025Q3
8462,114,12,,2025Q4
8463,105,3,22.76,2016Q1
8463,105,6,18.99,2016Q2
8463,105,9,17.44,2016Q3
8463,105,12,17.79,2016Q4
8463,106,3,20.22,2017Q1
8463,106,6,19.31,2017Q2
8463,106,9,17.38,2017Q3
8463,106,12,17.4,2017Q4
8463,107,3,17.88,2018Q1
8463,107,6,31.35,2018Q2
8463,107,9,31.33,2018Q3
8463,107,12,27.49,2018Q4
8463,108,3,27.3,2019Q1
8463,108,6,25.04,2019Q2
8463,108,9,32.09,2019Q3
8463,108,12,45.27,2019Q4
8463,109,3,37.95,2020Q1
8463,109,6,39.13,2020Q2
8463,109,9,38.31,2020Q3
8463,109,12,37.71,2020Q4
8463,110,3,36.73,2021Q1
8463,110,6,39.31,2021Q2
8463,110,9,35.84,2021Q3
8463,110,12,30.65,2021Q4
8463,111,3,28.86,2022Q1
8463,111,6,21.68,2022Q2
8463,111,9,20.37,2022Q3
8463,111,12,23.99,2022Q4
8463,112,3,23.4,2023Q1
8463,112,6,27.73,2023Q2
8463,112,9,23.74,2023Q3
8463,112,12,24.82,2023Q4
8463,113,3,25.25,2024Q1
8463,113,6,29.18,2024Q2
8463,113,9,27.95,2024Q3
8463,113,12,26.16,2024Q4
8463,114,3,25.55,2025Q1
8463,114,6,,2025Q2
8463,114,9,,2025Q3
8463,114,12,,2025Q4
8464,105,3,231.09,2016Q1
8464,105,6,284.37,2016Q2
8464,105,9,372.12,2016Q3
8464,105,12,337.02,2016Q4
8464,106,3,286.79,2017Q1
8464,106,6,321.84,2017Q2
8464,106,9,309.38,2017Q3
8464,106,12,290.75,2017Q4
8464,107,3,286.6,2018Q1
8464,107,6,268.34,2018Q2
8464,107,9,235.01,2018Q3
8464,107,12,240.43,2018Q4
8464,108,3,272.05,2019Q1
8464,108,6,221.42,2019Q2
8464,108,9,274.15,2019Q3
8464,108,12,269.06,2019Q4
8464,109,3,198.41,2020Q1
8464,109,6,278.32,2020Q2
8464,109,9,340.76,2020Q3
8464,109,12,327.76,2020Q4
8464,110,3,405.67,2021Q1
8464,110,6,404.98,2021Q2
8464,110,9,408.69,2021Q3
8464,110,12,402.25,2021Q4
8464,111,3,328.99,2022Q1
8464,111,6,320.0,2022Q2
8464,111,9,271.02,2022Q3
8464,111,12,284.16,2022Q4
8464,112,3,325.57,2023Q1
8464,112,6,351.31,2023Q2
8464,112,9,314.07,2023Q3
8464,112,12,354.02,2023Q4
8464,113,3,363.39,2024Q1
8464,113,6,369.65,2024Q2
8464,113,9,488.12,2024Q3
8464,113,12,387.81,2024Q4
8464,114,3,421.72,2025Q1
8464,114,6,,2025Q2
8464,114,9,,2025Q3
8464,114,12,,2025Q4
8467,105,3,68.08,2016Q1
8467,105,6,57.89,2016Q2
8467,105,9,37.27,2016Q3
8467,105,12,33.4,2016Q4
8467,106,3,39.9,2017Q1
8467,106,6,34.35,2017Q2
8467,106,9,36.59,2017Q3
8467,106,12,32.46,2017Q4
8467,107,3,32.04,2018Q1
8467,107,6,31.94,2018Q2
8467,107,9,29.95,2018Q3
8467,107,12,36.6,2018Q4
8467,108,3,35.9,2019Q1
8467,108,6,42.53,2019Q2
8467,108,9,58.15,2019Q3
8467,108,12,69.65,2019Q4
8467,109,3,43.75,2020Q1
8467,109,6,52.9,2020Q2
8467,109,9,49.24,2020Q3
8467,109,12,47.93,2020Q4
8467,110,3,47.28,2021Q1
8467,110,6,41.44,2021Q2
8467,110,9,40.72,2021Q3
8467,110,12,39.61,2021Q4
8467,111,3,38.32,2022Q1
8467,111,6,56.88,2022Q2
8467,111,9,62.58,2022Q3
8467,111,12,60.43,2022Q4
8467,112,3,59.36,2023Q1
8467,112,6,62.69,2023Q2
8467,112,9,86.68,2023Q3
8467,112,12,133.87,2023Q4
8467,113,3,194.71,2024Q1
8467,113,6,178.88,2024Q2
8467,113,9,259.35,2024Q3
8467,113,12,305.53,2024Q4
8467,114,3,217.81,2025Q1
8467,114,6,,2025Q2
8467,114,9,,2025Q3
8467,114,12,,2025Q4
8473,105,3,,2016Q1
8473,105,6,,2016Q2
8473,105,9,59.22,2016Q3
8473,105,12,52.44,2016Q4
8473,106,3,59.98,2017Q1
8473,106,6,65.16,2017Q2
8473,106,9,57.85,2017Q3
8473,106,12,60.33,2017Q4
8473,107,3,69.53,2018Q1
8473,107,6,66.54,2018Q2
8473,107,9,62.7,2018Q3
8473,107,12,56.24,2018Q4
8473,108,3,59.62,2019Q1
8473,108,6,51.81,2019Q2
8473,108,9,53.2,2019Q3
8473,108,12,49.28,2019Q4
8473,109,3,38.14,2020Q1
8473,109,6,46.78,2020Q2
8473,109,9,41.94,2020Q3
8473,109,12,41.16,2020Q4
8473,110,3,42.02,2021Q1
8473,110,6,39.92,2021Q2
8473,110,9,35.89,2021Q3
8473,110,12,33.27,2021Q4
8473,111,3,32.28,2022Q1
8473,111,6,30.31,2022Q2
8473,111,9,30.4,2022Q3
8473,111,12,27.43,2022Q4
8473,112,3,31.17,2023Q1
8473,112,6,29.49,2023Q2
8473,112,9,27.24,2023Q3
8473,112,12,30.44,2023Q4
8473,113,3,42.24,2024Q1
8473,113,6,42.46,2024Q2
8473,113,9,46.87,2024Q3
8473,113,12,37.46,2024Q4
8473,114,3,35.25,2025Q1
8473,114,6,,2025Q2
8473,114,9,,2025Q3
8473,114,12,,2025Q4
8478,105,3,,2016Q1
8478,105,6,,2016Q2
8478,105,9,,2016Q3
8478,105,12,,2016Q4
8478,106,3,,2017Q1
8478,106,6,,2017Q2
8478,106,9,,2017Q3
8478,106,12,79.22,2017Q4
8478,107,3,63.28,2018Q1
8478,107,6,64.13,2018Q2
8478,107,9,42.86,2018Q3
8478,107,12,41.46,2018Q4
8478,108,3,41.93,2019Q1
8478,108,6,41.09,2019Q2
8478,108,9,49.64,2019Q3
8478,108,12,44.65,2019Q4
8478,109,3,30.87,2020Q1
8478,109,6,38.55,2020Q2
8478,109,9,65.83,2020Q3
8478,109,12,61.06,2020Q4
8478,110,3,51.62,2021Q1
8478,110,6,62.87,2021Q2
8478,110,9,83.72,2021Q3
8478,110,12,158.43,2021Q4
8478,111,3,149.1,2022Q1
8478,111,6,213.13,2022Q2
8478,111,9,254.18,2022Q3
8478,111,12,313.12,2022Q4
8478,112,3,431.07,2023Q1
8478,112,6,599.51,2023Q2
8478,112,9,384.15,2023Q3
8478,112,12,391.84,2023Q4
8478,113,3,408.9,2024Q1
8478,113,6,386.36,2024Q2
8478,113,9,293.17,2024Q3
8478,113,12,219.98,2024Q4
8478,114,3,181.7,2025Q1
8478,114,6,,2025Q2
8478,114,9,,2025Q3
8478,114,12,,2025Q4
8926,105,3,24.66,2016Q1
8926,105,6,24.85,2016Q2
8926,105,9,23.05,2016Q3
8926,105,12,22.08,2016Q4
8926,106,3,22.81,2017Q1
8926,106,6,23.43,2017Q2
8926,106,9,23.17,2017Q3
8926,106,12,26.26,2017Q4
8926,107,3,26.59,2018Q1
8926,107,6,27.38,2018Q2
8926,107,9,26.39,2018Q3
8926,107,12,25.33,2018Q4
8926,108,3,26.23,2019Q1
8926,108,6,27.36,2019Q2
8926,108,9,29.48,2019Q3
8926,108,12,29.52,2019Q4
8926,109,3,30.18,2020Q1
8926,109,6,38.19,2020Q2
8926,109,9,40.85,2020Q3
8926,109,12,38.62,2020Q4
8926,110,3,38.77,2021Q1
8926,110,6,38.68,2021Q2
8926,110,9,37.93,2021Q3
8926,110,12,37.67,2021Q4
8926,111,3,38.35,2022Q1
8926,111,6,37.47,2022Q2
8926,111,9,36.47,2022Q3
8926,111,12,32.35,2022Q4
8926,112,3,41.79,2023Q1
8926,112,6,53.94,2023Q2
8926,112,9,42.42,2023Q3
8926,112,12,40.07,2023Q4
8926,113,3,47.33,2024Q1
8926,113,6,47.74,2024Q2
8926,113,9,44.42,2024Q3
8926,113,12,41.84,2024Q4
8926,114,3,42.07,2025Q1
8926,114,6,,2025Q2
8926,114,9,,2025Q3
8926,114,12,,2025Q4
8940,105,3,15.64,2016Q1
8940,105,6,17.08,2016Q2
8940,105,9,15.1,2016Q3
8940,105,12,14.56,2016Q4
8940,106,3,14.59,2017Q1
8940,106,6,14.56,2017Q2
8940,106,9,14.28,2017Q3
8940,106,12,13.68,2017Q4
8940,107,3,13.82,2018Q1
8940,107,6,13.92,2018Q2
8940,107,9,13.68,2018Q3
8940,107,12,12.75,2018Q4
8940,108,3,12.14,2019Q1
8940,108,6,12.36,2019Q2
8940,108,9,12.65,2019Q3
8940,108,12,11.89,2019Q4
8940,109,3,9.24,2020Q1
8940,109,6,12.97,2020Q2
8940,109,9,10.07,2020Q3
8940,109,12,12.87,2020Q4
8940,110,3,12.15,2021Q1
8940,110,6,12.25,2021Q2
8940,110,9,13.64,2021Q3
8940,110,12,13.01,2021Q4
8940,111,3,13.6,2022Q1
8940,111,6,17.07,2022Q2
8940,111,9,15.15,2022Q3
8940,111,12,16.74,2022Q4
8940,112,3,25.35,2023Q1
8940,112,6,34.4,2023Q2
8940,112,9,23.65,2023Q3
8940,112,12,29.37,2023Q4
8940,113,3,26.86,2024Q1
8940,113,6,26.07,2024Q2
8940,113,9,21.77,2024Q3
8940,113,12,24.03,2024Q4
8940,114,3,23.38,2025Q1
8940,114,6,,2025Q2
8940,114,9,,2025Q3
8940,114,12,,2025Q4
8996,105,3,60.77,2016Q1
8996,105,6,65.92,2016Q2
8996,105,9,58.54,2016Q3
8996,105,12,56.85,2016Q4
8996,106,3,54.35,2017Q1
8996,106,6,47.29,2017Q2
8996,106,9,44.29,2017Q3
8996,106,12,38.56,2017Q4
8996,107,3,44.45,2018Q1
8996,107,6,48.18,2018Q2
8996,107,9,50.1,2018Q3
8996,107,12,37.82,2018Q4
8996,108,3,46.72,2019Q1
8996,108,6,44.04,2019Q2
8996,108,9,41.7,2019Q3
8996,108,12,50.65,2019Q4
8996,109,3,52.54,2020Q1
8996,109,6,68.63,2020Q2
8996,109,9,56.39,2020Q3
8996,109,12,53.83,2020Q4
8996,110,3,54.08,2021Q1
8996,110,6,46.06,2021Q2
8996,110,9,44.81,2021Q3
8996,110,12,61.93,2021Q4
8996,111,3,64.98,2022Q1
8996,111,6,68.17,2022Q2
8996,111,9,112.15,2022Q3
8996,111,12,173.92,2022Q4
8996,112,3,231.91,2023Q1
8996,112,6,292.92,2023Q2
8996,112,9,288.29,2023Q3
8996,112,12,241.52,2023Q4
8996,113,3,334.5,2024Q1
8996,113,6,480.32,2024Q2
8996,113,9,384.55,2024Q3
8996,113,12,332.88,2024Q4
8996,114,3,280.87,2025Q1
8996,114,6,,2025Q2
8996,114,9,,2025Q3
8996,114,12,,2025Q4
9802,105,3,56.96,2016Q1
9802,105,6,61.3,2016Q2
9802,105,9,62.36,2016Q3
9802,105,12,62.0,2016Q4
9802,106,3,63.9,2017Q1
9802,106,6,82.56,2017Q2
9802,106,9,74.95,2017Q3
9802,106,12,73.21,2017Q4
9802,107,3,66.53,2018Q1
9802,107,6,61.4,2018Q2
9802,107,9,50.23,2018Q3
9802,107,12,48.21,2018Q4
9802,108,3,64.91,2019Q1
9802,108,6,70.9,2019Q2
9802,108,9,89.08,2019Q3
9802,108,12,124.1,2019Q4
9802,109,3,89.09,2020Q1
9802,109,6,107.49,2020Q2
9802,109,9,118.62,2020Q3
9802,109,12,115.09,2020Q4
9802,110,3,114.04,2021Q1
9802,110,6,117.92,2021Q2
9802,110,9,92.88,2021Q3
9802,110,12,97.03,2021Q4
9802,111,3,113.3,2022Q1
9802,111,6,172.55,2022Q2
9802,111,9,180.55,2022Q3
9802,111,12,155.32,2022Q4
9802,112,3,134.35,2023Q1
9802,112,6,134.43,2023Q2
9802,112,9,130.46,2023Q3
9802,112,12,140.19,2023Q4
9802,113,3,123.44,2024Q1
9802,113,6,127.39,2024Q2
9802,113,9,119.61,2024Q3
9802,113,12,117.2,2024Q4
9802,114,3,135.34,2025Q1
9802,114,6,,2025Q2
9802,114,9,,2025Q3
9802,114,12,,2025Q4
9902,105,3,10.18,2016Q1
9902,105,6,9.48,2016Q2
9902,105,9,9.49,2016Q3
9902,105,12,9.81,2016Q4
9902,106,3,10.97,2017Q1
9902,106,6,9.93,2017Q2
9902,106,9,10.53,2017Q3
9902,106,12,10.65,2017Q4
9902,107,3,9.93,2018Q1
9902,107,6,9.7,2018Q2
9902,107,9,9.46,2018Q3
9902,107,12,9.18,2018Q4
9902,108,3,9.37,2019Q1
9902,108,6,9.96,2019Q2
9902,108,9,9.37,2019Q3
9902,108,12,10.41,2019Q4
9902,109,3,7.97,2020Q1
9902,109,6,9.87,2020Q2
9902,109,9,10.22,2020Q3
9902,109,12,10.97,2020Q4
9902,110,3,11.59,2021Q1
9902,110,6,13.89,2021Q2
9902,110,9,13.5,2021Q3
9902,110,12,13.27,2021Q4
9902,111,3,12.25,2022Q1
9902,111,6,11.61,2022Q2
9902,111,9,10.55,2022Q3
9902,111,12,13.04,2022Q4
9902,112,3,13.19,2023Q1
9902,112,6,12.8,2023Q2
9902,112,9,11.67,2023Q3
9902,112,12,12.79,2023Q4
9902,113,3,16.25,2024Q1
9902,113,6,17.51,2024Q2
9902,113,9,19.46,2024Q3
9902,113,12,16.18,2024Q4
9902,114,3,15.56,2025Q1
9902,114,6,,2025Q2
9902,114,9,,2025Q3
9902,114,12,,2025Q4
9904,105,3,41.47,2016Q1
9904,105,6,42.67,2016Q2
9904,105,9,44.45,2016Q3
9904,105,12,40.05,2016Q4
9904,106,3,41.37,2017Q1
9904,106,6,41.98,2017Q2
9904,106,9,39.0,2017Q3
9904,106,12,37.46,2017Q4
9904,107,3,37.57,2018Q1
9904,107,6,36.01,2018Q2
9904,107,9,32.05,2018Q3
9904,107,12,32.33,2018Q4
9904,108,3,38.13,2019Q1
9904,108,6,37.78,2019Q2
9904,108,9,39.41,2019Q3
9904,108,12,39.3,2019Q4
9904,109,3,27.65,2020Q1
9904,109,6,29.29,2020Q2
9904,109,9,26.85,2020Q3
9904,109,12,31.25,2020Q4
9904,110,3,31.98,2021Q1
9904,110,6,37.74,2021Q2
9904,110,9,33.31,2021Q3
9904,110,12,33.03,2021Q4
9904,111,3,30.99,2022Q1
9904,111,6,30.93,2022Q2
9904,111,9,29.27,2022Q3
9904,111,12,33.15,2022Q4
9904,112,3,31.94,2023Q1
9904,112,6,32.01,2023Q2
9904,112,9,29.16,2023Q3
9904,112,12,31.31,2023Q4
9904,113,3,33.59,2024Q1
9904,113,6,36.53,2024Q2
9904,113,9,34.66,2024Q3
9904,113,12,40.75,2024Q4
9904,114,3,36.58,2025Q1
9904,114,6,,2025Q2
9904,114,9,,2025Q3
9904,114,12,,2025Q4
9905,105,3,27.97,2016Q1
9905,105,6,26.03,2016Q2
9905,105,9,23.52,2016Q3
9905,105,12,23.58,2016Q4
9905,106,3,25.76,2017Q1
9905,106,6,27.42,2017Q2
9905,106,9,25.04,2017Q3
9905,106,12,24.85,2017Q4
9905,107,3,26.06,2018Q1
9905,107,6,26.49,2018Q2
9905,107,9,25.64,2018Q3
9905,107,12,24.36,2018Q4
9905,108,3,24.86,2019Q1
9905,108,6,24.83,2019Q2
9905,108,9,23.98,2019Q3
9905,108,12,24.26,2019Q4
9905,109,3,20.15,2020Q1
9905,109,6,21.7,2020Q2
9905,109,9,21.64,2020Q3
9905,109,12,22.94,2020Q4
9905,110,3,24.29,2021Q1
9905,110,6,28.46,2021Q2
9905,110,9,26.95,2021Q3
9905,110,12,26.2,2021Q4
9905,111,3,26.69,2022Q1
9905,111,6,25.81,2022Q2
9905,111,9,25.06,2022Q3
9905,111,12,24.45,2022Q4
9905,112,3,25.01,2023Q1
9905,112,6,25.65,2023Q2
9905,112,9,23.69,2023Q3
9905,112,12,24.04,2023Q4
9905,113,3,23.92,2024Q1
9905,113,6,24.5,2024Q2
9905,113,9,22.94,2024Q3
9905,113,12,23.49,2024Q4
9905,114,3,23.86,2025Q1
9905,114,6,,2025Q2
9905,114,9,,2025Q3
9905,114,12,,2025Q4
9906,105,3,14.45,2016Q1
9906,105,6,23.12,2016Q2
9906,105,9,17.72,2016Q3
9906,105,12,20.58,2016Q4
9906,106,3,20.57,2017Q1
9906,106,6,21.06,2017Q2
9906,106,9,18.83,2017Q3
9906,106,12,15.58,2017Q4
9906,107,3,15.08,2018Q1
9906,107,6,13.96,2018Q2
9906,107,9,12.48,2018Q3
9906,107,12,12.36,2018Q4
9906,108,3,12.6,2019Q1
9906,108,6,12.31,2019Q2
9906,108,9,16.76,2019Q3
9906,108,12,18.64,2019Q4
9906,109,3,17.67,2020Q1
9906,109,6,26.69,2020Q2
9906,109,9,47.5,2020Q3
9906,109,12,41.07,2020Q4
9906,110,3,49.35,2021Q1
9906,110,6,49.07,2021Q2
9906,110,9,51.43,2021Q3
9906,110,12,64.12,2021Q4
9906,111,3,54.73,2022Q1
9906,111,6,54.33,2022Q2
9906,111,9,47.46,2022Q3
9906,111,12,45.24,2022Q4
9906,112,3,52.09,2023Q1
9906,112,6,57.27,2023Q2
9906,112,9,53.79,2023Q3
9906,112,12,54.55,2023Q4
9906,113,3,71.52,2024Q1
9906,113,6,89.63,2024Q2
9906,113,9,171.48,2024Q3
9906,113,12,122.31,2024Q4
9906,114,3,107.8,2025Q1
9906,114,6,,2025Q2
9906,114,9,,2025Q3
9906,114,12,,2025Q4
9907,105,3,15.53,2016Q1
9907,105,6,14.64,2016Q2
9907,105,9,13.98,2016Q3
9907,105,12,14.02,2016Q4
9907,106,3,15.62,2017Q1
9907,106,6,14.59,2017Q2
9907,106,9,14.01,2017Q3
9907,106,12,13.68,2017Q4
9907,107,3,13.17,2018Q1
9907,107,6,12.72,2018Q2
9907,107,9,13.98,2018Q3
9907,107,12,12.33,2018Q4
9907,108,3,13.06,2019Q1
9907,108,6,12.72,2019Q2
9907,108,9,12.01,2019Q3
9907,108,12,11.74,2019Q4
9907,109,3,8.91,2020Q1
9907,109,6,9.18,2020Q2
9907,109,9,10.31,2020Q3
9907,109,12,11.65,2020Q4
9907,110,3,11.6,2021Q1
9907,110,6,14.58,2021Q2
9907,110,9,13.82,2021Q3
9907,110,12,13.82,2021Q4
9907,111,3,16.63,2022Q1
9907,111,6,15.91,2022Q2
9907,111,9,19.69,2022Q3
9907,111,12,17.39,2022Q4
9907,112,3,18.94,2023Q1
9907,112,6,19.63,2023Q2
9907,112,9,16.83,2023Q3
9907,112,12,16.15,2023Q4
9907,113,3,14.53,2024Q1
9907,113,6,15.16,2024Q2
9907,113,9,16.31,2024Q3
9907,113,12,15.37,2024Q4
9907,114,3,17.63,2025Q1
9907,114,6,,2025Q2
9907,114,9,,2025Q3
9907,114,12,,2025Q4
9908,105,3,23.09,2016Q1
9908,105,6,23.32,2016Q2
9908,105,9,23.82,2016Q3
9908,105,12,24.18,2016Q4
9908,106,3,24.52,2017Q1
9908,106,6,25.46,2017Q2
9908,106,9,25.13,2017Q3
9908,106,12,26.58,2017Q4
9908,107,3,27.77,2018Q1
9908,107,6,27.8,2018Q2
9908,107,9,28.08,2018Q3
9908,107,12,28.86,2018Q4
9908,108,3,29.26,2019Q1
9908,108,6,29.25,2019Q2
9908,108,9,30.01,2019Q3
9908,108,12,31.24,2019Q4
9908,109,3,29.0,2020Q1
9908,109,6,30.65,2020Q2
9908,109,9,30.92,2020Q3
9908,109,12,34.39,2020Q4
9908,110,3,33.59,2021Q1
9908,110,6,33.5,2021Q2
9908,110,9,33.25,2021Q3
9908,110,12,33.09,2021Q4
9908,111,3,32.94,2022Q1
9908,111,6,33.3,2022Q2
9908,111,9,32.1,2022Q3
9908,111,12,31.25,2022Q4
9908,112,3,31.37,2023Q1
9908,112,6,32.82,2023Q2
9908,112,9,32.8,2023Q3
9908,112,12,32.68,2023Q4
9908,113,3,31.08,2024Q1
9908,113,6,32.35,2024Q2
9908,113,9,30.52,2024Q3
9908,113,12,30.15,2024Q4
9908,114,3,30.43,2025Q1
9908,114,6,,2025Q2
9908,114,9,,2025Q3
9908,114,12,,2025Q4
9910,105,3,174.56,2016Q1
9910,105,6,129.18,2016Q2
9910,105,9,147.69,2016Q3
9910,105,12,121.54,2016Q4
9910,106,3,125.79,2017Q1
9910,106,6,124.69,2017Q2
9910,106,9,143.19,2017Q3
9910,106,12,133.99,2017Q4
9910,107,3,131.87,2018Q1
9910,107,6,140.41,2018Q2
9910,107,9,191.91,2018Q3
9910,107,12,182.5,2018Q4
9910,108,3,207.74,2019Q1
9910,108,6,241.05,2019Q2
9910,108,9,214.52,2019Q3
9910,108,12,193.02,2019Q4
9910,109,3,140.17,2020Q1
9910,109,6,183.39,2020Q2
9910,109,9,171.24,2020Q3
9910,109,12,195.58,2020Q4
9910,110,3,193.87,2021Q1
9910,110,6,232.7,2021Q2
9910,110,9,216.13,2021Q3
9910,110,12,221.1,2021Q4
9910,111,3,190.69,2022Q1
9910,111,6,194.34,2022Q2
9910,111,9,169.25,2022Q3
9910,111,12,200.52,2022Q4
9910,112,3,185.33,2023Q1
9910,112,6,197.81,2023Q2
9910,112,9,191.81,2023Q3
9910,112,12,177.44,2023Q4
9910,113,3,162.86,2024Q1
9910,113,6,158.8,2024Q2
9910,113,9,147.78,2024Q3
9910,113,12,137.82,2024Q4
9910,114,3,131.44,2025Q1
9910,114,6,,2025Q2
9910,114,9,,2025Q3
9910,114,12,,2025Q4
9911,105,3,19.2,2016Q1
9911,105,6,27.03,2016Q2
9911,105,9,33.17,2016Q3
9911,105,12,34.31,2016Q4
9911,106,3,36.21,2017Q1
9911,106,6,36.27,2017Q2
9911,106,9,39.7,2017Q3
9911,106,12,37.24,2017Q4
9911,107,3,38.01,2018Q1
9911,107,6,39.69,2018Q2
9911,107,9,37.8,2018Q3
9911,107,12,35.8,2018Q4
9911,108,3,40.88,2019Q1
9911,108,6,44.56,2019Q2
9911,108,9,43.34,2019Q3
9911,108,12,47.24,2019Q4
9911,109,3,41.76,2020Q1
9911,109,6,48.01,2020Q2
9911,109,9,47.21,2020Q3
9911,109,12,52.36,2020Q4
9911,110,3,55.26,2021Q1
9911,110,6,69.34,2021Q2
9911,110,9,70.46,2021Q3
9911,110,12,67.87,2021Q4
9911,111,3,65.56,2022Q1
9911,111,6,63.25,2022Q2
9911,111,9,62.66,2022Q3
9911,111,12,62.55,2022Q4
9911,112,3,64.02,2023Q1
9911,112,6,65.38,2023Q2
9911,112,9,63.84,2023Q3
9911,112,12,68.78,2023Q4
9911,113,3,79.04,2024Q1
9911,113,6,87.26,2024Q2
9911,113,9,87.61,2024Q3
9911,113,12,84.04,2024Q4
9911,114,3,89.57,2025Q1
9911,114,6,,2025Q2
9911,114,9,,2025Q3
9911,114,12,,2025Q4
9912,105,3,9.18,2016Q1
9912,105,6,7.98,2016Q2
9912,105,9,8.07,2016Q3
9912,105,12,7.55,2016Q4
9912,106,3,7.94,2017Q1
9912,106,6,8.53,2017Q2
9912,106,9,7.83,2017Q3
9912,106,12,8.05,2017Q4
9912,107,3,11.12,2018Q1
9912,107,6,10.28,2018Q2
9912,107,9,9.39,2018Q3
9912,107,12,9.2,2018Q4
9912,108,3,9.08,2019Q1
9912,108,6,9.08,2019Q2
9912,108,9,8.88,2019Q3
9912,108,12,8.37,2019Q4
9912,109,3,6.46,2020Q1
9912,109,6,6.8,2020Q2
9912,109,9,7.55,2020Q3
9912,109,12,7.97,2020Q4
9912,110,3,9.94,2021Q1
9912,110,6,9.33,2021Q2
9912,110,9,8.96,2021Q3
9912,110,12,9.78,2021Q4
9912,111,3,9.3,2022Q1
9912,111,6,8.99,2022Q2
9912,111,9,11.66,2022Q3
9912,111,12,9.61,2022Q4
9912,112,3,10.14,2023Q1
9912,112,6,11.44,2023Q2
9912,112,9,10.05,2023Q3
9912,112,12,11.05,2023Q4
9912,113,3,12.15,2024Q1
9912,113,6,13.47,2024Q2
9912,113,9,12.5,2024Q3
9912,113,12,12.2,2024Q4
9912,114,3,12.55,2025Q1
9912,114,6,,2025Q2
9912,114,9,,2025Q3
9912,114,12,,2025Q4
9914,105,3,151.92,2016Q1
9914,105,6,137.15,2016Q2
9914,105,9,136.86,2016Q3
9914,105,12,140.98,2016Q4
9914,106,3,155.64,2017Q1
9914,106,6,161.78,2017Q2
9914,106,9,130.91,2017Q3
9914,106,12,124.63,2017Q4
9914,107,3,132.36,2018Q1
9914,107,6,140.95,2018Q2
9914,107,9,142.35,2018Q3
9914,107,12,135.7,2018Q4
9914,108,3,170.63,2019Q1
9914,108,6,182.18,2019Q2
9914,108,9,181.95,2019Q3
9914,108,12,171.26,2019Q4
9914,109,3,114.29,2020Q1
9914,109,6,191.01,2020Q2
9914,109,9,235.65,2020Q3
9914,109,12,241.25,2020Q4
9914,110,3,313.49,2021Q1
9914,110,6,313.32,2021Q2
9914,110,9,290.91,2021Q3
9914,110,12,312.0,2021Q4
9914,111,3,251.56,2022Q1
9914,111,6,261.85,2022Q2
9914,111,9,197.32,2022Q3
9914,111,12,179.63,2022Q4
9914,112,3,169.22,2023Q1
9914,112,6,204.85,2023Q2
9914,112,9,188.88,2023Q3
9914,112,12,183.32,2023Q4
9914,113,3,213.64,2024Q1
9914,113,6,230.22,2024Q2
9914,113,9,231.86,2024Q3
9914,113,12,159.97,2024Q4
9914,114,3,170.32,2025Q1
9914,114,6,,2025Q2
9914,114,9,,2025Q3
9914,114,12,,2025Q4
9917,105,3,92.58,2016Q1
9917,105,6,90.39,2016Q2
9917,105,9,91.7,2016Q3
9917,105,12,87.19,2016Q4
9917,106,3,90.09,2017Q1
9917,106,6,89.65,2017Q2
9917,106,9,89.19,2017Q3
9917,106,12,90.47,2017Q4
9917,107,3,90.08,2018Q1
9917,107,6,89.28,2018Q2
9917,107,9,87.79,2018Q3
9917,107,12,86.38,2018Q4
9917,108,3,86.28,2019Q1
9917,108,6,88.64,2019Q2
9917,108,9,87.55,2019Q3
9917,108,12,88.0,2019Q4
9917,109,3,82.43,2020Q1
9917,109,6,86.89,2020Q2
9917,109,9,85.45,2020Q3
9917,109,12,87.73,2020Q4
9917,110,3,90.13,2021Q1
9917,110,6,92.88,2021Q2
9917,110,9,98.24,2021Q3
9917,110,12,102.83,2021Q4
9917,111,3,104.92,2022Q1
9917,111,6,104.82,2022Q2
9917,111,9,100.13,2022Q3
9917,111,12,98.75,2022Q4
9917,112,3,102.2,2023Q1
9917,112,6,117.03,2023Q2
9917,112,9,105.33,2023Q3
9917,112,12,121.01,2023Q4
9917,113,3,120.76,2024Q1
9917,113,6,130.4,2024Q2
9917,113,9,140.53,2024Q3
9917,113,12,128.22,2024Q4
9917,114,3,124.45,2025Q1
9917,114,6,,2025Q2
9917,114,9,,2025Q3
9917,114,12,,2025Q4
9918,105,3,31.46,2016Q1
9918,105,6,32.02,2016Q2
9918,105,9,31.89,2016Q3
9918,105,12,31.58,2016Q4
9918,106,3,32.36,2017Q1
9918,106,6,31.98,2017Q2
9918,106,9,31.67,2017Q3
9918,106,12,32.01,2017Q4
9918,107,3,33.0,2018Q1
9918,107,6,34.15,2018Q2
9918,107,9,33.28,2018Q3
9918,107,12,32.73,2018Q4
9918,108,3,33.64,2019Q1
9918,108,6,33.85,2019Q2
9918,108,9,34.28,2019Q3
9918,108,12,34.18,2019Q4
9918,109,3,31.99,2020Q1
9918,109,6,34.73,2020Q2
9918,109,9,34.93,2020Q3
9918,109,12,36.95,2020Q4
9918,110,3,37.17,2021Q1
9918,110,6,39.95,2021Q2
9918,110,9,51.86,2021Q3
9918,110,12,42.57,2021Q4
9918,111,3,42.49,2022Q1
9918,111,6,45.0,2022Q2
9918,111,9,42.2,2022Q3
9918,111,12,42.33,2022Q4
9918,112,3,41.83,2023Q1
9918,112,6,42.7,2023Q2
9918,112,9,40.66,2023Q3
9918,112,12,40.7,2023Q4
9918,113,3,40.48,2024Q1
9918,113,6,41.99,2024Q2
9918,113,9,40.68,2024Q3
9918,113,12,39.92,2024Q4
9918,114,3,39.78,2025Q1
9918,114,6,,2025Q2
9918,114,9,,2025Q3
9918,114,12,,2025Q4
9919,105,3,12.12,2016Q1
9919,105,6,10.53,2016Q2
9919,105,9,10.71,2016Q3
9919,105,12,10.89,2016Q4
9919,106,3,11.27,2017Q1
9919,106,6,11.08,2017Q2
9919,106,9,11.38,2017Q3
9919,106,12,12.38,2017Q4
9919,107,3,12.26,2018Q1
9919,107,6,12.29,2018Q2
9919,107,9,11.58,2018Q3
9919,107,12,10.39,2018Q4
9919,108,3,11.4,2019Q1
9919,108,6,10.67,2019Q2
9919,108,9,10.39,2019Q3
9919,108,12,10.46,2019Q4
9919,109,3,19.74,2020Q1
9919,109,6,46.53,2020Q2
9919,109,9,42.35,2020Q3
9919,109,12,34.05,2020Q4
9919,110,3,34.23,2021Q1
9919,110,6,35.65,2021Q2
9919,110,9,27.24,2021Q3
9919,110,12,25.93,2021Q4
9919,111,3,24.15,2022Q1
9919,111,6,19.65,2022Q2
9919,111,9,17.73,2022Q3
9919,111,12,18.43,2022Q4
9919,112,3,17.51,2023Q1
9919,112,6,19.24,2023Q2
9919,112,9,19.89,2023Q3
9919,112,12,30.37,2023Q4
9919,113,3,22.52,2024Q1
9919,113,6,23.47,2024Q2
9919,113,9,19.78,2024Q3
9919,113,12,19.6,2024Q4
9919,114,3,18.59,2025Q1
9919,114,6,,2025Q2
9919,114,9,,2025Q3
9919,114,12,,2025Q4
9921,105,3,207.37,2016Q1
9921,105,6,200.08,2016Q2
9921,105,9,209.31,2016Q3
9921,105,12,187.44,2016Q4
9921,106,3,185.04,2017Q1
9921,106,6,175.81,2017Q2
9921,106,9,146.96,2017Q3
9921,106,12,154.61,2017Q4
9921,107,3,159.19,2018Q1
9921,107,6,131.35,2018Q2
9921,107,9,130.31,2018Q3
9921,107,12,145.28,2018Q4
9921,108,3,191.03,2019Q1
9921,108,6,244.63,2019Q2
9921,108,9,217.89,2019Q3
9921,108,12,207.85,2019Q4
9921,109,3,146.37,2020Q1
9921,109,6,255.57,2020Q2
9921,109,9,283.87,2020Q3
9921,109,12,270.53,2020Q4
9921,110,3,300.36,2021Q1
9921,110,6,319.98,2021Q2
9921,110,9,330.78,2021Q3
9921,110,12,330.7,2021Q4
9921,111,3,273.63,2022Q1
9921,111,6,250.97,2022Q2
9921,111,9,222.15,2022Q3
9921,111,12,214.55,2022Q4
9921,112,3,180.85,2023Q1
9921,112,6,217.59,2023Q2
9921,112,9,187.39,2023Q3
9921,112,12,183.62,2023Q4
9921,113,3,217.77,2024Q1
9921,113,6,220.22,2024Q2
9921,113,9,225.25,2024Q3
9921,113,12,149.91,2024Q4
9921,114,3,157.62,2025Q1
9921,114,6,,2025Q2
9921,114,9,,2025Q3
9921,114,12,,2025Q4
9924,105,3,45.76,2016Q1
9924,105,6,47.52,2016Q2
9924,105,9,42.95,2016Q3
9924,105,12,41.79,2016Q4
9924,106,3,42.48,2017Q1
9924,106,6,41.78,2017Q2
9924,106,9,38.23,2017Q3
9924,106,12,38.14,2017Q4
9924,107,3,37.0,2018Q1
9924,107,6,35.02,2018Q2
9924,107,9,34.89,2018Q3
9924,107,12,34.62,2018Q4
9924,108,3,37.31,2019Q1
9924,108,6,45.94,2019Q2
9924,108,9,45.31,2019Q3
9924,108,12,43.99,2019Q4
9924,109,3,36.63,2020Q1
9924,109,6,41.4,2020Q2
9924,109,9,43.2,2020Q3
9924,109,12,44.87,2020Q4
9924,110,3,45.77,2021Q1
9924,110,6,45.03,2021Q2
9924,110,9,40.92,2021Q3
9924,110,12,41.05,2021Q4
9924,111,3,42.5,2022Q1
9924,111,6,40.18,2022Q2
9924,111,9,43.08,2022Q3
9924,111,12,41.48,2022Q4
9924,112,3,43.75,2023Q1
9924,112,6,43.71,2023Q2
9924,112,9,42.66,2023Q3
9924,112,12,48.44,2023Q4
9924,113,3,52.97,2024Q1
9924,113,6,54.99,2024Q2
9924,113,9,55.55,2024Q3
9924,113,12,52.71,2024Q4
9924,114,3,53.92,2025Q1
9924,114,6,,2025Q2
9924,114,9,,2025Q3
9924,114,12,,2025Q4
9925,105,3,39.54,2016Q1
9925,105,6,40.15,2016Q2
9925,105,9,40.15,2016Q3
9925,105,12,39.61,2016Q4
9925,106,3,40.18,2017Q1
9925,106,6,39.46,2017Q2
9925,106,9,38.87,2017Q3
9925,106,12,38.44,2017Q4
9925,107,3,38.43,2018Q1
9925,107,6,38.1,2018Q2
9925,107,9,35.69,2018Q3
9925,107,12,36.53,2018Q4
9925,108,3,37.85,2019Q1
9925,108,6,38.03,2019Q2
9925,108,9,37.72,2019Q3
9925,108,12,37.31,2019Q4
9925,109,3,34.13,2020Q1
9925,109,6,36.88,2020Q2
9925,109,9,36.49,2020Q3
9925,109,12,37.06,2020Q4
9925,110,3,37.78,2021Q1
9925,110,6,38.68,2021Q2
9925,110,9,38.05,2021Q3
9925,110,12,39.26,2021Q4
9925,111,3,39.57,2022Q1
9925,111,6,39.63,2022Q2
9925,111,9,39.54,2022Q3
9925,111,12,39.18,2022Q4
9925,112,3,40.6,2023Q1
9925,112,6,41.55,2023Q2
9925,112,9,40.07,2023Q3
9925,112,12,40.5,2023Q4
9925,113,3,40.61,2024Q1
9925,113,6,42.3,2024Q2
9925,113,9,41.19,2024Q3
9925,113,12,41.17,2024Q4
9925,114,3,41.35,2025Q1
9925,114,6,,2025Q2
9925,114,9,,2025Q3
9925,114,12,,2025Q4
9926,105,3,40.3,2016Q1
9926,105,6,41.85,2016Q2
9926,105,9,41.13,2016Q3
9926,105,12,40.8,2016Q4
9926,106,3,41.87,2017Q1
9926,106,6,40.21,2017Q2
9926,106,9,40.08,2017Q3
9926,106,12,40.16,2017Q4
9926,107,3,40.43,2018Q1
9926,107,6,41.39,2018Q2
9926,107,9,40.01,2018Q3
9926,107,12,39.79,2018Q4
9926,108,3,40.41,2019Q1
9926,108,6,40.84,2019Q2
9926,108,9,40.79,2019Q3
9926,108,12,41.73,2019Q4
9926,109,3,39.2,2020Q1
9926,109,6,42.56,2020Q2
9926,109,9,42.83,2020Q3
9926,109,12,48.21,2020Q4
9926,110,3,48.62,2021Q1
9926,110,6,47.89,2021Q2
9926,110,9,51.41,2021Q3
9926,110,12,48.75,2021Q4
9926,111,3,49.41,2022Q1
9926,111,6,51.78,2022Q2
9926,111,9,51.81,2022Q3
9926,111,12,51.41,2022Q4
9926,112,3,51.59,2023Q1
9926,112,6,54.91,2023Q2
9926,112,9,54.82,2023Q3
9926,112,12,54.66,2023Q4
9926,113,3,54.77,2024Q1
9926,113,6,54.65,2024Q2
9926,113,9,53.81,2024Q3
9926,113,12,51.65,2024Q4
9926,114,3,51.5,2025Q1
9926,114,6,,2025Q2
9926,114,9,,2025Q3
9926,114,12,,2025Q4
9927,105,3,30.22,2016Q1
9927,105,6,30.03,2016Q2
9927,105,9,32.09,2016Q3
9927,105,12,36.02,2016Q4
9927,106,3,37.73,2017Q1
9927,106,6,39.42,2017Q2
9927,106,9,37.67,2017Q3
9927,106,12,38.92,2017Q4
9927,107,3,39.91,2018Q1
9927,107,6,39.75,2018Q2
9927,107,9,34.66,2018Q3
9927,107,12,30.78,2018Q4
9927,108,3,32.58,2019Q1
9927,108,6,31.02,2019Q2
9927,108,9,31.21,2019Q3
9927,108,12,32.2,2019Q4
9927,109,3,28.11,2020Q1
9927,109,6,30.09,2020Q2
9927,109,9,28.28,2020Q3
9927,109,12,29.73,2020Q4
9927,110,3,29.83,2021Q1
9927,110,6,35.77,2021Q2
9927,110,9,33.16,2021Q3
9927,110,12,38.56,2021Q4
9927,111,3,44.84,2022Q1
9927,111,6,43.91,2022Q2
9927,111,9,38.42,2022Q3
9927,111,12,37.55,2022Q4
9927,112,3,41.58,2023Q1
9927,112,6,45.59,2023Q2
9927,112,9,59.74,2023Q3
9927,112,12,71.44,2023Q4
9927,113,3,75.08,2024Q1
9927,113,6,78.91,2024Q2
9927,113,9,75.27,2024Q3
9927,113,12,62.71,2024Q4
9927,114,3,74.59,2025Q1
9927,114,6,,2025Q2
9927,114,9,,2025Q3
9927,114,12,,2025Q4
9928,105,3,8.51,2016Q1
9928,105,6,5.89,2016Q2
9928,105,9,5.38,2016Q3
9928,105,12,5.23,2016Q4
9928,106,3,8.57,2017Q1
9928,106,6,6.43,2017Q2
9928,106,9,5.82,2017Q3
9928,106,12,4.77,2017Q4
9928,107,3,5.23,2018Q1
9928,107,6,5.29,2018Q2
9928,107,9,5.08,2018Q3
9928,107,12,5.02,2018Q4
9928,108,3,5.01,2019Q1
9928,108,6,4.86,2019Q2
9928,108,9,4.72,2019Q3
9928,108,12,4.86,2019Q4
9928,109,3,4.06,2020Q1
9928,109,6,3.42,2020Q2
9928,109,9,5.08,2020Q3
9928,109,12,5.0,2020Q4
9928,110,3,5.37,2021Q1
9928,110,6,5.51,2021Q2
9928,110,9,5.39,2021Q3
9928,110,12,6.29,2021Q4
9928,111,3,6.69,2022Q1
9928,111,6,16.61,2022Q2
9928,111,9,27.47,2022Q3
9928,111,12,20.51,2022Q4
9928,112,3,19.04,2023Q1
9928,112,6,19.17,2023Q2
9928,112,9,25.0,2023Q3
9928,112,12,25.0,2023Q4
9928,113,3,17.76,2024Q1
9928,113,6,22.17,2024Q2
9928,113,9,20.03,2024Q3
9928,113,12,17.05,2024Q4
9928,114,3,17.73,2025Q1
9928,114,6,,2025Q2
9928,114,9,,2025Q3
9928,114,12,,2025Q4
9929,105,3,13.04,2016Q1
9929,105,6,11.74,2016Q2
9929,105,9,11.06,2016Q3
9929,105,12,11.27,2016Q4
9929,106,3,11.01,2017Q1
9929,106,6,11.08,2017Q2
9929,106,9,10.67,2017Q3
9929,106,12,11.52,2017Q4
9929,107,3,10.72,2018Q1
9929,107,6,12.3,2018Q2
9929,107,9,13.07,2018Q3
9929,107,12,13.92,2018Q4
9929,108,3,17.41,2019Q1
9929,108,6,17.38,2019Q2
9929,108,9,13.99,2019Q3
9929,108,12,12.66,2019Q4
9929,109,3,12.34,2020Q1
9929,109,6,11.26,2020Q2
9929,109,9,13.32,2020Q3
9929,109,12,14.04,2020Q4
9929,110,3,13.03,2021Q1
9929,110,6,11.59,2021Q2
9929,110,9,9.73,2021Q3
9929,110,12,9.39,2021Q4
9929,111,3,9.15,2022Q1
9929,111,6,8.55,2022Q2
9929,111,9,8.63,2022Q3
9929,111,12,8.51,2022Q4
9929,112,3,9.21,2023Q1
9929,112,6,9.11,2023Q2
9929,112,9,15.34,2023Q3
9929,112,12,17.43,2023Q4
9929,113,3,15.37,2024Q1
9929,113,6,16.47,2024Q2
9929,113,9,16.16,2024Q3
9929,113,12,15.76,2024Q4
9929,114,3,15.29,2025Q1
9929,114,6,,2025Q2
9929,114,9,,2025Q3
9929,114,12,,2025Q4
9930,105,3,62.44,2016Q1
9930,105,6,57.91,2016Q2
9930,105,9,54.2,2016Q3
9930,105,12,52.42,2016Q4
9930,106,3,55.62,2017Q1
9930,106,6,55.01,2017Q2
9930,106,9,53.05,2017Q3
9930,106,12,57.51,2017Q4
9930,107,3,58.67,2018Q1
9930,107,6,59.42,2018Q2
9930,107,9,56.25,2018Q3
9930,107,12,50.71,2018Q4
9930,108,3,53.31,2019Q1
9930,108,6,52.58,2019Q2
9930,108,9,51.5,2019Q3
9930,108,12,50.1,2019Q4
9930,109,3,42.06,2020Q1
9930,109,6,45.3,2020Q2
9930,109,9,44.96,2020Q3
9930,109,12,46.1,2020Q4
9930,110,3,46.22,2021Q1
9930,110,6,46.74,2021Q2
9930,110,9,44.96,2021Q3
9930,110,12,44.81,2021Q4
9930,111,3,47.07,2022Q1
9930,111,6,47.54,2022Q2
9930,111,9,46.49,2022Q3
9930,111,12,46.13,2022Q4
9930,112,3,47.94,2023Q1
9930,112,6,54.31,2023Q2
9930,112,9,57.52,2023Q3
9930,112,12,57.64,2023Q4
9930,113,3,60.35,2024Q1
9930,113,6,65.59,2024Q2
9930,113,9,64.53,2024Q3
9930,113,12,66.87,2024Q4
9930,114,3,71.0,2025Q1
9930,114,6,,2025Q2
9930,114,9,,2025Q3
9930,114,12,,2025Q4
9931,105,3,31.15,2016Q1
9931,105,6,31.78,2016Q2
9931,105,9,31.23,2016Q3
9931,105,12,31.51,2016Q4
9931,106,3,31.02,2017Q1
9931,106,6,31.56,2017Q2
9931,106,9,30.55,2017Q3
9931,106,12,31.02,2017Q4
9931,107,3,31.55,2018Q1
9931,107,6,32.8,2018Q2
9931,107,9,31.91,2018Q3
9931,107,12,32.13,2018Q4
9931,108,3,32.61,2019Q1
9931,108,6,33.06,2019Q2
9931,108,9,35.4,2019Q3
9931,108,12,35.53,2019Q4
9931,109,3,34.38,2020Q1
9931,109,6,41.24,2020Q2
9931,109,9,40.59,2020Q3
9931,109,12,42.68,2020Q4
9931,110,3,41.75,2021Q1
9931,110,6,39.55,2021Q2
9931,110,9,39.99,2021Q3
9931,110,12,39.78,2021Q4
9931,111,3,39.64,2022Q1
9931,111,6,40.69,2022Q2
9931,111,9,38.89,2022Q3
9931,111,12,39.23,2022Q4
9931,112,3,39.5,2023Q1
9931,112,6,41.12,2023Q2
9931,112,9,39.59,2023Q3
9931,112,12,39.2,2023Q4
9931,113,3,38.16,2024Q1
9931,113,6,36.98,2024Q2
9931,113,9,34.29,2024Q3
9931,113,12,34.28,2024Q4
9931,114,3,35.3,2025Q1
9931,114,6,,2025Q2
9931,114,9,,2025Q3
9931,114,12,,2025Q4
9933,105,3,42.46,2016Q1
9933,105,6,46.92,2016Q2
9933,105,9,42.69,2016Q3
9933,105,12,49.62,2016Q4
9933,106,3,51.54,2017Q1
9933,106,6,49.84,2017Q2
9933,106,9,48.51,2017Q3
9933,106,12,44.64,2017Q4
9933,107,3,47.1,2018Q1
9933,107,6,49.25,2018Q2
9933,107,9,48.57,2018Q3
9933,107,12,43.57,2018Q4
9933,108,3,48.4,2019Q1
9933,108,6,45.92,2019Q2
9933,108,9,43.28,2019Q3
9933,108,12,38.1,2019Q4
9933,109,3,30.48,2020Q1
9933,109,6,38.26,2020Q2
9933,109,9,38.97,2020Q3
9933,109,12,38.55,2020Q4
9933,110,3,36.72,2021Q1
9933,110,6,38.55,2021Q2
9933,110,9,35.52,2021Q3
9933,110,12,36.47,2021Q4
9933,111,3,44.29,2022Q1
9933,111,6,47.79,2022Q2
9933,111,9,47.83,2022Q3
9933,111,12,42.36,2022Q4
9933,112,3,42.56,2023Q1
9933,112,6,41.88,2023Q2
9933,112,9,40.15,2023Q3
9933,112,12,43.44,2023Q4
9933,113,3,45.31,2024Q1
9933,113,6,51.52,2024Q2
9933,113,9,49.06,2024Q3
9933,113,12,40.1,2024Q4
9933,114,3,41.93,2025Q1
9933,114,6,,2025Q2
9933,114,9,,2025Q3
9933,114,12,,2025Q4
9934,105,3,15.62,2016Q1
9934,105,6,14.18,2016Q2
9934,105,9,16.32,2016Q3
9934,105,12,15.89,2016Q4
9934,106,3,17.71,2017Q1
9934,106,6,21.02,2017Q2
9934,106,9,20.08,2017Q3
9934,106,12,22.61,2017Q4
9934,107,3,20.21,2018Q1
9934,107,6,19.28,2018Q2
9934,107,9,16.12,2018Q3
9934,107,12,16.0,2018Q4
9934,108,3,17.12,2019Q1
9934,108,6,17.91,2019Q2
9934,108,9,16.58,2019Q3
9934,108,12,17.58,2019Q4
9934,109,3,13.4,2020Q1
9934,109,6,13.4,2020Q2
9934,109,9,15.01,2020Q3
9934,109,12,15.47,2020Q4
9934,110,3,16.54,2021Q1
9934,110,6,16.87,2021Q2
9934,110,9,15.42,2021Q3
9934,110,12,14.75,2021Q4
9934,111,3,13.82,2022Q1
9934,111,6,12.08,2022Q2
9934,111,9,12.22,2022Q3
9934,111,12,13.58,2022Q4
9934,112,3,12.79,2023Q1
9934,112,6,13.42,2023Q2
9934,112,9,15.18,2023Q3
9934,112,12,14.95,2023Q4
9934,113,3,16.57,2024Q1
9934,113,6,19.75,2024Q2
9934,113,9,18.25,2024Q3
9934,113,12,14.16,2024Q4
9934,114,3,13.75,2025Q1
9934,114,6,,2025Q2
9934,114,9,,2025Q3
9934,114,12,,2025Q4
9935,105,3,10.95,2016Q1
9935,105,6,10.38,2016Q2
9935,105,9,10.0,2016Q3
9935,105,12,9.01,2016Q4
9935,106,3,9.29,2017Q1
9935,106,6,9.5,2017Q2
9935,106,9,30.99,2017Q3
9935,106,12,25.99,2017Q4
9935,107,3,26.41,2018Q1
9935,107,6,18.75,2018Q2
9935,107,9,16.94,2018Q3
9935,107,12,17.82,2018Q4
9935,108,3,26.12,2019Q1
9935,108,6,24.86,2019Q2
9935,108,9,33.47,2019Q3
9935,108,12,42.31,2019Q4
9935,109,3,27.38,2020Q1
9935,109,6,32.61,2020Q2
9935,109,9,33.63,2020Q3
9935,109,12,29.53,2020Q4
9935,110,3,28.29,2021Q1
9935,110,6,21.95,2021Q2
9935,110,9,20.93,2021Q3
9935,110,12,19.81,2021Q4
9935,111,3,17.49,2022Q1
9935,111,6,19.34,2022Q2
9935,111,9,17.75,2022Q3
9935,111,12,17.49,2022Q4
9935,112,3,18.68,2023Q1
9935,112,6,19.47,2023Q2
9935,112,9,17.5,2023Q3
9935,112,12,20.73,2023Q4
9935,113,3,21.96,2024Q1
9935,113,6,25.79,2024Q2
9935,113,9,32.49,2024Q3
9935,113,12,29.96,2024Q4
9935,114,3,32.23,2025Q1
9935,114,6,,2025Q2
9935,114,9,,2025Q3
9935,114,12,,2025Q4
9937,105,3,36.06,2016Q1
9937,105,6,36.57,2016Q2
9937,105,9,36.51,2016Q3
9937,105,12,38.54,2016Q4
9937,106,3,38.28,2017Q1
9937,106,6,39.12,2017Q2
9937,106,9,38.57,2017Q3
9937,106,12,39.47,2017Q4
9937,107,3,40.69,2018Q1
9937,107,6,40.06,2018Q2
9937,107,9,39.77,2018Q3
9937,107,12,37.05,2018Q4
9937,108,3,37.05,2019Q1
9937,108,6,42.83,2019Q2
9937,108,9,40.91,2019Q3
9937,108,12,44.15,2019Q4
9937,109,3,40.91,2020Q1
9937,109,6,44.78,2020Q2
9937,109,9,46.16,2020Q3
9937,109,12,50.82,2020Q4
9937,110,3,50.56,2021Q1
9937,110,6,47.56,2021Q2
9937,110,9,48.53,2021Q3
9937,110,12,48.72,2021Q4
9937,111,3,49.01,2022Q1
9937,111,6,52.33,2022Q2
9937,111,9,49.48,2022Q3
9937,111,12,51.7,2022Q4
9937,112,3,63.7,2023Q1
9937,112,6,68.99,2023Q2
9937,112,9,68.86,2023Q3
9937,112,12,69.58,2023Q4
9937,113,3,67.42,2024Q1
9937,113,6,67.14,2024Q2
9937,113,9,65.76,2024Q3
9937,113,12,64.85,2024Q4
9937,114,3,64.88,2025Q1
9937,114,6,,2025Q2
9937,114,9,,2025Q3
9937,114,12,,2025Q4
9938,105,3,91.82,2016Q1
9938,105,6,87.07,2016Q2
9938,105,9,103.86,2016Q3
9938,105,12,95.82,2016Q4
9938,106,3,104.17,2017Q1
9938,106,6,106.66,2017Q2
9938,106,9,132.3,2017Q3
9938,106,12,120.81,2017Q4
9938,107,3,84.21,2018Q1
9938,107,6,70.88,2018Q2
9938,107,9,68.28,2018Q3
9938,107,12,50.74,2018Q4
9938,108,3,69.93,2019Q1
9938,108,6,86.08,2019Q2
9938,108,9,81.17,2019Q3
9938,108,12,81.03,2019Q4
9938,109,3,55.6,2020Q1
9938,109,6,67.44,2020Q2
9938,109,9,71.76,2020Q3
9938,109,12,73.18,2020Q4
9938,110,3,80.9,2021Q1
9938,110,6,100.26,2021Q2
9938,110,9,85.87,2021Q3
9938,110,12,80.55,2021Q4
9938,111,3,70.51,2022Q1
9938,111,6,68.67,2022Q2
9938,111,9,64.24,2022Q3
9938,111,12,56.45,2022Q4
9938,112,3,59.74,2023Q1
9938,112,6,54.25,2023Q2
9938,112,9,53.93,2023Q3
9938,112,12,61.68,2023Q4
9938,113,3,56.51,2024Q1
9938,113,6,66.64,2024Q2
9938,113,9,70.01,2024Q3
9938,113,12,77.51,2024Q4
9938,114,3,67.73,2025Q1
9938,114,6,,2025Q2
9938,114,9,,2025Q3
9938,114,12,,2025Q4
9939,105,3,48.41,2016Q1
9939,105,6,48.16,2016Q2
9939,105,9,47.47,2016Q3
9939,105,12,53.49,2016Q4
9939,106,3,60.07,2017Q1
9939,106,6,61.93,2017Q2
9939,106,9,55.51,2017Q3
9939,106,12,57.11,2017Q4
9939,107,3,55.02,2018Q1
9939,107,6,53.48,2018Q2
9939,107,9,51.46,2018Q3
9939,107,12,47.31,2018Q4
9939,108,3,49.8,2019Q1
9939,108,6,53.9,2019Q2
9939,108,9,57.66,2019Q3
9939,108,12,60.5,2019Q4
9939,109,3,49.2,2020Q1
9939,109,6,55.21,2020Q2
9939,109,9,56.6,2020Q3
9939,109,12,59.19,2020Q4
9939,110,3,66.54,2021Q1
9939,110,6,73.74,2021Q2
9939,110,9,71.9,2021Q3
9939,110,12,69.26,2021Q4
9939,111,3,76.69,2022Q1
9939,111,6,77.65,2022Q2
9939,111,9,81.62,2022Q3
9939,111,12,85.24,2022Q4
9939,112,3,99.02,2023Q1
9939,112,6,103.85,2023Q2
9939,112,9,105.41,2023Q3
9939,112,12,123.14,2023Q4
9939,113,3,145.69,2024Q1
9939,113,6,165.84,2024Q2
9939,113,9,162.39,2024Q3
9939,113,12,146.75,2024Q4
9939,114,3,160.84,2025Q1
9939,114,6,,2025Q2
9939,114,9,,2025Q3
9939,114,12,,2025Q4
9940,105,3,27.64,2016Q1
9940,105,6,28.35,2016Q2
9940,105,9,28.33,2016Q3
9940,105,12,32.6,2016Q4
9940,106,3,34.97,2017Q1
9940,106,6,33.51,2017Q2
9940,106,9,32.46,2017Q3
9940,106,12,38.03,2017Q4
9940,107,3,42.6,2018Q1
9940,107,6,40.1,2018Q2
9940,107,9,33.74,2018Q3
9940,107,12,29.64,2018Q4
9940,108,3,30.79,2019Q1
9940,108,6,32.52,2019Q2
9940,108,9,31.85,2019Q3
9940,108,12,31.25,2019Q4
9940,109,3,25.05,2020Q1
9940,109,6,27.87,2020Q2
9940,109,9,29.47,2020Q3
9940,109,12,29.28,2020Q4
9940,110,3,29.47,2021Q1
9940,110,6,30.5,2021Q2
9940,110,9,31.09,2021Q3
9940,110,12,35.52,2021Q4
9940,111,3,35.78,2022Q1
9940,111,6,32.16,2022Q2
9940,111,9,30.66,2022Q3
9940,111,12,27.75,2022Q4
9940,112,3,28.66,2023Q1
9940,112,6,29.08,2023Q2
9940,112,9,28.76,2023Q3
9940,112,12,29.82,2023Q4
9940,113,3,29.82,2024Q1
9940,113,6,32.22,2024Q2
9940,113,9,30.92,2024Q3
9940,113,12,28.96,2024Q4
9940,114,3,29.83,2025Q1
9940,114,6,,2025Q2
9940,114,9,,2025Q3
9940,114,12,,2025Q4
9941,105,3,75.38,2016Q1
9941,105,6,73.7,2016Q2
9941,105,9,70.97,2016Q3
9941,105,12,77.52,2016Q4
9941,106,3,87.6,2017Q1
9941,106,6,106.36,2017Q2
9941,106,9,105.79,2017Q3
9941,106,12,108.24,2017Q4
9941,107,3,117.79,2018Q1
9941,107,6,119.89,2018Q2
9941,107,9,102.31,2018Q3
9941,107,12,91.02,2018Q4
9941,108,3,107.52,2019Q1
9941,108,6,113.7,2019Q2
9941,108,9,113.4,2019Q3
9941,108,12,114.95,2019Q4
9941,109,3,88.58,2020Q1
9941,109,6,107.9,2020Q2
9941,109,9,99.01,2020Q3
9941,109,12,99.94,2020Q4
9941,110,3,116.98,2021Q1
9941,110,6,137.77,2021Q2
9941,110,9,164.35,2021Q3
9941,110,12,171.8,2021Q4
9941,111,3,217.16,2022Q1
9941,111,6,216.67,2022Q2
9941,111,9,153.33,2022Q3
9941,111,12,157.72,2022Q4
9941,112,3,176.93,2023Q1
9941,112,6,197.99,2023Q2
9941,112,9,180.41,2023Q3
9941,112,12,185.47,2023Q4
9941,113,3,149.41,2024Q1
9941,113,6,155.0,2024Q2
9941,113,9,139.98,2024Q3
9941,113,12,105.6,2024Q4
9941,114,3,114.53,2025Q1
9941,114,6,,2025Q2
9941,114,9,,2025Q3
9941,114,12,,2025Q4
9942,105,3,88.0,2016Q1
9942,105,6,79.95,2016Q2
9942,105,9,86.58,2016Q3
9942,105,12,83.68,2016Q4
9942,106,3,80.15,2017Q1
9942,106,6,81.34,2017Q2
9942,106,9,81.77,2017Q3
9942,106,12,89.33,2017Q4
9942,107,3,90.27,2018Q1
9942,107,6,86.31,2018Q2
9942,107,9,78.79,2018Q3
9942,107,12,67.88,2018Q4
9942,108,3,71.93,2019Q1
9942,108,6,72.3,2019Q2
9942,108,9,70.91,2019Q3
9942,108,12,69.37,2019Q4
9942,109,3,58.97,2020Q1
9942,109,6,66.2,2020Q2
9942,109,9,64.13,2020Q3
9942,109,12,67.95,2020Q4
9942,110,3,92.46,2021Q1
9942,110,6,97.55,2021Q2
9942,110,9,86.95,2021Q3
9942,110,12,91.93,2021Q4
9942,111,3,88.9,2022Q1
9942,111,6,85.03,2022Q2
9942,111,9,101.88,2022Q3
9942,111,12,109.54,2022Q4
9942,112,3,118.98,2023Q1
9942,112,6,153.26,2023Q2
9942,112,9,137.46,2023Q3
9942,112,12,136.5,2023Q4
9942,113,3,136.14,2024Q1
9942,113,6,127.94,2024Q2
9942,113,9,113.56,2024Q3
9942,113,12,113.86,2024Q4
9942,114,3,118.72,2025Q1
9942,114,6,,2025Q2
9942,114,9,,2025Q3
9942,114,12,,2025Q4
9943,105,3,57.45,2016Q1
9943,105,6,53.6,2016Q2
9943,105,9,49.3,2016Q3
9943,105,12,51.01,2016Q4
9943,106,3,53.28,2017Q1
9943,106,6,54.73,2017Q2
9943,106,9,50.27,2017Q3
9943,106,12,52.38,2017Q4
9943,107,3,53.69,2018Q1
9943,107,6,58.78,2018Q2
9943,107,9,57.87,2018Q3
9943,107,12,57.53,2018Q4
9943,108,3,63.92,2019Q1
9943,108,6,66.74,2019Q2
9943,108,9,68.4,2019Q3
9943,108,12,70.39,2019Q4
9943,109,3,55.44,2020Q1
9943,109,6,68.89,2020Q2
9943,109,9,62.76,2020Q3
9943,109,12,62.79,2020Q4
9943,110,3,65.6,2021Q1
9943,110,6,63.35,2021Q2
9943,110,9,61.39,2021Q3
9943,110,12,60.43,2021Q4
9943,111,3,58.5,2022Q1
9943,111,6,55.3,2022Q2
9943,111,9,57.18,2022Q3
9943,111,12,62.98,2022Q4
9943,112,3,67.88,2023Q1
9943,112,6,101.8,2023Q2
9943,112,9,89.18,2023Q3
9943,112,12,90.92,2023Q4
9943,113,3,88.47,2024Q1
9943,113,6,89.9,2024Q2
9943,113,9,82.07,2024Q3
9943,113,12,79.22,2024Q4
9943,114,3,80.07,2025Q1
9943,114,6,,2025Q2
9943,114,9,,2025Q3
9943,114,12,,2025Q4
9944,105,3,24.7,2016Q1
9944,105,6,21.23,2016Q2
9944,105,9,23.92,2016Q3
9944,105,12,21.58,2016Q4
9944,106,3,22.02,2017Q1
9944,106,6,19.62,2017Q2
9944,106,9,19.31,2017Q3
9944,106,12,19.66,2017Q4
9944,107,3,19.7,2018Q1
9944,107,6,18.91,2018Q2
9944,107,9,16.14,2018Q3
9944,107,12,16.37,2018Q4
9944,108,3,16.15,2019Q1
9944,108,6,18.55,2019Q2
9944,108,9,17.29,2019Q3
9944,108,12,17.24,2019Q4
9944,109,3,18.22,2020Q1
9944,109,6,22.89,2020Q2
9944,109,9,22.67,2020Q3
9944,109,12,22.64,2020Q4
9944,110,3,20.6,2021Q1
9944,110,6,21.78,2021Q2
9944,110,9,20.94,2021Q3
9944,110,12,23.76,2021Q4
9944,111,3,21.37,2022Q1
9944,111,6,19.88,2022Q2
9944,111,9,20.55,2022Q3
9944,111,12,20.52,2022Q4
9944,112,3,20.39,2023Q1
9944,112,6,23.02,2023Q2
9944,112,9,19.67,2023Q3
9944,112,12,20.29,2023Q4
9944,113,3,20.09,2024Q1
9944,113,6,22.71,2024Q2
9944,113,9,20.21,2024Q3
9944,113,12,20.17,2024Q4
9944,114,3,19.84,2025Q1
9944,114,6,,2025Q2
9944,114,9,,2025Q3
9944,114,12,,2025Q4
9945,105,3,44.4,2016Q1
9945,105,6,37.45,2016Q2
9945,105,9,37.93,2016Q3
9945,105,12,37.39,2016Q4
9945,106,3,37.84,2017Q1
9945,106,6,33.97,2017Q2
9945,106,9,28.79,2017Q3
9945,106,12,30.85,2017Q4
9945,107,3,34.08,2018Q1
9945,107,6,36.0,2018Q2
9945,107,9,34.78,2018Q3
9945,107,12,46.72,2018Q4
9945,108,3,47.36,2019Q1
9945,108,6,43.88,2019Q2
9945,108,9,42.7,2019Q3
9945,108,12,45.04,2019Q4
9945,109,3,35.32,2020Q1
9945,109,6,49.6,2020Q2
9945,109,9,40.87,2020Q3
9945,109,12,40.88,2020Q4
9945,110,3,45.37,2021Q1
9945,110,6,54.45,2021Q2
9945,110,9,71.89,2021Q3
9945,110,12,62.87,2021Q4
9945,111,3,73.03,2022Q1
9945,111,6,75.6,2022Q2
9945,111,9,57.12,2022Q3
9945,111,12,44.75,2022Q4
9945,112,3,37.37,2023Q1
9945,112,6,36.27,2023Q2
9945,112,9,35.74,2023Q3
9945,112,12,36.89,2023Q4
9945,113,3,35.37,2024Q1
9945,113,6,45.74,2024Q2
9945,113,9,47.3,2024Q3
9945,113,12,44.4,2024Q4
9945,114,3,38.58,2025Q1
9945,114,6,,2025Q2
9945,114,9,,2025Q3
9945,114,12,,2025Q4
9946,105,3,14.76,2016Q1
9946,105,6,13.51,2016Q2
9946,105,9,11.82,2016Q3
9946,105,12,11.17,2016Q4
9946,106,3,12.14,2017Q1
9946,106,6,11.96,2017Q2
9946,106,9,10.87,2017Q3
9946,106,12,11.87,2017Q4
9946,107,3,12.95,2018Q1
9946,107,6,15.14,2018Q2
9946,107,9,13.79,2018Q3
9946,107,12,12.47,2018Q4
9946,108,3,14.35,2019Q1
9946,108,6,20.88,2019Q2
9946,108,9,23.61,2019Q3
9946,108,12,27.01,2019Q4
9946,109,3,15.4,2020Q1
9946,109,6,15.04,2020Q2
9946,109,9,17.51,2020Q3
9946,109,12,16.72,2020Q4
9946,110,3,16.87,2021Q1
9946,110,6,14.85,2021Q2
9946,110,9,16.7,2021Q3
9946,110,12,15.06,2021Q4
9946,111,3,13.77,2022Q1
9946,111,6,12.97,2022Q2
9946,111,9,13.24,2022Q3
9946,111,12,12.29,2022Q4
9946,112,3,11.97,2023Q1
9946,112,6,14.63,2023Q2
9946,112,9,14.47,2023Q3
9946,112,12,20.09,2023Q4
9946,113,3,24.47,2024Q1
9946,113,6,44.4,2024Q2
9946,113,9,31.33,2024Q3
9946,113,12,24.0,2024Q4
9946,114,3,24.46,2025Q1
9946,114,6,,2025Q2
9946,114,9,,2025Q3
9946,114,12,,2025Q4
9955,105,3,14.27,2016Q1
9955,105,6,13.44,2016Q2
9955,105,9,17.92,2016Q3
9955,105,12,15.89,2016Q4
9955,106,3,16.43,2017Q1
9955,106,6,14.3,2017Q2
9955,106,9,14.66,2017Q3
9955,106,12,14.63,2017Q4
9955,107,3,13.87,2018Q1
9955,107,6,12.89,2018Q2
9955,107,9,13.66,2018Q3
9955,107,12,12.76,2018Q4
9955,108,3,12.78,2019Q1
9955,108,6,19.79,2019Q2
9955,108,9,20.04,2019Q3
9955,108,12,18.5,2019Q4
9955,109,3,15.31,2020Q1
9955,109,6,16.67,2020Q2
9955,109,9,20.96,2020Q3
9955,109,12,20.2,2020Q4
9955,110,3,18.73,2021Q1
9955,110,6,19.23,2021Q2
9955,110,9,16.9,2021Q3
9955,110,12,17.14,2021Q4
9955,111,3,29.96,2022Q1
9955,111,6,23.02,2022Q2
9955,111,9,21.02,2022Q3
9955,111,12,20.75,2022Q4
9955,112,3,24.95,2023Q1
9955,112,6,25.06,2023Q2
9955,112,9,22.1,2023Q3
9955,112,12,25.55,2023Q4
9955,113,3,24.83,2024Q1
9955,113,6,33.2,2024Q2
9955,113,9,37.07,2024Q3
9955,113,12,29.13,2024Q4
9955,114,3,30.32,2025Q1
9955,114,6,,2025Q2
9955,114,9,,2025Q3
9955,114,12,,2025Q4
9958,105,3,10.66,2016Q1
9958,105,6,9.9,2016Q2
9958,105,9,9.94,2016Q3
9958,105,12,9.65,2016Q4
9958,106,3,9.81,2017Q1
9958,106,6,9.39,2017Q2
9958,106,9,13.39,2017Q3
9958,106,12,18.31,2017Q4
9958,107,3,67.94,2018Q1
9958,107,6,64.57,2018Q2
9958,107,9,85.97,2018Q3
9958,107,12,65.05,2018Q4
9958,108,3,73.08,2019Q1
9958,108,6,68.31,2019Q2
9958,108,9,76.26,2019Q3
9958,108,12,73.15,2019Q4
9958,109,3,79.36,2020Q1
9958,109,6,89.03,2020Q2
9958,109,9,130.22,2020Q3
9958,109,12,117.16,2020Q4
9958,110,3,110.72,2021Q1
9958,110,6,128.78,2021Q2
9958,110,9,109.01,2021Q3
9958,110,12,114.3,2021Q4
9958,111,3,114.42,2022Q1
9958,111,6,108.27,2022Q2
9958,111,9,73.23,2022Q3
9958,111,12,88.84,2022Q4
9958,112,3,99.11,2023Q1
9958,112,6,120.92,2023Q2
9958,112,9,176.19,2023Q3
9958,112,12,178.92,2023Q4
9958,113,3,232.46,2024Q1
9958,113,6,329.27,2024Q2
9958,113,9,229.29,2024Q3
9958,113,12,176.54,2024Q4
9958,114,3,186.38,2025Q1
9958,114,6,,2025Q2
9958,114,9,,2025Q3
9958,114,12,,2025Q4
