公司代號,年度,月份,收盤價,year_quarter
1259,105,3,71.1,2016Q1
1259,105,6,71.1,2016Q2
1259,105,9,87.7,2016Q3
1259,105,12,76.5,2016Q4
1259,106,3,77.5,2017Q1
1259,106,6,96.7,2017Q2
1259,106,9,82.9,2017Q3
1259,106,12,89.4,2017Q4
1259,107,3,81.1,2018Q1
1259,107,6,76.3,2018Q2
1259,107,9,70.0,2018Q3
1259,107,12,64.8,2018Q4
1259,108,3,67.7,2019Q1
1259,108,6,69.0,2019Q2
1259,108,9,68.8,2019Q3
1259,108,12,77.0,2019Q4
1259,109,3,63.2,2020Q1
1259,109,6,68.9,2020Q2
1259,109,9,66.4,2020Q3
1259,109,12,70.0,2020Q4
1259,110,3,69.8,2021Q1
1259,110,6,67.0,2021Q2
1259,110,9,69.9,2021Q3
1259,110,12,68.5,2021Q4
1259,111,3,67.5,2022Q1
1259,111,6,68.0,2022Q2
1259,111,9,72.7,2022Q3
1259,111,12,73.6,2022Q4
1259,112,3,74.4,2023Q1
1259,112,6,74.5,2023Q2
1259,112,9,74.6,2023Q3
1259,112,12,76.8,2023Q4
1259,113,3,74.9,2024Q1
1259,113,6,71.8,2024Q2
1259,113,9,68.4,2024Q3
1259,113,12,63.5,2024Q4
1259,114,3,60.0,2025Q1
1264,105,3,193.0,2016Q1
1264,105,6,186.5,2016Q2
1264,105,9,192.0,2016Q3
1264,105,12,201.5,2016Q4
1264,106,3,237.0,2017Q1
1264,106,6,253.0,2017Q2
1264,106,9,224.0,2017Q3
1264,106,12,235.0,2017Q4
1264,107,3,229.0,2018Q1
1264,107,6,209.0,2018Q2
1264,107,9,209.5,2018Q3
1264,107,12,194.0,2018Q4
1264,108,3,213.0,2019Q1
1264,108,6,221.0,2019Q2
1264,108,9,224.5,2019Q3
1264,108,12,222.0,2019Q4
1264,109,3,196.0,2020Q1
1264,109,6,216.5,2020Q2
1264,109,9,220.0,2020Q3
1264,109,12,244.5,2020Q4
1264,110,3,275.5,2021Q1
1264,110,6,302.0,2021Q2
1264,110,9,301.5,2021Q3
1264,110,12,293.0,2021Q4
1264,111,3,282.0,2022Q1
1264,111,6,256.0,2022Q2
1264,111,9,256.5,2022Q3
1264,111,12,257.0,2022Q4
1264,112,3,269.0,2023Q1
1264,112,6,289.0,2023Q2
1264,112,9,286.5,2023Q3
1264,112,12,291.5,2023Q4
1264,113,3,305.0,2024Q1
1264,113,6,319.0,2024Q2
1264,113,9,315.5,2024Q3
1264,113,12,312.5,2024Q4
1264,114,3,306.5,2025Q1
1336,105,3,7.99,2016Q1
1336,105,6,10.4,2016Q2
1336,105,9,9.25,2016Q3
1336,105,12,8.7,2016Q4
1336,106,3,11.7,2017Q1
1336,106,6,17.7,2017Q2
1336,106,9,21.45,2017Q3
1336,106,12,19.0,2017Q4
1336,107,3,17.2,2018Q1
1336,107,6,17.05,2018Q2
1336,107,9,16.45,2018Q3
1336,107,12,15.1,2018Q4
1336,108,3,15.15,2019Q1
1336,108,6,14.3,2019Q2
1336,108,9,14.3,2019Q3
1336,108,12,15.35,2019Q4
1336,109,3,13.25,2020Q1
1336,109,6,16.1,2020Q2
1336,109,9,16.8,2020Q3
1336,109,12,24.5,2020Q4
1336,110,3,25.75,2021Q1
1336,110,6,23.85,2021Q2
1336,110,9,21.75,2021Q3
1336,110,12,21.4,2021Q4
1336,111,3,19.95,2022Q1
1336,111,6,19.35,2022Q2
1336,111,9,25.1,2022Q3
1336,111,12,24.6,2022Q4
1336,112,3,26.7,2023Q1
1336,112,6,24.2,2023Q2
1336,112,9,22.25,2023Q3
1336,112,12,21.2,2023Q4
1336,113,3,20.5,2024Q1
1336,113,6,20.3,2024Q2
1336,113,9,26.5,2024Q3
1336,113,12,24.7,2024Q4
1336,114,3,24.25,2025Q1
1565,105,3,657.0,2016Q1
1565,105,6,723.0,2016Q2
1565,105,9,729.0,2016Q3
1565,105,12,615.0,2016Q4
1565,106,3,615.0,2017Q1
1565,106,6,636.0,2017Q2
1565,106,9,644.0,2017Q3
1565,106,12,975.0,2017Q4
1565,107,3,848.0,2018Q1
1565,107,6,698.0,2018Q2
1565,107,9,671.0,2018Q3
1565,107,12,538.0,2018Q4
1565,108,3,600.0,2019Q1
1565,108,6,551.0,2019Q2
1565,108,9,443.0,2019Q3
1565,108,12,454.5,2019Q4
1565,109,3,311.0,2020Q1
1565,109,6,353.0,2020Q2
1565,109,9,283.5,2020Q3
1565,109,12,280.0,2020Q4
1565,110,3,344.5,2021Q1
1565,110,6,341.0,2021Q2
1565,110,9,303.0,2021Q3
1565,110,12,313.5,2021Q4
1565,111,3,287.5,2022Q1
1565,111,6,263.0,2022Q2
1565,111,9,226.0,2022Q3
1565,111,12,246.5,2022Q4
1565,112,3,259.0,2023Q1
1565,112,6,231.5,2023Q2
1565,112,9,192.5,2023Q3
1565,112,12,190.0,2023Q4
1565,113,3,189.5,2024Q1
1565,113,6,188.0,2024Q2
1565,113,9,197.0,2024Q3
1565,113,12,197.5,2024Q4
1565,114,3,186.5,2025Q1
1569,105,3,9.58,2016Q1
1569,105,6,9.5,2016Q2
1569,105,9,20.7,2016Q3
1569,105,12,32.1,2016Q4
1569,106,3,28.35,2017Q1
1569,106,6,37.2,2017Q2
1569,106,9,40.25,2017Q3
1569,106,12,39.3,2017Q4
1569,107,3,38.65,2018Q1
1569,107,6,26.6,2018Q2
1569,107,9,16.6,2018Q3
1569,107,12,12.45,2018Q4
1569,108,3,20.55,2019Q1
1569,108,6,19.05,2019Q2
1569,108,9,22.0,2019Q3
1569,108,12,25.75,2019Q4
1569,109,3,14.95,2020Q1
1569,109,6,26.0,2020Q2
1569,109,9,26.9,2020Q3
1569,109,12,28.5,2020Q4
1569,110,3,30.75,2021Q1
1569,110,6,25.6,2021Q2
1569,110,9,26.6,2021Q3
1569,110,12,25.5,2021Q4
1569,111,3,25.05,2022Q1
1569,111,6,24.2,2022Q2
1569,111,9,23.8,2022Q3
1569,111,12,22.0,2022Q4
1569,112,3,25.4,2023Q1
1569,112,6,24.0,2023Q2
1569,112,9,22.65,2023Q3
1569,112,12,23.8,2023Q4
1569,113,3,24.6,2024Q1
1569,113,6,24.5,2024Q2
1569,113,9,35.5,2024Q3
1569,113,12,50.7,2024Q4
1569,114,3,74.2,2025Q1
1570,105,3,16.35,2016Q1
1570,105,6,14.45,2016Q2
1570,105,9,15.2,2016Q3
1570,105,12,14.0,2016Q4
1570,106,3,13.85,2017Q1
1570,106,6,14.75,2017Q2
1570,106,9,16.1,2017Q3
1570,106,12,14.9,2017Q4
1570,107,3,14.15,2018Q1
1570,107,6,13.8,2018Q2
1570,107,9,13.05,2018Q3
1570,107,12,12.2,2018Q4
1570,108,3,13.7,2019Q1
1570,108,6,13.7,2019Q2
1570,108,9,12.55,2019Q3
1570,108,12,14.15,2019Q4
1570,109,3,12.1,2020Q1
1570,109,6,14.1,2020Q2
1570,109,9,13.25,2020Q3
1570,109,12,13.15,2020Q4
1570,110,3,15.2,2021Q1
1570,110,6,16.75,2021Q2
1570,110,9,19.85,2021Q3
1570,110,12,23.25,2021Q4
1570,111,3,18.7,2022Q1
1570,111,6,16.6,2022Q2
1570,111,9,15.85,2022Q3
1570,111,12,16.85,2022Q4
1570,112,3,17.9,2023Q1
1570,112,6,19.5,2023Q2
1570,112,9,20.05,2023Q3
1570,112,12,21.2,2023Q4
1570,113,3,33.0,2024Q1
1570,113,6,32.2,2024Q2
1570,113,9,29.65,2024Q3
1570,113,12,29.05,2024Q4
1570,114,3,25.85,2025Q1
1580,105,3,116.5,2016Q1
1580,105,6,106.5,2016Q2
1580,105,9,142.0,2016Q3
1580,105,12,141.5,2016Q4
1580,106,3,139.0,2017Q1
1580,106,6,178.0,2017Q2
1580,106,9,154.5,2017Q3
1580,106,12,170.0,2017Q4
1580,107,3,163.5,2018Q1
1580,107,6,152.5,2018Q2
1580,107,9,138.5,2018Q3
1580,107,12,111.5,2018Q4
1580,108,3,120.0,2019Q1
1580,108,6,116.0,2019Q2
1580,108,9,104.5,2019Q3
1580,108,12,116.5,2019Q4
1580,109,3,84.0,2020Q1
1580,109,6,87.8,2020Q2
1580,109,9,76.4,2020Q3
1580,109,12,85.2,2020Q4
1580,110,3,108.5,2021Q1
1580,110,6,108.5,2021Q2
1580,110,9,101.0,2021Q3
1580,110,12,106.0,2021Q4
1580,111,3,107.0,2022Q1
1580,111,6,90.9,2022Q2
1580,111,9,90.4,2022Q3
1580,111,12,90.9,2022Q4
1580,112,3,101.5,2023Q1
1580,112,6,124.5,2023Q2
1580,112,9,127.0,2023Q3
1580,112,12,153.0,2023Q4
1580,113,3,160.0,2024Q1
1580,113,6,161.0,2024Q2
1580,113,9,151.5,2024Q3
1580,113,12,147.5,2024Q4
1580,114,3,146.5,2025Q1
1584,105,3,13.5,2016Q1
1584,105,6,13.9,2016Q2
1584,105,9,14.1,2016Q3
1584,105,12,14.3,2016Q4
1584,106,3,17.5,2017Q1
1584,106,6,12.1,2017Q2
1584,106,9,11.85,2017Q3
1584,106,12,11.55,2017Q4
1584,107,3,11.3,2018Q1
1584,107,6,8.17,2018Q2
1584,107,9,7.76,2018Q3
1584,107,12,6.78,2018Q4
1584,108,3,8.06,2019Q1
1584,108,6,9.45,2019Q2
1584,108,9,9.19,2019Q3
1584,108,12,9.2,2019Q4
1584,109,3,7.19,2020Q1
1584,109,6,7.93,2020Q2
1584,109,9,8.99,2020Q3
1584,109,12,11.85,2020Q4
1584,110,3,12.15,2021Q1
1584,110,6,16.05,2021Q2
1584,110,9,18.35,2021Q3
1584,110,12,17.65,2021Q4
1584,111,3,17.3,2022Q1
1584,111,6,18.0,2022Q2
1584,111,9,17.1,2022Q3
1584,111,12,22.35,2022Q4
1584,112,3,31.05,2023Q1
1584,112,6,38.1,2023Q2
1584,112,9,37.55,2023Q3
1584,112,12,35.7,2023Q4
1584,113,3,35.25,2024Q1
1584,113,6,33.1,2024Q2
1584,113,9,38.1,2024Q3
1584,113,12,28.85,2024Q4
1584,114,3,28.0,2025Q1
1586,105,3,31.5,2016Q1
1586,105,6,32.15,2016Q2
1586,105,9,22.6,2016Q3
1586,105,12,23.5,2016Q4
1586,106,3,29.2,2017Q1
1586,106,6,29.2,2017Q2
1586,106,9,44.7,2017Q3
1586,106,12,48.45,2017Q4
1586,107,3,46.4,2018Q1
1586,107,6,41.0,2018Q2
1586,107,9,38.0,2018Q3
1586,107,12,35.85,2018Q4
1586,108,3,34.15,2019Q1
1586,108,6,34.6,2019Q2
1586,108,9,32.8,2019Q3
1586,108,12,34.9,2019Q4
1586,109,3,33.8,2020Q1
1586,109,6,37.6,2020Q2
1586,109,9,41.4,2020Q3
1586,109,12,42.7,2020Q4
1586,110,3,44.55,2021Q1
1586,110,6,42.85,2021Q2
1586,110,9,39.9,2021Q3
1586,110,12,41.85,2021Q4
1586,111,3,40.05,2022Q1
1586,111,6,38.05,2022Q2
1586,111,9,37.0,2022Q3
1586,111,12,33.5,2022Q4
1586,112,3,33.25,2023Q1
1586,112,6,33.4,2023Q2
1586,112,9,33.7,2023Q3
1586,112,12,33.7,2023Q4
1586,113,3,32.0,2024Q1
1586,113,6,31.55,2024Q2
1586,113,9,33.0,2024Q3
1586,113,12,27.4,2024Q4
1586,114,3,29.55,2025Q1
1591,105,3,19.2,2016Q1
1591,105,6,23.45,2016Q2
1591,105,9,32.8,2016Q3
1591,105,12,23.9,2016Q4
1591,106,3,21.15,2017Q1
1591,106,6,29.95,2017Q2
1591,106,9,30.0,2017Q3
1591,106,12,35.2,2017Q4
1591,107,3,39.6,2018Q1
1591,107,6,35.0,2018Q2
1591,107,9,32.3,2018Q3
1591,107,12,40.4,2018Q4
1591,108,3,39.9,2019Q1
1591,108,6,34.3,2019Q2
1591,108,9,22.85,2019Q3
1591,108,12,22.85,2019Q4
1591,109,3,17.5,2020Q1
1591,109,6,20.9,2020Q2
1591,109,9,15.85,2020Q3
1591,109,12,19.4,2020Q4
1591,110,3,18.5,2021Q1
1591,110,6,16.6,2021Q2
1591,110,9,15.85,2021Q3
1591,110,12,14.7,2021Q4
1591,111,3,21.75,2022Q1
1591,111,6,19.6,2022Q2
1591,111,9,14.6,2022Q3
1591,111,12,16.8,2022Q4
1591,112,3,27.4,2023Q1
1591,112,6,35.35,2023Q2
1591,112,9,41.9,2023Q3
1591,112,12,51.5,2023Q4
1591,113,3,66.9,2024Q1
1591,113,6,68.7,2024Q2
1591,113,9,46.6,2024Q3
1591,113,12,53.0,2024Q4
1591,114,3,45.8,2025Q1
1593,105,3,41.3,2016Q1
1593,105,6,39.85,2016Q2
1593,105,9,39.1,2016Q3
1593,105,12,39.7,2016Q4
1593,106,3,40.2,2017Q1
1593,106,6,41.05,2017Q2
1593,106,9,42.0,2017Q3
1593,106,12,50.8,2017Q4
1593,107,3,52.0,2018Q1
1593,107,6,46.9,2018Q2
1593,107,9,43.4,2018Q3
1593,107,12,40.95,2018Q4
1593,108,3,51.7,2019Q1
1593,108,6,56.7,2019Q2
1593,108,9,48.05,2019Q3
1593,108,12,50.8,2019Q4
1593,109,3,41.8,2020Q1
1593,109,6,53.8,2020Q2
1593,109,9,59.0,2020Q3
1593,109,12,74.6,2020Q4
1593,110,3,129.0,2021Q1
1593,110,6,102.5,2021Q2
1593,110,9,90.3,2021Q3
1593,110,12,83.1,2021Q4
1593,111,3,71.1,2022Q1
1593,111,6,49.25,2022Q2
1593,111,9,55.5,2022Q3
1593,111,12,68.3,2022Q4
1593,112,3,74.8,2023Q1
1593,112,6,79.7,2023Q2
1593,112,9,64.3,2023Q3
1593,112,12,51.9,2023Q4
1593,113,3,47.35,2024Q1
1593,113,6,40.0,2024Q2
1593,113,9,43.25,2024Q3
1593,113,12,36.4,2024Q4
1593,114,3,36.4,2025Q1
1595,105,3,55.5,2016Q1
1595,105,6,47.8,2016Q2
1595,105,9,43.4,2016Q3
1595,105,12,39.95,2016Q4
1595,106,3,51.9,2017Q1
1595,106,6,50.8,2017Q2
1595,106,9,67.3,2017Q3
1595,106,12,62.3,2017Q4
1595,107,3,66.2,2018Q1
1595,107,6,62.6,2018Q2
1595,107,9,50.4,2018Q3
1595,107,12,45.5,2018Q4
1595,108,3,46.65,2019Q1
1595,108,6,41.65,2019Q2
1595,108,9,41.25,2019Q3
1595,108,12,39.6,2019Q4
1595,109,3,25.9,2020Q1
1595,109,6,35.4,2020Q2
1595,109,9,31.25,2020Q3
1595,109,12,32.7,2020Q4
1595,110,3,31.5,2021Q1
1595,110,6,31.8,2021Q2
1595,110,9,39.05,2021Q3
1595,110,12,46.55,2021Q4
1595,111,3,41.95,2022Q1
1595,111,6,39.2,2022Q2
1595,111,9,36.6,2022Q3
1595,111,12,38.2,2022Q4
1595,112,3,39.3,2023Q1
1595,112,6,40.4,2023Q2
1595,112,9,39.2,2023Q3
1595,112,12,37.75,2023Q4
1595,113,3,35.95,2024Q1
1595,113,6,37.75,2024Q2
1595,113,9,45.25,2024Q3
1595,113,12,52.8,2024Q4
1595,114,3,38.55,2025Q1
1599,105,3,68.5,2016Q1
1599,105,6,57.6,2016Q2
1599,105,9,53.8,2016Q3
1599,105,12,49.35,2016Q4
1599,106,3,54.1,2017Q1
1599,106,6,51.2,2017Q2
1599,106,9,41.35,2017Q3
1599,106,12,42.5,2017Q4
1599,107,3,38.7,2018Q1
1599,107,6,36.7,2018Q2
1599,107,9,39.2,2018Q3
1599,107,12,35.65,2018Q4
1599,108,3,41.0,2019Q1
1599,108,6,44.5,2019Q2
1599,108,9,40.5,2019Q3
1599,108,12,36.95,2019Q4
1599,109,3,26.85,2020Q1
1599,109,6,30.7,2020Q2
1599,109,9,31.85,2020Q3
1599,109,12,37.2,2020Q4
1599,110,3,41.85,2021Q1
1599,110,6,42.6,2021Q2
1599,110,9,39.15,2021Q3
1599,110,12,50.7,2021Q4
1599,111,3,52.5,2022Q1
1599,111,6,43.7,2022Q2
1599,111,9,40.7,2022Q3
1599,111,12,39.1,2022Q4
1599,112,3,38.8,2023Q1
1599,112,6,38.0,2023Q2
1599,112,9,35.75,2023Q3
1599,112,12,35.4,2023Q4
1599,113,3,32.3,2024Q1
1599,113,6,32.0,2024Q2
1599,113,9,32.9,2024Q3
1599,113,12,30.6,2024Q4
1599,114,3,29.2,2025Q1
1742,105,3,11.45,2016Q1
1742,105,6,12.1,2016Q2
1742,105,9,13.6,2016Q3
1742,105,12,11.1,2016Q4
1742,106,3,11.7,2017Q1
1742,106,6,11.2,2017Q2
1742,106,9,10.7,2017Q3
1742,106,12,10.15,2017Q4
1742,107,3,15.7,2018Q1
1742,107,6,20.55,2018Q2
1742,107,9,19.7,2018Q3
1742,107,12,17.4,2018Q4
1742,108,3,20.85,2019Q1
1742,108,6,19.65,2019Q2
1742,108,9,20.15,2019Q3
1742,108,12,20.25,2019Q4
1742,109,3,19.25,2020Q1
1742,109,6,21.65,2020Q2
1742,109,9,21.85,2020Q3
1742,109,12,20.0,2020Q4
1742,110,3,17.8,2021Q1
1742,110,6,15.2,2021Q2
1742,110,9,21.1,2021Q3
1742,110,12,19.75,2021Q4
1742,111,3,21.85,2022Q1
1742,111,6,21.75,2022Q2
1742,111,9,20.1,2022Q3
1742,111,12,14.65,2022Q4
1742,112,3,15.0,2023Q1
1742,112,6,19.25,2023Q2
1742,112,9,16.5,2023Q3
1742,112,12,17.45,2023Q4
1742,113,3,16.95,2024Q1
1742,113,6,17.4,2024Q2
1742,113,9,17.9,2024Q3
1742,113,12,17.2,2024Q4
1742,114,3,17.7,2025Q1
1777,105,3,95.9,2016Q1
1777,105,6,105.5,2016Q2
1777,105,9,99.1,2016Q3
1777,105,12,97.2,2016Q4
1777,106,3,96.9,2017Q1
1777,106,6,90.2,2017Q2
1777,106,9,87.7,2017Q3
1777,106,12,72.0,2017Q4
1777,107,3,73.5,2018Q1
1777,107,6,78.7,2018Q2
1777,107,9,79.7,2018Q3
1777,107,12,78.3,2018Q4
1777,108,3,77.9,2019Q1
1777,108,6,78.0,2019Q2
1777,108,9,75.6,2019Q3
1777,108,12,82.9,2019Q4
1777,109,3,70.7,2020Q1
1777,109,6,89.4,2020Q2
1777,109,9,74.9,2020Q3
1777,109,12,77.2,2020Q4
1777,110,3,96.8,2021Q1
1777,110,6,78.8,2021Q2
1777,110,9,69.4,2021Q3
1777,110,12,65.3,2021Q4
1777,111,3,65.8,2022Q1
1777,111,6,64.8,2022Q2
1777,111,9,73.6,2022Q3
1777,111,12,84.2,2022Q4
1777,112,3,83.1,2023Q1
1777,112,6,89.4,2023Q2
1777,112,9,88.6,2023Q3
1777,112,12,85.2,2023Q4
1777,113,3,84.3,2024Q1
1777,113,6,92.3,2024Q2
1777,113,9,97.8,2024Q3
1777,113,12,94.2,2024Q4
1777,114,3,100.0,2025Q1
1781,105,3,23.4,2016Q1
1781,105,6,20.0,2016Q2
1781,105,9,19.95,2016Q3
1781,105,12,19.5,2016Q4
1781,106,3,18.95,2017Q1
1781,106,6,16.05,2017Q2
1781,106,9,12.85,2017Q3
1781,106,12,11.95,2017Q4
1781,107,3,16.1,2018Q1
1781,107,6,14.45,2018Q2
1781,107,9,12.0,2018Q3
1781,107,12,10.0,2018Q4
1781,108,3,10.9,2019Q1
1781,108,6,9.52,2019Q2
1781,108,9,9.3,2019Q3
1781,108,12,8.79,2019Q4
1781,109,3,9.95,2020Q1
1781,109,6,30.7,2020Q2
1781,109,9,25.65,2020Q3
1781,109,12,26.0,2020Q4
1781,110,3,22.2,2021Q1
1781,110,6,21.35,2021Q2
1781,110,9,14.55,2021Q3
1781,110,12,15.65,2021Q4
1781,111,3,15.0,2022Q1
1781,111,6,13.7,2022Q2
1781,111,9,14.45,2022Q3
1781,111,12,15.25,2022Q4
1781,112,3,15.2,2023Q1
1781,112,6,14.25,2023Q2
1781,112,9,11.35,2023Q3
1781,112,12,16.95,2023Q4
1781,113,3,15.65,2024Q1
1781,113,6,21.9,2024Q2
1781,113,9,16.4,2024Q3
1781,113,12,17.95,2024Q4
1781,114,3,15.6,2025Q1
1784,105,3,31.5,2016Q1
1784,105,6,28.95,2016Q2
1784,105,9,32.8,2016Q3
1784,105,12,30.3,2016Q4
1784,106,3,28.55,2017Q1
1784,106,6,28.8,2017Q2
1784,106,9,28.0,2017Q3
1784,106,12,27.0,2017Q4
1784,107,3,27.3,2018Q1
1784,107,6,26.45,2018Q2
1784,107,9,30.1,2018Q3
1784,107,12,26.4,2018Q4
1784,108,3,34.95,2019Q1
1784,108,6,40.05,2019Q2
1784,108,9,46.0,2019Q3
1784,108,12,40.55,2019Q4
1784,109,3,27.8,2020Q1
1784,109,6,39.2,2020Q2
1784,109,9,39.0,2020Q3
1784,109,12,40.4,2020Q4
1784,110,3,39.7,2021Q1
1784,110,6,42.05,2021Q2
1784,110,9,43.05,2021Q3
1784,110,12,39.6,2021Q4
1784,111,3,37.4,2022Q1
1784,111,6,40.0,2022Q2
1784,111,9,39.4,2022Q3
1784,111,12,43.9,2022Q4
1784,112,3,46.95,2023Q1
1784,112,6,66.9,2023Q2
1784,112,9,66.5,2023Q3
1784,112,12,58.1,2023Q4
1784,113,3,62.4,2024Q1
1784,113,6,127.0,2024Q2
1784,113,9,100.0,2024Q3
1784,113,12,79.5,2024Q4
1784,114,3,84.2,2025Q1
1785,105,3,18.9,2016Q1
1785,106,3,13.1,2017Q1
1785,106,6,12.55,2017Q2
1785,106,9,16.0,2017Q3
1785,106,12,21.2,2017Q4
1785,107,3,22.15,2018Q1
1785,107,6,22.0,2018Q2
1785,107,9,21.5,2018Q3
1785,107,12,18.25,2018Q4
1785,108,3,18.6,2019Q1
1785,108,6,21.05,2019Q2
1785,108,9,23.55,2019Q3
1785,108,12,22.45,2019Q4
1785,109,3,16.05,2020Q1
1785,109,6,37.5,2020Q2
1785,109,9,42.45,2020Q3
1785,109,12,43.5,2020Q4
1785,110,3,45.3,2021Q1
1785,110,6,46.45,2021Q2
1785,110,9,51.2,2021Q3
1785,110,12,51.1,2021Q4
1785,111,3,51.1,2022Q1
1785,111,6,40.9,2022Q2
1785,111,9,29.9,2022Q3
1785,111,12,32.05,2022Q4
1785,112,3,36.55,2023Q1
1785,112,6,38.35,2023Q2
1785,112,9,36.45,2023Q3
1785,112,12,38.85,2023Q4
1785,113,3,49.55,2024Q1
1785,113,6,65.3,2024Q2
1785,113,9,65.2,2024Q3
1785,113,12,62.7,2024Q4
1785,114,3,59.0,2025Q1
1788,105,3,101.0,2016Q1
1788,105,6,95.0,2016Q2
1788,105,9,90.0,2016Q3
1788,105,12,92.0,2016Q4
1788,106,3,99.0,2017Q1
1788,106,6,92.1,2017Q2
1788,106,9,93.0,2017Q3
1788,106,12,95.5,2017Q4
1788,107,3,105.0,2018Q1
1788,107,6,104.5,2018Q2
1788,107,9,100.0,2018Q3
1788,107,12,98.0,2018Q4
1788,108,3,105.5,2019Q1
1788,108,6,104.5,2019Q2
1788,108,9,103.0,2019Q3
1788,108,12,105.0,2019Q4
1788,109,3,100.0,2020Q1
1788,109,6,111.5,2020Q2
1788,109,9,108.0,2020Q3
1788,109,12,121.5,2020Q4
1788,110,3,130.0,2021Q1
1788,110,6,135.0,2021Q2
1788,110,9,135.0,2021Q3
1788,110,12,147.0,2021Q4
1788,111,3,147.5,2022Q1
1788,111,6,155.0,2022Q2
1788,111,9,150.0,2022Q3
1788,111,12,144.0,2022Q4
1788,112,3,144.5,2023Q1
1788,112,6,147.0,2023Q2
1788,112,9,139.0,2023Q3
1788,112,12,135.5,2023Q4
1788,113,3,140.5,2024Q1
1788,113,6,138.0,2024Q2
1788,113,9,138.0,2024Q3
1788,113,12,139.5,2024Q4
1788,114,3,141.5,2025Q1
1799,105,3,32.2,2016Q1
1799,105,6,28.3,2016Q2
1799,105,9,25.0,2016Q3
1799,105,12,20.7,2016Q4
1799,106,3,23.8,2017Q1
1799,106,6,25.5,2017Q2
1799,106,9,22.7,2017Q3
1799,106,12,20.6,2017Q4
1799,107,3,18.85,2018Q1
1799,107,6,17.45,2018Q2
1799,107,9,16.5,2018Q3
1799,107,12,11.0,2018Q4
1799,108,3,12.3,2019Q1
1799,108,6,9.8,2019Q2
1799,108,9,10.8,2019Q3
1799,108,12,9.88,2019Q4
1799,109,3,8.69,2020Q1
1799,109,6,23.45,2020Q2
1799,109,9,16.5,2020Q3
1799,109,12,17.35,2020Q4
1799,110,3,16.75,2021Q1
1799,110,6,15.6,2021Q2
1799,110,9,15.9,2021Q3
1799,110,12,15.9,2021Q4
1799,111,3,14.1,2022Q1
1799,111,6,12.45,2022Q2
1799,111,9,10.5,2022Q3
1799,111,12,16.05,2022Q4
1799,112,3,19.95,2023Q1
1799,112,6,22.2,2023Q2
1799,112,9,21.4,2023Q3
1799,112,12,41.3,2023Q4
1799,113,3,69.5,2024Q1
1799,113,6,130.0,2024Q2
1799,113,9,108.0,2024Q3
1799,113,12,64.3,2024Q4
1799,114,3,67.5,2025Q1
1813,105,3,28.7,2016Q1
1813,105,6,28.15,2016Q2
1813,105,9,23.85,2016Q3
1813,105,12,23.45,2016Q4
1813,106,3,23.5,2017Q1
1813,106,6,22.8,2017Q2
1813,106,9,20.45,2017Q3
1813,106,12,20.75,2017Q4
1813,107,3,20.15,2018Q1
1813,107,6,18.6,2018Q2
1813,107,9,20.5,2018Q3
1813,107,12,19.1,2018Q4
1813,108,3,25.1,2019Q1
1813,108,6,27.85,2019Q2
1813,108,9,27.5,2019Q3
1813,108,12,27.1,2019Q4
1813,109,3,19.25,2020Q1
1813,109,6,22.65,2020Q2
1813,109,9,19.0,2020Q3
1813,109,12,19.2,2020Q4
1813,110,3,19.1,2021Q1
1813,110,6,19.35,2021Q2
1813,110,9,17.75,2021Q3
1813,110,12,18.2,2021Q4
1813,111,3,19.15,2022Q1
1813,111,6,18.45,2022Q2
1813,111,9,21.1,2022Q3
1813,111,12,22.8,2022Q4
1813,112,3,22.55,2023Q1
1813,112,6,21.0,2023Q2
1813,112,9,19.65,2023Q3
1813,112,12,20.8,2023Q4
1813,113,3,20.45,2024Q1
1813,113,6,20.8,2024Q2
1813,113,9,19.55,2024Q3
1813,113,12,18.3,2024Q4
1813,114,3,17.05,2025Q1
1815,105,3,11.45,2016Q1
1815,105,6,11.25,2016Q2
1815,105,9,13.75,2016Q3
1815,105,12,13.3,2016Q4
1815,106,3,15.85,2017Q1
1815,106,6,14.35,2017Q2
1815,106,9,14.95,2017Q3
1815,106,12,22.75,2017Q4
1815,107,3,19.35,2018Q1
1815,107,6,18.35,2018Q2
1815,107,9,16.4,2018Q3
1815,107,12,15.5,2018Q4
1815,108,3,17.0,2019Q1
1815,108,6,15.2,2019Q2
1815,108,9,14.0,2019Q3
1815,108,12,12.95,2019Q4
1815,109,3,8.98,2020Q1
1815,109,6,10.9,2020Q2
1815,109,9,10.2,2020Q3
1815,109,12,14.6,2020Q4
1815,110,3,15.5,2021Q1
1815,110,6,19.1,2021Q2
1815,110,9,16.9,2021Q3
1815,110,12,17.35,2021Q4
1815,111,3,15.25,2022Q1
1815,111,6,12.75,2022Q2
1815,111,9,12.3,2022Q3
1815,111,12,11.65,2022Q4
1815,112,3,12.15,2023Q1
1815,112,6,13.55,2023Q2
1815,112,9,16.5,2023Q3
1815,112,12,15.65,2023Q4
1815,113,3,18.7,2024Q1
1815,113,6,25.7,2024Q2
1815,113,9,21.1,2024Q3
1815,113,12,26.4,2024Q4
1815,114,3,30.2,2025Q1
2035,105,3,46.0,2016Q1
2035,105,6,44.8,2016Q2
2035,105,9,47.7,2016Q3
2035,106,6,46.7,2017Q2
2035,106,9,46.0,2017Q3
2035,106,12,47.0,2017Q4
2035,107,3,45.0,2018Q1
2035,107,6,44.0,2018Q2
2035,107,9,44.95,2018Q3
2035,107,12,46.0,2018Q4
2035,108,3,41.3,2019Q1
2035,108,9,39.9,2019Q3
2035,108,12,42.9,2019Q4
2035,109,3,38.4,2020Q1
2035,109,6,38.9,2020Q2
2035,109,12,38.7,2020Q4
2035,110,3,35.7,2021Q1
2035,110,6,49.1,2021Q2
2035,110,9,35.45,2021Q3
2035,110,12,35.75,2021Q4
2035,111,3,36.35,2022Q1
2035,111,6,31.6,2022Q2
2035,111,9,31.15,2022Q3
2035,111,12,31.75,2022Q4
2035,112,3,31.1,2023Q1
2035,112,6,30.1,2023Q2
2035,112,9,32.0,2023Q3
2035,112,12,33.3,2023Q4
2035,113,3,32.5,2024Q1
2035,113,6,32.85,2024Q2
2035,113,9,32.25,2024Q3
2035,113,12,31.35,2024Q4
2035,114,3,32.5,2025Q1
2061,105,3,11.0,2016Q1
2061,105,6,8.4,2016Q2
2061,105,9,8.06,2016Q3
2061,105,12,8.5,2016Q4
2061,106,3,9.65,2017Q1
2061,106,6,10.1,2017Q2
2061,106,9,11.25,2017Q3
2061,106,12,11.4,2017Q4
2061,107,3,12.15,2018Q1
2061,107,6,11.65,2018Q2
2061,107,9,10.7,2018Q3
2061,107,12,9.6,2018Q4
2061,108,3,8.96,2019Q1
2061,108,6,9.24,2019Q2
2061,108,9,9.35,2019Q3
2061,108,12,11.15,2019Q4
2061,109,3,7.02,2020Q1
2061,109,6,8.49,2020Q2
2061,109,9,10.95,2020Q3
2061,109,12,13.85,2020Q4
2061,110,3,27.9,2021Q1
2061,110,6,23.15,2021Q2
2061,110,9,19.15,2021Q3
2061,110,12,23.85,2021Q4
2061,111,3,19.95,2022Q1
2061,111,6,18.2,2022Q2
2061,111,9,25.7,2022Q3
2061,111,12,24.65,2022Q4
2061,112,3,22.35,2023Q1
2061,112,6,17.85,2023Q2
2061,112,9,16.35,2023Q3
2061,112,12,16.4,2023Q4
2061,113,3,16.55,2024Q1
2061,113,6,24.75,2024Q2
2061,113,9,25.0,2024Q3
2061,113,12,18.0,2024Q4
2061,114,3,19.95,2025Q1
2063,105,3,29.5,2016Q1
2063,105,6,29.1,2016Q2
2063,105,9,28.1,2016Q3
2063,105,12,27.0,2016Q4
2063,106,3,28.5,2017Q1
2063,106,6,26.55,2017Q2
2063,106,9,39.05,2017Q3
2063,106,12,35.05,2017Q4
2063,107,3,39.45,2018Q1
2063,107,6,37.3,2018Q2
2063,107,9,37.5,2018Q3
2063,107,12,34.8,2018Q4
2063,108,3,39.25,2019Q1
2063,108,6,38.4,2019Q2
2063,108,9,37.35,2019Q3
2063,108,12,40.0,2019Q4
2063,109,3,34.1,2020Q1
2063,109,6,32.95,2020Q2
2063,109,9,31.65,2020Q3
2063,109,12,31.45,2020Q4
2063,110,3,33.8,2021Q1
2063,110,6,37.6,2021Q2
2063,110,9,36.0,2021Q3
2063,110,12,36.45,2021Q4
2063,111,3,36.6,2022Q1
2063,111,6,33.45,2022Q2
2063,111,9,36.2,2022Q3
2063,111,12,43.5,2022Q4
2063,112,3,45.0,2023Q1
2063,112,6,49.8,2023Q2
2063,112,9,50.9,2023Q3
2063,112,12,55.0,2023Q4
2063,113,3,53.9,2024Q1
2063,113,6,49.9,2024Q2
2063,113,9,40.75,2024Q3
2063,113,12,34.2,2024Q4
2063,114,3,36.45,2025Q1
2064,105,3,17.4,2016Q1
2064,105,6,15.85,2016Q2
2064,105,12,16.65,2016Q4
2064,106,3,20.15,2017Q1
2064,106,6,19.4,2017Q2
2064,106,9,17.45,2017Q3
2064,106,12,17.0,2017Q4
2064,107,3,18.2,2018Q1
2064,107,6,17.9,2018Q2
2064,107,9,16.75,2018Q3
2064,107,12,15.55,2018Q4
2064,108,3,14.6,2019Q1
2064,108,6,14.1,2019Q2
2064,108,9,13.45,2019Q3
2064,108,12,13.75,2019Q4
2064,109,3,10.6,2020Q1
2064,109,6,11.05,2020Q2
2064,109,9,11.5,2020Q3
2064,109,12,14.75,2020Q4
2064,110,3,14.3,2021Q1
2064,110,6,23.65,2021Q2
2064,110,9,19.4,2021Q3
2064,110,12,18.5,2021Q4
2064,111,3,26.0,2022Q1
2064,111,6,15.55,2022Q2
2064,111,9,16.9,2022Q3
2064,111,12,18.0,2022Q4
2064,112,3,19.25,2023Q1
2064,112,6,17.2,2023Q2
2064,112,9,16.4,2023Q3
2064,112,12,16.45,2023Q4
2064,113,3,15.15,2024Q1
2064,113,6,15.0,2024Q2
2064,113,9,16.35,2024Q3
2064,113,12,14.8,2024Q4
2064,114,3,14.7,2025Q1
2066,105,3,107.5,2016Q1
2066,105,6,119.5,2016Q2
2066,105,9,119.5,2016Q3
2066,105,12,111.0,2016Q4
2066,106,3,100.5,2017Q1
2066,106,6,103.0,2017Q2
2066,106,9,101.0,2017Q3
2066,106,12,96.5,2017Q4
2066,107,3,84.7,2018Q1
2066,107,6,84.1,2018Q2
2066,107,9,84.2,2018Q3
2066,107,12,80.2,2018Q4
2066,108,3,80.5,2019Q1
2066,108,6,75.0,2019Q2
2066,108,9,77.3,2019Q3
2066,108,12,70.2,2019Q4
2066,109,3,43.35,2020Q1
2066,109,6,55.3,2020Q2
2066,109,9,50.3,2020Q3
2066,109,12,55.4,2020Q4
2066,110,3,54.8,2021Q1
2066,110,6,54.5,2021Q2
2066,110,9,50.6,2021Q3
2066,110,12,63.1,2021Q4
2066,111,3,60.8,2022Q1
2066,111,6,62.8,2022Q2
2066,111,9,79.9,2022Q3
2066,111,12,73.6,2022Q4
2066,112,3,87.6,2023Q1
2066,112,6,93.2,2023Q2
2066,112,9,84.2,2023Q3
2066,112,12,91.0,2023Q4
2066,113,3,98.3,2024Q1
2066,113,6,133.0,2024Q2
2066,113,9,109.5,2024Q3
2066,113,12,88.6,2024Q4
2066,114,3,82.6,2025Q1
2067,105,3,14.0,2016Q1
2067,105,6,13.95,2016Q2
2067,105,9,17.0,2016Q3
2067,105,12,13.35,2016Q4
2067,106,3,13.15,2017Q1
2067,106,6,12.35,2017Q2
2067,106,9,12.6,2017Q3
2067,106,12,11.5,2017Q4
2067,107,3,16.35,2018Q1
2067,107,6,16.05,2018Q2
2067,107,9,14.65,2018Q3
2067,107,12,14.8,2018Q4
2067,108,3,14.7,2019Q1
2067,108,6,12.25,2019Q2
2067,108,9,11.2,2019Q3
2067,108,12,11.45,2019Q4
2067,109,3,9.0,2020Q1
2067,109,6,8.77,2020Q2
2067,109,9,8.85,2020Q3
2067,109,12,10.4,2020Q4
2067,110,3,12.35,2021Q1
2067,110,6,15.3,2021Q2
2067,110,9,12.8,2021Q3
2067,110,12,14.35,2021Q4
2067,111,3,14.1,2022Q1
2067,111,6,13.6,2022Q2
2067,111,9,13.1,2022Q3
2067,111,12,10.95,2022Q4
2067,112,3,11.05,2023Q1
2067,112,6,13.35,2023Q2
2067,112,9,12.95,2023Q3
2067,112,12,13.3,2023Q4
2067,113,3,12.75,2024Q1
2067,113,6,11.35,2024Q2
2067,113,9,10.35,2024Q3
2067,113,12,11.0,2024Q4
2067,114,3,9.4,2025Q1
2221,105,3,17.45,2016Q1
2221,105,6,16.5,2016Q2
2221,105,9,17.1,2016Q3
2221,105,12,20.95,2016Q4
2221,106,3,28.15,2017Q1
2221,106,6,23.1,2017Q2
2221,106,9,25.65,2017Q3
2221,106,12,27.2,2017Q4
2221,107,3,32.0,2018Q1
2221,107,6,39.25,2018Q2
2221,107,9,33.3,2018Q3
2221,107,12,29.95,2018Q4
2221,108,3,34.65,2019Q1
2221,108,6,34.0,2019Q2
2221,108,9,32.95,2019Q3
2221,108,12,30.05,2019Q4
2221,109,3,19.9,2020Q1
2221,109,6,25.8,2020Q2
2221,109,9,22.85,2020Q3
2221,109,12,26.1,2020Q4
2221,110,3,25.85,2021Q1
2221,110,6,31.05,2021Q2
2221,110,9,39.8,2021Q3
2221,110,12,41.55,2021Q4
2221,111,3,40.1,2022Q1
2221,111,6,34.15,2022Q2
2221,111,9,40.8,2022Q3
2221,111,12,38.0,2022Q4
2221,112,3,43.75,2023Q1
2221,112,6,41.9,2023Q2
2221,112,9,34.35,2023Q3
2221,112,12,36.45,2023Q4
2221,113,3,33.75,2024Q1
2221,113,6,31.2,2024Q2
2221,113,9,29.5,2024Q3
2221,113,12,28.8,2024Q4
2221,114,3,28.2,2025Q1
2230,105,3,15.8,2016Q1
2230,105,6,14.75,2016Q2
2230,105,9,13.55,2016Q3
2230,105,12,14.2,2016Q4
2230,106,3,13.45,2017Q1
2230,106,6,13.15,2017Q2
2230,106,9,13.4,2017Q3
2230,106,12,13.1,2017Q4
2230,107,3,12.55,2018Q1
2230,107,6,12.1,2018Q2
2230,107,9,12.05,2018Q3
2230,107,12,11.65,2018Q4
2230,108,3,13.75,2019Q1
2230,108,6,14.8,2019Q2
2230,108,9,15.2,2019Q3
2230,108,12,12.75,2019Q4
2230,109,3,8.45,2020Q1
2230,109,6,12.8,2020Q2
2230,109,9,16.6,2020Q3
2230,109,12,14.55,2020Q4
2230,110,3,17.85,2021Q1
2230,110,6,15.25,2021Q2
2230,110,9,14.0,2021Q3
2230,110,12,14.5,2021Q4
2230,111,3,18.6,2022Q1
2230,111,6,19.6,2022Q2
2230,111,9,29.0,2022Q3
2230,111,12,31.7,2022Q4
2230,112,3,76.2,2023Q1
2230,112,6,110.5,2023Q2
2230,112,9,97.8,2023Q3
2230,112,12,164.5,2023Q4
2230,113,3,170.0,2024Q1
2230,113,6,174.5,2024Q2
2230,113,9,165.0,2024Q3
2230,113,12,111.5,2024Q4
2230,114,3,108.0,2025Q1
2235,105,3,129.0,2016Q1
2235,105,6,129.5,2016Q2
2235,105,9,125.0,2016Q3
2235,105,12,123.0,2016Q4
2235,106,3,128.0,2017Q1
2235,106,6,117.5,2017Q2
2235,106,9,111.5,2017Q3
2235,106,12,94.0,2017Q4
2235,107,3,71.3,2018Q1
2235,107,6,53.2,2018Q2
2235,107,9,57.0,2018Q3
2235,107,12,50.4,2018Q4
2235,108,3,56.8,2019Q1
2235,108,6,71.1,2019Q2
2235,108,9,65.1,2019Q3
2235,108,12,60.1,2019Q4
2235,109,3,41.6,2020Q1
2235,109,6,50.3,2020Q2
2235,109,9,43.65,2020Q3
2235,109,12,44.6,2020Q4
2235,110,3,42.7,2021Q1
2235,110,6,42.95,2021Q2
2235,110,9,39.7,2021Q3
2235,110,12,39.5,2021Q4
2235,111,3,37.7,2022Q1
2235,111,6,39.95,2022Q2
2235,111,9,45.95,2022Q3
2235,111,12,46.85,2022Q4
2235,112,3,46.1,2023Q1
2235,112,6,46.85,2023Q2
2235,112,9,42.55,2023Q3
2235,112,12,45.4,2023Q4
2235,113,3,49.0,2024Q1
2235,113,6,52.9,2024Q2
2235,113,9,48.7,2024Q3
2235,113,12,46.8,2024Q4
2235,114,3,50.8,2025Q1
2596,105,3,13.1,2016Q1
2596,105,6,13.5,2016Q2
2596,105,9,14.9,2016Q3
2596,105,12,19.3,2016Q4
2596,106,3,20.85,2017Q1
2596,106,6,20.9,2017Q2
2596,106,9,16.85,2017Q3
2596,106,12,17.0,2017Q4
2596,107,3,17.4,2018Q1
2596,107,6,26.15,2018Q2
2596,107,9,22.45,2018Q3
2596,107,12,21.4,2018Q4
2596,108,3,23.75,2019Q1
2596,108,6,22.55,2019Q2
2596,108,9,20.35,2019Q3
2596,108,12,22.15,2019Q4
2596,109,3,16.6,2020Q1
2596,109,6,21.1,2020Q2
2596,109,9,21.25,2020Q3
2596,109,12,21.15,2020Q4
2596,110,3,21.5,2021Q1
2596,110,6,22.75,2021Q2
2596,110,9,25.95,2021Q3
2596,110,12,22.65,2021Q4
2596,111,3,22.35,2022Q1
2596,111,6,19.6,2022Q2
2596,111,9,17.65,2022Q3
2596,111,12,17.6,2022Q4
2596,112,3,21.3,2023Q1
2596,112,6,22.55,2023Q2
2596,112,9,23.35,2023Q3
2596,112,12,25.15,2023Q4
2596,113,3,33.4,2024Q1
2596,113,6,40.0,2024Q2
2596,113,9,37.1,2024Q3
2596,113,12,41.95,2024Q4
2596,114,3,38.3,2025Q1
2640,105,3,60.0,2016Q1
2640,105,6,55.6,2016Q2
2640,105,9,47.6,2016Q3
2640,105,12,48.0,2016Q4
2640,106,3,51.2,2017Q1
2640,106,6,50.5,2017Q2
2640,106,9,77.9,2017Q3
2640,106,12,65.3,2017Q4
2640,107,3,67.4,2018Q1
2640,107,6,80.4,2018Q2
2640,107,9,66.2,2018Q3
2640,107,12,58.5,2018Q4
2640,108,3,64.3,2019Q1
2640,108,6,67.4,2019Q2
2640,108,9,73.8,2019Q3
2640,108,12,76.4,2019Q4
2640,109,3,65.0,2020Q1
2640,109,6,79.7,2020Q2
2640,109,9,82.9,2020Q3
2640,109,12,79.5,2020Q4
2640,110,3,81.5,2021Q1
2640,110,6,80.8,2021Q2
2640,110,9,72.0,2021Q3
2640,110,12,83.3,2021Q4
2640,111,3,83.4,2022Q1
2640,111,6,77.8,2022Q2
2640,111,9,81.9,2022Q3
2640,111,12,89.4,2022Q4
2640,112,3,115.0,2023Q1
2640,112,6,114.5,2023Q2
2640,112,9,108.5,2023Q3
2640,112,12,112.0,2023Q4
2640,113,3,119.0,2024Q1
2640,113,6,120.5,2024Q2
2640,113,9,115.5,2024Q3
2640,113,12,131.5,2024Q4
2640,114,3,131.5,2025Q1
2641,105,3,7.65,2016Q1
2641,105,6,8.95,2016Q2
2641,105,9,11.5,2016Q3
2641,105,12,11.85,2016Q4
2641,106,3,8.4,2017Q1
2641,106,6,7.47,2017Q2
2641,106,9,7.34,2017Q3
2641,106,12,7.15,2017Q4
2641,107,3,5.99,2018Q1
2641,107,6,7.2,2018Q2
2641,107,9,7.35,2018Q3
2641,107,12,8.03,2018Q4
2641,108,3,7.9,2019Q1
2641,108,6,7.52,2019Q2
2641,108,9,7.63,2019Q3
2641,108,12,7.11,2019Q4
2641,109,3,4.98,2020Q1
2641,109,6,6.92,2020Q2
2641,109,9,7.81,2020Q3
2641,109,12,13.0,2020Q4
2641,110,3,13.65,2021Q1
2641,110,6,36.4,2021Q2
2641,110,9,32.3,2021Q3
2641,110,12,26.5,2021Q4
2641,111,3,25.0,2022Q1
2641,111,6,20.35,2022Q2
2641,111,9,15.65,2022Q3
2641,111,12,18.7,2022Q4
2641,112,3,19.5,2023Q1
2641,112,6,17.65,2023Q2
2641,112,9,17.6,2023Q3
2641,112,12,21.1,2023Q4
2641,113,3,19.65,2024Q1
2641,113,6,21.15,2024Q2
2641,113,9,20.5,2024Q3
2641,113,12,18.0,2024Q4
2641,114,3,20.75,2025Q1
2643,105,3,32.2,2016Q1
2643,105,6,38.5,2016Q2
2643,105,9,43.6,2016Q3
2643,105,12,49.7,2016Q4
2643,106,3,45.55,2017Q1
2643,106,6,38.7,2017Q2
2643,106,9,32.6,2017Q3
2643,106,12,31.8,2017Q4
2643,107,3,33.75,2018Q1
2643,107,6,30.55,2018Q2
2643,107,9,30.2,2018Q3
2643,107,12,29.9,2018Q4
2643,108,3,31.0,2019Q1
2643,108,6,31.7,2019Q2
2643,108,9,34.45,2019Q3
2643,108,12,40.3,2019Q4
2643,109,3,31.0,2020Q1
2643,109,6,52.6,2020Q2
2643,109,9,48.9,2020Q3
2643,109,12,70.3,2020Q4
2643,110,3,71.1,2021Q1
2643,110,6,115.0,2021Q2
2643,110,9,75.3,2021Q3
2643,110,12,77.4,2021Q4
2643,111,3,72.2,2022Q1
2643,111,6,66.5,2022Q2
2643,111,9,67.5,2022Q3
2643,111,12,68.0,2022Q4
2643,112,3,75.4,2023Q1
2643,112,6,70.3,2023Q2
2643,112,9,69.5,2023Q3
2643,112,12,74.8,2023Q4
2643,113,3,73.5,2024Q1
2643,113,6,78.7,2024Q2
2643,113,9,74.2,2024Q3
2643,113,12,75.2,2024Q4
2643,114,3,73.9,2025Q1
2718,105,3,31.8,2016Q1
2718,105,6,29.8,2016Q2
2718,105,9,28.0,2016Q3
2718,106,3,27.6,2017Q1
2718,106,6,24.4,2017Q2
2718,107,3,26.0,2018Q1
2718,107,6,23.9,2018Q2
2718,107,12,16.75,2018Q4
2718,108,3,17.6,2019Q1
2718,108,6,24.0,2019Q2
2718,108,9,22.0,2019Q3
2718,108,12,20.0,2019Q4
2718,109,3,16.7,2020Q1
2718,109,9,21.5,2020Q3
2718,109,12,22.2,2020Q4
2718,110,3,34.85,2021Q1
2718,110,6,26.0,2021Q2
2718,110,9,27.9,2021Q3
2718,110,12,34.05,2021Q4
2718,111,9,34.3,2022Q3
2718,112,3,48.5,2023Q1
2718,112,6,46.55,2023Q2
2718,112,9,46.3,2023Q3
2718,112,12,52.8,2023Q4
2718,113,3,85.4,2024Q1
2718,113,6,109.0,2024Q2
2718,113,9,99.7,2024Q3
2718,113,12,75.8,2024Q4
2718,114,3,66.5,2025Q1
2719,105,3,17.6,2016Q1
2719,105,6,14.5,2016Q2
2719,105,9,14.0,2016Q3
2719,105,12,11.4,2016Q4
2719,106,3,12.0,2017Q1
2719,106,6,11.6,2017Q2
2719,106,9,9.95,2017Q3
2719,106,12,9.31,2017Q4
2719,107,3,9.3,2018Q1
2719,107,6,7.51,2018Q2
2719,107,9,10.0,2018Q3
2719,107,12,8.7,2018Q4
2719,108,3,6.96,2019Q1
2719,108,6,4.06,2019Q2
2719,108,9,3.72,2019Q3
2719,108,12,5.54,2019Q4
2719,109,3,6.68,2020Q1
2719,109,6,15.15,2020Q2
2719,109,9,9.19,2020Q3
2719,109,12,9.85,2020Q4
2719,110,3,14.0,2021Q1
2719,110,6,11.65,2021Q2
2719,110,9,12.1,2021Q3
2719,110,12,13.0,2021Q4
2719,111,3,14.95,2022Q1
2719,111,6,14.55,2022Q2
2719,111,9,23.5,2022Q3
2719,111,12,33.6,2022Q4
2719,112,3,51.1,2023Q1
2719,112,6,92.0,2023Q2
2719,112,9,50.8,2023Q3
2719,112,12,64.1,2023Q4
2719,113,3,55.6,2024Q1
2719,113,6,58.5,2024Q2
2719,113,9,49.8,2024Q3
2719,113,12,45.05,2024Q4
2719,114,3,35.6,2025Q1
2724,105,3,13.85,2016Q1
2724,105,6,11.35,2016Q2
2724,105,9,9.95,2016Q3
2724,105,12,6.6,2016Q4
2724,106,3,7.05,2017Q1
2724,106,6,4.79,2017Q2
2724,107,3,4.6,2018Q1
2724,107,6,3.29,2018Q2
2724,107,9,3.2,2018Q3
2724,107,12,2.98,2018Q4
2724,108,3,3.01,2019Q1
2724,108,6,3.39,2019Q2
2724,108,9,3.0,2019Q3
2724,108,12,3.01,2019Q4
2724,109,3,2.7,2020Q1
2724,109,9,3.7,2020Q3
2724,109,12,3.4,2020Q4
2724,110,3,4.93,2021Q1
2724,110,6,6.1,2021Q2
2724,110,9,5.5,2021Q3
2724,110,12,8.9,2021Q4
2724,111,3,14.5,2022Q1
2724,111,6,14.9,2022Q2
2724,111,9,14.5,2022Q3
2724,112,6,13.45,2023Q2
2724,112,9,13.95,2023Q3
2724,113,3,19.0,2024Q1
2724,113,6,32.5,2024Q2
2724,113,9,32.05,2024Q3
2724,113,12,38.0,2024Q4
2726,105,3,68.0,2016Q1
2726,105,6,69.1,2016Q2
2726,105,9,68.3,2016Q3
2726,105,12,68.0,2016Q4
2726,106,3,69.7,2017Q1
2726,106,6,100.5,2017Q2
2726,106,9,103.0,2017Q3
2726,106,12,91.8,2017Q4
2726,107,3,84.3,2018Q1
2726,107,6,71.1,2018Q2
2726,107,9,58.5,2018Q3
2726,107,12,49.0,2018Q4
2726,108,3,63.9,2019Q1
2726,108,6,74.9,2019Q2
2726,108,9,68.0,2019Q3
2726,108,12,64.0,2019Q4
2726,109,3,55.4,2020Q1
2726,109,6,63.0,2020Q2
2726,109,9,61.2,2020Q3
2726,109,12,69.7,2020Q4
2726,110,3,79.8,2021Q1
2726,110,6,70.8,2021Q2
2726,110,9,40.25,2021Q3
2726,110,12,30.3,2021Q4
2726,111,3,29.3,2022Q1
2726,111,6,26.9,2022Q2
2726,111,9,22.3,2022Q3
2726,111,12,23.1,2022Q4
2726,112,3,29.35,2023Q1
2726,112,6,26.75,2023Q2
2726,112,9,21.95,2023Q3
2726,112,12,28.05,2023Q4
2726,113,3,25.75,2024Q1
2726,113,6,31.0,2024Q2
2726,113,9,30.1,2024Q3
2726,113,12,28.85,2024Q4
2726,114,3,18.55,2025Q1
2729,105,3,231.5,2016Q1
2729,105,6,225.0,2016Q2
2729,105,9,219.0,2016Q3
2729,105,12,220.0,2016Q4
2729,106,3,237.5,2017Q1
2729,106,6,249.5,2017Q2
2729,106,9,226.0,2017Q3
2729,106,12,230.0,2017Q4
2729,107,3,227.0,2018Q1
2729,107,6,238.0,2018Q2
2729,107,9,241.5,2018Q3
2729,107,12,229.0,2018Q4
2729,108,3,259.0,2019Q1
2729,108,6,324.0,2019Q2
2729,108,9,263.5,2019Q3
2729,108,12,273.5,2019Q4
2729,109,3,194.0,2020Q1
2729,109,6,250.5,2020Q2
2729,109,9,230.0,2020Q3
2729,109,12,234.5,2020Q4
2729,110,3,255.5,2021Q1
2729,110,6,242.0,2021Q2
2729,110,9,242.5,2021Q3
2729,110,12,220.0,2021Q4
2729,111,3,214.0,2022Q1
2729,111,6,218.0,2022Q2
2729,111,9,210.5,2022Q3
2729,111,12,205.0,2022Q4
2729,112,3,234.5,2023Q1
2729,112,6,305.5,2023Q2
2729,112,9,246.0,2023Q3
2729,112,12,235.5,2023Q4
2729,113,3,235.5,2024Q1
2729,113,6,234.5,2024Q2
2729,113,9,204.5,2024Q3
2729,113,12,205.0,2024Q4
2729,114,3,195.5,2025Q1
2732,105,3,84.5,2016Q1
2732,105,6,83.3,2016Q2
2732,105,9,80.2,2016Q3
2732,105,12,77.9,2016Q4
2732,106,3,82.0,2017Q1
2732,106,6,88.3,2017Q2
2732,106,9,82.0,2017Q3
2732,106,12,83.3,2017Q4
2732,107,3,88.0,2018Q1
2732,107,6,85.4,2018Q2
2732,107,9,78.1,2018Q3
2732,107,12,67.0,2018Q4
2732,108,3,87.9,2019Q1
2732,108,6,144.5,2019Q2
2732,108,9,149.5,2019Q3
2732,108,12,169.5,2019Q4
2732,109,3,117.5,2020Q1
2732,109,6,157.5,2020Q2
2732,109,9,120.5,2020Q3
2732,109,12,119.0,2020Q4
2732,110,3,150.5,2021Q1
2732,110,6,118.5,2021Q2
2732,110,9,106.5,2021Q3
2732,110,12,91.6,2021Q4
2732,111,3,106.5,2022Q1
2732,111,6,96.8,2022Q2
2732,111,9,130.0,2022Q3
2732,111,12,125.5,2022Q4
2732,112,3,178.5,2023Q1
2732,112,6,170.5,2023Q2
2732,112,9,115.0,2023Q3
2732,112,12,120.0,2023Q4
2732,113,3,129.5,2024Q1
2732,113,6,109.5,2024Q2
2732,113,9,106.5,2024Q3
2732,113,12,101.5,2024Q4
2732,114,3,90.5,2025Q1
2734,105,3,23.0,2016Q1
2734,105,6,18.4,2016Q2
2734,105,9,19.25,2016Q3
2734,105,12,16.4,2016Q4
2734,106,3,14.15,2017Q1
2734,106,6,15.0,2017Q2
2734,106,9,24.0,2017Q3
2734,106,12,19.0,2017Q4
2734,107,3,19.8,2018Q1
2734,107,6,15.8,2018Q2
2734,107,9,13.2,2018Q3
2734,107,12,12.0,2018Q4
2734,108,3,11.9,2019Q1
2734,108,6,11.0,2019Q2
2734,108,9,12.65,2019Q3
2734,108,12,11.3,2019Q4
2734,109,3,9.7,2020Q1
2734,109,6,14.0,2020Q2
2734,109,9,10.8,2020Q3
2734,109,12,12.0,2020Q4
2734,110,3,27.25,2021Q1
2734,110,6,28.3,2021Q2
2734,110,9,22.75,2021Q3
2734,110,12,23.85,2021Q4
2734,111,3,28.55,2022Q1
2734,111,6,37.8,2022Q2
2734,111,9,34.15,2022Q3
2734,111,12,27.9,2022Q4
2734,112,3,33.5,2023Q1
2734,112,6,69.0,2023Q2
2734,112,9,40.25,2023Q3
2734,112,12,45.5,2023Q4
2734,113,3,37.75,2024Q1
2734,113,6,37.25,2024Q2
2734,113,9,28.6,2024Q3
2734,113,12,26.25,2024Q4
2734,114,3,21.6,2025Q1
2736,105,3,40.8,2016Q1
2736,105,6,35.1,2016Q2
2736,105,9,24.75,2016Q3
2736,105,12,22.6,2016Q4
2736,106,3,22.7,2017Q1
2736,106,6,19.45,2017Q2
2736,106,9,17.55,2017Q3
2736,106,12,17.1,2017Q4
2736,107,3,15.0,2018Q1
2736,107,6,13.7,2018Q2
2736,107,9,13.3,2018Q3
2736,107,12,17.05,2018Q4
2736,108,3,16.8,2019Q1
2736,108,6,15.75,2019Q2
2736,108,9,13.9,2019Q3
2736,108,12,16.4,2019Q4
2736,109,3,11.7,2020Q1
2736,109,6,16.9,2020Q2
2736,109,9,13.4,2020Q3
2736,109,12,14.0,2020Q4
2736,110,3,15.75,2021Q1
2736,110,6,17.1,2021Q2
2736,110,9,16.85,2021Q3
2736,110,12,15.75,2021Q4
2736,111,3,16.75,2022Q1
2736,111,6,27.5,2022Q2
2736,111,9,20.65,2022Q3
2736,111,12,22.6,2022Q4
2736,112,3,23.95,2023Q1
2736,112,6,46.15,2023Q2
2736,112,9,27.55,2023Q3
2736,112,12,29.7,2023Q4
2736,113,3,24.95,2024Q1
2736,113,6,24.6,2024Q2
2736,113,9,19.4,2024Q3
2736,113,12,20.35,2024Q4
2736,114,3,17.6,2025Q1
2740,105,3,51.2,2016Q1
2740,105,6,39.9,2016Q2
2740,105,9,36.3,2016Q3
2740,105,12,28.35,2016Q4
2740,106,3,27.9,2017Q1
2740,106,6,25.25,2017Q2
2740,106,9,27.0,2017Q3
2740,106,12,34.25,2017Q4
2740,107,3,33.7,2018Q1
2740,107,6,31.5,2018Q2
2740,107,9,24.0,2018Q3
2740,107,12,27.6,2018Q4
2740,108,3,20.55,2019Q1
2740,108,6,12.7,2019Q2
2740,108,9,11.9,2019Q3
2740,108,12,8.0,2019Q4
2740,109,3,10.4,2020Q1
2740,109,6,24.55,2020Q2
2740,109,9,18.35,2020Q3
2740,110,3,21.8,2021Q1
2740,110,6,23.45,2021Q2
2740,110,9,20.0,2021Q3
2740,110,12,22.45,2021Q4
2740,111,9,52.8,2022Q3
2740,112,3,46.4,2023Q1
2740,112,9,38.55,2023Q3
2740,112,12,39.95,2023Q4
2740,113,6,32.25,2024Q2
2740,113,9,29.0,2024Q3
2740,113,12,21.55,2024Q4
2740,114,3,33.3,2025Q1
2916,105,3,18.9,2016Q1
2916,105,6,16.8,2016Q2
2916,105,9,16.25,2016Q3
2916,105,12,15.95,2016Q4
2916,106,3,16.55,2017Q1
2916,106,6,15.7,2017Q2
2916,106,9,15.4,2017Q3
2916,106,12,16.15,2017Q4
2916,107,3,17.25,2018Q1
2916,107,6,17.1,2018Q2
2916,107,9,17.7,2018Q3
2916,107,12,17.2,2018Q4
2916,108,3,19.05,2019Q1
2916,108,6,18.3,2019Q2
2916,108,9,18.75,2019Q3
2916,108,12,18.35,2019Q4
2916,109,3,15.7,2020Q1
2916,109,6,15.95,2020Q2
2916,109,9,15.9,2020Q3
2916,109,12,16.9,2020Q4
2916,110,3,22.05,2021Q1
2916,110,6,20.4,2021Q2
2916,110,9,18.9,2021Q3
2916,110,12,21.75,2021Q4
2916,111,3,24.7,2022Q1
2916,111,6,21.2,2022Q2
2916,111,9,22.05,2022Q3
2916,111,12,23.55,2022Q4
2916,112,3,32.7,2023Q1
2916,112,6,48.75,2023Q2
2916,112,9,44.15,2023Q3
2916,112,12,48.95,2023Q4
2916,113,3,63.3,2024Q1
2916,113,6,55.2,2024Q2
2916,113,9,49.9,2024Q3
2916,113,12,49.6,2024Q4
2916,114,3,51.4,2025Q1
2924,105,3,55.9,2016Q1
2924,105,6,51.1,2016Q2
2924,105,9,53.4,2016Q3
2924,105,12,54.0,2016Q4
2924,106,3,54.5,2017Q1
2924,106,6,55.3,2017Q2
2924,106,9,58.5,2017Q3
2924,106,12,57.2,2017Q4
2924,107,3,44.7,2018Q1
2924,107,6,33.6,2018Q2
2924,107,9,34.2,2018Q3
2924,107,12,35.2,2018Q4
2924,108,3,35.0,2019Q1
2924,108,6,35.4,2019Q2
2924,108,9,29.1,2019Q3
2924,108,12,27.0,2019Q4
2924,109,6,19.2,2020Q2
2924,109,9,18.85,2020Q3
2924,109,12,23.2,2020Q4
2924,110,3,19.4,2021Q1
2924,110,6,18.5,2021Q2
2924,111,6,30.7,2022Q2
2924,111,12,32.0,2022Q4
2924,112,6,29.1,2023Q2
2924,112,9,22.5,2023Q3
2924,112,12,25.5,2023Q4
2924,113,3,25.5,2024Q1
2924,113,6,24.5,2024Q2
2924,113,9,35.0,2024Q3
2924,113,12,27.6,2024Q4
2924,114,3,31.0,2025Q1
2926,105,3,192.0,2016Q1
2926,105,6,180.5,2016Q2
2926,105,9,178.0,2016Q3
2926,105,12,158.0,2016Q4
2926,106,3,151.0,2017Q1
2926,106,6,149.0,2017Q2
2926,106,9,138.0,2017Q3
2926,106,12,137.5,2017Q4
2926,107,3,139.0,2018Q1
2926,107,6,134.5,2018Q2
2926,107,9,135.0,2018Q3
2926,107,12,128.0,2018Q4
2926,108,3,131.5,2019Q1
2926,108,6,124.5,2019Q2
2926,108,9,122.5,2019Q3
2926,108,12,115.0,2019Q4
2926,109,3,72.6,2020Q1
2926,109,6,88.2,2020Q2
2926,109,9,76.1,2020Q3
2926,109,12,79.4,2020Q4
2926,110,3,74.3,2021Q1
2926,110,6,59.7,2021Q2
2926,110,9,58.6,2021Q3
2926,110,12,59.6,2021Q4
2926,111,3,58.7,2022Q1
2926,111,6,48.3,2022Q2
2926,111,9,49.1,2022Q3
2926,111,12,61.0,2022Q4
2926,112,3,63.5,2023Q1
2926,112,6,62.6,2023Q2
2926,112,9,68.1,2023Q3
2926,112,12,64.9,2023Q4
2926,113,3,60.6,2024Q1
2926,113,6,59.6,2024Q2
2926,113,9,54.5,2024Q3
2926,113,12,46.55,2024Q4
2926,114,3,50.5,2025Q1
3064,105,3,54.7,2016Q1
3064,105,6,37.3,2016Q2
3064,105,9,34.0,2016Q3
3064,105,12,27.2,2016Q4
3064,106,3,19.1,2017Q1
3064,106,6,17.25,2017Q2
3064,106,9,15.3,2017Q3
3064,106,12,13.5,2017Q4
3064,107,3,17.9,2018Q1
3064,107,6,21.1,2018Q2
3064,107,9,15.7,2018Q3
3064,107,12,27.9,2018Q4
3064,108,3,26.1,2019Q1
3064,108,6,15.4,2019Q2
3064,108,9,15.3,2019Q3
3064,108,12,13.4,2019Q4
3064,109,3,14.5,2020Q1
3064,109,6,20.1,2020Q2
3064,109,9,34.9,2020Q3
3064,110,3,25.05,2021Q1
3064,110,6,24.6,2021Q2
3064,110,9,14.8,2021Q3
3064,110,12,18.0,2021Q4
3064,111,3,15.1,2022Q1
3064,111,9,12.45,2022Q3
3064,111,12,12.35,2022Q4
3064,112,3,14.0,2023Q1
3064,112,6,15.1,2023Q2
3064,112,9,11.6,2023Q3
3064,112,12,11.0,2023Q4
3064,113,3,38.65,2024Q1
3064,113,6,106.0,2024Q2
3064,113,9,75.2,2024Q3
3064,113,12,71.0,2024Q4
3064,114,3,58.0,2025Q1
3066,105,3,7.66,2016Q1
3066,105,6,7.2,2016Q2
3066,105,9,6.9,2016Q3
3066,105,12,7.29,2016Q4
3066,106,3,7.07,2017Q1
3066,106,6,7.99,2017Q2
3066,106,9,7.72,2017Q3
3066,106,12,7.89,2017Q4
3066,107,3,7.28,2018Q1
3066,107,6,7.14,2018Q2
3066,107,9,6.05,2018Q3
3066,107,12,6.18,2018Q4
3066,108,3,6.03,2019Q1
3066,108,6,7.5,2019Q2
3066,108,9,6.7,2019Q3
3066,108,12,7.82,2019Q4
3066,109,3,5.4,2020Q1
3066,109,6,6.29,2020Q2
3066,109,9,8.04,2020Q3
3066,109,12,7.47,2020Q4
3066,110,3,14.55,2021Q1
3066,110,6,12.0,2021Q2
3066,110,9,13.05,2021Q3
3066,110,12,31.55,2021Q4
3066,111,3,40.1,2022Q1
3066,111,6,27.6,2022Q2
3066,111,9,23.4,2022Q3
3066,111,12,26.25,2022Q4
3066,112,3,25.1,2023Q1
3066,112,6,21.4,2023Q2
3066,112,9,18.65,2023Q3
3066,112,12,16.8,2023Q4
3066,113,3,22.4,2024Q1
3066,113,6,23.8,2024Q2
3066,113,9,28.25,2024Q3
3066,113,12,24.0,2024Q4
3066,114,3,18.85,2025Q1
3067,105,3,12.9,2016Q1
3067,105,6,12.45,2016Q2
3067,105,9,14.85,2016Q3
3067,105,12,12.7,2016Q4
3067,106,3,12.9,2017Q1
3067,106,6,11.9,2017Q2
3067,106,9,12.5,2017Q3
3067,106,12,11.9,2017Q4
3067,107,3,10.5,2018Q1
3067,107,6,10.75,2018Q2
3067,107,9,10.35,2018Q3
3067,107,12,9.94,2018Q4
3067,108,3,9.72,2019Q1
3067,108,12,21.75,2019Q4
3067,109,3,42.2,2020Q1
3067,109,6,29.35,2020Q2
3067,109,9,27.4,2020Q3
3067,109,12,29.95,2020Q4
3067,110,3,30.2,2021Q1
3067,110,6,28.5,2021Q2
3067,110,9,28.35,2021Q3
3067,110,12,40.95,2021Q4
3067,111,3,40.9,2022Q1
3067,111,6,40.5,2022Q2
3067,111,12,35.85,2022Q4
3067,112,6,43.85,2023Q2
3067,112,9,39.8,2023Q3
3067,112,12,37.25,2023Q4
3067,113,3,34.0,2024Q1
3067,113,6,34.45,2024Q2
3067,113,9,33.2,2024Q3
3067,113,12,29.8,2024Q4
3067,114,3,30.75,2025Q1
3071,105,3,6.75,2016Q1
3071,105,6,6.4,2016Q2
3071,105,9,7.55,2016Q3
3071,105,12,10.1,2016Q4
3071,106,3,14.4,2017Q1
3071,106,6,13.0,2017Q2
3071,106,9,15.9,2017Q3
3071,106,12,21.55,2017Q4
3071,107,3,20.85,2018Q1
3071,107,6,20.35,2018Q2
3071,107,9,17.35,2018Q3
3071,107,12,17.3,2018Q4
3071,108,3,20.7,2019Q1
3071,108,6,18.6,2019Q2
3071,108,9,16.95,2019Q3
3071,108,12,20.15,2019Q4
3071,109,3,15.45,2020Q1
3071,109,6,20.95,2020Q2
3071,109,9,23.1,2020Q3
3071,109,12,25.35,2020Q4
3071,110,3,28.75,2021Q1
3071,110,6,26.65,2021Q2
3071,110,9,22.4,2021Q3
3071,110,12,30.15,2021Q4
3071,111,3,26.8,2022Q1
3071,111,6,23.4,2022Q2
3071,111,9,25.3,2022Q3
3071,111,12,24.6,2022Q4
3071,112,3,27.2,2023Q1
3071,112,6,33.75,2023Q2
3071,112,9,37.2,2023Q3
3071,112,12,35.05,2023Q4
3071,113,3,37.15,2024Q1
3071,113,6,39.75,2024Q2
3071,113,9,30.2,2024Q3
3071,113,12,27.15,2024Q4
3071,114,3,22.25,2025Q1
3073,105,3,8.3,2016Q1
3073,105,6,8.53,2016Q2
3073,105,9,12.55,2016Q3
3073,105,12,10.8,2016Q4
3073,106,3,10.4,2017Q1
3073,106,6,9.45,2017Q2
3073,106,9,9.97,2017Q3
3073,106,12,8.36,2017Q4
3073,107,3,13.95,2018Q1
3073,107,6,9.23,2018Q2
3073,107,9,7.52,2018Q3
3073,107,12,5.02,2018Q4
3073,108,3,5.68,2019Q1
3073,108,6,5.5,2019Q2
3073,108,9,4.47,2019Q3
3073,108,12,5.2,2019Q4
3073,109,3,8.0,2020Q1
3073,109,6,9.68,2020Q2
3073,110,3,30.0,2021Q1
3073,110,6,22.95,2021Q2
3073,110,9,27.25,2021Q3
3073,110,12,26.0,2021Q4
3073,111,3,29.1,2022Q1
3073,111,6,24.15,2022Q2
3073,111,9,28.9,2022Q3
3073,111,12,28.85,2022Q4
3073,112,6,40.5,2023Q2
3073,112,9,29.8,2023Q3
3073,112,12,26.05,2023Q4
3073,113,3,30.45,2024Q1
3073,113,6,45.25,2024Q2
3073,113,9,84.4,2024Q3
3073,113,12,57.7,2024Q4
3073,114,3,37.5,2025Q1
3078,105,3,23.45,2016Q1
3078,105,6,33.0,2016Q2
3078,105,9,33.2,2016Q3
3078,105,12,29.7,2016Q4
3078,106,3,31.05,2017Q1
3078,106,6,28.85,2017Q2
3078,106,9,32.75,2017Q3
3078,106,12,35.1,2017Q4
3078,107,3,31.85,2018Q1
3078,107,6,33.55,2018Q2
3078,107,9,26.75,2018Q3
3078,107,12,23.25,2018Q4
3078,108,3,27.55,2019Q1
3078,108,6,24.65,2019Q2
3078,108,9,25.55,2019Q3
3078,108,12,26.65,2019Q4
3078,109,3,18.6,2020Q1
3078,109,6,27.4,2020Q2
3078,109,9,41.0,2020Q3
3078,109,12,44.15,2020Q4
3078,110,3,56.7,2021Q1
3078,110,6,56.2,2021Q2
3078,110,9,38.8,2021Q3
3078,110,12,39.7,2021Q4
3078,111,3,37.8,2022Q1
3078,111,6,32.7,2022Q2
3078,111,9,27.75,2022Q3
3078,111,12,28.15,2022Q4
3078,112,3,44.3,2023Q1
3078,112,6,76.8,2023Q2
3078,112,9,77.3,2023Q3
3078,112,12,84.2,2023Q4
3078,113,3,79.2,2024Q1
3078,113,6,75.3,2024Q2
3078,113,9,66.4,2024Q3
3078,113,12,70.8,2024Q4
3078,114,3,82.6,2025Q1
3081,105,3,523.0,2016Q1
3081,105,6,453.5,2016Q2
3081,105,9,346.0,2016Q3
3081,105,12,269.0,2016Q4
3081,106,3,295.5,2017Q1
3081,106,6,348.0,2017Q2
3081,106,9,375.0,2017Q3
3081,106,12,384.0,2017Q4
3081,107,3,378.0,2018Q1
3081,107,6,284.5,2018Q2
3081,107,9,285.5,2018Q3
3081,107,12,224.5,2018Q4
3081,108,3,282.5,2019Q1
3081,108,6,261.5,2019Q2
3081,108,9,256.5,2019Q3
3081,108,12,309.0,2019Q4
3081,109,3,261.0,2020Q1
3081,109,6,289.0,2020Q2
3081,109,9,249.0,2020Q3
3081,109,12,282.5,2020Q4
3081,110,3,270.0,2021Q1
3081,110,6,265.0,2021Q2
3081,110,9,225.0,2021Q3
3081,110,12,196.5,2021Q4
3081,111,3,183.5,2022Q1
3081,111,6,116.0,2022Q2
3081,111,9,142.5,2022Q3
3081,111,12,106.0,2022Q4
3081,112,3,132.5,2023Q1
3081,112,6,102.0,2023Q2
3081,112,9,117.0,2023Q3
3081,112,12,106.0,2023Q4
3081,113,3,135.5,2024Q1
3081,113,6,168.0,2024Q2
3081,113,9,295.5,2024Q3
3081,113,12,387.0,2024Q4
3081,114,3,283.0,2025Q1
3083,105,3,37.85,2016Q1
3083,105,6,37.0,2016Q2
3083,105,9,38.9,2016Q3
3083,105,12,41.25,2016Q4
3083,106,3,38.65,2017Q1
3083,106,6,45.95,2017Q2
3083,106,9,38.0,2017Q3
3083,106,12,38.2,2017Q4
3083,107,3,36.45,2018Q1
3083,107,6,37.4,2018Q2
3083,107,9,48.0,2018Q3
3083,107,12,36.7,2018Q4
3083,108,3,46.2,2019Q1
3083,108,6,61.6,2019Q2
3083,108,9,88.5,2019Q3
3083,108,12,88.7,2019Q4
3083,109,3,44.35,2020Q1
3083,109,6,90.7,2020Q2
3083,109,9,49.2,2020Q3
3083,109,12,62.5,2020Q4
3083,110,3,59.0,2021Q1
3083,110,6,55.8,2021Q2
3083,110,9,44.4,2021Q3
3083,110,12,60.1,2021Q4
3083,111,3,49.85,2022Q1
3083,111,6,46.0,2022Q2
3083,111,9,39.95,2022Q3
3083,111,12,51.0,2022Q4
3083,112,3,43.8,2023Q1
3083,112,6,50.1,2023Q2
3083,112,9,43.6,2023Q3
3083,112,12,45.4,2023Q4
3083,113,3,51.9,2024Q1
3083,113,6,58.8,2024Q2
3083,113,9,46.2,2024Q3
3083,113,12,42.9,2024Q4
3083,114,3,38.85,2025Q1
3085,105,3,6.48,2016Q1
3085,105,6,7.99,2016Q2
3085,105,9,12.0,2016Q3
3085,105,12,17.25,2016Q4
3085,106,3,26.45,2017Q1
3085,106,6,37.7,2017Q2
3085,106,9,26.2,2017Q3
3085,106,12,21.0,2017Q4
3085,107,3,21.4,2018Q1
3085,107,6,19.25,2018Q2
3085,107,9,10.8,2018Q3
3085,107,12,8.11,2018Q4
3085,108,3,8.27,2019Q1
3085,108,6,3.5,2019Q2
3085,108,9,2.97,2019Q3
3085,108,12,3.27,2019Q4
3085,109,3,1.95,2020Q1
3085,109,6,1.98,2020Q2
3085,109,9,6.75,2020Q3
3085,109,12,11.1,2020Q4
3085,110,3,13.2,2021Q1
3085,110,6,8.42,2021Q2
3085,110,9,14.5,2021Q3
3085,110,12,12.1,2021Q4
3085,111,3,10.4,2022Q1
3085,111,6,9.3,2022Q2
3085,111,9,10.3,2022Q3
3085,111,12,10.3,2022Q4
3085,112,3,21.95,2023Q1
3085,112,6,21.15,2023Q2
3085,112,9,18.15,2023Q3
3085,112,12,11.75,2023Q4
3085,113,3,10.35,2024Q1
3085,113,6,14.6,2024Q2
3085,113,9,20.95,2024Q3
3085,113,12,24.5,2024Q4
3085,114,3,18.85,2025Q1
3086,105,3,16.7,2016Q1
3086,105,6,14.2,2016Q2
3086,105,9,6.53,2016Q3
3086,105,12,7.86,2016Q4
3086,106,3,11.6,2017Q1
3086,106,6,19.2,2017Q2
3086,106,9,14.1,2017Q3
3086,106,12,17.0,2017Q4
3086,107,3,13.2,2018Q1
3086,107,6,14.0,2018Q2
3086,107,9,15.65,2018Q3
3086,107,12,16.9,2018Q4
3086,108,3,11.7,2019Q1
3086,108,6,8.74,2019Q2
3086,108,9,6.7,2019Q3
3086,108,12,7.06,2019Q4
3086,109,6,18.65,2020Q2
3086,109,9,22.1,2020Q3
3086,109,12,56.3,2020Q4
3086,110,3,127.0,2021Q1
3086,110,6,112.5,2021Q2
3086,110,9,91.0,2021Q3
3086,110,12,112.5,2021Q4
3086,111,3,114.0,2022Q1
3086,111,6,102.5,2022Q2
3086,111,9,71.0,2022Q3
3086,111,12,83.8,2022Q4
3086,112,3,74.3,2023Q1
3086,112,6,82.7,2023Q2
3086,112,9,62.5,2023Q3
3086,112,12,133.0,2023Q4
3086,113,3,118.5,2024Q1
3086,113,6,155.5,2024Q2
3086,113,9,255.0,2024Q3
3086,113,12,150.5,2024Q4
3086,114,3,150.5,2025Q1
3088,105,3,74.2,2016Q1
3088,105,6,64.8,2016Q2
3088,105,9,60.8,2016Q3
3088,105,12,58.3,2016Q4
3088,106,3,56.7,2017Q1
3088,106,6,56.5,2017Q2
3088,106,9,51.0,2017Q3
3088,106,12,53.5,2017Q4
3088,107,3,58.8,2018Q1
3088,107,6,64.4,2018Q2
3088,107,9,56.7,2018Q3
3088,107,12,50.6,2018Q4
3088,108,3,58.1,2019Q1
3088,108,6,57.6,2019Q2
3088,108,9,56.9,2019Q3
3088,108,12,57.3,2019Q4
3088,109,3,51.2,2020Q1
3088,109,6,55.1,2020Q2
3088,109,9,50.9,2020Q3
3088,109,12,50.7,2020Q4
3088,110,3,55.0,2021Q1
3088,110,6,55.9,2021Q2
3088,110,9,49.75,2021Q3
3088,110,12,54.6,2021Q4
3088,111,3,57.1,2022Q1
3088,111,6,62.4,2022Q2
3088,111,9,52.0,2022Q3
3088,111,12,59.0,2022Q4
3088,112,3,76.8,2023Q1
3088,112,6,80.3,2023Q2
3088,112,9,90.2,2023Q3
3088,112,12,88.0,2023Q4
3088,113,3,91.8,2024Q1
3088,113,6,100.5,2024Q2
3088,113,9,88.5,2024Q3
3088,113,12,108.5,2024Q4
3088,114,3,117.5,2025Q1
3093,105,3,32.85,2016Q1
3093,105,6,33.45,2016Q2
3093,105,9,34.2,2016Q3
3093,105,12,31.45,2016Q4
3093,106,3,33.5,2017Q1
3093,106,6,32.25,2017Q2
3093,106,9,29.2,2017Q3
3093,106,12,28.6,2017Q4
3093,107,3,26.5,2018Q1
3093,107,6,25.25,2018Q2
3093,107,9,25.2,2018Q3
3093,107,12,26.65,2018Q4
3093,108,3,26.5,2019Q1
3093,108,6,28.05,2019Q2
3093,108,9,28.15,2019Q3
3093,108,12,26.9,2019Q4
3093,109,3,25.4,2020Q1
3093,109,6,29.9,2020Q2
3093,109,9,33.25,2020Q3
3093,109,12,37.9,2020Q4
3093,110,3,60.0,2021Q1
3093,110,6,67.1,2021Q2
3093,110,9,77.9,2021Q3
3093,110,12,84.9,2021Q4
3093,111,3,86.0,2022Q1
3093,111,6,116.0,2022Q2
3093,111,9,94.0,2022Q3
3093,111,12,26.95,2022Q4
3093,112,3,39.7,2023Q1
3093,112,6,37.45,2023Q2
3093,112,9,32.65,2023Q3
3093,112,12,31.75,2023Q4
3093,113,3,30.45,2024Q1
3093,113,6,33.65,2024Q2
3093,113,9,27.05,2024Q3
3093,113,12,26.65,2024Q4
3093,114,3,24.9,2025Q1
3095,105,3,4.98,2016Q1
3095,105,6,2.65,2016Q2
3095,105,9,1.97,2016Q3
3095,105,12,2.53,2016Q4
3095,106,3,2.99,2017Q1
3095,106,6,2.43,2017Q2
3095,106,9,2.6,2017Q3
3095,106,12,2.91,2017Q4
3095,107,3,3.26,2018Q1
3095,107,6,3.86,2018Q2
3095,107,9,3.25,2018Q3
3095,107,12,2.88,2018Q4
3095,108,3,2.81,2019Q1
3095,108,6,2.79,2019Q2
3095,108,9,2.89,2019Q3
3095,108,12,1.97,2019Q4
3095,109,3,1.82,2020Q1
3095,109,6,1.96,2020Q2
3095,109,9,3.98,2020Q3
3095,109,12,2.88,2020Q4
3095,110,3,2.91,2021Q1
3095,110,6,2.9,2021Q2
3095,110,9,3.03,2021Q3
3095,110,12,3.24,2021Q4
3095,111,3,3.0,2022Q1
3095,111,6,2.83,2022Q2
3095,111,9,3.02,2022Q3
3095,111,12,36.45,2022Q4
3095,112,3,29.35,2023Q1
3095,112,6,24.95,2023Q2
3095,112,9,25.0,2023Q3
3095,112,12,29.7,2023Q4
3095,113,3,33.5,2024Q1
3095,113,6,45.05,2024Q2
3095,113,9,53.5,2024Q3
3095,113,12,42.6,2024Q4
3095,114,3,35.95,2025Q1
3105,105,3,63.8,2016Q1
3105,105,6,65.3,2016Q2
3105,105,9,92.0,2016Q3
3105,105,12,90.9,2016Q4
3105,106,3,135.0,2017Q1
3105,106,6,167.0,2017Q2
3105,106,9,197.5,2017Q3
3105,106,12,283.0,2017Q4
3105,107,3,314.5,2018Q1
3105,107,6,219.5,2018Q2
3105,107,9,134.5,2018Q3
3105,107,12,118.0,2018Q4
3105,108,3,217.5,2019Q1
3105,108,6,199.0,2019Q2
3105,108,9,278.5,2019Q3
3105,108,12,294.0,2019Q4
3105,109,3,263.5,2020Q1
3105,109,6,299.0,2020Q2
3105,109,9,286.5,2020Q3
3105,109,12,346.0,2020Q4
3105,110,3,391.0,2021Q1
3105,110,6,375.0,2021Q2
3105,110,9,310.0,2021Q3
3105,110,12,374.5,2021Q4
3105,111,3,266.0,2022Q1
3105,111,6,192.5,2022Q2
3105,111,9,123.5,2022Q3
3105,111,12,136.5,2022Q4
3105,112,3,182.5,2023Q1
3105,112,6,164.0,2023Q2
3105,112,9,129.0,2023Q3
3105,112,12,159.0,2023Q4
3105,113,3,146.0,2024Q1
3105,113,6,174.5,2024Q2
3105,113,9,136.5,2024Q3
3105,113,12,112.0,2024Q4
3105,114,3,98.5,2025Q1
3114,105,3,12.6,2016Q1
3114,105,6,11.55,2016Q2
3114,105,9,11.5,2016Q3
3114,105,12,10.35,2016Q4
3114,106,3,12.1,2017Q1
3114,106,6,11.7,2017Q2
3114,106,9,16.2,2017Q3
3114,106,12,16.4,2017Q4
3114,107,3,20.8,2018Q1
3114,107,6,39.6,2018Q2
3114,107,9,34.35,2018Q3
3114,107,12,27.5,2018Q4
3114,108,3,37.4,2019Q1
3114,108,6,35.6,2019Q2
3114,108,9,32.2,2019Q3
3114,108,12,30.2,2019Q4
3114,109,3,18.95,2020Q1
3114,109,6,22.45,2020Q2
3114,109,9,17.85,2020Q3
3114,109,12,22.4,2020Q4
3114,110,3,23.25,2021Q1
3114,110,6,24.55,2021Q2
3114,110,9,26.05,2021Q3
3114,110,12,29.15,2021Q4
3114,111,3,27.05,2022Q1
3114,111,6,26.0,2022Q2
3114,111,9,26.35,2022Q3
3114,111,12,25.3,2022Q4
3114,112,3,27.15,2023Q1
3114,112,6,27.25,2023Q2
3114,112,9,27.35,2023Q3
3114,112,12,26.95,2023Q4
3114,113,3,27.55,2024Q1
3114,113,6,28.7,2024Q2
3114,113,9,25.85,2024Q3
3114,113,12,25.8,2024Q4
3114,114,3,25.05,2025Q1
3115,105,3,11.9,2016Q1
3115,105,9,13.25,2016Q3
3115,105,12,10.4,2016Q4
3115,106,3,12.5,2017Q1
3115,106,9,11.5,2017Q3
3115,106,12,11.4,2017Q4
3115,107,3,25.15,2018Q1
3115,107,6,27.8,2018Q2
3115,107,9,25.2,2018Q3
3115,107,12,19.9,2018Q4
3115,108,3,21.0,2019Q1
3115,108,9,15.5,2019Q3
3115,108,12,12.3,2019Q4
3115,109,3,9.25,2020Q1
3115,109,6,14.0,2020Q2
3115,109,9,17.3,2020Q3
3115,109,12,17.5,2020Q4
3115,110,3,15.65,2021Q1
3115,110,6,14.05,2021Q2
3115,110,9,13.1,2021Q3
3115,110,12,15.6,2021Q4
3115,111,3,11.9,2022Q1
3115,111,9,11.5,2022Q3
3115,111,12,11.15,2022Q4
3115,112,3,11.2,2023Q1
3115,112,6,11.4,2023Q2
3115,112,9,10.4,2023Q3
3115,112,12,10.4,2023Q4
3115,113,3,10.45,2024Q1
3115,113,6,10.1,2024Q2
3115,113,9,9.09,2024Q3
3115,113,12,9.36,2024Q4
3115,114,3,12.7,2025Q1
3118,105,3,37.8,2016Q1
3118,105,6,34.25,2016Q2
3118,105,9,32.4,2016Q3
3118,105,12,30.3,2016Q4
3118,106,3,31.45,2017Q1
3118,106,6,32.0,2017Q2
3118,106,9,32.55,2017Q3
3118,106,12,32.45,2017Q4
3118,107,3,35.1,2018Q1
3118,107,6,31.0,2018Q2
3118,107,9,30.55,2018Q3
3118,107,12,28.3,2018Q4
3118,108,3,29.2,2019Q1
3118,108,6,27.75,2019Q2
3118,108,9,27.45,2019Q3
3118,108,12,27.0,2019Q4
3118,109,3,23.15,2020Q1
3118,109,6,35.5,2020Q2
3118,109,9,29.55,2020Q3
3118,109,12,29.95,2020Q4
3118,110,3,30.85,2021Q1
3118,110,6,31.25,2021Q2
3118,110,9,29.9,2021Q3
3118,110,12,29.95,2021Q4
3118,111,3,29.9,2022Q1
3118,111,6,27.05,2022Q2
3118,111,9,25.3,2022Q3
3118,111,12,27.65,2022Q4
3118,112,3,30.35,2023Q1
3118,112,6,30.0,2023Q2
3118,112,9,30.35,2023Q3
3118,112,12,30.45,2023Q4
3118,113,3,31.2,2024Q1
3118,113,6,35.85,2024Q2
3118,113,9,32.75,2024Q3
3118,113,12,32.0,2024Q4
3118,114,3,33.25,2025Q1
3122,105,3,20.1,2016Q1
3122,105,6,18.55,2016Q2
3122,105,9,17.45,2016Q3
3122,105,12,15.8,2016Q4
3122,106,3,15.65,2017Q1
3122,106,6,15.95,2017Q2
3122,106,9,16.1,2017Q3
3122,106,12,16.8,2017Q4
3122,107,3,18.05,2018Q1
3122,107,6,18.55,2018Q2
3122,107,9,15.85,2018Q3
3122,107,12,15.3,2018Q4
3122,108,3,12.7,2019Q1
3122,108,6,13.1,2019Q2
3122,108,9,14.15,2019Q3
3122,108,12,12.05,2019Q4
3122,109,3,8.19,2020Q1
3122,109,6,11.0,2020Q2
3122,109,9,11.65,2020Q3
3122,109,12,18.65,2020Q4
3122,110,3,49.5,2021Q1
3122,110,6,37.05,2021Q2
3122,110,9,44.2,2021Q3
3122,110,12,57.5,2021Q4
3122,111,3,68.9,2022Q1
3122,111,6,38.5,2022Q2
3122,111,9,25.5,2022Q3
3122,111,12,25.05,2022Q4
3122,112,3,27.4,2023Q1
3122,112,6,28.4,2023Q2
3122,112,9,36.0,2023Q3
3122,112,12,45.6,2023Q4
3122,113,3,37.4,2024Q1
3122,113,6,56.5,2024Q2
3122,113,9,39.8,2024Q3
3122,113,12,31.0,2024Q4
3122,114,3,26.5,2025Q1
3128,105,3,14.2,2016Q1
3128,105,6,12.6,2016Q2
3128,105,9,11.35,2016Q3
3128,105,12,11.3,2016Q4
3128,106,3,12.15,2017Q1
3128,106,6,11.45,2017Q2
3128,106,9,11.45,2017Q3
3128,106,12,11.0,2017Q4
3128,107,3,15.0,2018Q1
3128,107,6,15.15,2018Q2
3128,107,9,12.05,2018Q3
3128,107,12,14.0,2018Q4
3128,108,3,14.8,2019Q1
3128,108,6,14.6,2019Q2
3128,108,9,13.75,2019Q3
3128,108,12,13.2,2019Q4
3128,109,3,11.4,2020Q1
3128,109,6,12.7,2020Q2
3128,109,9,13.0,2020Q3
3128,109,12,15.7,2020Q4
3128,110,3,20.2,2021Q1
3128,110,6,21.0,2021Q2
3128,110,9,19.2,2021Q3
3128,110,12,23.2,2021Q4
3128,111,3,19.5,2022Q1
3128,111,6,18.0,2022Q2
3128,111,9,30.75,2022Q3
3128,111,12,41.45,2022Q4
3128,112,3,41.7,2023Q1
3128,112,6,45.5,2023Q2
3128,112,9,29.5,2023Q3
3128,112,12,30.2,2023Q4
3128,113,3,31.8,2024Q1
3128,113,6,30.95,2024Q2
3128,113,9,29.4,2024Q3
3128,113,12,27.45,2024Q4
3128,114,3,22.7,2025Q1
3131,105,3,245.5,2016Q1
3131,105,6,217.0,2016Q2
3131,105,9,182.0,2016Q3
3131,105,12,187.5,2016Q4
3131,106,3,178.5,2017Q1
3131,106,6,196.0,2017Q2
3131,106,9,192.5,2017Q3
3131,106,12,174.0,2017Q4
3131,107,3,173.0,2018Q1
3131,107,6,143.0,2018Q2
3131,107,9,117.5,2018Q3
3131,107,12,105.5,2018Q4
3131,108,3,118.0,2019Q1
3131,108,6,129.5,2019Q2
3131,108,9,152.0,2019Q3
3131,108,12,278.5,2019Q4
3131,109,3,191.0,2020Q1
3131,109,6,255.5,2020Q2
3131,109,9,376.0,2020Q3
3131,109,12,397.5,2020Q4
3131,110,3,348.0,2021Q1
3131,110,6,427.5,2021Q2
3131,110,9,352.0,2021Q3
3131,110,12,378.0,2021Q4
3131,111,3,333.5,2022Q1
3131,111,6,231.0,2022Q2
3131,111,9,209.0,2022Q3
3131,111,12,227.0,2022Q4
3131,112,3,308.5,2023Q1
3131,112,6,543.0,2023Q2
3131,112,9,507.0,2023Q3
3131,112,12,596.0,2023Q4
3131,113,3,877.0,2024Q1
3131,113,6,1355.0,2024Q2
3131,113,9,1740.0,2024Q3
3131,113,12,1485.0,2024Q4
3131,114,3,925.0,2025Q1
3141,105,3,35.4,2016Q1
3141,105,6,54.4,2016Q2
3141,105,9,42.4,2016Q3
3141,105,12,39.9,2016Q4
3141,106,3,34.9,2017Q1
3141,106,6,34.6,2017Q2
3141,106,9,36.4,2017Q3
3141,106,12,38.9,2017Q4
3141,107,3,34.55,2018Q1
3141,107,6,33.8,2018Q2
3141,107,9,37.5,2018Q3
3141,107,12,35.15,2018Q4
3141,108,3,45.7,2019Q1
3141,108,6,34.05,2019Q2
3141,108,9,31.5,2019Q3
3141,108,12,30.5,2019Q4
3141,109,3,19.0,2020Q1
3141,109,6,23.8,2020Q2
3141,109,9,28.85,2020Q3
3141,109,12,41.55,2020Q4
3141,110,3,73.1,2021Q1
3141,110,6,140.5,2021Q2
3141,110,9,156.0,2021Q3
3141,110,12,255.0,2021Q4
3141,111,3,185.5,2022Q1
3141,111,9,88.2,2022Q3
3141,111,12,76.9,2022Q4
3141,112,3,105.5,2023Q1
3141,112,6,102.0,2023Q2
3141,112,9,89.3,2023Q3
3141,112,12,100.0,2023Q4
3141,113,3,77.9,2024Q1
3141,113,6,95.3,2024Q2
3141,113,9,94.3,2024Q3
3141,113,12,74.6,2024Q4
3141,114,3,63.5,2025Q1
3152,105,3,180.5,2016Q1
3152,105,6,179.0,2016Q2
3152,105,9,219.0,2016Q3
3152,105,12,237.5,2016Q4
3152,106,3,298.0,2017Q1
3152,106,6,370.0,2017Q2
3152,106,9,423.0,2017Q3
3152,106,12,399.0,2017Q4
3152,107,3,268.0,2018Q1
3152,107,6,253.5,2018Q2
3152,107,9,207.0,2018Q3
3152,107,12,245.0,2018Q4
3152,108,3,245.0,2019Q1
3152,108,6,241.5,2019Q2
3152,108,9,257.0,2019Q3
3152,108,12,352.0,2019Q4
3152,109,3,266.0,2020Q1
3152,109,6,411.0,2020Q2
3152,109,9,392.0,2020Q3
3152,109,12,510.0,2020Q4
3152,110,3,571.0,2021Q1
3152,110,6,505.0,2021Q2
3152,110,9,344.5,2021Q3
3152,110,12,351.5,2021Q4
3152,111,3,271.0,2022Q1
3152,111,6,184.0,2022Q2
3152,111,9,154.0,2022Q3
3152,111,12,182.5,2022Q4
3152,112,3,234.5,2023Q1
3152,112,6,214.0,2023Q2
3152,112,9,209.0,2023Q3
3152,112,12,245.0,2023Q4
3152,113,3,234.0,2024Q1
3152,113,6,206.0,2024Q2
3152,113,9,177.5,2024Q3
3152,113,12,180.5,2024Q4
3152,114,3,137.5,2025Q1
3162,105,3,5.95,2016Q1
3162,105,6,5.71,2016Q2
3162,105,9,6.76,2016Q3
3162,105,12,6.19,2016Q4
3162,106,3,6.38,2017Q1
3162,106,6,15.25,2017Q2
3162,106,9,32.55,2017Q3
3162,106,12,39.8,2017Q4
3162,107,3,27.2,2018Q1
3162,107,6,25.75,2018Q2
3162,107,9,25.0,2018Q3
3162,107,12,23.85,2018Q4
3162,108,3,20.0,2019Q1
3162,108,6,17.3,2019Q2
3162,108,9,16.4,2019Q3
3162,108,12,11.7,2019Q4
3162,109,3,6.17,2020Q1
3162,109,6,9.5,2020Q2
3162,109,9,15.55,2020Q3
3162,109,12,16.4,2020Q4
3162,110,3,27.2,2021Q1
3162,110,6,27.0,2021Q2
3162,110,9,51.5,2021Q3
3162,110,12,46.0,2021Q4
3162,111,3,42.1,2022Q1
3162,111,6,38.95,2022Q2
3162,111,9,47.3,2022Q3
3162,111,12,49.25,2022Q4
3162,112,3,60.5,2023Q1
3162,112,6,52.3,2023Q2
3162,112,9,49.1,2023Q3
3162,112,12,49.9,2023Q4
3162,113,3,38.45,2024Q1
3162,113,6,31.2,2024Q2
3162,113,9,34.65,2024Q3
3162,113,12,38.85,2024Q4
3162,114,3,50.8,2025Q1
3163,105,3,45.25,2016Q1
3163,105,6,45.3,2016Q2
3163,105,9,52.1,2016Q3
3163,105,12,47.95,2016Q4
3163,106,3,61.6,2017Q1
3163,106,6,46.5,2017Q2
3163,106,9,45.1,2017Q3
3163,106,12,43.4,2017Q4
3163,107,3,36.3,2018Q1
3163,107,6,43.15,2018Q2
3163,107,9,33.55,2018Q3
3163,107,12,38.05,2018Q4
3163,108,3,46.9,2019Q1
3163,108,6,41.6,2019Q2
3163,108,9,47.9,2019Q3
3163,108,12,51.2,2019Q4
3163,109,3,29.65,2020Q1
3163,109,6,52.3,2020Q2
3163,109,9,62.8,2020Q3
3163,109,12,53.0,2020Q4
3163,110,3,54.9,2021Q1
3163,110,6,44.7,2021Q2
3163,110,9,37.95,2021Q3
3163,110,12,42.05,2021Q4
3163,111,3,47.85,2022Q1
3163,111,6,44.0,2022Q2
3163,111,9,49.85,2022Q3
3163,111,12,49.5,2022Q4
3163,112,3,56.5,2023Q1
3163,112,6,60.2,2023Q2
3163,112,9,97.1,2023Q3
3163,112,12,88.4,2023Q4
3163,113,3,102.0,2024Q1
3163,113,6,137.0,2024Q2
3163,113,9,157.5,2024Q3
3163,113,12,141.5,2024Q4
3163,114,3,172.5,2025Q1
3169,105,3,27.7,2016Q1
3169,105,6,24.3,2016Q2
3169,105,9,24.65,2016Q3
3169,105,12,22.3,2016Q4
3169,106,3,23.65,2017Q1
3169,106,6,26.15,2017Q2
3169,106,9,29.55,2017Q3
3169,106,12,29.55,2017Q4
3169,107,3,27.25,2018Q1
3169,107,6,27.1,2018Q2
3169,107,9,26.45,2018Q3
3169,107,12,30.1,2018Q4
3169,108,3,43.45,2019Q1
3169,108,6,41.3,2019Q2
3169,108,9,40.9,2019Q3
3169,108,12,37.95,2019Q4
3169,109,3,27.8,2020Q1
3169,109,6,38.45,2020Q2
3169,109,9,35.45,2020Q3
3169,109,12,60.2,2020Q4
3169,110,3,201.0,2021Q1
3169,110,6,190.0,2021Q2
3169,110,9,134.5,2021Q3
3169,110,12,277.0,2021Q4
3169,111,3,215.0,2022Q1
3169,111,6,126.0,2022Q2
3169,111,9,92.0,2022Q3
3169,111,12,99.0,2022Q4
3169,112,3,124.5,2023Q1
3169,112,6,125.0,2023Q2
3169,112,9,114.5,2023Q3
3169,112,12,133.0,2023Q4
3169,113,3,125.0,2024Q1
3169,113,6,126.5,2024Q2
3169,113,9,114.0,2024Q3
3169,113,12,104.5,2024Q4
3169,114,3,96.2,2025Q1
3171,105,3,20.65,2016Q1
3171,105,6,19.35,2016Q2
3171,105,9,19.85,2016Q3
3171,105,12,19.2,2016Q4
3171,106,3,17.6,2017Q1
3171,106,6,15.95,2017Q2
3171,106,9,15.5,2017Q3
3171,106,12,13.8,2017Q4
3171,107,3,14.9,2018Q1
3171,107,6,14.7,2018Q2
3171,107,9,12.4,2018Q3
3171,107,12,9.94,2018Q4
3171,108,3,10.65,2019Q1
3171,108,6,14.0,2019Q2
3171,108,12,14.05,2019Q4
3171,109,3,14.85,2020Q1
3171,109,6,24.75,2020Q2
3171,109,9,22.0,2020Q3
3171,109,12,21.9,2020Q4
3171,110,3,25.65,2021Q1
3171,110,6,25.75,2021Q2
3171,110,9,21.05,2021Q3
3171,110,12,21.0,2021Q4
3171,111,3,21.15,2022Q1
3171,111,6,17.85,2022Q2
3171,111,9,15.8,2022Q3
3171,111,12,16.25,2022Q4
3171,112,3,18.05,2023Q1
3171,112,6,18.85,2023Q2
3171,112,9,18.3,2023Q3
3171,112,12,20.3,2023Q4
3171,113,3,29.8,2024Q1
3171,113,6,29.95,2024Q2
3171,113,9,26.5,2024Q3
3171,113,12,36.0,2024Q4
3171,114,3,39.75,2025Q1
3176,105,3,70.7,2016Q1
3176,105,6,82.0,2016Q2
3176,105,9,70.0,2016Q3
3176,105,12,79.3,2016Q4
3176,106,3,60.0,2017Q1
3176,106,6,53.2,2017Q2
3176,106,9,44.7,2017Q3
3176,106,12,35.4,2017Q4
3176,107,3,38.35,2018Q1
3176,107,6,32.6,2018Q2
3176,107,9,49.3,2018Q3
3176,107,12,45.05,2018Q4
3176,108,3,59.0,2019Q1
3176,108,6,75.7,2019Q2
3176,108,9,63.1,2019Q3
3176,108,12,62.1,2019Q4
3176,109,3,48.2,2020Q1
3176,109,6,85.5,2020Q2
3176,109,9,64.6,2020Q3
3176,109,12,59.2,2020Q4
3176,110,3,65.7,2021Q1
3176,110,6,65.3,2021Q2
3176,110,9,57.2,2021Q3
3176,110,12,57.4,2021Q4
3176,111,3,52.3,2022Q1
3176,111,6,42.9,2022Q2
3176,111,9,33.7,2022Q3
3176,111,12,33.6,2022Q4
3176,112,3,32.55,2023Q1
3176,112,6,33.2,2023Q2
3176,112,9,33.85,2023Q3
3176,112,12,44.8,2023Q4
3176,113,3,38.95,2024Q1
3176,113,6,45.65,2024Q2
3176,113,9,38.5,2024Q3
3176,113,12,32.4,2024Q4
3176,114,3,31.75,2025Q1
3188,105,3,9.97,2016Q1
3188,105,6,14.6,2016Q2
3188,105,9,16.35,2016Q3
3188,105,12,15.9,2016Q4
3188,106,3,19.1,2017Q1
3188,106,6,20.25,2017Q2
3188,106,9,18.8,2017Q3
3188,106,12,18.1,2017Q4
3188,107,3,16.9,2018Q1
3188,107,6,15.95,2018Q2
3188,107,9,19.05,2018Q3
3188,107,12,17.85,2018Q4
3188,108,3,19.05,2019Q1
3188,108,6,21.5,2019Q2
3188,108,9,19.5,2019Q3
3188,108,12,17.95,2019Q4
3188,109,3,13.65,2020Q1
3188,109,6,14.6,2020Q2
3188,109,9,13.85,2020Q3
3188,109,12,14.15,2020Q4
3188,110,3,13.85,2021Q1
3188,110,6,14.25,2021Q2
3188,110,9,18.7,2021Q3
3188,110,12,17.8,2021Q4
3188,111,3,16.3,2022Q1
3188,111,6,15.85,2022Q2
3188,111,9,11.15,2022Q3
3188,111,12,12.5,2022Q4
3188,112,3,12.95,2023Q1
3188,112,6,14.9,2023Q2
3188,112,9,16.25,2023Q3
3188,112,12,16.55,2023Q4
3188,113,3,28.2,2024Q1
3188,113,6,30.95,2024Q2
3188,113,9,34.8,2024Q3
3188,113,12,27.75,2024Q4
3188,114,3,27.9,2025Q1
3191,105,3,17.35,2016Q1
3191,105,6,12.55,2016Q2
3191,105,9,15.4,2016Q3
3191,105,12,11.8,2016Q4
3191,106,3,17.85,2017Q1
3191,106,6,23.3,2017Q2
3191,106,9,18.0,2017Q3
3191,106,12,15.8,2017Q4
3191,107,3,18.55,2018Q1
3191,107,6,18.1,2018Q2
3191,107,9,18.95,2018Q3
3191,107,12,14.8,2018Q4
3191,108,3,18.4,2019Q1
3191,108,6,17.0,2019Q2
3191,108,9,42.0,2019Q3
3191,108,12,45.3,2019Q4
3191,109,3,39.6,2020Q1
3191,109,6,48.4,2020Q2
3191,109,9,38.0,2020Q3
3191,109,12,11.2,2020Q4
3191,110,3,7.12,2021Q1
3191,110,6,6.1,2021Q2
3191,110,9,8.11,2021Q3
3191,110,12,7.8,2021Q4
3191,111,3,10.85,2022Q1
3191,111,6,9.27,2022Q2
3191,111,9,9.2,2022Q3
3191,111,12,6.99,2022Q4
3191,112,3,8.1,2023Q1
3191,112,6,8.37,2023Q2
3191,112,9,13.0,2023Q3
3191,112,12,11.25,2023Q4
3191,113,3,21.95,2024Q1
3191,113,6,21.95,2024Q2
3191,113,9,18.3,2024Q3
3191,113,12,18.25,2024Q4
3191,114,3,16.85,2025Q1
3202,105,3,9.95,2016Q1
3202,105,6,12.7,2016Q2
3202,105,9,13.9,2016Q3
3202,105,12,12.7,2016Q4
3202,106,3,12.6,2017Q1
3202,106,6,13.3,2017Q2
3202,106,9,23.95,2017Q3
3202,106,12,24.1,2017Q4
3202,107,3,19.55,2018Q1
3202,107,6,14.0,2018Q2
3202,107,9,13.5,2018Q3
3202,107,12,14.9,2018Q4
3202,108,3,19.0,2019Q1
3202,108,6,20.9,2019Q2
3202,108,9,18.35,2019Q3
3202,108,12,18.55,2019Q4
3202,109,3,14.85,2020Q1
3202,109,6,18.45,2020Q2
3202,109,9,25.75,2020Q3
3202,109,12,19.15,2020Q4
3202,110,3,18.15,2021Q1
3202,110,6,14.2,2021Q2
3202,110,9,14.0,2021Q3
3202,110,12,20.4,2021Q4
3202,111,3,17.5,2022Q1
3202,111,6,13.7,2022Q2
3202,111,9,15.1,2022Q3
3202,111,12,14.35,2022Q4
3202,112,3,15.5,2023Q1
3202,112,6,20.5,2023Q2
3202,112,9,15.1,2023Q3
3202,112,12,15.1,2023Q4
3202,113,3,12.05,2024Q1
3202,113,6,18.45,2024Q2
3202,113,9,15.9,2024Q3
3202,113,12,6.7,2024Q4
3202,114,3,4.26,2025Q1
3205,105,3,298.0,2016Q1
3205,105,6,181.0,2016Q2
3205,105,9,154.0,2016Q3
3205,105,12,125.5,2016Q4
3205,106,3,121.0,2017Q1
3205,106,6,103.0,2017Q2
3205,106,9,74.0,2017Q3
3205,106,12,71.6,2017Q4
3205,107,3,79.0,2018Q1
3205,107,6,63.2,2018Q2
3205,107,9,52.6,2018Q3
3205,107,12,46.2,2018Q4
3205,108,3,48.9,2019Q1
3205,108,6,47.6,2019Q2
3205,108,9,53.4,2019Q3
3205,108,12,51.8,2019Q4
3205,109,3,30.05,2020Q1
3205,109,6,42.2,2020Q2
3205,109,9,34.4,2020Q3
3205,109,12,34.2,2020Q4
3205,110,3,32.3,2021Q1
3205,110,6,27.9,2021Q2
3205,110,9,26.0,2021Q3
3205,110,12,27.5,2021Q4
3205,111,3,23.6,2022Q1
3205,111,6,40.0,2022Q2
3205,111,9,46.55,2022Q3
3205,111,12,40.7,2022Q4
3205,112,3,39.8,2023Q1
3205,112,6,52.3,2023Q2
3205,112,9,41.85,2023Q3
3205,112,12,52.2,2023Q4
3205,113,3,42.4,2024Q1
3205,113,6,47.0,2024Q2
3205,113,9,37.45,2024Q3
3205,113,12,31.95,2024Q4
3205,114,3,29.65,2025Q1
3206,105,3,21.9,2016Q1
3206,105,6,23.8,2016Q2
3206,105,9,21.65,2016Q3
3206,105,12,23.05,2016Q4
3206,106,3,22.45,2017Q1
3206,106,6,22.25,2017Q2
3206,106,9,24.9,2017Q3
3206,106,12,25.35,2017Q4
3206,107,3,22.95,2018Q1
3206,107,6,21.65,2018Q2
3206,107,9,23.0,2018Q3
3206,107,12,23.0,2018Q4
3206,108,3,26.25,2019Q1
3206,108,6,26.45,2019Q2
3206,108,9,31.4,2019Q3
3206,108,12,33.65,2019Q4
3206,109,3,24.05,2020Q1
3206,109,6,28.7,2020Q2
3206,109,9,30.15,2020Q3
3206,109,12,37.45,2020Q4
3206,110,3,36.75,2021Q1
3206,110,6,33.2,2021Q2
3206,110,9,30.05,2021Q3
3206,110,12,29.85,2021Q4
3206,111,3,28.9,2022Q1
3206,111,6,26.75,2022Q2
3206,111,9,28.2,2022Q3
3206,111,12,29.45,2022Q4
3206,112,3,31.45,2023Q1
3206,112,6,39.0,2023Q2
3206,112,9,46.75,2023Q3
3206,112,12,44.8,2023Q4
3206,113,3,47.35,2024Q1
3206,113,6,49.7,2024Q2
3206,113,9,48.0,2024Q3
3206,113,12,42.5,2024Q4
3206,114,3,42.45,2025Q1
3207,105,3,7.0,2016Q1
3207,105,6,8.01,2016Q2
3207,105,9,12.0,2016Q3
3207,105,12,10.65,2016Q4
3207,106,3,11.2,2017Q1
3207,106,6,11.5,2017Q2
3207,106,9,10.0,2017Q3
3207,106,12,9.79,2017Q4
3207,107,3,10.2,2018Q1
3207,107,6,11.7,2018Q2
3207,107,9,10.85,2018Q3
3207,107,12,13.0,2018Q4
3207,108,3,10.6,2019Q1
3207,108,6,13.0,2019Q2
3207,108,9,13.45,2019Q3
3207,108,12,13.1,2019Q4
3207,109,3,10.95,2020Q1
3207,109,6,11.65,2020Q2
3207,109,9,10.4,2020Q3
3207,109,12,9.7,2020Q4
3207,110,3,13.5,2021Q1
3207,110,6,10.65,2021Q2
3207,110,9,15.85,2021Q3
3207,110,12,22.9,2021Q4
3207,111,3,24.05,2022Q1
3207,111,6,30.1,2022Q2
3207,111,9,41.7,2022Q3
3207,111,12,48.8,2022Q4
3207,112,3,73.9,2023Q1
3207,112,6,95.8,2023Q2
3207,112,9,74.4,2023Q3
3207,112,12,81.1,2023Q4
3207,113,3,129.0,2024Q1
3207,113,6,145.5,2024Q2
3207,113,9,138.5,2024Q3
3207,113,12,91.4,2024Q4
3207,114,3,95.4,2025Q1
3211,105,3,49.8,2016Q1
3211,105,6,47.5,2016Q2
3211,105,9,42.05,2016Q3
3211,105,12,37.1,2016Q4
3211,106,3,41.8,2017Q1
3211,106,6,39.3,2017Q2
3211,106,9,39.85,2017Q3
3211,106,12,44.85,2017Q4
3211,107,3,41.9,2018Q1
3211,107,6,40.85,2018Q2
3211,107,9,43.45,2018Q3
3211,107,12,45.0,2018Q4
3211,108,3,50.7,2019Q1
3211,108,6,50.7,2019Q2
3211,108,9,52.6,2019Q3
3211,108,12,60.9,2019Q4
3211,109,3,62.6,2020Q1
3211,109,6,76.2,2020Q2
3211,109,9,80.2,2020Q3
3211,109,12,84.4,2020Q4
3211,110,3,122.5,2021Q1
3211,110,6,111.5,2021Q2
3211,110,9,96.6,2021Q3
3211,110,12,102.5,2021Q4
3211,111,3,111.5,2022Q1
3211,111,6,71.3,2022Q2
3211,111,9,70.6,2022Q3
3211,111,12,73.0,2022Q4
3211,112,3,82.7,2023Q1
3211,112,6,79.2,2023Q2
3211,112,9,80.3,2023Q3
3211,112,12,89.9,2023Q4
3211,113,3,94.4,2024Q1
3211,113,6,99.4,2024Q2
3211,113,9,104.0,2024Q3
3211,113,12,210.0,2024Q4
3211,114,3,171.0,2025Q1
3213,105,3,40.5,2016Q1
3213,105,6,37.4,2016Q2
3213,105,9,34.8,2016Q3
3213,105,12,38.05,2016Q4
3213,106,3,48.9,2017Q1
3213,106,6,50.7,2017Q2
3213,106,9,57.7,2017Q3
3213,106,12,56.5,2017Q4
3213,107,3,53.9,2018Q1
3213,107,6,47.6,2018Q2
3213,107,9,42.25,2018Q3
3213,107,12,36.95,2018Q4
3213,108,3,43.5,2019Q1
3213,108,6,44.15,2019Q2
3213,108,9,46.15,2019Q3
3213,108,12,47.4,2019Q4
3213,109,3,43.1,2020Q1
3213,109,6,50.6,2020Q2
3213,109,9,45.75,2020Q3
3213,109,12,49.95,2020Q4
3213,110,3,59.7,2021Q1
3213,110,6,61.4,2021Q2
3213,110,9,59.1,2021Q3
3213,110,12,60.9,2021Q4
3213,111,3,56.4,2022Q1
3213,111,6,42.55,2022Q2
3213,111,9,41.5,2022Q3
3213,111,12,44.0,2022Q4
3213,112,3,52.8,2023Q1
3213,112,6,60.4,2023Q2
3213,112,9,74.0,2023Q3
3213,112,12,86.9,2023Q4
3213,113,3,90.1,2024Q1
3213,113,6,113.0,2024Q2
3213,113,9,109.5,2024Q3
3213,113,12,86.2,2024Q4
3213,114,3,115.5,2025Q1
3217,105,3,13.8,2016Q1
3217,105,6,13.3,2016Q2
3217,105,9,18.0,2016Q3
3217,105,12,21.3,2016Q4
3217,106,3,28.3,2017Q1
3217,106,6,26.5,2017Q2
3217,106,9,29.9,2017Q3
3217,106,12,31.95,2017Q4
3217,107,3,46.4,2018Q1
3217,107,6,40.35,2018Q2
3217,107,9,30.2,2018Q3
3217,107,12,29.95,2018Q4
3217,108,3,53.7,2019Q1
3217,108,6,52.8,2019Q2
3217,108,9,55.2,2019Q3
3217,108,12,67.6,2019Q4
3217,109,3,74.6,2020Q1
3217,109,6,116.0,2020Q2
3217,109,9,103.5,2020Q3
3217,109,12,110.0,2020Q4
3217,110,3,125.5,2021Q1
3217,110,6,110.0,2021Q2
3217,110,9,88.2,2021Q3
3217,110,12,135.0,2021Q4
3217,111,3,108.0,2022Q1
3217,111,6,69.2,2022Q2
3217,111,9,64.6,2022Q3
3217,111,12,80.0,2022Q4
3217,112,3,111.5,2023Q1
3217,112,6,129.0,2023Q2
3217,112,9,133.5,2023Q3
3217,112,12,171.5,2023Q4
3217,113,3,179.5,2024Q1
3217,113,6,172.0,2024Q2
3217,113,9,151.0,2024Q3
3217,113,12,156.5,2024Q4
3217,114,3,150.5,2025Q1
3218,105,3,23.7,2016Q1
3218,105,6,23.15,2016Q2
3218,105,9,22.95,2016Q3
3218,105,12,22.8,2016Q4
3218,106,3,26.15,2017Q1
3218,106,6,26.05,2017Q2
3218,106,9,26.75,2017Q3
3218,106,12,26.55,2017Q4
3218,107,3,33.8,2018Q1
3218,107,6,29.85,2018Q2
3218,107,9,26.45,2018Q3
3218,107,12,25.15,2018Q4
3218,108,3,28.9,2019Q1
3218,108,6,34.55,2019Q2
3218,108,9,51.9,2019Q3
3218,108,12,67.5,2019Q4
3218,109,3,64.3,2020Q1
3218,109,6,173.0,2020Q2
3218,109,9,263.0,2020Q3
3218,109,12,239.0,2020Q4
3218,110,3,323.0,2021Q1
3218,110,6,345.0,2021Q2
3218,110,9,309.0,2021Q3
3218,110,12,283.0,2021Q4
3218,111,3,279.5,2022Q1
3218,111,6,285.0,2022Q2
3218,111,9,282.5,2022Q3
3218,111,12,298.5,2022Q4
3218,112,3,395.5,2023Q1
3218,112,6,424.0,2023Q2
3218,112,9,336.0,2023Q3
3218,112,12,277.0,2023Q4
3218,113,3,271.5,2024Q1
3218,113,6,249.5,2024Q2
3218,113,9,258.0,2024Q3
3218,113,12,200.0,2024Q4
3218,114,3,198.0,2025Q1
3219,105,3,9.7,2016Q1
3219,105,6,9.57,2016Q2
3219,105,9,13.5,2016Q3
3219,105,12,22.15,2016Q4
3219,106,3,19.0,2017Q1
3219,106,12,34.8,2017Q4
3219,107,3,27.0,2018Q1
3219,107,6,26.25,2018Q2
3219,107,9,20.35,2018Q3
3219,108,3,14.1,2019Q1
3219,108,6,27.0,2019Q2
3219,108,9,21.0,2019Q3
3219,108,12,16.95,2019Q4
3219,109,9,39.5,2020Q3
3219,109,12,46.0,2020Q4
3219,110,3,107.0,2021Q1
3219,110,6,105.5,2021Q2
3219,110,9,111.5,2021Q3
3219,110,12,92.5,2021Q4
3219,111,3,113.5,2022Q1
3219,111,6,78.5,2022Q2
3219,111,9,60.5,2022Q3
3219,111,12,46.05,2022Q4
3219,112,3,55.1,2023Q1
3219,112,6,48.6,2023Q2
3219,112,9,47.6,2023Q3
3219,112,12,48.0,2023Q4
3219,113,3,39.6,2024Q1
3219,113,6,66.6,2024Q2
3219,113,9,50.9,2024Q3
3219,113,12,45.4,2024Q4
3219,114,3,33.5,2025Q1
3221,105,3,26.6,2016Q1
3221,105,6,30.2,2016Q2
3221,105,9,29.3,2016Q3
3221,105,12,23.0,2016Q4
3221,106,3,22.3,2017Q1
3221,106,6,19.7,2017Q2
3221,106,9,19.3,2017Q3
3221,106,12,17.95,2017Q4
3221,107,3,18.9,2018Q1
3221,107,6,31.6,2018Q2
3221,107,9,19.6,2018Q3
3221,107,12,19.6,2018Q4
3221,108,3,19.95,2019Q1
3221,108,6,19.0,2019Q2
3221,108,9,23.1,2019Q3
3221,108,12,26.0,2019Q4
3221,109,3,16.15,2020Q1
3221,109,6,21.0,2020Q2
3221,109,9,22.55,2020Q3
3221,109,12,22.1,2020Q4
3221,110,3,24.15,2021Q1
3221,110,6,25.2,2021Q2
3221,110,9,28.7,2021Q3
3221,110,12,40.15,2021Q4
3221,111,3,35.85,2022Q1
3221,111,6,35.9,2022Q2
3221,111,9,26.4,2022Q3
3221,111,12,26.05,2022Q4
3221,112,3,29.65,2023Q1
3221,112,6,29.6,2023Q2
3221,112,9,26.35,2023Q3
3221,112,12,27.45,2023Q4
3221,113,3,27.8,2024Q1
3221,113,6,30.05,2024Q2
3221,113,9,26.9,2024Q3
3221,113,12,25.85,2024Q4
3221,114,3,21.7,2025Q1
3224,105,3,32.7,2016Q1
3224,105,6,27.05,2016Q2
3224,105,9,30.65,2016Q3
3224,105,12,33.35,2016Q4
3224,106,3,43.3,2017Q1
3224,106,6,41.9,2017Q2
3224,106,9,38.25,2017Q3
3224,106,12,44.1,2017Q4
3224,107,3,59.0,2018Q1
3224,107,6,59.0,2018Q2
3224,107,9,59.5,2018Q3
3224,107,12,60.0,2018Q4
3224,108,3,65.0,2019Q1
3224,108,6,58.3,2019Q2
3224,108,9,56.6,2019Q3
3224,108,12,55.5,2019Q4
3224,109,3,40.05,2020Q1
3224,109,6,52.9,2020Q2
3224,109,9,49.15,2020Q3
3224,109,12,45.5,2020Q4
3224,110,3,42.45,2021Q1
3224,110,6,40.0,2021Q2
3224,110,9,40.1,2021Q3
3224,110,12,62.6,2021Q4
3224,111,3,51.0,2022Q1
3224,111,6,45.9,2022Q2
3224,111,9,42.8,2022Q3
3224,111,12,41.0,2022Q4
3224,112,3,48.7,2023Q1
3224,112,6,47.5,2023Q2
3224,112,9,44.0,2023Q3
3224,112,12,42.15,2023Q4
3224,113,3,36.1,2024Q1
3224,113,6,50.3,2024Q2
3224,113,9,48.2,2024Q3
3224,113,12,46.85,2024Q4
3224,114,3,40.5,2025Q1
3226,105,3,74.8,2016Q1
3226,105,6,72.4,2016Q2
3226,105,9,65.0,2016Q3
3226,105,12,65.2,2016Q4
3226,106,3,60.7,2017Q1
3226,106,6,59.7,2017Q2
3226,106,9,55.2,2017Q3
3226,106,12,60.2,2017Q4
3226,107,3,55.7,2018Q1
3226,107,6,50.5,2018Q2
3226,107,9,52.3,2018Q3
3226,107,12,53.6,2018Q4
3226,108,3,56.0,2019Q1
3226,108,6,61.4,2019Q2
3226,108,9,57.9,2019Q3
3226,108,12,58.0,2019Q4
3226,109,3,47.5,2020Q1
3226,109,6,54.0,2020Q2
3226,109,9,55.0,2020Q3
3226,109,12,65.5,2020Q4
3226,110,3,69.7,2021Q1
3226,110,6,67.4,2021Q2
3226,110,9,66.3,2021Q3
3226,110,12,65.3,2021Q4
3226,111,3,62.0,2022Q1
3226,111,6,62.9,2022Q2
3226,111,9,55.1,2022Q3
3226,111,12,57.1,2022Q4
3226,112,3,52.9,2023Q1
3226,112,12,62.0,2023Q4
3226,113,3,58.2,2024Q1
3226,113,6,57.6,2024Q2
3226,113,9,53.3,2024Q3
3226,113,12,47.8,2024Q4
3226,114,3,46.85,2025Q1
3227,105,3,78.4,2016Q1
3227,105,6,70.3,2016Q2
3227,105,9,69.8,2016Q3
3227,105,12,67.0,2016Q4
3227,106,3,76.8,2017Q1
3227,106,6,78.9,2017Q2
3227,106,9,118.0,2017Q3
3227,106,12,148.0,2017Q4
3227,107,3,126.0,2018Q1
3227,107,6,114.0,2018Q2
3227,107,9,113.0,2018Q3
3227,107,12,87.4,2018Q4
3227,108,3,87.5,2019Q1
3227,108,6,123.0,2019Q2
3227,108,9,111.5,2019Q3
3227,108,12,148.0,2019Q4
3227,109,3,140.5,2020Q1
3227,109,6,169.5,2020Q2
3227,109,9,178.0,2020Q3
3227,109,12,192.0,2020Q4
3227,110,3,204.5,2021Q1
3227,110,6,196.5,2021Q2
3227,110,9,155.0,2021Q3
3227,110,12,152.0,2021Q4
3227,111,3,140.5,2022Q1
3227,111,6,96.7,2022Q2
3227,111,9,85.5,2022Q3
3227,111,12,96.4,2022Q4
3227,112,3,108.0,2023Q1
3227,112,6,109.5,2023Q2
3227,112,9,121.0,2023Q3
3227,112,12,154.0,2023Q4
3227,113,3,155.5,2024Q1
3227,113,6,170.0,2024Q2
3227,113,9,269.0,2024Q3
3227,113,12,256.0,2024Q4
3227,114,3,223.0,2025Q1
3228,105,3,18.2,2016Q1
3228,105,6,16.2,2016Q2
3228,105,9,19.9,2016Q3
3228,105,12,14.9,2016Q4
3228,106,3,14.8,2017Q1
3228,106,6,22.75,2017Q2
3228,106,9,19.2,2017Q3
3228,106,12,17.2,2017Q4
3228,107,3,52.6,2018Q1
3228,107,6,38.95,2018Q2
3228,107,9,26.85,2018Q3
3228,107,12,24.0,2018Q4
3228,108,3,22.5,2019Q1
3228,108,6,22.1,2019Q2
3228,108,9,22.8,2019Q3
3228,108,12,35.5,2019Q4
3228,109,3,28.7,2020Q1
3228,109,6,69.8,2020Q2
3228,109,9,93.5,2020Q3
3228,109,12,212.5,2020Q4
3228,110,3,515.0,2021Q1
3228,110,6,372.0,2021Q2
3228,110,9,325.0,2021Q3
3228,110,12,474.0,2021Q4
3228,111,3,375.5,2022Q1
3228,111,6,327.5,2022Q2
3228,111,9,291.5,2022Q3
3228,111,12,180.5,2022Q4
3228,112,3,194.5,2023Q1
3228,112,6,161.0,2023Q2
3228,112,9,105.5,2023Q3
3228,112,12,280.0,2023Q4
3228,113,3,546.0,2024Q1
3228,113,6,391.0,2024Q2
3228,113,9,229.0,2024Q3
3228,113,12,200.0,2024Q4
3228,114,3,145.0,2025Q1
3230,105,3,5.86,2016Q1
3230,105,6,5.33,2016Q2
3230,105,9,5.62,2016Q3
3230,105,12,5.42,2016Q4
3230,106,3,6.08,2017Q1
3230,106,6,7.26,2017Q2
3230,106,9,6.35,2017Q3
3230,106,12,5.93,2017Q4
3230,107,3,7.38,2018Q1
3230,107,6,6.56,2018Q2
3230,107,9,6.16,2018Q3
3230,107,12,5.14,2018Q4
3230,108,3,5.1,2019Q1
3230,108,6,4.92,2019Q2
3230,108,9,5.48,2019Q3
3230,108,12,6.09,2019Q4
3230,109,3,4.06,2020Q1
3230,109,6,5.54,2020Q2
3230,109,9,7.01,2020Q3
3230,109,12,6.95,2020Q4
3230,110,3,18.4,2021Q1
3230,110,6,16.9,2021Q2
3230,110,9,21.2,2021Q3
3230,110,12,18.3,2021Q4
3230,111,3,17.45,2022Q1
3230,111,6,15.7,2022Q2
3230,111,9,13.0,2022Q3
3230,111,12,12.9,2022Q4
3230,112,3,12.7,2023Q1
3230,112,6,14.2,2023Q2
3230,112,9,9.99,2023Q3
3230,112,12,9.42,2023Q4
3230,113,3,10.95,2024Q1
3230,113,6,15.9,2024Q2
3230,113,9,57.0,2024Q3
3230,113,12,61.4,2024Q4
3230,114,3,48.85,2025Q1
3232,105,3,21.0,2016Q1
3232,105,6,24.35,2016Q2
3232,105,9,18.85,2016Q3
3232,105,12,20.2,2016Q4
3232,106,3,18.95,2017Q1
3232,106,6,22.15,2017Q2
3232,106,9,32.25,2017Q3
3232,106,12,30.0,2017Q4
3232,107,3,27.25,2018Q1
3232,107,6,26.65,2018Q2
3232,107,9,23.3,2018Q3
3232,107,12,18.6,2018Q4
3232,108,3,21.65,2019Q1
3232,108,6,17.3,2019Q2
3232,108,9,15.8,2019Q3
3232,108,12,15.65,2019Q4
3232,109,3,15.7,2020Q1
3232,109,6,18.1,2020Q2
3232,109,9,17.45,2020Q3
3232,109,12,16.2,2020Q4
3232,110,3,15.15,2021Q1
3232,110,6,18.0,2021Q2
3232,110,9,36.5,2021Q3
3232,110,12,28.0,2021Q4
3232,111,3,30.65,2022Q1
3232,111,6,25.55,2022Q2
3232,111,9,32.3,2022Q3
3232,111,12,30.1,2022Q4
3232,112,3,29.4,2023Q1
3232,112,6,28.0,2023Q2
3232,112,9,24.0,2023Q3
3232,112,12,22.75,2023Q4
3232,113,3,31.2,2024Q1
3232,113,6,28.1,2024Q2
3232,113,9,26.6,2024Q3
3232,113,12,22.75,2024Q4
3232,114,3,28.55,2025Q1
3234,105,3,96.8,2016Q1
3234,105,6,71.5,2016Q2
3234,105,9,63.8,2016Q3
3234,105,12,57.6,2016Q4
3234,106,3,57.5,2017Q1
3234,106,6,38.95,2017Q2
3234,106,9,38.6,2017Q3
3234,106,12,40.8,2017Q4
3234,107,3,29.75,2018Q1
3234,107,6,34.85,2018Q2
3234,107,9,28.7,2018Q3
3234,107,12,32.7,2018Q4
3234,108,3,35.2,2019Q1
3234,108,6,26.4,2019Q2
3234,108,9,29.25,2019Q3
3234,108,12,37.05,2019Q4
3234,109,3,24.15,2020Q1
3234,109,6,43.95,2020Q2
3234,109,9,37.4,2020Q3
3234,109,12,44.55,2020Q4
3234,110,3,40.7,2021Q1
3234,110,6,29.6,2021Q2
3234,110,9,26.35,2021Q3
3234,110,12,28.35,2021Q4
3234,111,3,24.2,2022Q1
3234,111,6,22.4,2022Q2
3234,111,9,22.6,2022Q3
3234,111,12,21.1,2022Q4
3234,112,3,25.15,2023Q1
3234,112,6,24.05,2023Q2
3234,112,9,27.15,2023Q3
3234,112,12,27.45,2023Q4
3234,113,3,39.5,2024Q1
3234,113,6,46.7,2024Q2
3234,113,9,40.7,2024Q3
3234,113,12,46.05,2024Q4
3234,114,3,38.95,2025Q1
3236,105,3,13.4,2016Q1
3236,105,6,16.9,2016Q2
3236,105,9,25.4,2016Q3
3236,105,12,21.4,2016Q4
3236,106,3,29.9,2017Q1
3236,106,6,34.65,2017Q2
3236,106,9,40.55,2017Q3
3236,106,12,45.85,2017Q4
3236,107,3,51.5,2018Q1
3236,107,6,63.3,2018Q2
3236,107,9,28.55,2018Q3
3236,107,12,24.15,2018Q4
3236,108,3,25.4,2019Q1
3236,108,6,21.85,2019Q2
3236,108,9,22.1,2019Q3
3236,108,12,21.85,2019Q4
3236,109,3,12.95,2020Q1
3236,109,6,17.85,2020Q2
3236,109,9,21.0,2020Q3
3236,109,12,28.0,2020Q4
3236,110,3,26.45,2021Q1
3236,110,6,30.8,2021Q2
3236,110,9,23.15,2021Q3
3236,110,12,25.55,2021Q4
3236,111,3,23.1,2022Q1
3236,111,6,19.55,2022Q2
3236,111,9,20.8,2022Q3
3236,111,12,23.15,2022Q4
3236,112,3,29.7,2023Q1
3236,112,6,27.2,2023Q2
3236,112,9,23.7,2023Q3
3236,112,12,22.85,2023Q4
3236,113,3,20.55,2024Q1
3236,113,6,22.05,2024Q2
3236,113,9,20.8,2024Q3
3236,113,12,20.55,2024Q4
3236,114,3,17.9,2025Q1
3252,105,3,25.1,2016Q1
3252,105,6,25.2,2016Q2
3252,105,9,22.15,2016Q3
3252,105,12,23.9,2016Q4
3252,106,3,27.15,2017Q1
3252,106,6,21.35,2017Q2
3252,106,9,21.15,2017Q3
3252,106,12,19.85,2017Q4
3252,107,3,20.05,2018Q1
3252,107,6,20.95,2018Q2
3252,107,9,16.95,2018Q3
3252,107,12,16.85,2018Q4
3252,108,3,21.05,2019Q1
3252,108,6,17.35,2019Q2
3252,108,9,16.75,2019Q3
3252,108,12,16.45,2019Q4
3252,109,3,12.4,2020Q1
3252,109,6,18.4,2020Q2
3252,109,9,16.75,2020Q3
3252,109,12,17.5,2020Q4
3252,110,3,18.4,2021Q1
3252,110,6,18.5,2021Q2
3252,110,9,17.45,2021Q3
3252,110,12,16.8,2021Q4
3252,111,3,17.05,2022Q1
3252,111,6,25.1,2022Q2
3252,111,9,18.85,2022Q3
3252,111,12,19.7,2022Q4
3252,112,3,18.55,2023Q1
3252,112,6,24.9,2023Q2
3252,112,9,20.6,2023Q3
3252,112,12,21.3,2023Q4
3252,113,3,20.6,2024Q1
3252,113,6,22.15,2024Q2
3252,113,9,20.6,2024Q3
3252,113,12,20.1,2024Q4
3252,114,3,19.25,2025Q1
3259,105,3,34.0,2016Q1
3259,105,6,28.4,2016Q2
3259,105,9,28.25,2016Q3
3259,105,12,19.05,2016Q4
3259,106,3,18.2,2017Q1
3259,106,6,18.5,2017Q2
3259,106,9,21.25,2017Q3
3259,106,12,22.9,2017Q4
3259,107,3,25.5,2018Q1
3259,107,6,27.05,2018Q2
3259,107,9,23.0,2018Q3
3259,107,12,19.75,2018Q4
3259,108,3,22.55,2019Q1
3259,108,6,22.2,2019Q2
3259,108,9,17.7,2019Q3
3259,108,12,17.95,2019Q4
3259,109,3,10.8,2020Q1
3259,109,6,13.45,2020Q2
3259,109,9,20.55,2020Q3
3259,109,12,46.7,2020Q4
3259,110,3,45.85,2021Q1
3259,110,6,40.1,2021Q2
3259,110,9,33.8,2021Q3
3259,110,12,30.85,2021Q4
3259,111,3,22.95,2022Q1
3259,111,6,20.0,2022Q2
3259,111,9,18.2,2022Q3
3259,111,12,17.7,2022Q4
3259,112,3,20.15,2023Q1
3259,112,6,27.55,2023Q2
3259,112,9,26.7,2023Q3
3259,112,12,31.2,2023Q4
3259,113,3,25.6,2024Q1
3259,113,6,32.9,2024Q2
3259,113,9,27.1,2024Q3
3259,113,12,22.8,2024Q4
3259,114,3,25.2,2025Q1
3260,105,3,32.15,2016Q1
3260,105,6,42.1,2016Q2
3260,105,9,49.9,2016Q3
3260,105,12,52.7,2016Q4
3260,106,3,78.2,2017Q1
3260,106,6,74.7,2017Q2
3260,106,9,83.0,2017Q3
3260,106,12,70.5,2017Q4
3260,107,3,75.6,2018Q1
3260,107,6,65.7,2018Q2
3260,107,9,49.1,2018Q3
3260,107,12,39.8,2018Q4
3260,108,3,39.85,2019Q1
3260,108,6,44.8,2019Q2
3260,108,9,50.3,2019Q3
3260,108,12,68.7,2019Q4
3260,109,3,41.75,2020Q1
3260,109,6,57.2,2020Q2
3260,109,9,55.0,2020Q3
3260,109,12,73.0,2020Q4
3260,110,3,85.8,2021Q1
3260,110,6,111.5,2021Q2
3260,110,9,81.4,2021Q3
3260,110,12,92.3,2021Q4
3260,111,3,84.5,2022Q1
3260,111,6,60.1,2022Q2
3260,111,9,51.9,2022Q3
3260,111,12,57.0,2022Q4
3260,112,3,79.5,2023Q1
3260,112,6,89.0,2023Q2
3260,112,9,84.5,2023Q3
3260,112,12,103.0,2023Q4
3260,113,3,98.7,2024Q1
3260,113,6,108.0,2024Q2
3260,113,9,88.7,2024Q3
3260,113,12,78.4,2024Q4
3260,114,3,85.1,2025Q1
3264,105,3,22.0,2016Q1
3264,105,6,18.9,2016Q2
3264,105,9,23.9,2016Q3
3264,105,12,23.9,2016Q4
3264,106,3,24.75,2017Q1
3264,106,6,27.0,2017Q2
3264,106,9,27.1,2017Q3
3264,106,12,37.55,2017Q4
3264,107,3,37.9,2018Q1
3264,107,6,33.75,2018Q2
3264,107,9,36.5,2018Q3
3264,107,12,26.0,2018Q4
3264,108,3,28.5,2019Q1
3264,108,6,28.95,2019Q2
3264,108,9,27.9,2019Q3
3264,108,12,30.85,2019Q4
3264,109,3,20.85,2020Q1
3264,109,6,31.8,2020Q2
3264,109,9,32.65,2020Q3
3264,109,12,38.65,2020Q4
3264,110,3,45.0,2021Q1
3264,110,6,45.2,2021Q2
3264,110,9,58.5,2021Q3
3264,110,12,55.5,2021Q4
3264,111,3,50.1,2022Q1
3264,111,6,35.9,2022Q2
3264,111,9,41.8,2022Q3
3264,111,12,49.6,2022Q4
3264,112,3,57.5,2023Q1
3264,112,6,60.9,2023Q2
3264,112,9,62.5,2023Q3
3264,112,12,74.0,2023Q4
3264,113,3,83.6,2024Q1
3264,113,6,68.5,2024Q2
3264,113,9,60.2,2024Q3
3264,113,12,53.1,2024Q4
3264,114,3,73.8,2025Q1
3265,105,3,19.3,2016Q1
3265,105,6,23.1,2016Q2
3265,105,9,25.65,2016Q3
3265,105,12,22.95,2016Q4
3265,106,3,27.8,2017Q1
3265,106,6,24.5,2017Q2
3265,106,9,21.75,2017Q3
3265,106,12,29.55,2017Q4
3265,107,3,36.95,2018Q1
3265,107,6,32.7,2018Q2
3265,107,9,29.7,2018Q3
3265,107,12,22.2,2018Q4
3265,108,3,24.55,2019Q1
3265,108,6,24.15,2019Q2
3265,108,9,26.2,2019Q3
3265,108,12,27.55,2019Q4
3265,109,3,21.5,2020Q1
3265,109,6,24.2,2020Q2
3265,109,9,23.0,2020Q3
3265,109,12,29.1,2020Q4
3265,110,3,30.35,2021Q1
3265,110,6,28.4,2021Q2
3265,110,9,31.4,2021Q3
3265,110,12,32.15,2021Q4
3265,111,3,34.05,2022Q1
3265,111,6,47.1,2022Q2
3265,111,9,39.0,2022Q3
3265,111,12,45.6,2022Q4
3265,112,3,58.3,2023Q1
3265,112,6,69.4,2023Q2
3265,112,9,88.4,2023Q3
3265,112,12,91.3,2023Q4
3265,113,3,128.0,2024Q1
3265,113,6,134.0,2024Q2
3265,113,9,110.0,2024Q3
3265,113,12,112.0,2024Q4
3265,114,3,93.6,2025Q1
3268,105,3,13.6,2016Q1
3268,105,6,12.4,2016Q2
3268,105,9,12.8,2016Q3
3268,105,12,11.25,2016Q4
3268,106,3,15.2,2017Q1
3268,106,6,14.95,2017Q2
3268,106,9,13.15,2017Q3
3268,106,12,12.1,2017Q4
3268,107,3,17.7,2018Q1
3268,107,6,15.85,2018Q2
3268,107,9,14.2,2018Q3
3268,107,12,10.15,2018Q4
3268,108,3,12.0,2019Q1
3268,108,6,10.45,2019Q2
3268,108,9,12.15,2019Q3
3268,108,12,12.75,2019Q4
3268,109,3,10.05,2020Q1
3268,109,6,10.9,2020Q2
3268,109,9,15.15,2020Q3
3268,109,12,16.5,2020Q4
3268,110,3,30.1,2021Q1
3268,110,6,33.8,2021Q2
3268,110,9,30.4,2021Q3
3268,110,12,30.95,2021Q4
3268,111,3,25.45,2022Q1
3268,111,6,21.15,2022Q2
3268,111,9,20.35,2022Q3
3268,111,12,21.85,2022Q4
3268,112,3,23.15,2023Q1
3268,112,6,23.2,2023Q2
3268,112,9,21.5,2023Q3
3268,112,12,28.3,2023Q4
3268,113,3,27.95,2024Q1
3268,113,6,29.3,2024Q2
3268,113,9,25.45,2024Q3
3268,113,12,24.4,2024Q4
3268,114,3,21.6,2025Q1
3272,105,3,52.4,2016Q1
3272,105,6,40.9,2016Q2
3272,105,9,52.0,2016Q3
3272,105,12,50.8,2016Q4
3272,106,3,46.3,2017Q1
3272,106,6,50.7,2017Q2
3272,106,9,61.4,2017Q3
3272,106,12,53.6,2017Q4
3272,107,3,47.55,2018Q1
3272,107,6,38.5,2018Q2
3272,107,9,32.1,2018Q3
3272,107,12,35.25,2018Q4
3272,108,3,40.4,2019Q1
3272,108,6,33.65,2019Q2
3272,108,9,29.5,2019Q3
3272,108,12,32.2,2019Q4
3272,109,3,18.75,2020Q1
3272,109,6,22.05,2020Q2
3272,109,9,60.2,2020Q3
3272,109,12,50.2,2020Q4
3272,110,3,58.3,2021Q1
3272,110,6,40.3,2021Q2
3272,110,9,39.2,2021Q3
3272,110,12,40.8,2021Q4
3272,111,3,32.3,2022Q1
3272,111,6,25.1,2022Q2
3272,111,9,29.3,2022Q3
3272,111,12,44.5,2022Q4
3272,112,3,53.0,2023Q1
3272,112,6,42.45,2023Q2
3272,112,9,32.95,2023Q3
3272,112,12,33.9,2023Q4
3272,113,3,30.9,2024Q1
3272,113,6,29.65,2024Q2
3272,113,9,29.55,2024Q3
3272,113,12,28.0,2024Q4
3272,114,3,24.0,2025Q1
3276,105,3,9.15,2016Q1
3276,105,6,11.2,2016Q2
3276,105,9,16.5,2016Q3
3276,105,12,11.15,2016Q4
3276,106,3,15.65,2017Q1
3276,106,6,16.2,2017Q2
3276,106,9,15.55,2017Q3
3276,106,12,15.35,2017Q4
3276,107,3,14.3,2018Q1
3276,107,6,13.75,2018Q2
3276,107,9,12.35,2018Q3
3276,107,12,11.3,2018Q4
3276,108,3,9.88,2019Q1
3276,108,6,9.63,2019Q2
3276,108,9,8.98,2019Q3
3276,108,12,8.46,2019Q4
3276,109,3,6.33,2020Q1
3276,109,6,8.99,2020Q2
3276,109,9,9.48,2020Q3
3276,109,12,9.96,2020Q4
3276,110,3,18.0,2021Q1
3276,110,6,14.6,2021Q2
3276,110,9,16.75,2021Q3
3276,110,12,19.7,2021Q4
3276,111,3,16.85,2022Q1
3276,111,6,16.35,2022Q2
3276,111,9,12.5,2022Q3
3276,111,12,12.1,2022Q4
3276,112,3,14.4,2023Q1
3276,112,6,14.15,2023Q2
3276,112,9,17.35,2023Q3
3276,112,12,22.75,2023Q4
3276,113,3,19.95,2024Q1
3276,113,6,17.55,2024Q2
3276,113,9,17.15,2024Q3
3276,113,12,14.7,2024Q4
3276,114,3,14.2,2025Q1
3284,105,3,11.15,2016Q1
3284,105,6,14.05,2016Q2
3284,105,9,16.6,2016Q3
3284,105,12,20.15,2016Q4
3284,106,3,20.3,2017Q1
3284,106,6,20.05,2017Q2
3284,106,9,18.7,2017Q3
3284,106,12,18.6,2017Q4
3284,107,3,17.0,2018Q1
3284,107,6,16.75,2018Q2
3284,107,9,18.0,2018Q3
3284,107,12,15.15,2018Q4
3284,108,3,14.35,2019Q1
3284,108,6,13.0,2019Q2
3284,108,9,13.6,2019Q3
3284,108,12,14.25,2019Q4
3284,109,3,12.1,2020Q1
3284,109,6,13.05,2020Q2
3284,109,9,11.0,2020Q3
3284,109,12,14.5,2020Q4
3284,110,3,13.7,2021Q1
3284,110,6,12.8,2021Q2
3284,110,9,12.05,2021Q3
3284,110,12,12.35,2021Q4
3284,111,3,13.8,2022Q1
3284,111,6,12.55,2022Q2
3284,111,9,15.05,2022Q3
3284,111,12,14.0,2022Q4
3284,112,3,14.95,2023Q1
3284,112,6,15.5,2023Q2
3284,112,9,15.95,2023Q3
3284,112,12,16.4,2023Q4
3284,113,3,24.7,2024Q1
3284,113,6,39.0,2024Q2
3284,113,9,37.55,2024Q3
3284,113,12,30.85,2024Q4
3284,114,3,29.45,2025Q1
3285,105,3,29.75,2016Q1
3285,105,6,26.4,2016Q2
3285,105,9,25.0,2016Q3
3285,105,12,21.6,2016Q4
3285,106,3,20.85,2017Q1
3285,106,6,19.75,2017Q2
3285,106,9,21.1,2017Q3
3285,106,12,17.45,2017Q4
3285,107,3,16.95,2018Q1
3285,107,6,20.2,2018Q2
3285,107,9,24.0,2018Q3
3285,107,12,18.4,2018Q4
3285,108,3,19.35,2019Q1
3285,108,6,18.5,2019Q2
3285,108,9,16.7,2019Q3
3285,108,12,16.45,2019Q4
3285,109,3,12.95,2020Q1
3285,109,6,14.8,2020Q2
3285,109,9,24.5,2020Q3
3285,109,12,23.8,2020Q4
3285,110,3,21.95,2021Q1
3285,110,6,21.65,2021Q2
3285,110,9,20.9,2021Q3
3285,110,12,21.9,2021Q4
3285,111,3,20.4,2022Q1
3285,111,6,19.5,2022Q2
3285,111,9,18.7,2022Q3
3285,111,12,19.1,2022Q4
3285,112,3,20.05,2023Q1
3285,112,6,20.9,2023Q2
3285,112,9,21.75,2023Q3
3285,112,12,27.3,2023Q4
3285,113,3,25.9,2024Q1
3285,113,6,34.2,2024Q2
3285,113,9,27.45,2024Q3
3285,113,12,28.3,2024Q4
3285,114,3,25.5,2025Q1
3287,105,3,7.06,2016Q1
3287,105,6,6.73,2016Q2
3287,105,9,6.29,2016Q3
3287,105,12,7.1,2016Q4
3287,106,3,6.9,2017Q1
3287,106,6,7.09,2017Q2
3287,106,9,6.87,2017Q3
3287,106,12,8.1,2017Q4
3287,107,3,12.25,2018Q1
3287,107,6,11.2,2018Q2
3287,107,9,8.7,2018Q3
3287,107,12,7.76,2018Q4
3287,108,3,7.45,2019Q1
3287,108,6,7.8,2019Q2
3287,108,9,8.55,2019Q3
3287,108,12,9.16,2019Q4
3287,109,3,6.15,2020Q1
3287,109,6,10.65,2020Q2
3287,109,9,24.25,2020Q3
3287,109,12,26.5,2020Q4
3287,110,3,27.55,2021Q1
3287,110,6,20.15,2021Q2
3287,110,9,16.35,2021Q3
3287,110,12,18.8,2021Q4
3287,111,3,16.1,2022Q1
3287,111,6,13.3,2022Q2
3287,111,9,13.0,2022Q3
3287,111,12,13.3,2022Q4
3287,112,3,13.8,2023Q1
3287,112,6,24.9,2023Q2
3287,112,9,25.45,2023Q3
3287,112,12,33.0,2023Q4
3287,113,3,33.45,2024Q1
3287,113,6,49.55,2024Q2
3287,113,9,36.5,2024Q3
3287,113,12,35.3,2024Q4
3287,114,3,34.6,2025Q1
3288,105,3,9.05,2016Q1
3288,105,6,8.0,2016Q2
3288,105,9,7.25,2016Q3
3288,106,3,5.67,2017Q1
3288,106,12,3.52,2017Q4
3288,107,3,6.42,2018Q1
3288,107,9,4.1,2018Q3
3288,107,12,10.15,2018Q4
3288,108,3,8.1,2019Q1
3288,108,6,14.1,2019Q2
3288,108,9,11.95,2019Q3
3288,108,12,10.65,2019Q4
3288,109,3,7.66,2020Q1
3288,109,6,9.08,2020Q2
3288,109,9,10.1,2020Q3
3288,109,12,13.9,2020Q4
3288,110,3,19.9,2021Q1
3288,110,6,17.1,2021Q2
3288,110,9,17.1,2021Q3
3288,110,12,17.4,2021Q4
3288,111,3,16.1,2022Q1
3288,111,6,15.35,2022Q2
3288,111,9,22.0,2022Q3
3288,111,12,21.9,2022Q4
3288,112,6,22.35,2023Q2
3288,112,9,20.6,2023Q3
3288,112,12,30.85,2023Q4
3288,113,3,28.3,2024Q1
3288,113,6,31.55,2024Q2
3288,113,9,25.3,2024Q3
3288,113,12,22.55,2024Q4
3288,114,3,22.3,2025Q1
3289,105,3,108.5,2016Q1
3289,105,6,117.5,2016Q2
3289,105,9,93.0,2016Q3
3289,105,12,102.0,2016Q4
3289,106,3,108.0,2017Q1
3289,106,6,106.5,2017Q2
3289,106,9,110.0,2017Q3
3289,106,12,116.0,2017Q4
3289,107,3,95.2,2018Q1
3289,107,6,73.8,2018Q2
3289,107,9,50.7,2018Q3
3289,107,12,44.7,2018Q4
3289,108,3,39.7,2019Q1
3289,108,6,38.8,2019Q2
3289,108,9,39.6,2019Q3
3289,108,12,48.0,2019Q4
3289,109,3,33.4,2020Q1
3289,109,6,54.0,2020Q2
3289,109,9,56.6,2020Q3
3289,109,12,57.5,2020Q4
3289,110,3,52.6,2021Q1
3289,110,6,52.1,2021Q2
3289,110,9,48.3,2021Q3
3289,110,12,53.1,2021Q4
3289,111,3,53.2,2022Q1
3289,111,6,50.3,2022Q2
3289,111,9,74.2,2022Q3
3289,111,12,70.2,2022Q4
3289,112,3,89.2,2023Q1
3289,112,6,97.2,2023Q2
3289,112,9,91.4,2023Q3
3289,112,12,92.5,2023Q4
3289,113,3,123.5,2024Q1
3289,113,6,153.0,2024Q2
3289,113,9,164.5,2024Q3
3289,113,12,135.5,2024Q4
3289,114,3,109.5,2025Q1
3290,105,3,14.35,2016Q1
3290,105,6,12.6,2016Q2
3290,105,9,12.5,2016Q3
3290,105,12,15.9,2016Q4
3290,106,3,16.35,2017Q1
3290,106,6,16.3,2017Q2
3290,106,9,16.4,2017Q3
3290,106,12,15.25,2017Q4
3290,107,3,14.5,2018Q1
3290,107,6,16.5,2018Q2
3290,107,9,20.95,2018Q3
3290,107,12,18.7,2018Q4
3290,108,3,21.5,2019Q1
3290,108,6,23.4,2019Q2
3290,108,9,20.35,2019Q3
3290,108,12,16.6,2019Q4
3290,109,3,11.55,2020Q1
3290,109,6,13.75,2020Q2
3290,109,9,14.0,2020Q3
3290,109,12,15.75,2020Q4
3290,110,3,15.25,2021Q1
3290,110,6,14.35,2021Q2
3290,110,9,14.3,2021Q3
3290,110,12,25.95,2021Q4
3290,111,3,22.2,2022Q1
3290,111,6,20.8,2022Q2
3290,111,9,19.75,2022Q3
3290,111,12,22.65,2022Q4
3290,112,3,30.3,2023Q1
3290,112,6,27.1,2023Q2
3290,112,9,25.65,2023Q3
3290,112,12,26.7,2023Q4
3290,113,3,24.5,2024Q1
3290,113,6,29.45,2024Q2
3290,113,9,33.9,2024Q3
3290,113,12,30.55,2024Q4
3290,114,3,31.75,2025Q1
3293,105,3,277.5,2016Q1
3293,105,6,267.0,2016Q2
3293,105,9,209.0,2016Q3
3293,105,12,199.0,2016Q4
3293,106,3,191.5,2017Q1
3293,106,6,158.5,2017Q2
3293,106,9,166.0,2017Q3
3293,106,12,156.5,2017Q4
3293,107,3,168.0,2018Q1
3293,107,6,178.0,2018Q2
3293,107,9,148.5,2018Q3
3293,107,12,145.0,2018Q4
3293,108,3,204.0,2019Q1
3293,108,6,299.0,2019Q2
3293,108,9,389.0,2019Q3
3293,108,12,390.0,2019Q4
3293,109,3,552.0,2020Q1
3293,109,6,733.0,2020Q2
3293,109,9,771.0,2020Q3
3293,109,12,758.0,2020Q4
3293,110,3,759.0,2021Q1
3293,110,6,840.0,2021Q2
3293,110,9,655.0,2021Q3
3293,110,12,793.0,2021Q4
3293,111,3,766.0,2022Q1
3293,111,6,746.0,2022Q2
3293,111,9,360.0,2022Q3
3293,111,12,433.5,2022Q4
3293,112,3,572.0,2023Q1
3293,112,6,618.0,2023Q2
3293,112,9,652.0,2023Q3
3293,112,12,724.0,2023Q4
3293,113,3,1140.0,2024Q1
3293,113,6,1355.0,2024Q2
3293,113,9,986.0,2024Q3
3293,113,12,974.0,2024Q4
3293,114,3,772.0,2025Q1
3294,105,3,13.15,2016Q1
3294,105,6,13.6,2016Q2
3294,105,9,17.2,2016Q3
3294,105,12,16.35,2016Q4
3294,106,3,16.8,2017Q1
3294,106,6,16.0,2017Q2
3294,106,9,27.0,2017Q3
3294,106,12,24.0,2017Q4
3294,107,3,21.35,2018Q1
3294,107,6,15.35,2018Q2
3294,107,9,15.3,2018Q3
3294,107,12,12.7,2018Q4
3294,108,3,15.85,2019Q1
3294,108,6,14.05,2019Q2
3294,108,9,15.0,2019Q3
3294,108,12,17.9,2019Q4
3294,109,3,10.9,2020Q1
3294,109,6,13.6,2020Q2
3294,109,9,15.35,2020Q3
3294,109,12,21.7,2020Q4
3294,110,3,30.2,2021Q1
3294,110,6,21.4,2021Q2
3294,110,9,19.05,2021Q3
3294,110,12,30.35,2021Q4
3294,111,3,22.4,2022Q1
3294,111,6,18.7,2022Q2
3294,111,9,17.3,2022Q3
3294,111,12,16.95,2022Q4
3294,112,3,19.2,2023Q1
3294,112,6,19.15,2023Q2
3294,112,9,19.1,2023Q3
3294,112,12,19.3,2023Q4
3294,113,3,46.5,2024Q1
3294,113,6,35.6,2024Q2
3294,113,9,31.55,2024Q3
3294,113,12,33.75,2024Q4
3294,114,3,30.1,2025Q1
3297,105,3,17.85,2016Q1
3297,105,6,17.55,2016Q2
3297,105,9,17.7,2016Q3
3297,105,12,17.05,2016Q4
3297,106,3,16.1,2017Q1
3297,106,6,15.5,2017Q2
3297,106,9,14.5,2017Q3
3297,106,12,14.4,2017Q4
3297,107,3,14.8,2018Q1
3297,107,6,14.65,2018Q2
3297,107,9,16.35,2018Q3
3297,107,12,13.7,2018Q4
3297,108,3,14.75,2019Q1
3297,108,6,12.9,2019Q2
3297,108,9,12.55,2019Q3
3297,108,12,12.45,2019Q4
3297,109,3,9.39,2020Q1
3297,109,6,12.9,2020Q2
3297,109,9,12.65,2020Q3
3297,109,12,25.55,2020Q4
3297,110,3,17.5,2021Q1
3297,110,6,16.3,2021Q2
3297,110,9,15.05,2021Q3
3297,110,12,20.65,2021Q4
3297,111,3,16.7,2022Q1
3297,111,6,14.65,2022Q2
3297,111,9,15.15,2022Q3
3297,111,12,17.85,2022Q4
3297,112,3,19.05,2023Q1
3297,112,6,18.2,2023Q2
3297,112,9,16.35,2023Q3
3297,112,12,17.2,2023Q4
3297,113,3,18.8,2024Q1
3297,113,6,32.8,2024Q2
3297,113,9,27.6,2024Q3
3297,113,12,22.75,2024Q4
3297,114,3,20.0,2025Q1
3303,105,3,20.4,2016Q1
3303,105,6,20.8,2016Q2
3303,105,9,21.3,2016Q3
3303,105,12,19.5,2016Q4
3303,106,3,20.9,2017Q1
3303,106,6,19.9,2017Q2
3303,106,9,18.9,2017Q3
3303,106,12,18.5,2017Q4
3303,107,3,18.55,2018Q1
3303,107,6,18.75,2018Q2
3303,107,9,18.6,2018Q3
3303,107,12,19.25,2018Q4
3303,108,3,24.95,2019Q1
3303,108,6,24.1,2019Q2
3303,108,9,26.1,2019Q3
3303,108,12,24.85,2019Q4
3303,109,3,20.85,2020Q1
3303,109,6,23.35,2020Q2
3303,109,9,22.65,2020Q3
3303,109,12,22.8,2020Q4
3303,110,3,23.55,2021Q1
3303,110,6,22.55,2021Q2
3303,110,9,22.95,2021Q3
3303,110,12,25.0,2021Q4
3303,111,3,26.8,2022Q1
3303,111,6,27.95,2022Q2
3303,111,9,28.55,2022Q3
3303,111,12,25.0,2022Q4
3303,112,3,27.2,2023Q1
3303,112,6,27.5,2023Q2
3303,112,9,26.4,2023Q3
3303,112,12,29.25,2023Q4
3303,113,3,32.45,2024Q1
3303,113,6,47.2,2024Q2
3303,113,9,60.0,2024Q3
3303,113,12,51.0,2024Q4
3303,114,3,49.55,2025Q1
3306,105,3,22.9,2016Q1
3306,105,6,21.8,2016Q2
3306,105,9,28.35,2016Q3
3306,105,12,26.1,2016Q4
3306,106,3,25.05,2017Q1
3306,106,6,23.3,2017Q2
3306,106,9,23.65,2017Q3
3306,106,12,21.4,2017Q4
3306,107,3,20.25,2018Q1
3306,107,6,23.8,2018Q2
3306,107,9,19.5,2018Q3
3306,107,12,16.8,2018Q4
3306,108,3,19.9,2019Q1
3306,108,6,19.75,2019Q2
3306,108,9,21.2,2019Q3
3306,108,12,20.75,2019Q4
3306,109,3,15.25,2020Q1
3306,109,6,18.2,2020Q2
3306,109,9,18.0,2020Q3
3306,109,12,20.4,2020Q4
3306,110,3,21.0,2021Q1
3306,110,6,20.45,2021Q2
3306,110,9,26.9,2021Q3
3306,110,12,36.5,2021Q4
3306,111,3,27.25,2022Q1
3306,111,6,23.4,2022Q2
3306,111,9,21.8,2022Q3
3306,111,12,22.5,2022Q4
3306,112,3,26.5,2023Q1
3306,112,6,36.3,2023Q2
3306,112,9,49.6,2023Q3
3306,112,12,49.2,2023Q4
3306,113,3,52.6,2024Q1
3306,113,6,62.9,2024Q2
3306,113,9,58.0,2024Q3
3306,113,12,61.2,2024Q4
3306,114,3,42.75,2025Q1
3310,105,3,14.35,2016Q1
3310,105,6,12.9,2016Q2
3310,105,9,12.8,2016Q3
3310,105,12,19.05,2016Q4
3310,106,3,27.45,2017Q1
3310,106,6,21.8,2017Q2
3310,106,9,22.2,2017Q3
3310,106,12,33.55,2017Q4
3310,107,3,44.9,2018Q1
3310,107,6,38.85,2018Q2
3310,107,9,39.6,2018Q3
3310,107,12,46.9,2018Q4
3310,108,3,49.4,2019Q1
3310,108,6,40.1,2019Q2
3310,108,9,35.9,2019Q3
3310,108,12,35.95,2019Q4
3310,109,3,29.0,2020Q1
3310,109,6,29.4,2020Q2
3310,109,9,29.4,2020Q3
3310,109,12,30.8,2020Q4
3310,110,3,32.85,2021Q1
3310,110,6,28.15,2021Q2
3310,110,9,29.05,2021Q3
3310,110,12,38.8,2021Q4
3310,111,3,39.15,2022Q1
3310,111,6,37.5,2022Q2
3310,111,9,41.2,2022Q3
3310,111,12,43.85,2022Q4
3310,112,3,67.5,2023Q1
3310,112,6,85.0,2023Q2
3310,112,9,89.8,2023Q3
3310,112,12,109.0,2023Q4
3310,113,3,103.0,2024Q1
3310,113,6,102.0,2024Q2
3310,113,9,86.5,2024Q3
3310,113,12,95.3,2024Q4
3310,114,3,85.0,2025Q1
3313,105,3,6.32,2016Q1
3313,105,6,6.43,2016Q2
3313,105,9,15.9,2016Q3
3313,105,12,24.25,2016Q4
3313,106,3,36.05,2017Q1
3313,106,6,31.25,2017Q2
3313,106,9,34.1,2017Q3
3313,106,12,39.85,2017Q4
3313,107,3,36.75,2018Q1
3313,107,6,43.0,2018Q2
3313,107,9,26.0,2018Q3
3313,107,12,21.45,2018Q4
3313,108,3,24.25,2019Q1
3313,108,6,18.9,2019Q2
3313,108,9,17.0,2019Q3
3313,108,12,18.3,2019Q4
3313,109,3,12.3,2020Q1
3313,109,6,14.95,2020Q2
3313,109,9,11.75,2020Q3
3313,109,12,12.1,2020Q4
3313,110,3,12.5,2021Q1
3313,110,6,12.25,2021Q2
3313,110,9,11.6,2021Q3
3313,110,12,11.8,2021Q4
3313,111,3,11.6,2022Q1
3313,111,6,10.8,2022Q2
3313,111,9,10.35,2022Q3
3313,111,12,9.97,2022Q4
3313,112,3,10.0,2023Q1
3313,112,6,10.4,2023Q2
3313,112,9,10.65,2023Q3
3313,112,12,11.5,2023Q4
3313,113,3,20.15,2024Q1
3313,113,6,19.85,2024Q2
3313,113,9,17.1,2024Q3
3313,113,12,15.85,2024Q4
3313,114,3,14.2,2025Q1
3317,105,3,13.0,2016Q1
3317,105,6,13.65,2016Q2
3317,105,9,16.55,2016Q3
3317,105,12,13.7,2016Q4
3317,106,3,20.1,2017Q1
3317,106,6,18.5,2017Q2
3317,106,9,22.15,2017Q3
3317,106,12,43.05,2017Q4
3317,107,3,41.2,2018Q1
3317,107,6,55.4,2018Q2
3317,107,9,38.5,2018Q3
3317,107,12,33.25,2018Q4
3317,108,3,34.25,2019Q1
3317,108,6,32.75,2019Q2
3317,108,9,43.0,2019Q3
3317,108,12,50.8,2019Q4
3317,109,3,29.7,2020Q1
3317,109,6,38.55,2020Q2
3317,109,9,36.9,2020Q3
3317,109,12,49.65,2020Q4
3317,110,3,58.2,2021Q1
3317,110,6,72.0,2021Q2
3317,110,9,66.8,2021Q3
3317,110,12,80.0,2021Q4
3317,111,3,70.9,2022Q1
3317,111,6,58.3,2022Q2
3317,111,9,49.5,2022Q3
3317,111,12,53.5,2022Q4
3317,112,3,57.4,2023Q1
3317,112,6,52.4,2023Q2
3317,112,9,57.2,2023Q3
3317,112,12,62.1,2023Q4
3317,113,3,52.0,2024Q1
3317,113,6,55.5,2024Q2
3317,113,9,49.8,2024Q3
3317,113,12,45.9,2024Q4
3317,114,3,42.8,2025Q1
3322,105,3,10.45,2016Q1
3322,105,6,10.05,2016Q2
3322,105,9,8.45,2016Q3
3322,105,12,7.61,2016Q4
3322,106,3,8.05,2017Q1
3322,106,6,7.87,2017Q2
3322,106,9,9.06,2017Q3
3322,106,12,9.9,2017Q4
3322,107,3,8.9,2018Q1
3322,107,6,8.62,2018Q2
3322,107,9,9.02,2018Q3
3322,107,12,13.6,2018Q4
3322,108,3,10.7,2019Q1
3322,108,6,8.67,2019Q2
3322,108,9,9.17,2019Q3
3322,108,12,8.19,2019Q4
3322,109,3,5.06,2020Q1
3322,109,6,6.64,2020Q2
3322,109,9,7.89,2020Q3
3322,109,12,11.9,2020Q4
3322,110,3,20.85,2021Q1
3322,110,6,16.2,2021Q2
3322,110,9,15.9,2021Q3
3322,110,12,28.6,2021Q4
3322,111,3,24.2,2022Q1
3322,111,6,16.05,2022Q2
3322,111,9,17.6,2022Q3
3322,111,12,18.6,2022Q4
3322,112,3,23.55,2023Q1
3322,112,6,20.0,2023Q2
3322,112,9,24.95,2023Q3
3322,112,12,21.95,2023Q4
3322,113,3,23.95,2024Q1
3322,113,6,23.5,2024Q2
3322,113,9,19.9,2024Q3
3322,113,12,17.15,2024Q4
3322,114,3,14.75,2025Q1
3323,105,3,19.45,2016Q1
3323,105,6,18.3,2016Q2
3323,105,9,17.9,2016Q3
3323,105,12,17.65,2016Q4
3323,106,3,22.05,2017Q1
3323,106,6,24.95,2017Q2
3323,106,9,47.1,2017Q3
3323,106,12,39.2,2017Q4
3323,107,3,39.45,2018Q1
3323,107,6,37.6,2018Q2
3323,107,9,39.1,2018Q3
3323,107,12,32.7,2018Q4
3323,108,3,34.05,2019Q1
3323,108,6,31.35,2019Q2
3323,108,9,28.6,2019Q3
3323,108,12,30.55,2019Q4
3323,109,3,20.45,2020Q1
3323,109,6,30.25,2020Q2
3323,109,9,42.85,2020Q3
3323,109,12,46.7,2020Q4
3323,110,3,51.9,2021Q1
3323,110,6,49.8,2021Q2
3323,110,9,36.25,2021Q3
3323,110,12,42.75,2021Q4
3323,111,3,41.55,2022Q1
3323,111,6,33.3,2022Q2
3323,111,9,32.7,2022Q3
3323,111,12,33.0,2022Q4
3323,112,3,34.05,2023Q1
3323,112,6,35.6,2023Q2
3323,112,9,29.5,2023Q3
3323,112,12,29.4,2023Q4
3323,113,3,25.8,2024Q1
3323,113,6,27.6,2024Q2
3323,113,9,24.35,2024Q3
3323,113,12,38.0,2024Q4
3323,114,3,34.1,2025Q1
3324,105,3,74.1,2016Q1
3324,105,6,69.4,2016Q2
3324,105,9,105.5,2016Q3
3324,105,12,99.1,2016Q4
3324,106,3,91.8,2017Q1
3324,106,6,87.2,2017Q2
3324,106,9,84.7,2017Q3
3324,106,12,73.0,2017Q4
3324,107,3,74.3,2018Q1
3324,107,6,70.8,2018Q2
3324,107,9,50.5,2018Q3
3324,107,12,97.9,2018Q4
3324,108,3,124.5,2019Q1
3324,108,6,146.0,2019Q2
3324,108,9,191.0,2019Q3
3324,108,12,220.0,2019Q4
3324,109,3,127.5,2020Q1
3324,109,6,171.5,2020Q2
3324,109,9,239.5,2020Q3
3324,109,12,214.0,2020Q4
3324,110,3,220.0,2021Q1
3324,110,6,188.0,2021Q2
3324,110,9,165.5,2021Q3
3324,110,12,202.0,2021Q4
3324,111,3,205.0,2022Q1
3324,111,6,159.0,2022Q2
3324,111,9,142.0,2022Q3
3324,111,12,148.0,2022Q4
3324,112,3,220.5,2023Q1
3324,112,6,297.0,2023Q2
3324,112,9,319.0,2023Q3
3324,112,12,352.5,2023Q4
3324,113,3,689.0,2024Q1
3324,113,6,807.0,2024Q2
3324,113,9,672.0,2024Q3
3324,113,12,672.0,2024Q4
3324,114,3,530.0,2025Q1
3325,105,3,18.4,2016Q1
3325,105,6,19.7,2016Q2
3325,105,9,23.2,2016Q3
3325,105,12,25.85,2016Q4
3325,106,3,23.55,2017Q1
3325,106,6,21.65,2017Q2
3325,106,9,17.8,2017Q3
3325,106,12,13.6,2017Q4
3325,107,3,14.4,2018Q1
3325,107,6,12.2,2018Q2
3325,107,9,12.3,2018Q3
3325,107,12,11.8,2018Q4
3325,108,3,12.25,2019Q1
3325,108,6,11.05,2019Q2
3325,108,9,11.95,2019Q3
3325,108,12,11.9,2019Q4
3325,109,3,9.42,2020Q1
3325,109,6,24.75,2020Q2
3325,109,9,28.9,2020Q3
3325,109,12,27.75,2020Q4
3325,110,3,32.1,2021Q1
3325,110,6,23.95,2021Q2
3325,110,9,17.0,2021Q3
3325,110,12,18.6,2021Q4
3325,111,3,16.35,2022Q1
3325,111,6,12.65,2022Q2
3325,111,9,12.25,2022Q3
3325,111,12,12.5,2022Q4
3325,112,3,14.0,2023Q1
3325,112,6,30.9,2023Q2
3325,112,9,35.9,2023Q3
3325,112,12,38.2,2023Q4
3325,113,3,37.4,2024Q1
3325,113,6,30.3,2024Q2
3325,113,9,22.9,2024Q3
3325,113,12,19.45,2024Q4
3325,114,3,17.0,2025Q1
3332,105,3,38.45,2016Q1
3332,105,6,38.6,2016Q2
3332,105,12,35.8,2016Q4
3332,106,3,35.8,2017Q1
3332,106,6,37.9,2017Q2
3332,106,9,49.9,2017Q3
3332,106,12,47.8,2017Q4
3332,107,3,46.5,2018Q1
3332,107,6,45.25,2018Q2
3332,107,9,40.7,2018Q3
3332,107,12,38.0,2018Q4
3332,108,3,38.8,2019Q1
3332,108,6,40.8,2019Q2
3332,108,9,39.3,2019Q3
3332,108,12,37.8,2019Q4
3332,109,3,27.5,2020Q1
3332,109,9,32.55,2020Q3
3332,109,12,36.0,2020Q4
3332,110,3,37.5,2021Q1
3332,110,6,38.35,2021Q2
3332,110,9,37.95,2021Q3
3332,110,12,41.5,2021Q4
3332,111,3,40.55,2022Q1
3332,111,9,40.25,2022Q3
3332,111,12,41.7,2022Q4
3332,112,3,43.35,2023Q1
3332,112,6,50.0,2023Q2
3332,112,9,44.5,2023Q3
3332,112,12,43.35,2023Q4
3332,113,6,43.85,2024Q2
3332,113,9,41.0,2024Q3
3332,114,3,40.0,2025Q1
3339,105,3,3.47,2016Q1
3339,105,6,2.09,2016Q2
3339,105,9,2.6,2016Q3
3339,105,12,5.88,2016Q4
3339,106,3,5.72,2017Q1
3339,106,6,4.7,2017Q2
3339,106,9,5.5,2017Q3
3339,106,12,7.23,2017Q4
3339,107,3,9.8,2018Q1
3339,107,6,10.3,2018Q2
3339,107,9,8.0,2018Q3
3339,107,12,5.8,2018Q4
3339,108,3,5.41,2019Q1
3339,108,6,4.81,2019Q2
3339,108,9,5.0,2019Q3
3339,108,12,4.94,2019Q4
3339,109,6,2.88,2020Q2
3339,109,9,6.0,2020Q3
3339,109,12,14.95,2020Q4
3339,110,3,15.95,2021Q1
3339,110,6,30.9,2021Q2
3339,110,9,18.3,2021Q3
3339,110,12,22.05,2021Q4
3339,111,3,19.1,2022Q1
3339,111,6,13.7,2022Q2
3339,111,9,12.7,2022Q3
3339,111,12,12.6,2022Q4
3339,112,3,14.25,2023Q1
3339,112,6,14.6,2023Q2
3339,112,9,18.65,2023Q3
3339,112,12,18.5,2023Q4
3339,113,3,31.0,2024Q1
3339,113,6,48.6,2024Q2
3339,113,9,37.4,2024Q3
3339,113,12,32.45,2024Q4
3339,114,3,32.85,2025Q1
3354,105,3,9.49,2016Q1
3354,105,6,8.65,2016Q2
3354,105,9,8.9,2016Q3
3354,105,12,9.09,2016Q4
3354,106,3,11.5,2017Q1
3354,106,6,10.3,2017Q2
3354,106,9,12.2,2017Q3
3354,106,12,36.1,2017Q4
3354,107,3,27.4,2018Q1
3354,107,6,20.55,2018Q2
3354,107,9,17.7,2018Q3
3354,107,12,17.9,2018Q4
3354,108,3,17.45,2019Q1
3354,108,6,14.7,2019Q2
3354,108,9,17.6,2019Q3
3354,108,12,16.2,2019Q4
3354,109,3,9.86,2020Q1
3354,109,6,12.25,2020Q2
3354,109,9,12.35,2020Q3
3354,109,12,14.0,2020Q4
3354,110,3,15.0,2021Q1
3354,110,6,15.7,2021Q2
3354,110,9,16.45,2021Q3
3354,110,12,19.1,2021Q4
3354,111,3,17.1,2022Q1
3354,111,6,18.05,2022Q2
3354,111,9,14.85,2022Q3
3354,111,12,13.55,2022Q4
3354,112,3,14.55,2023Q1
3354,112,6,14.6,2023Q2
3354,112,9,14.55,2023Q3
3354,112,12,15.35,2023Q4
3354,113,3,23.8,2024Q1
3354,113,6,24.7,2024Q2
3354,113,9,30.0,2024Q3
3354,113,12,21.9,2024Q4
3354,114,3,19.2,2025Q1
3360,105,3,22.2,2016Q1
3360,105,6,15.65,2016Q2
3360,105,9,17.4,2016Q3
3360,105,12,21.05,2016Q4
3360,106,3,22.45,2017Q1
3360,106,6,22.2,2017Q2
3360,106,9,17.55,2017Q3
3360,106,12,15.85,2017Q4
3360,107,3,14.45,2018Q1
3360,107,6,22.15,2018Q2
3360,107,9,19.55,2018Q3
3360,107,12,16.65,2018Q4
3360,108,3,24.7,2019Q1
3360,108,6,21.9,2019Q2
3360,108,9,22.25,2019Q3
3360,108,12,18.85,2019Q4
3360,109,3,12.4,2020Q1
3360,109,6,16.2,2020Q2
3360,109,9,14.3,2020Q3
3360,109,12,15.1,2020Q4
3360,110,3,16.2,2021Q1
3360,110,6,15.9,2021Q2
3360,110,9,14.2,2021Q3
3360,110,12,16.1,2021Q4
3360,111,3,17.4,2022Q1
3360,111,6,15.3,2022Q2
3360,111,9,13.3,2022Q3
3360,111,12,13.35,2022Q4
3360,112,3,14.0,2023Q1
3360,112,6,13.75,2023Q2
3360,112,9,12.3,2023Q3
3360,112,12,12.9,2023Q4
3360,113,3,15.2,2024Q1
3360,113,6,16.25,2024Q2
3360,113,9,19.3,2024Q3
3360,113,12,14.25,2024Q4
3360,114,3,13.15,2025Q1
3362,105,3,12.95,2016Q1
3362,105,6,19.55,2016Q2
3362,105,9,19.9,2016Q3
3362,105,12,24.1,2016Q4
3362,106,3,39.15,2017Q1
3362,106,6,56.5,2017Q2
3362,106,9,64.9,2017Q3
3362,106,12,46.3,2017Q4
3362,107,3,45.05,2018Q1
3362,107,6,64.9,2018Q2
3362,107,9,52.0,2018Q3
3362,107,12,44.2,2018Q4
3362,108,3,57.5,2019Q1
3362,108,6,53.6,2019Q2
3362,108,9,48.9,2019Q3
3362,108,12,48.5,2019Q4
3362,109,3,25.6,2020Q1
3362,109,6,37.25,2020Q2
3362,109,9,33.4,2020Q3
3362,109,12,36.8,2020Q4
3362,110,3,109.5,2021Q1
3362,110,6,95.5,2021Q2
3362,110,9,67.1,2021Q3
3362,110,12,79.8,2021Q4
3362,111,3,68.1,2022Q1
3362,111,6,56.6,2022Q2
3362,111,9,63.0,2022Q3
3362,111,12,69.9,2022Q4
3362,112,3,103.5,2023Q1
3362,112,6,102.5,2023Q2
3362,112,9,145.5,2023Q3
3362,112,12,173.0,2023Q4
3362,113,3,226.0,2024Q1
3362,113,6,264.0,2024Q2
3362,113,9,231.0,2024Q3
3362,113,12,210.5,2024Q4
3362,114,3,149.5,2025Q1
3363,105,3,30.0,2016Q1
3363,105,6,29.0,2016Q2
3363,105,9,28.8,2016Q3
3363,105,12,28.4,2016Q4
3363,106,3,39.05,2017Q1
3363,106,6,34.0,2017Q2
3363,106,9,29.8,2017Q3
3363,106,12,31.15,2017Q4
3363,107,3,27.55,2018Q1
3363,107,6,27.55,2018Q2
3363,107,9,26.15,2018Q3
3363,107,12,29.15,2018Q4
3363,108,3,50.0,2019Q1
3363,108,6,44.3,2019Q2
3363,108,9,40.3,2019Q3
3363,108,12,35.0,2019Q4
3363,109,3,17.9,2020Q1
3363,109,6,27.5,2020Q2
3363,109,9,26.15,2020Q3
3363,109,12,28.45,2020Q4
3363,110,3,27.1,2021Q1
3363,110,6,25.15,2021Q2
3363,110,9,27.65,2021Q3
3363,110,12,33.4,2021Q4
3363,111,3,30.6,2022Q1
3363,111,6,23.55,2022Q2
3363,111,9,23.3,2022Q3
3363,111,12,22.7,2022Q4
3363,112,3,25.95,2023Q1
3363,112,6,41.6,2023Q2
3363,112,9,73.9,2023Q3
3363,112,12,69.3,2023Q4
3363,113,3,96.2,2024Q1
3363,113,6,157.0,2024Q2
3363,113,9,178.0,2024Q3
3363,113,12,247.5,2024Q4
3363,114,3,246.5,2025Q1
3372,105,3,7.08,2016Q1
3372,105,6,7.37,2016Q2
3372,105,9,7.81,2016Q3
3372,105,12,7.45,2016Q4
3372,106,3,7.42,2017Q1
3372,106,6,6.29,2017Q2
3372,106,9,6.26,2017Q3
3372,106,12,5.63,2017Q4
3372,107,3,7.1,2018Q1
3372,107,6,5.98,2018Q2
3372,107,9,5.53,2018Q3
3372,107,12,4.92,2018Q4
3372,108,3,3.89,2019Q1
3372,108,6,3.5,2019Q2
3372,108,9,3.7,2019Q3
3372,108,12,10.15,2019Q4
3372,109,3,7.62,2020Q1
3372,109,6,9.2,2020Q2
3372,109,9,8.98,2020Q3
3372,109,12,12.95,2020Q4
3372,110,3,18.1,2021Q1
3372,110,6,19.25,2021Q2
3372,110,9,23.1,2021Q3
3372,110,12,24.2,2021Q4
3372,111,3,19.2,2022Q1
3372,111,6,13.55,2022Q2
3372,111,9,10.5,2022Q3
3372,111,12,11.05,2022Q4
3372,112,3,12.2,2023Q1
3372,112,6,13.75,2023Q2
3372,112,9,13.0,2023Q3
3372,112,12,14.5,2023Q4
3372,113,3,18.4,2024Q1
3372,113,6,23.4,2024Q2
3372,113,9,18.25,2024Q3
3372,113,12,15.1,2024Q4
3372,114,3,13.55,2025Q1
3373,105,3,26.2,2016Q1
3373,105,6,32.7,2016Q2
3373,105,9,23.85,2016Q3
3373,105,12,20.9,2016Q4
3373,106,3,20.5,2017Q1
3373,106,6,17.95,2017Q2
3373,106,9,17.15,2017Q3
3373,106,12,21.35,2017Q4
3373,107,3,19.1,2018Q1
3373,107,6,18.25,2018Q2
3373,107,9,17.25,2018Q3
3373,107,12,16.1,2018Q4
3373,108,3,17.75,2019Q1
3373,108,6,16.75,2019Q2
3373,108,9,17.15,2019Q3
3373,108,12,16.65,2019Q4
3373,109,3,52.2,2020Q1
3373,109,6,132.5,2020Q2
3373,109,9,89.0,2020Q3
3373,109,12,83.3,2020Q4
3373,110,3,90.2,2021Q1
3373,110,6,70.4,2021Q2
3373,110,9,39.2,2021Q3
3373,110,12,37.3,2021Q4
3373,111,3,33.8,2022Q1
3373,111,6,22.2,2022Q2
3373,111,9,21.45,2022Q3
3373,111,12,28.2,2022Q4
3373,112,3,24.1,2023Q1
3373,112,6,21.7,2023Q2
3373,112,9,22.7,2023Q3
3373,112,12,26.6,2023Q4
3373,113,3,24.5,2024Q1
3373,113,6,27.0,2024Q2
3373,113,9,23.4,2024Q3
3373,113,12,23.0,2024Q4
3373,114,3,20.85,2025Q1
3374,105,3,28.8,2016Q1
3374,105,6,20.9,2016Q2
3374,105,9,34.15,2016Q3
3374,105,12,32.55,2016Q4
3374,106,3,45.0,2017Q1
3374,106,6,49.8,2017Q2
3374,106,9,50.6,2017Q3
3374,106,12,82.5,2017Q4
3374,107,3,66.2,2018Q1
3374,107,6,60.8,2018Q2
3374,107,9,44.5,2018Q3
3374,107,12,34.0,2018Q4
3374,108,3,40.0,2019Q1
3374,108,6,34.35,2019Q2
3374,108,9,47.8,2019Q3
3374,108,12,80.5,2019Q4
3374,109,3,59.0,2020Q1
3374,109,6,112.0,2020Q2
3374,109,9,117.0,2020Q3
3374,109,12,183.5,2020Q4
3374,110,3,181.0,2021Q1
3374,110,6,169.0,2021Q2
3374,110,9,127.5,2021Q3
3374,110,12,143.0,2021Q4
3374,111,3,130.5,2022Q1
3374,111,6,128.5,2022Q2
3374,111,9,96.0,2022Q3
3374,111,12,96.3,2022Q4
3374,112,3,108.0,2023Q1
3374,112,6,128.5,2023Q2
3374,112,9,117.5,2023Q3
3374,112,12,127.5,2023Q4
3374,113,3,124.0,2024Q1
3374,113,6,180.0,2024Q2
3374,113,9,205.5,2024Q3
3374,113,12,198.0,2024Q4
3374,114,3,142.5,2025Q1
3379,105,3,13.4,2016Q1
3379,105,6,11.8,2016Q2
3379,105,9,11.15,2016Q3
3379,105,12,9.03,2016Q4
3379,106,3,10.95,2017Q1
3379,106,6,12.25,2017Q2
3379,106,9,12.75,2017Q3
3379,106,12,10.85,2017Q4
3379,107,3,12.85,2018Q1
3379,107,6,12.0,2018Q2
3379,107,9,10.6,2018Q3
3379,107,12,9.33,2018Q4
3379,108,3,10.8,2019Q1
3379,108,6,9.77,2019Q2
3379,108,9,10.15,2019Q3
3379,108,12,10.1,2019Q4
3379,109,3,7.86,2020Q1
3379,109,6,8.75,2020Q2
3379,109,9,11.5,2020Q3
3379,109,12,13.25,2020Q4
3379,110,3,12.45,2021Q1
3379,110,6,13.2,2021Q2
3379,110,9,12.85,2021Q3
3379,110,12,12.65,2021Q4
3379,111,3,12.6,2022Q1
3379,111,6,11.35,2022Q2
3379,111,9,11.5,2022Q3
3379,111,12,11.7,2022Q4
3379,112,3,12.5,2023Q1
3379,112,6,12.5,2023Q2
3379,112,9,13.95,2023Q3
3379,112,12,15.7,2023Q4
3379,113,3,14.75,2024Q1
3379,113,6,28.5,2024Q2
3379,113,9,34.35,2024Q3
3379,113,12,37.15,2024Q4
3379,114,3,55.8,2025Q1
3388,105,3,63.8,2016Q1
3388,105,6,58.9,2016Q2
3388,105,9,58.5,2016Q3
3388,105,12,61.3,2016Q4
3388,106,3,63.4,2017Q1
3388,106,6,66.2,2017Q2
3388,106,9,66.6,2017Q3
3388,106,12,72.8,2017Q4
3388,107,3,74.9,2018Q1
3388,107,6,81.7,2018Q2
3388,107,9,73.1,2018Q3
3388,107,12,66.7,2018Q4
3388,108,3,73.7,2019Q1
3388,108,6,70.0,2019Q2
3388,108,9,69.0,2019Q3
3388,108,12,69.8,2019Q4
3388,109,3,57.7,2020Q1
3388,109,6,63.5,2020Q2
3388,109,9,62.5,2020Q3
3388,109,12,68.7,2020Q4
3388,110,3,76.6,2021Q1
3388,110,6,77.5,2021Q2
3388,110,9,77.8,2021Q3
3388,110,12,85.5,2021Q4
3388,111,3,87.2,2022Q1
3388,111,6,75.1,2022Q2
3388,111,9,74.6,2022Q3
3388,111,12,73.4,2022Q4
3388,112,3,74.4,2023Q1
3388,112,6,70.9,2023Q2
3388,112,9,69.3,2023Q3
3388,112,12,70.5,2023Q4
3388,113,3,75.8,2024Q1
3388,113,6,74.9,2024Q2
3388,113,9,73.7,2024Q3
3388,113,12,69.5,2024Q4
3388,114,3,67.2,2025Q1
3390,105,3,15.2,2016Q1
3390,105,6,14.85,2016Q2
3390,105,9,16.7,2016Q3
3390,105,12,15.3,2016Q4
3390,106,3,20.55,2017Q1
3390,106,6,21.0,2017Q2
3390,106,9,22.1,2017Q3
3390,106,12,23.4,2017Q4
3390,107,3,22.0,2018Q1
3390,107,6,23.0,2018Q2
3390,107,9,23.85,2018Q3
3390,107,12,21.2,2018Q4
3390,108,3,24.35,2019Q1
3390,108,6,22.55,2019Q2
3390,108,9,21.95,2019Q3
3390,108,12,23.2,2019Q4
3390,109,3,14.3,2020Q1
3390,109,6,15.65,2020Q2
3390,109,9,13.25,2020Q3
3390,109,12,15.35,2020Q4
3390,110,3,16.0,2021Q1
3390,110,6,18.2,2021Q2
3390,110,9,18.1,2021Q3
3390,110,12,27.75,2021Q4
3390,111,3,19.5,2022Q1
3390,111,6,20.35,2022Q2
3390,111,9,20.35,2022Q3
3390,111,12,17.6,2022Q4
3390,112,3,18.75,2023Q1
3390,112,6,18.0,2023Q2
3390,112,9,17.35,2023Q3
3390,112,12,29.4,2023Q4
3390,113,3,31.2,2024Q1
3390,113,6,32.7,2024Q2
3390,113,9,31.0,2024Q3
3390,113,12,27.55,2024Q4
3390,114,3,23.95,2025Q1
3402,105,3,16.15,2016Q1
3402,105,6,18.0,2016Q2
3402,105,9,21.6,2016Q3
3402,105,12,22.9,2016Q4
3402,106,3,26.2,2017Q1
3402,106,6,24.65,2017Q2
3402,106,9,25.6,2017Q3
3402,106,12,23.85,2017Q4
3402,107,3,27.95,2018Q1
3402,107,6,31.35,2018Q2
3402,107,9,30.5,2018Q3
3402,107,12,28.75,2018Q4
3402,108,3,31.65,2019Q1
3402,108,6,31.15,2019Q2
3402,108,9,27.1,2019Q3
3402,108,12,31.15,2019Q4
3402,109,3,23.0,2020Q1
3402,109,6,28.65,2020Q2
3402,109,9,26.95,2020Q3
3402,109,12,30.15,2020Q4
3402,110,3,38.85,2021Q1
3402,110,6,39.45,2021Q2
3402,110,9,41.35,2021Q3
3402,110,12,49.05,2021Q4
3402,111,3,52.5,2022Q1
3402,111,6,40.0,2022Q2
3402,111,9,43.3,2022Q3
3402,111,12,44.1,2022Q4
3402,112,3,52.7,2023Q1
3402,112,6,52.1,2023Q2
3402,112,9,48.8,2023Q3
3402,112,12,69.9,2023Q4
3402,113,3,91.0,2024Q1
3402,113,6,112.0,2024Q2
3402,113,9,101.5,2024Q3
3402,113,12,108.5,2024Q4
3402,114,3,91.2,2025Q1
3426,105,12,47.5,2016Q4
3426,106,3,71.5,2017Q1
3426,106,6,64.7,2017Q2
3426,106,9,73.6,2017Q3
3426,106,12,70.7,2017Q4
3426,107,3,70.0,2018Q1
3426,107,6,68.9,2018Q2
3426,107,9,53.1,2018Q3
3426,107,12,51.7,2018Q4
3426,108,3,51.5,2019Q1
3426,108,6,44.1,2019Q2
3426,108,9,40.9,2019Q3
3426,108,12,41.45,2019Q4
3426,109,3,30.1,2020Q1
3426,109,6,37.8,2020Q2
3426,109,9,36.95,2020Q3
3426,109,12,38.55,2020Q4
3426,110,3,40.3,2021Q1
3426,110,6,40.4,2021Q2
3426,110,9,38.55,2021Q3
3426,110,12,38.85,2021Q4
3426,111,3,38.0,2022Q1
3426,111,6,36.9,2022Q2
3426,111,9,39.35,2022Q3
3426,111,12,37.8,2022Q4
3426,112,3,40.1,2023Q1
3426,112,6,40.1,2023Q2
3426,112,9,37.65,2023Q3
3426,112,12,39.9,2023Q4
3426,113,3,41.0,2024Q1
3426,113,6,42.6,2024Q2
3426,113,9,50.3,2024Q3
3426,113,12,47.8,2024Q4
3426,114,3,48.7,2025Q1
3434,105,6,14.7,2016Q2
3434,105,9,13.6,2016Q3
3434,105,12,12.2,2016Q4
3434,106,3,14.7,2017Q1
3434,106,6,16.3,2017Q2
3434,106,9,13.0,2017Q3
3434,106,12,12.3,2017Q4
3434,107,3,19.55,2018Q1
3434,107,6,13.6,2018Q2
3434,107,9,14.6,2018Q3
3434,107,12,13.5,2018Q4
3434,108,3,16.0,2019Q1
3434,108,6,15.65,2019Q2
3434,108,9,14.3,2019Q3
3434,108,12,13.55,2019Q4
3434,109,3,10.25,2020Q1
3434,109,9,13.45,2020Q3
3434,109,12,13.65,2020Q4
3434,110,3,13.6,2021Q1
3434,110,6,13.8,2021Q2
3434,110,9,13.45,2021Q3
3434,110,12,18.4,2021Q4
3434,111,3,21.25,2022Q1
3434,111,6,26.6,2022Q2
3434,111,9,24.4,2022Q3
3434,111,12,24.05,2022Q4
3434,112,3,29.3,2023Q1
3434,112,6,31.1,2023Q2
3434,112,9,28.3,2023Q3
3434,112,12,27.65,2023Q4
3434,113,3,30.0,2024Q1
3434,113,6,31.0,2024Q2
3434,113,9,28.0,2024Q3
3434,113,12,28.5,2024Q4
3434,114,3,39.65,2025Q1
3438,105,3,17.3,2016Q1
3438,105,6,17.65,2016Q2
3438,105,9,18.45,2016Q3
3438,105,12,17.35,2016Q4
3438,106,3,19.3,2017Q1
3438,106,6,21.2,2017Q2
3438,106,9,21.8,2017Q3
3438,106,12,23.15,2017Q4
3438,107,3,22.15,2018Q1
3438,107,6,21.45,2018Q2
3438,107,9,15.1,2018Q3
3438,107,12,22.9,2018Q4
3438,108,3,20.4,2019Q1
3438,108,6,21.5,2019Q2
3438,108,9,26.0,2019Q3
3438,108,12,40.8,2019Q4
3438,109,3,22.9,2020Q1
3438,109,6,32.6,2020Q2
3438,109,9,46.45,2020Q3
3438,109,12,52.2,2020Q4
3438,110,3,82.1,2021Q1
3438,110,6,79.2,2021Q2
3438,110,9,80.3,2021Q3
3438,110,12,90.0,2021Q4
3438,111,3,76.8,2022Q1
3438,111,6,48.2,2022Q2
3438,111,9,46.6,2022Q3
3438,111,12,54.1,2022Q4
3438,112,3,63.1,2023Q1
3438,112,6,68.7,2023Q2
3438,112,9,70.4,2023Q3
3438,112,12,82.4,2023Q4
3438,113,3,85.1,2024Q1
3438,113,6,80.3,2024Q2
3438,113,9,78.7,2024Q3
3438,113,12,62.2,2024Q4
3438,114,3,49.6,2025Q1
3441,105,3,11.45,2016Q1
3441,105,6,14.1,2016Q2
3441,105,9,14.4,2016Q3
3441,105,12,15.4,2016Q4
3441,106,3,19.6,2017Q1
3441,106,6,41.3,2017Q2
3441,106,9,51.3,2017Q3
3441,106,12,40.4,2017Q4
3441,107,3,34.5,2018Q1
3441,107,6,39.2,2018Q2
3441,107,9,25.9,2018Q3
3441,107,12,21.9,2018Q4
3441,108,3,31.7,2019Q1
3441,108,6,30.4,2019Q2
3441,108,9,29.45,2019Q3
3441,108,12,31.85,2019Q4
3441,109,3,21.2,2020Q1
3441,109,6,29.55,2020Q2
3441,109,9,25.0,2020Q3
3441,109,12,27.55,2020Q4
3441,110,3,49.3,2021Q1
3441,110,6,41.65,2021Q2
3441,110,9,39.45,2021Q3
3441,110,12,38.75,2021Q4
3441,111,3,32.3,2022Q1
3441,111,6,32.5,2022Q2
3441,111,9,33.25,2022Q3
3441,111,12,38.75,2022Q4
3441,112,3,43.75,2023Q1
3441,112,6,43.25,2023Q2
3441,112,9,39.45,2023Q3
3441,112,12,37.75,2023Q4
3441,113,3,34.8,2024Q1
3441,113,6,36.05,2024Q2
3441,113,9,38.4,2024Q3
3441,113,12,39.2,2024Q4
3441,114,3,35.7,2025Q1
3444,105,3,16.35,2016Q1
3444,105,6,16.45,2016Q2
3444,105,9,17.6,2016Q3
3444,105,12,19.3,2016Q4
3444,106,3,19.6,2017Q1
3444,106,6,18.9,2017Q2
3444,106,9,18.85,2017Q3
3444,106,12,30.3,2017Q4
3444,107,3,28.3,2018Q1
3444,107,6,22.4,2018Q2
3444,107,9,22.7,2018Q3
3444,107,12,19.95,2018Q4
3444,108,3,22.6,2019Q1
3444,108,6,22.8,2019Q2
3444,108,9,34.0,2019Q3
3444,108,12,30.95,2019Q4
3444,109,3,28.85,2020Q1
3444,109,6,40.55,2020Q2
3444,109,9,34.2,2020Q3
3444,109,12,36.55,2020Q4
3444,110,3,40.3,2021Q1
3444,110,6,37.55,2021Q2
3444,110,9,42.2,2021Q3
3444,110,12,62.1,2021Q4
3444,111,3,50.8,2022Q1
3444,111,6,59.1,2022Q2
3444,111,9,52.9,2022Q3
3444,111,12,63.4,2022Q4
3444,112,3,61.8,2023Q1
3444,112,6,70.8,2023Q2
3444,112,9,87.4,2023Q3
3444,112,12,106.5,2023Q4
3444,113,3,100.0,2024Q1
3444,113,6,111.0,2024Q2
3444,113,9,90.8,2024Q3
3444,113,12,78.1,2024Q4
3444,114,3,60.5,2025Q1
3455,105,3,35.5,2016Q1
3455,105,6,30.8,2016Q2
3455,105,9,37.45,2016Q3
3455,105,12,46.6,2016Q4
3455,106,3,56.3,2017Q1
3455,106,6,52.7,2017Q2
3455,106,9,51.2,2017Q3
3455,106,12,50.5,2017Q4
3455,107,3,45.2,2018Q1
3455,107,6,46.3,2018Q2
3455,107,9,51.8,2018Q3
3455,107,12,69.7,2018Q4
3455,108,3,79.8,2019Q1
3455,108,6,71.6,2019Q2
3455,108,9,65.8,2019Q3
3455,108,12,62.1,2019Q4
3455,109,3,43.65,2020Q1
3455,109,6,48.4,2020Q2
3455,109,9,51.0,2020Q3
3455,109,12,54.7,2020Q4
3455,110,3,61.3,2021Q1
3455,110,6,59.2,2021Q2
3455,110,9,56.3,2021Q3
3455,110,12,88.0,2021Q4
3455,111,3,99.2,2022Q1
3455,111,6,76.3,2022Q2
3455,111,9,78.8,2022Q3
3455,111,12,79.9,2022Q4
3455,112,3,93.4,2023Q1
3455,112,6,84.4,2023Q2
3455,112,9,69.1,2023Q3
3455,112,12,73.9,2023Q4
3455,113,3,81.9,2024Q1
3455,113,6,104.5,2024Q2
3455,113,9,129.0,2024Q3
3455,113,12,115.0,2024Q4
3455,114,3,96.7,2025Q1
3465,105,3,10.0,2016Q1
3465,105,6,6.5,2016Q2
3465,105,12,9.0,2016Q4
3465,106,3,18.4,2017Q1
3465,106,6,15.5,2017Q2
3465,106,9,14.2,2017Q3
3465,107,3,14.0,2018Q1
3465,107,6,11.3,2018Q2
3465,107,9,21.8,2018Q3
3465,107,12,22.5,2018Q4
3465,108,3,31.5,2019Q1
3465,108,6,30.45,2019Q2
3465,108,9,37.4,2019Q3
3465,108,12,34.0,2019Q4
3465,109,3,34.5,2020Q1
3465,109,6,60.0,2020Q2
3465,109,9,181.5,2020Q3
3465,109,12,172.0,2020Q4
3465,110,3,180.0,2021Q1
3465,110,6,184.5,2021Q2
3465,110,9,178.5,2021Q3
3465,110,12,227.0,2021Q4
3465,111,3,150.0,2022Q1
3465,111,6,108.0,2022Q2
3465,111,9,97.0,2022Q3
3465,111,12,80.1,2022Q4
3465,112,3,93.4,2023Q1
3465,112,6,84.8,2023Q2
3465,112,9,71.6,2023Q3
3465,112,12,77.3,2023Q4
3465,113,3,65.8,2024Q1
3465,113,6,72.0,2024Q2
3465,113,9,62.8,2024Q3
3465,113,12,53.1,2024Q4
3465,114,3,56.5,2025Q1
3466,105,3,21.0,2016Q1
3466,105,6,19.9,2016Q2
3466,105,9,18.7,2016Q3
3466,105,12,17.2,2016Q4
3466,106,3,19.55,2017Q1
3466,106,6,19.05,2017Q2
3466,106,9,16.1,2017Q3
3466,106,12,15.25,2017Q4
3466,107,3,13.8,2018Q1
3466,107,6,13.35,2018Q2
3466,107,9,12.1,2018Q3
3466,107,12,10.7,2018Q4
3466,108,3,17.95,2019Q1
3466,108,6,19.1,2019Q2
3466,108,9,17.4,2019Q3
3466,108,12,20.9,2019Q4
3466,109,3,13.65,2020Q1
3466,109,6,14.25,2020Q2
3466,109,9,12.7,2020Q3
3466,109,12,13.35,2020Q4
3466,110,3,13.25,2021Q1
3466,110,6,12.65,2021Q2
3466,110,9,16.7,2021Q3
3466,110,12,19.5,2021Q4
3466,111,3,17.05,2022Q1
3466,111,6,24.6,2022Q2
3466,111,9,24.55,2022Q3
3466,111,12,32.3,2022Q4
3466,112,3,32.0,2023Q1
3466,112,6,29.0,2023Q2
3466,112,9,23.65,2023Q3
3466,112,12,25.0,2023Q4
3466,113,3,27.65,2024Q1
3466,113,6,81.0,2024Q2
3466,113,9,58.4,2024Q3
3466,113,12,57.9,2024Q4
3466,114,3,48.8,2025Q1
3479,105,3,81.5,2016Q1
3479,105,6,72.1,2016Q2
3479,105,9,73.0,2016Q3
3479,105,12,62.3,2016Q4
3479,106,3,60.3,2017Q1
3479,106,6,50.8,2017Q2
3479,106,9,48.05,2017Q3
3479,106,12,45.7,2017Q4
3479,107,3,46.6,2018Q1
3479,107,6,44.5,2018Q2
3479,107,9,40.8,2018Q3
3479,107,12,38.5,2018Q4
3479,108,3,48.55,2019Q1
3479,108,6,47.15,2019Q2
3479,108,9,79.0,2019Q3
3479,108,12,76.4,2019Q4
3479,109,3,60.3,2020Q1
3479,109,6,67.3,2020Q2
3479,109,9,51.2,2020Q3
3479,109,12,55.5,2020Q4
3479,110,3,55.6,2021Q1
3479,110,6,52.4,2021Q2
3479,110,9,50.9,2021Q3
3479,110,12,56.9,2021Q4
3479,111,3,59.4,2022Q1
3479,111,6,61.1,2022Q2
3479,111,9,54.2,2022Q3
3479,111,12,81.4,2022Q4
3479,112,3,95.3,2023Q1
3479,112,6,107.5,2023Q2
3479,112,9,98.7,2023Q3
3479,112,12,119.5,2023Q4
3479,113,3,123.0,2024Q1
3479,113,6,116.0,2024Q2
3479,113,9,108.5,2024Q3
3479,113,12,89.4,2024Q4
3479,114,3,110.5,2025Q1
3483,105,3,16.25,2016Q1
3483,105,6,15.65,2016Q2
3483,105,9,22.0,2016Q3
3483,105,12,25.1,2016Q4
3483,106,3,30.5,2017Q1
3483,106,6,26.65,2017Q2
3483,106,9,23.55,2017Q3
3483,106,12,24.75,2017Q4
3483,107,3,27.1,2018Q1
3483,107,6,23.15,2018Q2
3483,107,9,20.5,2018Q3
3483,107,12,27.7,2018Q4
3483,108,3,53.2,2019Q1
3483,108,6,35.7,2019Q2
3483,108,9,52.6,2019Q3
3483,108,12,69.8,2019Q4
3483,109,3,46.9,2020Q1
3483,109,6,61.1,2020Q2
3483,109,9,79.2,2020Q3
3483,109,12,66.9,2020Q4
3483,110,3,123.5,2021Q1
3483,110,6,88.8,2021Q2
3483,110,9,72.1,2021Q3
3483,110,12,90.9,2021Q4
3483,111,3,86.5,2022Q1
3483,111,6,61.1,2022Q2
3483,111,9,49.0,2022Q3
3483,111,12,52.4,2022Q4
3483,112,3,71.7,2023Q1
3483,112,6,88.3,2023Q2
3483,112,9,137.0,2023Q3
3483,112,12,162.5,2023Q4
3483,113,3,153.0,2024Q1
3483,113,6,202.0,2024Q2
3483,113,9,169.5,2024Q3
3483,113,12,146.5,2024Q4
3483,114,3,120.5,2025Q1
3484,105,3,48.7,2016Q1
3484,105,6,38.3,2016Q2
3484,105,9,47.5,2016Q3
3484,105,12,39.55,2016Q4
3484,106,3,40.7,2017Q1
3484,106,6,40.1,2017Q2
3484,106,9,42.05,2017Q3
3484,106,12,41.5,2017Q4
3484,107,3,38.3,2018Q1
3484,107,6,36.4,2018Q2
3484,107,9,31.25,2018Q3
3484,107,12,25.05,2018Q4
3484,108,3,27.7,2019Q1
3484,108,6,26.4,2019Q2
3484,108,9,25.8,2019Q3
3484,108,12,30.5,2019Q4
3484,109,3,21.85,2020Q1
3484,109,6,25.5,2020Q2
3484,109,9,35.55,2020Q3
3484,109,12,60.0,2020Q4
3484,110,3,81.4,2021Q1
3484,110,6,77.2,2021Q2
3484,110,9,66.8,2021Q3
3484,110,12,89.3,2021Q4
3484,111,3,73.7,2022Q1
3484,111,6,53.2,2022Q2
3484,111,9,44.55,2022Q3
3484,111,12,42.95,2022Q4
3484,112,3,44.0,2023Q1
3484,112,6,44.55,2023Q2
3484,112,9,41.1,2023Q3
3484,112,12,47.0,2023Q4
3484,113,3,47.75,2024Q1
3484,113,6,56.2,2024Q2
3484,113,9,59.1,2024Q3
3484,113,12,56.1,2024Q4
3484,114,3,54.8,2025Q1
3489,105,3,9.96,2016Q1
3489,105,6,10.35,2016Q2
3489,105,9,9.0,2016Q3
3489,105,12,10.4,2016Q4
3489,106,3,12.1,2017Q1
3489,106,6,9.64,2017Q2
3489,106,9,9.42,2017Q3
3489,106,12,9.7,2017Q4
3489,107,3,9.5,2018Q1
3489,107,6,11.45,2018Q2
3489,107,9,9.0,2018Q3
3489,107,12,8.14,2018Q4
3489,108,3,8.59,2019Q1
3489,108,6,8.88,2019Q2
3489,108,9,8.74,2019Q3
3489,108,12,9.21,2019Q4
3489,109,3,9.44,2020Q1
3489,109,6,11.2,2020Q2
3489,109,9,12.25,2020Q3
3489,109,12,11.0,2020Q4
3489,110,3,11.7,2021Q1
3489,110,6,11.0,2021Q2
3489,110,9,11.75,2021Q3
3489,110,12,12.3,2021Q4
3489,111,3,10.8,2022Q1
3489,111,6,10.45,2022Q2
3489,111,9,10.3,2022Q3
3489,111,12,10.1,2022Q4
3489,112,3,10.8,2023Q1
3489,112,6,11.4,2023Q2
3489,112,9,11.9,2023Q3
3489,112,12,15.65,2023Q4
3489,113,3,25.8,2024Q1
3489,113,6,26.95,2024Q2
3489,113,9,24.15,2024Q3
3489,113,12,27.3,2024Q4
3489,114,3,25.75,2025Q1
3490,105,3,61.8,2016Q1
3490,105,6,47.9,2016Q2
3490,105,9,42.75,2016Q3
3490,105,12,39.6,2016Q4
3490,106,3,37.75,2017Q1
3490,106,6,31.1,2017Q2
3490,106,9,30.0,2017Q3
3490,106,12,28.15,2017Q4
3490,107,3,27.0,2018Q1
3490,107,6,24.25,2018Q2
3490,107,9,20.6,2018Q3
3490,107,12,15.8,2018Q4
3490,108,3,17.3,2019Q1
3490,108,6,20.25,2019Q2
3490,108,9,21.25,2019Q3
3490,108,12,22.7,2019Q4
3490,109,3,14.75,2020Q1
3490,109,6,19.7,2020Q2
3490,109,9,26.25,2020Q3
3490,109,12,34.05,2020Q4
3490,110,3,31.1,2021Q1
3490,110,6,25.6,2021Q2
3490,110,9,24.9,2021Q3
3490,110,12,35.75,2021Q4
3490,111,3,33.3,2022Q1
3490,111,6,25.15,2022Q2
3490,111,9,24.1,2022Q3
3490,111,12,24.35,2022Q4
3490,112,3,27.7,2023Q1
3490,112,6,25.9,2023Q2
3490,112,9,23.8,2023Q3
3490,112,12,23.3,2023Q4
3490,113,3,28.05,2024Q1
3490,113,6,38.6,2024Q2
3490,113,9,32.8,2024Q3
3490,113,12,29.45,2024Q4
3490,114,3,25.0,2025Q1
3491,105,3,74.5,2016Q1
3491,105,6,64.2,2016Q2
3491,105,9,60.3,2016Q3
3491,105,12,64.8,2016Q4
3491,106,3,72.4,2017Q1
3491,106,6,81.0,2017Q2
3491,106,9,78.3,2017Q3
3491,106,12,75.5,2017Q4
3491,107,3,72.0,2018Q1
3491,107,6,77.9,2018Q2
3491,107,9,72.5,2018Q3
3491,107,12,76.9,2018Q4
3491,108,3,82.5,2019Q1
3491,108,6,91.5,2019Q2
3491,108,9,101.0,2019Q3
3491,108,12,93.8,2019Q4
3491,109,3,65.7,2020Q1
3491,109,6,85.6,2020Q2
3491,109,9,72.3,2020Q3
3491,109,12,71.6,2020Q4
3491,110,3,72.8,2021Q1
3491,110,6,68.0,2021Q2
3491,110,9,77.7,2021Q3
3491,110,12,214.5,2021Q4
3491,111,3,190.0,2022Q1
3491,111,6,152.5,2022Q2
3491,111,9,140.0,2022Q3
3491,111,12,134.5,2022Q4
3491,112,3,175.0,2023Q1
3491,112,6,164.5,2023Q2
3491,112,9,154.5,2023Q3
3491,112,12,162.5,2023Q4
3491,113,3,158.0,2024Q1
3491,113,6,289.0,2024Q2
3491,113,9,324.5,2024Q3
3491,113,12,328.0,2024Q4
3491,114,3,388.0,2025Q1
3492,105,3,36.55,2016Q1
3492,105,6,36.8,2016Q2
3492,105,9,37.7,2016Q3
3492,105,12,31.0,2016Q4
3492,106,3,32.85,2017Q1
3492,106,6,39.8,2017Q2
3492,106,9,36.6,2017Q3
3492,106,12,29.5,2017Q4
3492,107,3,26.8,2018Q1
3492,107,6,24.6,2018Q2
3492,107,9,22.7,2018Q3
3492,107,12,17.4,2018Q4
3492,108,3,20.35,2019Q1
3492,108,6,19.75,2019Q2
3492,108,9,17.85,2019Q3
3492,108,12,18.25,2019Q4
3492,109,3,12.85,2020Q1
3492,109,6,16.9,2020Q2
3492,109,9,14.8,2020Q3
3492,109,12,16.15,2020Q4
3492,110,3,19.55,2021Q1
3492,110,6,18.9,2021Q2
3492,110,9,19.4,2021Q3
3492,110,12,19.0,2021Q4
3492,111,3,18.55,2022Q1
3492,111,6,16.85,2022Q2
3492,111,9,17.75,2022Q3
3492,111,12,18.25,2022Q4
3492,112,3,19.4,2023Q1
3492,112,6,19.5,2023Q2
3492,112,9,18.1,2023Q3
3492,112,12,18.95,2023Q4
3492,113,3,18.85,2024Q1
3492,113,6,21.2,2024Q2
3492,113,9,31.3,2024Q3
3492,113,12,24.2,2024Q4
3492,114,3,23.6,2025Q1
3498,105,3,65.2,2016Q1
3498,105,6,55.0,2016Q2
3498,105,9,45.75,2016Q3
3498,105,12,52.7,2016Q4
3498,106,3,54.9,2017Q1
3498,106,6,51.3,2017Q2
3498,106,9,55.5,2017Q3
3498,106,12,50.0,2017Q4
3498,107,3,47.9,2018Q1
3498,107,6,40.45,2018Q2
3498,107,9,32.15,2018Q3
3498,107,12,35.6,2018Q4
3498,108,3,30.4,2019Q1
3498,108,6,28.05,2019Q2
3498,108,9,26.85,2019Q3
3498,108,12,26.15,2019Q4
3498,109,3,18.0,2020Q1
3498,109,6,38.3,2020Q2
3498,109,9,43.0,2020Q3
3498,109,12,42.8,2020Q4
3498,110,3,43.9,2021Q1
3498,110,6,37.1,2021Q2
3498,110,9,34.45,2021Q3
3498,110,12,32.6,2021Q4
3498,111,3,29.65,2022Q1
3498,111,6,24.55,2022Q2
3498,111,9,24.05,2022Q3
3498,111,12,37.2,2022Q4
3498,112,3,35.35,2023Q1
3498,112,6,41.65,2023Q2
3498,112,9,32.75,2023Q3
3498,112,12,30.0,2023Q4
3498,113,3,39.85,2024Q1
3498,113,6,47.1,2024Q2
3498,113,9,54.4,2024Q3
3498,113,12,57.5,2024Q4
3498,114,3,40.5,2025Q1
3499,105,3,18.9,2016Q1
3499,105,6,15.1,2016Q2
3499,105,9,17.85,2016Q3
3499,105,12,16.8,2016Q4
3499,106,3,16.6,2017Q1
3499,106,6,14.85,2017Q2
3499,106,9,19.3,2017Q3
3499,106,12,16.9,2017Q4
3499,107,3,15.15,2018Q1
3499,107,6,14.05,2018Q2
3499,107,9,13.65,2018Q3
3499,107,12,12.4,2018Q4
3499,108,3,18.65,2019Q1
3499,108,6,17.15,2019Q2
3499,108,9,17.05,2019Q3
3499,108,12,15.5,2019Q4
3499,109,3,10.1,2020Q1
3499,109,6,11.7,2020Q2
3499,109,9,10.35,2020Q3
3499,109,12,13.05,2020Q4
3499,110,3,12.7,2021Q1
3499,110,6,13.25,2021Q2
3499,110,9,12.7,2021Q3
3499,110,12,25.65,2021Q4
3499,111,3,21.2,2022Q1
3499,111,6,17.65,2022Q2
3499,111,9,15.45,2022Q3
3499,111,12,18.55,2022Q4
3499,112,3,21.35,2023Q1
3499,112,6,20.3,2023Q2
3499,112,9,18.3,2023Q3
3499,112,12,20.9,2023Q4
3499,113,3,22.6,2024Q1
3499,113,6,22.35,2024Q2
3499,113,9,23.0,2024Q3
3499,113,12,21.05,2024Q4
3499,114,3,15.55,2025Q1
3508,105,3,12.85,2016Q1
3508,105,6,12.45,2016Q2
3508,105,9,15.4,2016Q3
3508,105,12,15.9,2016Q4
3508,106,3,16.0,2017Q1
3508,106,6,15.35,2017Q2
3508,106,9,23.2,2017Q3
3508,106,12,49.15,2017Q4
3508,107,3,50.0,2018Q1
3508,107,6,72.1,2018Q2
3508,107,9,40.25,2018Q3
3508,107,12,29.1,2018Q4
3508,108,3,37.05,2019Q1
3508,108,6,33.35,2019Q2
3508,108,9,31.4,2019Q3
3508,108,12,29.7,2019Q4
3508,109,3,14.3,2020Q1
3508,109,6,19.3,2020Q2
3508,109,9,18.15,2020Q3
3508,109,12,25.75,2020Q4
3508,110,3,25.85,2021Q1
3508,110,6,21.95,2021Q2
3508,110,9,21.05,2021Q3
3508,110,12,70.5,2021Q4
3508,111,3,43.05,2022Q1
3508,111,6,37.0,2022Q2
3508,111,9,30.05,2022Q3
3508,111,12,38.95,2022Q4
3508,112,3,35.85,2023Q1
3508,112,6,31.55,2023Q2
3508,112,9,29.7,2023Q3
3508,112,12,28.2,2023Q4
3508,113,3,26.7,2024Q1
3508,113,6,31.85,2024Q2
3508,113,9,24.95,2024Q3
3508,113,12,28.2,2024Q4
3508,114,3,23.65,2025Q1
3511,105,3,26.75,2016Q1
3511,105,6,28.2,2016Q2
3511,105,9,22.85,2016Q3
3511,105,12,18.25,2016Q4
3511,106,3,21.15,2017Q1
3511,106,6,19.15,2017Q2
3511,106,9,19.3,2017Q3
3511,106,12,16.4,2017Q4
3511,107,3,14.15,2018Q1
3511,107,6,14.75,2018Q2
3511,107,9,21.65,2018Q3
3511,107,12,22.1,2018Q4
3511,108,3,40.5,2019Q1
3511,108,6,32.6,2019Q2
3511,108,9,41.3,2019Q3
3511,108,12,41.7,2019Q4
3511,109,3,22.9,2020Q1
3511,109,6,25.7,2020Q2
3511,109,9,22.8,2020Q3
3511,109,12,29.35,2020Q4
3511,110,3,32.55,2021Q1
3511,110,6,38.6,2021Q2
3511,110,9,38.8,2021Q3
3511,110,12,41.0,2021Q4
3511,111,3,38.3,2022Q1
3511,111,6,30.65,2022Q2
3511,111,9,36.4,2022Q3
3511,111,12,32.95,2022Q4
3511,112,3,37.0,2023Q1
3511,112,6,33.7,2023Q2
3511,112,9,30.05,2023Q3
3511,112,12,28.1,2023Q4
3511,113,3,26.1,2024Q1
3511,113,6,25.2,2024Q2
3511,113,9,33.55,2024Q3
3511,113,12,34.5,2024Q4
3511,114,3,27.0,2025Q1
3512,105,3,29.0,2016Q1
3512,105,6,26.45,2016Q2
3512,105,9,25.65,2016Q3
3512,105,12,25.9,2016Q4
3512,106,3,48.4,2017Q1
3512,106,6,57.4,2017Q2
3512,106,9,44.6,2017Q3
3512,106,12,34.55,2017Q4
3512,107,3,43.5,2018Q1
3512,107,6,38.0,2018Q2
3512,107,9,33.5,2018Q3
3512,107,12,28.75,2018Q4
3512,108,3,28.05,2019Q1
3512,108,6,30.2,2019Q2
3512,108,9,29.8,2019Q3
3512,108,12,31.0,2019Q4
3512,109,3,25.2,2020Q1
3512,109,6,32.35,2020Q2
3512,109,9,26.5,2020Q3
3512,109,12,28.9,2020Q4
3512,110,3,37.2,2021Q1
3512,110,6,32.3,2021Q2
3512,110,9,28.9,2021Q3
3512,110,12,33.45,2021Q4
3512,111,3,34.25,2022Q1
3512,111,6,33.4,2022Q2
3512,111,9,29.75,2022Q3
3512,111,12,28.65,2022Q4
3512,112,3,31.55,2023Q1
3512,112,6,32.7,2023Q2
3512,112,9,32.95,2023Q3
3512,112,12,33.1,2023Q4
3512,113,3,37.8,2024Q1
3512,113,6,42.4,2024Q2
3512,113,9,34.9,2024Q3
3512,113,12,28.35,2024Q4
3512,114,3,26.55,2025Q1
3516,105,3,8.38,2016Q1
3516,105,6,9.2,2016Q2
3516,105,9,9.1,2016Q3
3516,105,12,8.87,2016Q4
3516,106,3,10.9,2017Q1
3516,106,6,10.0,2017Q2
3516,106,9,10.6,2017Q3
3516,106,12,14.25,2017Q4
3516,107,3,15.1,2018Q1
3516,107,6,12.95,2018Q2
3516,107,9,12.8,2018Q3
3516,107,12,11.55,2018Q4
3516,108,3,12.65,2019Q1
3516,108,6,10.95,2019Q2
3516,108,9,11.95,2019Q3
3516,108,12,12.1,2019Q4
3516,109,3,9.98,2020Q1
3516,109,6,11.25,2020Q2
3516,109,9,15.2,2020Q3
3516,109,12,14.95,2020Q4
3516,110,3,20.75,2021Q1
3516,110,6,16.5,2021Q2
3516,110,9,16.15,2021Q3
3516,110,12,17.8,2021Q4
3516,111,3,16.05,2022Q1
3516,111,6,15.9,2022Q2
3516,111,9,16.8,2022Q3
3516,111,12,16.4,2022Q4
3516,112,3,18.3,2023Q1
3516,112,6,18.2,2023Q2
3516,112,9,18.3,2023Q3
3516,112,12,18.25,2023Q4
3516,113,3,22.0,2024Q1
3516,113,6,27.2,2024Q2
3516,113,9,27.2,2024Q3
3516,113,12,24.05,2024Q4
3516,114,3,21.05,2025Q1
3520,105,3,118.5,2016Q1
3520,105,6,92.4,2016Q2
3520,105,9,96.9,2016Q3
3520,105,12,92.7,2016Q4
3520,106,3,126.0,2017Q1
3520,106,6,109.5,2017Q2
3520,106,9,54.5,2017Q3
3520,106,12,37.6,2017Q4
3520,107,3,16.85,2018Q1
3520,107,6,7.01,2018Q2
3520,107,9,6.98,2018Q3
3520,107,12,5.53,2018Q4
3520,108,3,10.8,2019Q1
3520,108,6,15.1,2019Q2
3520,108,9,14.7,2019Q3
3520,108,12,12.2,2019Q4
3520,109,3,8.13,2020Q1
3520,109,6,13.25,2020Q2
3520,109,9,17.5,2020Q3
3520,109,12,16.0,2020Q4
3520,110,3,15.05,2021Q1
3520,110,6,12.95,2021Q2
3520,110,9,12.85,2021Q3
3520,110,12,15.45,2021Q4
3520,111,3,14.8,2022Q1
3520,111,6,15.6,2022Q2
3520,111,9,18.8,2022Q3
3520,111,12,18.2,2022Q4
3520,112,3,21.05,2023Q1
3520,112,6,18.45,2023Q2
3520,112,9,15.7,2023Q3
3520,112,12,16.55,2023Q4
3520,113,3,17.2,2024Q1
3520,113,6,21.25,2024Q2
3520,113,9,20.2,2024Q3
3520,113,12,19.45,2024Q4
3520,114,3,15.1,2025Q1
3521,105,3,14.1,2016Q1
3521,105,6,12.5,2016Q2
3521,105,9,11.1,2016Q3
3521,105,12,9.63,2016Q4
3521,106,3,9.36,2017Q1
3521,106,6,9.19,2017Q2
3521,106,9,8.56,2017Q3
3521,106,12,9.28,2017Q4
3521,107,3,9.11,2018Q1
3521,107,6,13.55,2018Q2
3521,107,9,12.7,2018Q3
3521,107,12,13.45,2018Q4
3521,108,3,24.2,2019Q1
3521,108,6,23.35,2019Q2
3521,108,9,20.6,2019Q3
3521,108,12,20.1,2019Q4
3521,109,3,10.1,2020Q1
3521,109,6,11.75,2020Q2
3521,109,9,9.95,2020Q3
3521,109,12,13.65,2020Q4
3521,110,3,15.75,2021Q1
3521,110,6,12.05,2021Q2
3521,110,9,10.85,2021Q3
3521,110,12,13.95,2021Q4
3521,111,3,14.0,2022Q1
3521,111,6,13.35,2022Q2
3521,111,9,26.2,2022Q3
3521,111,12,22.1,2022Q4
3521,112,3,23.65,2023Q1
3521,112,6,23.2,2023Q2
3521,112,9,21.7,2023Q3
3521,112,12,19.3,2023Q4
3521,113,3,21.55,2024Q1
3521,113,6,19.7,2024Q2
3521,113,9,18.5,2024Q3
3521,113,12,18.9,2024Q4
3521,114,3,13.85,2025Q1
3522,105,3,12.55,2016Q1
3522,105,6,27.8,2016Q2
3522,105,9,49.1,2016Q3
3522,105,12,45.55,2016Q4
3522,106,3,45.6,2017Q1
3522,106,6,45.65,2017Q2
3522,106,9,38.65,2017Q3
3522,106,12,38.0,2017Q4
3522,107,3,39.9,2018Q1
3522,107,6,25.8,2018Q2
3522,107,9,26.85,2018Q3
3522,107,12,28.2,2018Q4
3522,108,3,27.0,2019Q1
3522,108,6,24.1,2019Q2
3522,108,9,20.7,2019Q3
3522,108,12,17.8,2019Q4
3522,109,3,11.95,2020Q1
3522,109,6,11.85,2020Q2
3522,109,9,10.7,2020Q3
3522,109,12,13.75,2020Q4
3522,110,3,13.55,2021Q1
3522,110,6,11.25,2021Q2
3522,110,9,12.3,2021Q3
3522,110,12,10.1,2021Q4
3522,111,3,10.0,2022Q1
3522,111,6,10.4,2022Q2
3522,111,9,9.95,2022Q3
3522,111,12,10.25,2022Q4
3522,112,3,12.85,2023Q1
3522,112,6,18.2,2023Q2
3522,112,9,16.2,2023Q3
3522,112,12,22.2,2023Q4
3522,113,3,18.05,2024Q1
3522,113,6,15.95,2024Q2
3522,113,9,23.2,2024Q3
3522,113,12,24.5,2024Q4
3522,114,3,18.0,2025Q1
3523,105,3,25.65,2016Q1
3523,105,6,19.55,2016Q2
3523,105,9,12.25,2016Q3
3523,105,12,13.6,2016Q4
3523,106,3,12.2,2017Q1
3523,106,6,12.0,2017Q2
3523,106,9,10.0,2017Q3
3523,106,12,9.95,2017Q4
3523,107,3,8.0,2018Q1
3523,107,6,6.08,2018Q2
3523,107,9,16.9,2018Q3
3523,107,12,14.9,2018Q4
3523,108,3,13.4,2019Q1
3523,108,6,12.0,2019Q2
3523,108,9,11.9,2019Q3
3523,108,12,11.5,2019Q4
3523,109,3,9.15,2020Q1
3523,109,6,12.5,2020Q2
3523,109,9,14.3,2020Q3
3523,109,12,12.45,2020Q4
3523,110,3,11.55,2021Q1
3523,110,6,8.99,2021Q2
3523,110,9,7.75,2021Q3
3523,110,12,12.0,2021Q4
3523,111,3,10.8,2022Q1
3523,111,6,10.8,2022Q2
3523,111,9,19.5,2022Q3
3523,111,12,18.7,2022Q4
3523,112,3,19.7,2023Q1
3523,112,6,13.3,2023Q2
3523,112,9,18.15,2023Q3
3523,112,12,17.1,2023Q4
3523,113,3,18.4,2024Q1
3523,113,6,17.4,2024Q2
3523,113,9,25.1,2024Q3
3523,113,12,20.6,2024Q4
3523,114,3,20.75,2025Q1
3526,105,3,33.2,2016Q1
3526,105,6,42.7,2016Q2
3526,105,9,79.0,2016Q3
3526,105,12,74.6,2016Q4
3526,106,3,70.1,2017Q1
3526,106,6,77.9,2017Q2
3526,106,9,71.8,2017Q3
3526,106,12,75.8,2017Q4
3526,107,3,68.4,2018Q1
3526,107,6,62.3,2018Q2
3526,107,9,56.0,2018Q3
3526,107,12,50.1,2018Q4
3526,108,3,65.2,2019Q1
3526,108,6,60.8,2019Q2
3526,108,9,62.9,2019Q3
3526,108,12,80.7,2019Q4
3526,109,3,77.5,2020Q1
3526,109,6,92.3,2020Q2
3526,109,9,82.0,2020Q3
3526,109,12,83.1,2020Q4
3526,110,3,166.5,2021Q1
3526,110,6,152.0,2021Q2
3526,110,9,155.0,2021Q3
3526,110,12,184.5,2021Q4
3526,111,3,195.5,2022Q1
3526,111,6,140.0,2022Q2
3526,111,9,137.5,2022Q3
3526,111,12,114.5,2022Q4
3526,112,3,141.0,2023Q1
3526,112,6,162.5,2023Q2
3526,112,9,174.0,2023Q3
3526,112,12,192.0,2023Q4
3526,113,3,216.5,2024Q1
3526,113,6,248.0,2024Q2
3526,113,9,253.5,2024Q3
3526,113,12,263.5,2024Q4
3526,114,3,266.0,2025Q1
3527,105,3,54.5,2016Q1
3527,105,6,73.4,2016Q2
3527,105,9,66.7,2016Q3
3527,105,12,71.3,2016Q4
3527,106,3,73.2,2017Q1
3527,106,6,73.8,2017Q2
3527,106,9,57.5,2017Q3
3527,106,12,64.9,2017Q4
3527,107,3,83.9,2018Q1
3527,107,6,145.0,2018Q2
3527,107,9,104.0,2018Q3
3527,107,12,90.7,2018Q4
3527,108,3,106.5,2019Q1
3527,108,6,114.0,2019Q2
3527,108,9,114.0,2019Q3
3527,108,12,113.5,2019Q4
3527,109,3,78.3,2020Q1
3527,109,6,93.4,2020Q2
3527,109,9,92.7,2020Q3
3527,109,12,101.0,2020Q4
3527,110,3,107.0,2021Q1
3527,110,6,113.5,2021Q2
3527,110,9,183.5,2021Q3
3527,110,12,182.0,2021Q4
3527,111,3,160.0,2022Q1
3527,111,6,120.0,2022Q2
3527,111,9,94.5,2022Q3
3527,111,12,100.0,2022Q4
3527,112,3,121.0,2023Q1
3527,112,6,107.0,2023Q2
3527,112,9,91.3,2023Q3
3527,112,12,110.5,2023Q4
3527,113,3,96.8,2024Q1
3527,113,6,90.7,2024Q2
3527,113,9,82.5,2024Q3
3527,113,12,68.2,2024Q4
3527,114,3,67.7,2025Q1
3529,105,3,372.0,2016Q1
3529,105,6,318.0,2016Q2
3529,105,9,335.0,2016Q3
3529,105,12,392.0,2016Q4
3529,106,3,429.5,2017Q1
3529,106,6,397.5,2017Q2
3529,106,9,398.0,2017Q3
3529,106,12,427.0,2017Q4
3529,107,3,348.0,2018Q1
3529,107,6,382.0,2018Q2
3529,107,9,290.0,2018Q3
3529,107,12,262.0,2018Q4
3529,108,3,322.0,2019Q1
3529,108,6,379.0,2019Q2
3529,108,9,328.0,2019Q3
3529,108,12,356.5,2019Q4
3529,109,3,235.0,2020Q1
3529,109,6,486.5,2020Q2
3529,109,9,510.0,2020Q3
3529,109,12,595.0,2020Q4
3529,110,3,883.0,2021Q1
3529,110,6,1335.0,2021Q2
3529,110,9,1975.0,2021Q3
3529,110,12,2190.0,2021Q4
3529,111,3,1850.0,2022Q1
3529,111,6,1035.0,2022Q2
3529,111,9,1145.0,2022Q3
3529,111,12,1335.0,2022Q4
3529,112,3,1860.0,2023Q1
3529,112,6,2210.0,2023Q2
3529,112,9,2015.0,2023Q3
3529,112,12,2450.0,2023Q4
3529,113,3,2490.0,2024Q1
3529,113,6,2570.0,2024Q2
3529,113,9,2630.0,2024Q3
3529,113,12,3355.0,2024Q4
3529,114,3,2275.0,2025Q1
3531,105,3,14.2,2016Q1
3531,105,6,15.6,2016Q2
3531,105,9,17.5,2016Q3
3531,105,12,17.3,2016Q4
3531,106,3,22.3,2017Q1
3531,106,6,27.25,2017Q2
3531,106,9,30.7,2017Q3
3531,106,12,28.4,2017Q4
3531,107,3,27.9,2018Q1
3531,107,6,25.05,2018Q2
3531,107,9,21.0,2018Q3
3531,107,12,19.9,2018Q4
3531,108,3,21.8,2019Q1
3531,108,6,22.0,2019Q2
3531,108,9,22.65,2019Q3
3531,108,12,23.45,2019Q4
3531,109,3,21.6,2020Q1
3531,109,6,23.45,2020Q2
3531,109,9,20.55,2020Q3
3531,109,12,21.5,2020Q4
3531,110,3,22.6,2021Q1
3531,110,6,22.65,2021Q2
3531,110,9,21.95,2021Q3
3531,110,12,22.0,2021Q4
3531,111,3,23.0,2022Q1
3531,111,6,23.25,2022Q2
3531,111,9,24.1,2022Q3
3531,111,12,26.25,2022Q4
3531,112,3,28.3,2023Q1
3531,112,6,27.05,2023Q2
3531,112,9,34.25,2023Q3
3531,112,12,32.55,2023Q4
3531,113,3,33.6,2024Q1
3531,113,6,33.85,2024Q2
3531,113,9,29.8,2024Q3
3531,113,12,26.4,2024Q4
3531,114,3,26.75,2025Q1
3537,105,3,20.65,2016Q1
3537,105,6,20.8,2016Q2
3537,105,9,20.45,2016Q3
3537,105,12,20.9,2016Q4
3537,106,3,23.0,2017Q1
3537,106,6,21.8,2017Q2
3537,106,9,20.1,2017Q3
3537,106,12,24.5,2017Q4
3537,107,3,28.3,2018Q1
3537,107,6,45.05,2018Q2
3537,107,9,26.45,2018Q3
3537,107,12,25.55,2018Q4
3537,108,3,31.85,2019Q1
3537,108,6,30.85,2019Q2
3537,108,9,33.1,2019Q3
3537,108,12,33.0,2019Q4
3537,109,3,28.2,2020Q1
3537,109,6,38.8,2020Q2
3537,109,9,29.95,2020Q3
3537,109,12,35.0,2020Q4
3537,110,3,40.0,2021Q1
3537,110,6,38.2,2021Q2
3537,110,9,33.75,2021Q3
3537,110,12,37.95,2021Q4
3537,111,3,42.25,2022Q1
3537,111,6,38.35,2022Q2
3537,111,9,34.05,2022Q3
3537,111,12,34.8,2022Q4
3537,112,3,37.1,2023Q1
3537,112,6,39.4,2023Q2
3537,112,9,37.8,2023Q3
3537,112,12,40.7,2023Q4
3537,113,3,40.95,2024Q1
3537,113,6,58.2,2024Q2
3537,113,9,65.6,2024Q3
3537,113,12,54.4,2024Q4
3537,114,3,45.6,2025Q1
3540,105,3,15.85,2016Q1
3540,105,6,18.9,2016Q2
3540,105,9,20.55,2016Q3
3540,105,12,21.9,2016Q4
3540,106,3,20.3,2017Q1
3540,106,6,21.15,2017Q2
3540,106,9,20.7,2017Q3
3540,106,12,29.95,2017Q4
3540,107,3,34.05,2018Q1
3540,107,6,38.85,2018Q2
3540,107,9,30.1,2018Q3
3540,107,12,26.4,2018Q4
3540,108,3,31.4,2019Q1
3540,108,6,28.55,2019Q2
3540,108,9,27.45,2019Q3
3540,108,12,25.2,2019Q4
3540,109,3,18.7,2020Q1
3540,109,6,38.0,2020Q2
3540,109,9,72.3,2020Q3
3540,109,12,61.3,2020Q4
3540,110,3,79.8,2021Q1
3540,110,6,67.5,2021Q2
3540,110,9,42.25,2021Q3
3540,110,12,43.0,2021Q4
3540,111,3,36.55,2022Q1
3540,111,6,26.55,2022Q2
3540,111,9,22.4,2022Q3
3540,111,12,27.65,2022Q4
3540,112,3,38.0,2023Q1
3540,112,6,49.55,2023Q2
3540,112,9,39.95,2023Q3
3540,112,12,44.8,2023Q4
3540,113,3,48.5,2024Q1
3540,113,6,47.8,2024Q2
3540,113,9,36.65,2024Q3
3540,114,3,32.15,2025Q1
3541,105,3,88.5,2016Q1
3541,105,6,95.0,2016Q2
3541,105,9,157.0,2016Q3
3541,105,12,130.0,2016Q4
3541,106,3,161.5,2017Q1
3541,106,6,159.0,2017Q2
3541,106,9,125.0,2017Q3
3541,106,12,103.0,2017Q4
3541,107,3,80.8,2018Q1
3541,107,6,68.5,2018Q2
3541,107,9,61.9,2018Q3
3541,107,12,66.2,2018Q4
3541,108,3,91.6,2019Q1
3541,108,6,89.5,2019Q2
3541,108,9,80.9,2019Q3
3541,108,12,83.9,2019Q4
3541,109,3,68.2,2020Q1
3541,109,6,78.5,2020Q2
3541,109,9,60.5,2020Q3
3541,109,12,57.7,2020Q4
3541,110,3,55.1,2021Q1
3541,110,6,52.0,2021Q2
3541,110,9,65.4,2021Q3
3541,110,12,62.5,2021Q4
3541,111,3,63.6,2022Q1
3541,111,6,57.6,2022Q2
3541,111,9,54.3,2022Q3
3541,111,12,53.0,2022Q4
3541,112,3,58.4,2023Q1
3541,112,6,53.5,2023Q2
3541,112,9,40.8,2023Q3
3541,112,12,39.3,2023Q4
3541,113,3,32.0,2024Q1
3541,113,6,31.55,2024Q2
3541,113,9,30.0,2024Q3
3541,113,12,29.9,2024Q4
3541,114,3,30.3,2025Q1
3546,105,3,34.15,2016Q1
3546,105,6,38.3,2016Q2
3546,105,9,70.6,2016Q3
3546,105,12,79.1,2016Q4
3546,106,3,80.7,2017Q1
3546,106,6,89.8,2017Q2
3546,106,9,86.2,2017Q3
3546,106,12,91.2,2017Q4
3546,107,3,87.0,2018Q1
3546,107,6,87.1,2018Q2
3546,107,9,70.6,2018Q3
3546,107,12,65.0,2018Q4
3546,108,3,65.0,2019Q1
3546,108,6,66.3,2019Q2
3546,108,9,77.2,2019Q3
3546,108,12,102.5,2019Q4
3546,109,3,81.2,2020Q1
3546,109,6,93.1,2020Q2
3546,109,9,70.3,2020Q3
3546,109,12,101.5,2020Q4
3546,110,3,96.8,2021Q1
3546,110,6,88.1,2021Q2
3546,110,9,79.6,2021Q3
3546,110,12,93.7,2021Q4
3546,111,3,82.8,2022Q1
3546,111,6,76.0,2022Q2
3546,111,9,76.8,2022Q3
3546,111,12,77.1,2022Q4
3546,112,3,80.0,2023Q1
3546,112,6,90.5,2023Q2
3546,112,9,81.1,2023Q3
3546,112,12,78.0,2023Q4
3546,113,3,82.6,2024Q1
3546,113,6,92.9,2024Q2
3546,113,9,78.8,2024Q3
3546,113,12,75.6,2024Q4
3546,114,3,80.4,2025Q1
3548,105,3,45.0,2016Q1
3548,105,6,58.8,2016Q2
3548,105,9,67.7,2016Q3
3548,105,12,62.7,2016Q4
3548,106,3,56.8,2017Q1
3548,106,6,60.2,2017Q2
3548,106,9,53.5,2017Q3
3548,106,12,51.0,2017Q4
3548,107,3,52.8,2018Q1
3548,107,6,49.8,2018Q2
3548,107,9,47.2,2018Q3
3548,107,12,58.6,2018Q4
3548,108,3,71.0,2019Q1
3548,108,6,66.4,2019Q2
3548,108,9,67.7,2019Q3
3548,108,12,95.3,2019Q4
3548,109,3,60.2,2020Q1
3548,109,6,62.5,2020Q2
3548,109,9,66.7,2020Q3
3548,109,12,70.5,2020Q4
3548,110,3,86.6,2021Q1
3548,110,6,75.9,2021Q2
3548,110,9,62.1,2021Q3
3548,110,12,62.9,2021Q4
3548,111,3,73.6,2022Q1
3548,111,6,61.4,2022Q2
3548,111,9,59.5,2022Q3
3548,111,12,60.6,2022Q4
3548,112,3,67.1,2023Q1
3548,112,6,75.4,2023Q2
3548,112,9,133.0,2023Q3
3548,112,12,189.5,2023Q4
3548,113,3,286.5,2024Q1
3548,113,6,192.0,2024Q2
3548,113,9,175.0,2024Q3
3548,113,12,176.5,2024Q4
3548,114,3,141.5,2025Q1
3551,105,3,36.2,2016Q1
3551,105,6,30.9,2016Q2
3551,105,9,32.2,2016Q3
3551,105,12,29.8,2016Q4
3551,106,3,30.1,2017Q1
3551,106,6,32.0,2017Q2
3551,106,9,35.9,2017Q3
3551,106,12,40.65,2017Q4
3551,107,3,36.75,2018Q1
3551,107,6,32.1,2018Q2
3551,107,9,34.25,2018Q3
3551,107,12,32.2,2018Q4
3551,108,3,40.1,2019Q1
3551,108,6,42.25,2019Q2
3551,108,9,40.2,2019Q3
3551,108,12,53.5,2019Q4
3551,109,3,34.2,2020Q1
3551,109,6,46.2,2020Q2
3551,109,9,46.2,2020Q3
3551,109,12,50.4,2020Q4
3551,110,3,53.8,2021Q1
3551,110,6,53.3,2021Q2
3551,110,9,68.0,2021Q3
3551,110,12,73.7,2021Q4
3551,111,3,69.5,2022Q1
3551,111,6,60.5,2022Q2
3551,111,9,54.0,2022Q3
3551,111,12,57.5,2022Q4
3551,112,3,62.1,2023Q1
3551,112,6,68.8,2023Q2
3551,112,9,73.7,2023Q3
3551,112,12,84.6,2023Q4
3551,113,3,129.0,2024Q1
3551,113,6,109.5,2024Q2
3551,113,9,99.4,2024Q3
3551,113,12,127.0,2024Q4
3551,114,3,103.0,2025Q1
3552,105,3,530.0,2016Q1
3552,105,6,514.0,2016Q2
3552,105,9,439.0,2016Q3
3552,105,12,289.5,2016Q4
3552,106,3,261.5,2017Q1
3552,106,6,189.0,2017Q2
3552,106,9,201.5,2017Q3
3552,106,12,172.0,2017Q4
3552,107,3,128.5,2018Q1
3552,107,6,106.0,2018Q2
3552,107,9,80.1,2018Q3
3552,107,12,59.6,2018Q4
3552,108,3,62.1,2019Q1
3552,108,6,61.5,2019Q2
3552,108,9,67.7,2019Q3
3552,108,12,72.3,2019Q4
3552,109,3,30.35,2020Q1
3552,109,6,54.2,2020Q2
3552,109,9,92.1,2020Q3
3552,109,12,199.0,2020Q4
3552,110,3,302.0,2021Q1
3552,110,6,256.0,2021Q2
3552,110,9,173.5,2021Q3
3552,110,12,175.0,2021Q4
3552,111,3,151.0,2022Q1
3552,111,6,153.0,2022Q2
3552,111,9,178.0,2022Q3
3552,111,12,136.0,2022Q4
3552,112,3,152.0,2023Q1
3552,112,6,145.5,2023Q2
3552,112,9,131.0,2023Q3
3552,112,12,145.5,2023Q4
3552,113,3,120.5,2024Q1
3552,113,6,105.5,2024Q2
3552,113,9,86.8,2024Q3
3552,113,12,88.7,2024Q4
3552,114,3,70.3,2025Q1
3555,105,3,20.6,2016Q1
3555,105,6,34.55,2016Q2
3555,105,9,60.0,2016Q3
3555,105,12,63.5,2016Q4
3555,106,3,69.8,2017Q1
3555,106,6,66.8,2017Q2
3555,106,9,72.9,2017Q3
3555,106,12,63.3,2017Q4
3555,107,3,55.5,2018Q1
3555,107,6,44.4,2018Q2
3555,107,9,46.0,2018Q3
3555,107,12,50.0,2018Q4
3555,108,3,31.4,2019Q1
3555,108,6,25.6,2019Q2
3555,108,9,27.4,2019Q3
3555,108,12,31.35,2019Q4
3555,109,3,29.0,2020Q1
3555,109,6,28.75,2020Q2
3555,109,9,33.8,2020Q3
3555,109,12,34.8,2020Q4
3555,110,3,33.2,2021Q1
3555,110,6,33.0,2021Q2
3555,110,9,30.1,2021Q3
3555,110,12,40.75,2021Q4
3555,111,3,35.1,2022Q1
3555,111,6,35.95,2022Q2
3555,111,9,25.35,2022Q3
3555,111,12,28.7,2022Q4
3555,112,3,28.0,2023Q1
3555,112,6,38.5,2023Q2
3555,112,9,35.5,2023Q3
3555,112,12,32.1,2023Q4
3555,113,3,23.15,2024Q1
3555,113,6,36.85,2024Q2
3555,113,9,35.45,2024Q3
3555,113,12,33.45,2024Q4
3555,114,3,26.75,2025Q1
3556,105,3,55.8,2016Q1
3556,105,6,51.7,2016Q2
3556,105,9,48.7,2016Q3
3556,105,12,49.5,2016Q4
3556,106,3,52.9,2017Q1
3556,106,6,52.9,2017Q2
3556,106,9,49.2,2017Q3
3556,106,12,52.9,2017Q4
3556,107,3,56.0,2018Q1
3556,107,6,52.7,2018Q2
3556,107,9,48.25,2018Q3
3556,107,12,39.65,2018Q4
3556,108,3,46.85,2019Q1
3556,108,6,50.2,2019Q2
3556,108,9,47.7,2019Q3
3556,108,12,49.25,2019Q4
3556,109,3,41.1,2020Q1
3556,109,6,62.3,2020Q2
3556,109,9,52.8,2020Q3
3556,109,12,59.8,2020Q4
3556,110,3,64.6,2021Q1
3556,110,6,66.0,2021Q2
3556,110,9,77.8,2021Q3
3556,110,12,75.6,2021Q4
3556,111,3,83.1,2022Q1
3556,111,6,69.4,2022Q2
3556,111,9,52.7,2022Q3
3556,111,12,55.0,2022Q4
3556,112,3,65.9,2023Q1
3556,112,6,67.3,2023Q2
3556,112,9,60.7,2023Q3
3556,112,12,61.7,2023Q4
3556,113,3,52.6,2024Q1
3556,113,6,53.0,2024Q2
3556,113,9,49.7,2024Q3
3556,113,12,42.3,2024Q4
3556,114,3,43.5,2025Q1
3558,105,3,209.0,2016Q1
3558,105,6,159.0,2016Q2
3558,105,9,145.0,2016Q3
3558,105,12,153.0,2016Q4
3558,106,3,148.5,2017Q1
3558,106,6,140.0,2017Q2
3558,106,9,130.0,2017Q3
3558,106,12,128.5,2017Q4
3558,107,3,136.5,2018Q1
3558,107,6,147.0,2018Q2
3558,107,9,112.0,2018Q3
3558,107,12,87.3,2018Q4
3558,108,3,106.5,2019Q1
3558,108,6,97.8,2019Q2
3558,108,9,113.0,2019Q3
3558,108,12,121.5,2019Q4
3558,109,3,85.9,2020Q1
3558,109,6,108.0,2020Q2
3558,109,9,88.8,2020Q3
3558,109,12,103.0,2020Q4
3558,110,3,111.0,2021Q1
3558,110,6,96.5,2021Q2
3558,110,9,90.3,2021Q3
3558,110,12,102.5,2021Q4
3558,111,3,158.0,2022Q1
3558,111,6,174.5,2022Q2
3558,111,9,170.0,2022Q3
3558,111,12,199.0,2022Q4
3558,112,3,342.0,2023Q1
3558,112,6,255.0,2023Q2
3558,112,9,261.5,2023Q3
3558,112,12,245.0,2023Q4
3558,113,3,214.5,2024Q1
3558,113,6,188.0,2024Q2
3558,113,9,165.5,2024Q3
3558,113,12,196.0,2024Q4
3558,114,3,197.0,2025Q1
3564,105,3,57.0,2016Q1
3564,105,6,57.9,2016Q2
3564,105,9,55.6,2016Q3
3564,105,12,45.7,2016Q4
3564,106,3,39.7,2017Q1
3564,106,6,29.5,2017Q2
3564,106,9,28.1,2017Q3
3564,106,12,27.7,2017Q4
3564,107,3,20.9,2018Q1
3564,107,6,24.0,2018Q2
3564,107,9,19.8,2018Q3
3564,107,12,19.0,2018Q4
3564,108,3,24.6,2019Q1
3564,108,6,34.8,2019Q2
3564,108,9,37.3,2019Q3
3564,108,12,36.4,2019Q4
3564,109,3,24.0,2020Q1
3564,109,6,26.8,2020Q2
3564,109,9,22.8,2020Q3
3564,109,12,24.5,2020Q4
3564,110,3,24.9,2021Q1
3564,110,6,23.4,2021Q2
3564,110,9,24.2,2021Q3
3564,110,12,30.5,2021Q4
3564,111,3,26.1,2022Q1
3564,111,6,29.3,2022Q2
3564,111,9,31.35,2022Q3
3564,111,12,29.95,2022Q4
3564,112,3,40.05,2023Q1
3564,112,6,47.75,2023Q2
3564,112,9,44.0,2023Q3
3564,112,12,51.8,2023Q4
3564,113,3,61.3,2024Q1
3564,113,6,105.0,2024Q2
3564,113,9,93.5,2024Q3
3564,113,12,73.9,2024Q4
3564,114,3,57.3,2025Q1
3567,105,3,16.15,2016Q1
3567,105,6,16.35,2016Q2
3567,105,9,21.5,2016Q3
3567,105,12,23.85,2016Q4
3567,106,3,29.7,2017Q1
3567,106,6,27.7,2017Q2
3567,106,9,26.85,2017Q3
3567,106,12,32.65,2017Q4
3567,107,3,31.55,2018Q1
3567,107,6,35.4,2018Q2
3567,107,9,27.05,2018Q3
3567,107,12,26.0,2018Q4
3567,108,3,27.5,2019Q1
3567,108,6,25.4,2019Q2
3567,108,9,22.5,2019Q3
3567,108,12,23.25,2019Q4
3567,109,3,20.55,2020Q1
3567,109,6,25.95,2020Q2
3567,109,9,25.3,2020Q3
3567,109,12,30.2,2020Q4
3567,110,3,34.3,2021Q1
3567,110,6,33.3,2021Q2
3567,110,9,34.8,2021Q3
3567,110,12,38.35,2021Q4
3567,111,3,35.9,2022Q1
3567,111,6,31.65,2022Q2
3567,111,9,25.95,2022Q3
3567,111,12,24.15,2022Q4
3567,112,3,28.85,2023Q1
3567,112,6,31.9,2023Q2
3567,112,9,41.95,2023Q3
3567,112,12,41.95,2023Q4
3567,113,3,42.9,2024Q1
3567,113,6,42.1,2024Q2
3567,113,9,33.9,2024Q3
3567,113,12,30.4,2024Q4
3567,114,3,30.95,2025Q1
3570,105,3,61.8,2016Q1
3570,105,6,51.0,2016Q2
3570,105,9,49.4,2016Q3
3570,105,12,51.8,2016Q4
3570,106,3,49.2,2017Q1
3570,106,6,55.2,2017Q2
3570,106,9,45.8,2017Q3
3570,106,12,46.6,2017Q4
3570,107,3,48.4,2018Q1
3570,107,6,46.35,2018Q2
3570,107,9,49.05,2018Q3
3570,107,12,46.45,2018Q4
3570,108,3,62.9,2019Q1
3570,108,6,87.7,2019Q2
3570,108,9,82.8,2019Q3
3570,108,12,89.5,2019Q4
3570,109,3,84.8,2020Q1
3570,109,6,99.6,2020Q2
3570,109,9,77.6,2020Q3
3570,109,12,78.9,2020Q4
3570,110,3,86.5,2021Q1
3570,110,6,74.0,2021Q2
3570,110,9,72.8,2021Q3
3570,110,12,78.5,2021Q4
3570,111,3,84.2,2022Q1
3570,111,6,82.6,2022Q2
3570,111,9,84.9,2022Q3
3570,111,12,87.0,2022Q4
3570,112,3,115.5,2023Q1
3570,112,6,130.5,2023Q2
3570,112,9,130.0,2023Q3
3570,112,12,151.0,2023Q4
3570,113,3,164.0,2024Q1
3570,113,6,167.5,2024Q2
3570,113,9,141.0,2024Q3
3570,113,12,178.5,2024Q4
3570,114,3,170.0,2025Q1
3577,105,3,32.7,2016Q1
3577,105,6,35.2,2016Q2
3577,105,9,36.5,2016Q3
3577,105,12,35.65,2016Q4
3577,106,3,36.4,2017Q1
3577,106,6,38.1,2017Q2
3577,106,9,33.9,2017Q3
3577,106,12,31.85,2017Q4
3577,107,3,33.5,2018Q1
3577,107,6,41.75,2018Q2
3577,107,9,37.85,2018Q3
3577,107,12,33.05,2018Q4
3577,108,3,38.3,2019Q1
3577,108,6,36.5,2019Q2
3577,108,9,33.75,2019Q3
3577,108,12,34.1,2019Q4
3577,109,3,29.95,2020Q1
3577,109,6,30.15,2020Q2
3577,109,9,30.6,2020Q3
3577,109,12,29.4,2020Q4
3577,110,3,29.0,2021Q1
3577,110,6,38.95,2021Q2
3577,110,9,51.1,2021Q3
3577,110,12,58.2,2021Q4
3577,111,3,83.4,2022Q1
3577,111,6,75.0,2022Q2
3577,111,9,66.3,2022Q3
3577,111,12,84.5,2022Q4
3577,112,3,80.0,2023Q1
3577,112,6,74.3,2023Q2
3577,112,9,76.7,2023Q3
3577,112,12,81.3,2023Q4
3577,113,3,68.1,2024Q1
3577,113,6,51.0,2024Q2
3577,113,9,75.3,2024Q3
3577,113,12,62.7,2024Q4
3577,114,3,58.9,2025Q1
3580,105,3,10.75,2016Q1
3580,105,6,8.99,2016Q2
3580,105,9,21.0,2016Q3
3580,105,12,34.95,2016Q4
3580,106,3,26.9,2017Q1
3580,106,6,32.0,2017Q2
3580,106,9,34.0,2017Q3
3580,106,12,62.9,2017Q4
3580,107,3,60.0,2018Q1
3580,107,6,45.5,2018Q2
3580,107,9,30.3,2018Q3
3580,107,12,27.7,2018Q4
3580,108,3,37.1,2019Q1
3580,108,6,30.9,2019Q2
3580,108,9,26.55,2019Q3
3580,108,12,29.85,2019Q4
3580,109,3,19.75,2020Q1
3580,109,6,24.35,2020Q2
3580,109,9,30.45,2020Q3
3580,109,12,60.3,2020Q4
3580,110,3,63.7,2021Q1
3580,110,6,56.9,2021Q2
3580,110,9,48.1,2021Q3
3580,110,12,59.4,2021Q4
3580,111,3,71.8,2022Q1
3580,111,6,52.6,2022Q2
3580,111,9,65.0,2022Q3
3580,111,12,59.0,2022Q4
3580,112,3,60.0,2023Q1
3580,112,6,53.1,2023Q2
3580,112,9,50.9,2023Q3
3580,112,12,51.3,2023Q4
3580,113,3,51.8,2024Q1
3580,113,6,77.7,2024Q2
3580,113,9,104.0,2024Q3
3580,113,12,83.6,2024Q4
3580,114,3,65.8,2025Q1
3581,105,3,17.15,2016Q1
3581,105,6,16.0,2016Q2
3581,105,9,17.4,2016Q3
3581,105,12,16.1,2016Q4
3581,106,3,18.7,2017Q1
3581,106,6,22.55,2017Q2
3581,106,9,19.35,2017Q3
3581,106,12,23.75,2017Q4
3581,107,3,21.05,2018Q1
3581,107,6,23.2,2018Q2
3581,107,9,17.7,2018Q3
3581,107,12,15.0,2018Q4
3581,108,3,15.9,2019Q1
3581,108,6,14.5,2019Q2
3581,108,9,18.4,2019Q3
3581,108,12,17.5,2019Q4
3581,109,3,13.0,2020Q1
3581,109,6,15.15,2020Q2
3581,109,9,19.9,2020Q3
3581,109,12,21.75,2020Q4
3581,110,3,26.7,2021Q1
3581,110,6,23.85,2021Q2
3581,110,9,25.0,2021Q3
3581,110,12,27.5,2021Q4
3581,111,3,25.55,2022Q1
3581,111,6,21.55,2022Q2
3581,111,9,20.75,2022Q3
3581,111,12,21.9,2022Q4
3581,112,3,22.05,2023Q1
3581,112,6,24.45,2023Q2
3581,112,9,27.3,2023Q3
3581,112,12,25.7,2023Q4
3581,113,3,32.0,2024Q1
3581,113,6,44.5,2024Q2
3581,113,9,60.0,2024Q3
3581,113,12,49.2,2024Q4
3581,114,3,37.4,2025Q1
3587,105,3,76.2,2016Q1
3587,105,6,87.6,2016Q2
3587,105,9,80.2,2016Q3
3587,105,12,82.3,2016Q4
3587,106,3,112.0,2017Q1
3587,106,6,125.0,2017Q2
3587,106,9,97.0,2017Q3
3587,106,12,80.9,2017Q4
3587,107,3,77.2,2018Q1
3587,107,6,73.3,2018Q2
3587,107,9,58.0,2018Q3
3587,107,12,58.0,2018Q4
3587,108,3,76.4,2019Q1
3587,108,6,65.3,2019Q2
3587,108,9,67.1,2019Q3
3587,108,12,81.5,2019Q4
3587,109,3,55.3,2020Q1
3587,109,6,80.0,2020Q2
3587,109,9,83.1,2020Q3
3587,109,12,84.7,2020Q4
3587,110,3,115.0,2021Q1
3587,110,6,126.0,2021Q2
3587,110,9,145.0,2021Q3
3587,110,12,157.0,2021Q4
3587,111,3,144.5,2022Q1
3587,111,6,110.5,2022Q2
3587,111,9,141.5,2022Q3
3587,111,12,151.5,2022Q4
3587,112,3,187.5,2023Q1
3587,112,6,232.0,2023Q2
3587,112,9,263.5,2023Q3
3587,112,12,232.5,2023Q4
3587,113,3,268.0,2024Q1
3587,113,6,289.0,2024Q2
3587,113,9,269.5,2024Q3
3587,113,12,248.0,2024Q4
3587,114,3,165.0,2025Q1
3594,105,3,30.9,2016Q1
3594,105,6,29.7,2016Q2
3594,105,9,28.2,2016Q3
3594,105,12,23.1,2016Q4
3594,106,3,22.4,2017Q1
3594,106,6,21.8,2017Q2
3594,106,9,28.9,2017Q3
3594,106,12,26.55,2017Q4
3594,107,3,26.75,2018Q1
3594,107,6,27.9,2018Q2
3594,107,9,23.2,2018Q3
3594,107,12,20.0,2018Q4
3594,108,3,26.35,2019Q1
3594,108,6,23.45,2019Q2
3594,108,9,23.2,2019Q3
3594,108,12,22.95,2019Q4
3594,109,3,18.1,2020Q1
3594,109,6,22.85,2020Q2
3594,109,9,24.7,2020Q3
3594,109,12,26.4,2020Q4
3594,110,3,25.45,2021Q1
3594,110,6,25.4,2021Q2
3594,110,9,22.9,2021Q3
3594,110,12,22.2,2021Q4
3594,111,3,25.3,2022Q1
3594,111,6,25.3,2022Q2
3594,111,9,27.8,2022Q3
3594,111,12,27.05,2022Q4
3594,112,3,48.4,2023Q1
3594,112,6,55.3,2023Q2
3594,112,9,48.15,2023Q3
3594,112,12,47.7,2023Q4
3594,113,3,43.4,2024Q1
3594,113,6,43.75,2024Q2
3594,113,9,42.2,2024Q3
3594,113,12,53.6,2024Q4
3594,114,3,47.25,2025Q1
3609,105,3,12.5,2016Q1
3609,105,6,12.4,2016Q2
3609,105,9,16.0,2016Q3
3609,105,12,15.3,2016Q4
3609,106,3,16.45,2017Q1
3609,106,6,15.9,2017Q2
3609,106,9,15.5,2017Q3
3609,106,12,13.4,2017Q4
3609,107,3,13.6,2018Q1
3609,107,6,15.1,2018Q2
3609,107,9,17.6,2018Q3
3609,107,12,15.15,2018Q4
3609,108,3,15.4,2019Q1
3609,108,6,18.3,2019Q2
3609,108,9,16.45,2019Q3
3609,108,12,18.85,2019Q4
3609,109,3,17.75,2020Q1
3609,109,6,27.1,2020Q2
3609,109,9,31.9,2020Q3
3609,109,12,31.85,2020Q4
3609,110,3,34.2,2021Q1
3609,110,6,51.8,2021Q2
3609,110,9,55.2,2021Q3
3609,110,12,53.0,2021Q4
3609,111,3,54.6,2022Q1
3609,111,6,54.0,2022Q2
3609,111,9,46.45,2022Q3
3609,111,12,51.8,2022Q4
3609,112,3,43.8,2023Q1
3609,112,6,44.9,2023Q2
3609,112,9,44.15,2023Q3
3609,112,12,35.1,2023Q4
3609,113,3,28.25,2024Q1
3609,113,6,47.6,2024Q2
3609,113,9,38.35,2024Q3
3609,113,12,41.3,2024Q4
3609,114,3,45.75,2025Q1
3611,105,3,282.0,2016Q1
3611,105,6,259.0,2016Q2
3611,105,9,239.0,2016Q3
3611,105,12,243.5,2016Q4
3611,106,3,231.0,2017Q1
3611,106,6,220.0,2017Q2
3611,106,9,241.0,2017Q3
3611,106,12,229.0,2017Q4
3611,107,3,237.0,2018Q1
3611,107,6,223.0,2018Q2
3611,107,9,237.5,2018Q3
3611,107,12,197.0,2018Q4
3611,108,3,253.5,2019Q1
3611,108,6,280.0,2019Q2
3611,108,9,241.5,2019Q3
3611,108,12,244.0,2019Q4
3611,109,3,172.5,2020Q1
3611,109,6,188.5,2020Q2
3611,109,9,176.5,2020Q3
3611,109,12,195.0,2020Q4
3611,110,3,215.5,2021Q1
3611,110,6,224.0,2021Q2
3611,110,9,204.0,2021Q3
3611,110,12,200.5,2021Q4
3611,111,3,198.5,2022Q1
3611,111,6,176.5,2022Q2
3611,111,9,184.0,2022Q3
3611,111,12,192.5,2022Q4
3611,112,3,246.0,2023Q1
3611,112,6,249.5,2023Q2
3611,112,9,242.0,2023Q3
3611,112,12,241.5,2023Q4
3611,113,3,242.0,2024Q1
3611,113,6,231.0,2024Q2
3611,113,9,222.5,2024Q3
3611,113,12,199.0,2024Q4
3611,114,3,190.5,2025Q1
3615,105,3,19.2,2016Q1
3615,105,6,17.95,2016Q2
3615,105,9,20.0,2016Q3
3615,105,12,24.8,2016Q4
3615,106,3,28.0,2017Q1
3615,106,6,24.2,2017Q2
3615,106,9,27.45,2017Q3
3615,106,12,23.75,2017Q4
3615,107,3,21.2,2018Q1
3615,107,6,23.2,2018Q2
3615,107,9,17.9,2018Q3
3615,107,12,15.25,2018Q4
3615,108,3,16.15,2019Q1
3615,108,6,14.4,2019Q2
3615,108,9,14.3,2019Q3
3615,108,12,15.75,2019Q4
3615,109,3,11.35,2020Q1
3615,109,6,15.15,2020Q2
3615,109,9,18.3,2020Q3
3615,109,12,25.15,2020Q4
3615,110,3,27.65,2021Q1
3615,110,6,23.35,2021Q2
3615,110,9,21.45,2021Q3
3615,110,12,24.4,2021Q4
3615,111,3,21.3,2022Q1
3615,111,6,17.95,2022Q2
3615,111,9,16.15,2022Q3
3615,111,12,16.6,2022Q4
3615,112,3,17.4,2023Q1
3615,112,6,22.3,2023Q2
3615,112,9,24.9,2023Q3
3615,112,12,22.75,2023Q4
3615,113,3,25.75,2024Q1
3615,113,6,30.0,2024Q2
3615,113,9,30.75,2024Q3
3615,113,12,27.9,2024Q4
3615,114,3,22.0,2025Q1
3623,105,3,69.3,2016Q1
3623,105,6,60.5,2016Q2
3623,105,9,59.3,2016Q3
3623,105,12,53.4,2016Q4
3623,106,3,57.1,2017Q1
3623,106,6,51.7,2017Q2
3623,106,9,36.8,2017Q3
3623,106,12,41.45,2017Q4
3623,107,3,39.7,2018Q1
3623,107,6,34.85,2018Q2
3623,107,9,28.1,2018Q3
3623,107,12,23.2,2018Q4
3623,108,3,30.2,2019Q1
3623,108,6,27.2,2019Q2
3623,108,9,22.4,2019Q3
3623,108,12,21.5,2019Q4
3623,109,3,13.1,2020Q1
3623,109,6,15.5,2020Q2
3623,109,9,15.1,2020Q3
3623,109,12,15.7,2020Q4
3623,110,3,17.4,2021Q1
3623,110,6,15.1,2021Q2
3623,110,9,16.1,2021Q3
3623,110,12,20.1,2021Q4
3623,111,3,21.7,2022Q1
3623,111,6,15.15,2022Q2
3623,111,9,16.0,2022Q3
3623,111,12,15.4,2022Q4
3623,112,3,16.35,2023Q1
3623,112,6,18.2,2023Q2
3623,112,9,21.5,2023Q3
3623,112,12,32.2,2023Q4
3623,113,3,31.9,2024Q1
3623,113,6,29.6,2024Q2
3623,113,9,28.85,2024Q3
3623,113,12,22.9,2024Q4
3623,114,3,18.7,2025Q1
3624,105,3,25.05,2016Q1
3624,105,6,24.65,2016Q2
3624,105,9,22.95,2016Q3
3624,105,12,20.6,2016Q4
3624,106,3,20.3,2017Q1
3624,106,6,18.6,2017Q2
3624,106,9,21.4,2017Q3
3624,106,12,27.15,2017Q4
3624,107,3,36.05,2018Q1
3624,107,6,70.5,2018Q2
3624,107,9,36.85,2018Q3
3624,107,12,30.8,2018Q4
3624,108,3,31.0,2019Q1
3624,108,6,27.65,2019Q2
3624,108,9,28.05,2019Q3
3624,108,12,28.1,2019Q4
3624,109,3,19.5,2020Q1
3624,109,6,25.8,2020Q2
3624,109,9,24.65,2020Q3
3624,109,12,29.85,2020Q4
3624,110,3,29.6,2021Q1
3624,110,6,38.9,2021Q2
3624,110,9,37.8,2021Q3
3624,110,12,82.0,2021Q4
3624,111,3,92.0,2022Q1
3624,111,6,59.6,2022Q2
3624,111,9,40.8,2022Q3
3624,111,12,38.8,2022Q4
3624,112,3,69.8,2023Q1
3624,112,6,61.5,2023Q2
3624,112,9,53.5,2023Q3
3624,112,12,55.9,2023Q4
3624,113,3,49.45,2024Q1
3624,113,6,55.7,2024Q2
3624,113,9,52.5,2024Q3
3624,113,12,43.15,2024Q4
3624,114,3,33.0,2025Q1
3625,105,3,8.5,2016Q1
3625,105,6,10.75,2016Q2
3625,105,9,15.7,2016Q3
3625,105,12,25.0,2016Q4
3625,106,3,27.15,2017Q1
3625,106,6,33.4,2017Q2
3625,106,9,34.75,2017Q3
3625,106,12,30.9,2017Q4
3625,107,3,28.9,2018Q1
3625,107,6,29.85,2018Q2
3625,107,9,23.7,2018Q3
3625,107,12,23.4,2018Q4
3625,108,3,20.7,2019Q1
3625,108,6,19.8,2019Q2
3625,108,9,20.1,2019Q3
3625,108,12,23.4,2019Q4
3625,109,3,12.5,2020Q1
3625,109,6,14.9,2020Q2
3625,109,9,14.4,2020Q3
3625,109,12,17.95,2020Q4
3625,110,3,24.25,2021Q1
3625,110,6,25.2,2021Q2
3625,110,9,21.6,2021Q3
3625,110,12,25.95,2021Q4
3625,111,3,21.3,2022Q1
3625,111,6,17.2,2022Q2
3625,111,9,15.25,2022Q3
3625,111,12,12.2,2022Q4
3625,112,3,13.75,2023Q1
3625,112,6,15.8,2023Q2
3625,112,9,15.45,2023Q3
3625,112,12,15.6,2023Q4
3625,113,3,13.95,2024Q1
3625,113,6,12.4,2024Q2
3625,113,9,12.85,2024Q3
3625,113,12,18.0,2024Q4
3625,114,3,15.3,2025Q1
3628,105,3,49.6,2016Q1
3628,105,6,44.5,2016Q2
3628,105,9,43.0,2016Q3
3628,105,12,39.0,2016Q4
3628,106,3,44.4,2017Q1
3628,106,6,43.65,2017Q2
3628,106,9,40.8,2017Q3
3628,106,12,38.6,2017Q4
3628,107,3,40.05,2018Q1
3628,107,6,48.1,2018Q2
3628,107,9,39.5,2018Q3
3628,107,12,33.0,2018Q4
3628,108,3,35.8,2019Q1
3628,108,6,34.1,2019Q2
3628,108,9,36.85,2019Q3
3628,108,12,33.5,2019Q4
3628,109,3,25.0,2020Q1
3628,109,6,36.45,2020Q2
3628,109,9,36.5,2020Q3
3628,109,12,39.4,2020Q4
3628,110,3,37.0,2021Q1
3628,110,6,36.55,2021Q2
3628,110,9,34.85,2021Q3
3628,110,12,39.35,2021Q4
3628,111,3,57.9,2022Q1
3628,111,6,41.95,2022Q2
3628,111,9,37.7,2022Q3
3628,111,12,42.6,2022Q4
3628,112,3,48.95,2023Q1
3628,112,6,54.4,2023Q2
3628,112,9,41.35,2023Q3
3628,112,12,43.4,2023Q4
3628,113,3,47.6,2024Q1
3628,113,6,49.8,2024Q2
3628,113,9,42.95,2024Q3
3628,113,12,46.35,2024Q4
3628,114,3,42.0,2025Q1
3629,105,3,44.8,2016Q1
3629,105,6,43.8,2016Q2
3629,105,9,31.0,2016Q3
3629,105,12,24.55,2016Q4
3629,106,3,26.5,2017Q1
3629,106,6,19.5,2017Q2
3629,106,9,18.3,2017Q3
3629,106,12,16.5,2017Q4
3629,107,3,22.1,2018Q1
3629,107,6,28.9,2018Q2
3629,107,9,25.0,2018Q3
3629,107,12,18.8,2018Q4
3629,108,3,21.6,2019Q1
3629,108,6,19.8,2019Q2
3629,108,9,58.8,2019Q3
3629,108,12,63.0,2019Q4
3629,109,3,60.0,2020Q1
3629,109,6,61.5,2020Q2
3629,109,9,91.8,2020Q3
3629,109,12,66.9,2020Q4
3629,110,3,50.0,2021Q1
3629,110,6,55.0,2021Q2
3629,110,9,60.3,2021Q3
3629,110,12,54.8,2021Q4
3629,111,3,56.8,2022Q1
3629,111,6,47.95,2022Q2
3629,111,9,40.0,2022Q3
3629,112,3,48.75,2023Q1
3629,112,6,70.8,2023Q2
3629,112,9,31.9,2023Q3
3629,112,12,33.45,2023Q4
3629,113,3,25.65,2024Q1
3629,113,6,27.9,2024Q2
3629,113,9,27.5,2024Q3
3629,114,3,19.0,2025Q1
3630,105,3,15.35,2016Q1
3630,105,6,23.0,2016Q2
3630,105,9,20.25,2016Q3
3630,105,12,21.0,2016Q4
3630,106,3,45.9,2017Q1
3630,106,6,40.6,2017Q2
3630,106,9,47.15,2017Q3
3630,106,12,41.15,2017Q4
3630,107,3,41.1,2018Q1
3630,107,6,55.7,2018Q2
3630,107,9,69.7,2018Q3
3630,107,12,65.9,2018Q4
3630,108,3,106.5,2019Q1
3630,108,6,122.0,2019Q2
3630,108,9,106.5,2019Q3
3630,108,12,92.0,2019Q4
3630,109,3,44.2,2020Q1
3630,109,6,51.4,2020Q2
3630,109,9,40.3,2020Q3
3630,109,12,52.2,2020Q4
3630,110,3,57.2,2021Q1
3630,110,6,48.05,2021Q2
3630,110,9,39.35,2021Q3
3630,110,12,39.45,2021Q4
3630,111,3,33.9,2022Q1
3630,111,6,27.35,2022Q2
3630,111,9,26.9,2022Q3
3630,111,12,27.85,2022Q4
3630,112,3,29.65,2023Q1
3630,112,6,33.5,2023Q2
3630,112,9,37.6,2023Q3
3630,112,12,37.35,2023Q4
3630,113,3,31.15,2024Q1
3630,113,6,30.2,2024Q2
3630,113,9,27.5,2024Q3
3630,113,12,29.15,2024Q4
3630,114,3,22.6,2025Q1
3631,105,3,20.05,2016Q1
3631,105,6,17.55,2016Q2
3631,105,9,26.0,2016Q3
3631,105,12,23.6,2016Q4
3631,106,3,21.8,2017Q1
3631,106,6,24.05,2017Q2
3631,106,9,29.5,2017Q3
3631,106,12,29.2,2017Q4
3631,107,3,26.0,2018Q1
3631,107,6,26.45,2018Q2
3631,107,9,27.0,2018Q3
3631,107,12,27.0,2018Q4
3631,108,3,23.4,2019Q1
3631,108,6,24.35,2019Q2
3631,108,9,26.75,2019Q3
3631,108,12,53.0,2019Q4
3631,109,3,37.95,2020Q1
3631,109,6,43.85,2020Q2
3631,109,9,40.25,2020Q3
3631,109,12,47.85,2020Q4
3631,110,3,63.5,2021Q1
3631,110,6,51.0,2021Q2
3631,110,9,49.95,2021Q3
3631,110,12,48.35,2021Q4
3631,111,3,42.4,2022Q1
3631,111,6,37.9,2022Q2
3631,111,9,34.0,2022Q3
3631,111,12,40.6,2022Q4
3631,112,3,36.1,2023Q1
3631,112,6,31.05,2023Q2
3631,112,9,29.7,2023Q3
3631,112,12,35.25,2023Q4
3631,113,3,38.5,2024Q1
3631,113,6,41.9,2024Q2
3631,113,9,44.7,2024Q3
3631,113,12,35.25,2024Q4
3631,114,3,33.1,2025Q1
3632,105,3,27.05,2016Q1
3632,105,6,23.1,2016Q2
3632,105,9,20.05,2016Q3
3632,105,12,19.15,2016Q4
3632,106,3,17.8,2017Q1
3632,106,6,16.15,2017Q2
3632,106,9,16.0,2017Q3
3632,106,12,15.4,2017Q4
3632,107,3,16.3,2018Q1
3632,107,6,15.2,2018Q2
3632,107,9,13.2,2018Q3
3632,107,12,12.45,2018Q4
3632,108,3,12.4,2019Q1
3632,108,6,11.6,2019Q2
3632,108,9,12.7,2019Q3
3632,108,12,11.9,2019Q4
3632,109,3,7.51,2020Q1
3632,109,6,9.95,2020Q2
3632,109,9,8.5,2020Q3
3632,109,12,10.3,2020Q4
3632,110,3,9.79,2021Q1
3632,110,6,9.42,2021Q2
3632,110,9,8.26,2021Q3
3632,110,12,9.99,2021Q4
3632,111,3,9.3,2022Q1
3632,111,6,9.72,2022Q2
3632,111,9,9.8,2022Q3
3632,111,12,10.0,2022Q4
3632,112,3,12.25,2023Q1
3632,112,6,15.75,2023Q2
3632,112,9,14.0,2023Q3
3632,112,12,13.95,2023Q4
3632,113,3,13.65,2024Q1
3632,113,6,15.45,2024Q2
3632,113,9,14.1,2024Q3
3632,113,12,12.95,2024Q4
3632,114,3,12.65,2025Q1
3646,105,3,12.5,2016Q1
3646,105,6,15.6,2016Q2
3646,105,9,17.35,2016Q3
3646,105,12,24.9,2016Q4
3646,106,3,25.9,2017Q1
3646,106,6,23.7,2017Q2
3646,106,9,20.1,2017Q3
3646,106,12,17.4,2017Q4
3646,107,3,16.35,2018Q1
3646,107,6,20.65,2018Q2
3646,107,9,18.3,2018Q3
3646,107,12,17.25,2018Q4
3646,108,3,21.0,2019Q1
3646,108,6,18.0,2019Q2
3646,108,9,17.55,2019Q3
3646,108,12,17.05,2019Q4
3646,109,3,12.95,2020Q1
3646,109,6,17.05,2020Q2
3646,109,9,20.85,2020Q3
3646,109,12,21.25,2020Q4
3646,110,3,25.1,2021Q1
3646,110,6,27.0,2021Q2
3646,110,9,27.7,2021Q3
3646,110,12,28.75,2021Q4
3646,111,3,27.0,2022Q1
3646,111,6,25.85,2022Q2
3646,111,9,22.35,2022Q3
3646,111,12,23.3,2022Q4
3646,112,3,27.55,2023Q1
3646,112,6,29.0,2023Q2
3646,112,9,28.05,2023Q3
3646,112,12,28.45,2023Q4
3646,113,3,30.65,2024Q1
3646,113,6,30.15,2024Q2
3646,113,9,30.25,2024Q3
3646,113,12,29.1,2024Q4
3646,114,3,29.8,2025Q1
3663,105,3,15.7,2016Q1
3663,105,6,14.95,2016Q2
3663,105,9,19.3,2016Q3
3663,105,12,18.55,2016Q4
3663,106,3,18.1,2017Q1
3663,106,6,16.25,2017Q2
3663,106,9,15.7,2017Q3
3663,106,12,16.2,2017Q4
3663,107,3,23.9,2018Q1
3663,107,6,20.4,2018Q2
3663,107,9,19.35,2018Q3
3663,107,12,17.75,2018Q4
3663,108,3,17.25,2019Q1
3663,108,6,17.5,2019Q2
3663,108,9,19.0,2019Q3
3663,108,12,22.2,2019Q4
3663,109,3,15.75,2020Q1
3663,109,6,19.05,2020Q2
3663,109,9,18.25,2020Q3
3663,109,12,22.85,2020Q4
3663,110,3,22.55,2021Q1
3663,110,6,24.95,2021Q2
3663,110,9,46.0,2021Q3
3663,110,12,34.25,2021Q4
3663,111,3,32.15,2022Q1
3663,111,6,30.35,2022Q2
3663,111,9,25.5,2022Q3
3663,111,12,28.45,2022Q4
3663,112,3,30.6,2023Q1
3663,112,6,31.65,2023Q2
3663,112,9,35.6,2023Q3
3663,112,12,35.55,2023Q4
3663,113,3,46.3,2024Q1
3663,113,6,57.4,2024Q2
3663,113,9,93.2,2024Q3
3663,113,12,70.3,2024Q4
3663,114,3,52.3,2025Q1
3664,105,3,14.15,2016Q1
3664,105,6,15.6,2016Q2
3664,105,9,16.35,2016Q3
3664,105,12,16.05,2016Q4
3664,106,3,15.8,2017Q1
3664,106,6,16.85,2017Q2
3664,106,9,18.4,2017Q3
3664,106,12,21.3,2017Q4
3664,107,3,18.35,2018Q1
3664,107,6,17.8,2018Q2
3664,107,9,10.65,2018Q3
3664,107,12,9.73,2018Q4
3664,108,3,14.15,2019Q1
3664,108,6,11.0,2019Q2
3664,108,9,12.2,2019Q3
3664,108,12,12.85,2019Q4
3664,109,3,9.43,2020Q1
3664,109,6,12.5,2020Q2
3664,109,9,12.55,2020Q3
3664,109,12,14.0,2020Q4
3664,110,3,12.5,2021Q1
3664,110,6,10.1,2021Q2
3664,110,9,8.57,2021Q3
3664,110,12,9.19,2021Q4
3664,111,3,8.71,2022Q1
3664,111,6,8.71,2022Q2
3664,111,9,12.35,2022Q3
3664,111,12,11.85,2022Q4
3664,112,3,22.85,2023Q1
3664,112,6,35.0,2023Q2
3664,112,9,26.2,2023Q3
3664,112,12,24.1,2023Q4
3664,113,3,27.6,2024Q1
3664,113,6,28.65,2024Q2
3664,113,9,24.5,2024Q3
3664,113,12,25.45,2024Q4
3664,114,3,22.95,2025Q1
3666,105,3,31.95,2016Q1
3666,105,6,23.2,2016Q2
3666,105,9,30.45,2016Q3
3666,105,12,23.35,2016Q4
3666,106,3,24.0,2017Q1
3666,106,6,22.75,2017Q2
3666,106,9,26.7,2017Q3
3666,106,12,25.75,2017Q4
3666,107,3,24.05,2018Q1
3666,107,6,21.95,2018Q2
3666,107,9,16.3,2018Q3
3666,107,12,15.55,2018Q4
3666,108,3,15.3,2019Q1
3666,108,6,15.2,2019Q2
3666,108,9,18.95,2019Q3
3666,108,12,18.5,2019Q4
3666,109,3,12.15,2020Q1
3666,109,6,16.35,2020Q2
3666,109,9,29.0,2020Q3
3666,109,12,79.1,2020Q4
3666,110,3,67.2,2021Q1
3666,110,6,39.05,2021Q2
3666,110,9,29.15,2021Q3
3666,110,12,34.6,2021Q4
3666,111,3,28.0,2022Q1
3666,111,6,27.4,2022Q2
3666,111,9,19.0,2022Q3
3666,111,12,19.4,2022Q4
3666,112,3,23.75,2023Q1
3666,112,6,22.5,2023Q2
3666,112,9,26.25,2023Q3
3666,112,12,26.15,2023Q4
3666,113,3,27.05,2024Q1
3666,113,6,39.85,2024Q2
3666,113,9,31.65,2024Q3
3666,113,12,30.45,2024Q4
3666,114,3,33.0,2025Q1
3672,105,3,33.9,2016Q1
3672,105,6,33.1,2016Q2
3672,105,9,33.4,2016Q3
3672,105,12,29.3,2016Q4
3672,106,3,34.2,2017Q1
3672,106,6,32.2,2017Q2
3672,106,9,25.2,2017Q3
3672,106,12,19.0,2017Q4
3672,107,3,23.85,2018Q1
3672,107,6,23.2,2018Q2
3672,107,9,17.5,2018Q3
3672,107,12,15.6,2018Q4
3672,108,3,17.8,2019Q1
3672,108,6,17.45,2019Q2
3672,108,9,14.7,2019Q3
3672,108,12,15.65,2019Q4
3672,109,3,9.68,2020Q1
3672,109,6,13.05,2020Q2
3672,109,9,18.9,2020Q3
3672,109,12,23.15,2020Q4
3672,110,3,18.15,2021Q1
3672,110,6,15.8,2021Q2
3672,110,9,17.0,2021Q3
3672,110,12,44.45,2021Q4
3672,111,3,35.5,2022Q1
3672,111,6,36.05,2022Q2
3672,111,9,27.5,2022Q3
3672,111,12,26.7,2022Q4
3672,112,3,27.0,2023Q1
3672,112,6,26.0,2023Q2
3672,112,9,23.55,2023Q3
3672,112,12,24.7,2023Q4
3672,113,3,23.05,2024Q1
3672,113,6,22.35,2024Q2
3672,113,9,19.85,2024Q3
3672,113,12,19.5,2024Q4
3672,114,3,19.45,2025Q1
3675,105,3,24.25,2016Q1
3675,105,6,24.2,2016Q2
3675,105,9,30.65,2016Q3
3675,105,12,32.0,2016Q4
3675,106,3,47.3,2017Q1
3675,106,6,58.0,2017Q2
3675,106,9,51.4,2017Q3
3675,106,12,55.1,2017Q4
3675,107,3,51.2,2018Q1
3675,107,6,50.3,2018Q2
3675,107,9,43.6,2018Q3
3675,107,12,40.0,2018Q4
3675,108,3,42.95,2019Q1
3675,108,6,40.05,2019Q2
3675,108,9,43.9,2019Q3
3675,108,12,45.7,2019Q4
3675,109,3,33.4,2020Q1
3675,109,6,81.6,2020Q2
3675,109,9,60.5,2020Q3
3675,109,12,77.0,2020Q4
3675,110,3,70.6,2021Q1
3675,110,6,102.5,2021Q2
3675,110,9,184.5,2021Q3
3675,110,12,288.5,2021Q4
3675,111,3,306.0,2022Q1
3675,111,6,230.5,2022Q2
3675,111,9,191.5,2022Q3
3675,111,12,161.0,2022Q4
3675,112,3,317.0,2023Q1
3675,112,6,306.0,2023Q2
3675,112,9,276.5,2023Q3
3675,112,12,268.5,2023Q4
3675,113,3,251.5,2024Q1
3675,113,6,358.0,2024Q2
3675,113,9,272.0,2024Q3
3675,113,12,230.5,2024Q4
3675,114,3,155.5,2025Q1
3680,105,3,33.2,2016Q1
3680,105,6,32.05,2016Q2
3680,105,9,32.1,2016Q3
3680,105,12,32.8,2016Q4
3680,106,3,38.8,2017Q1
3680,106,6,33.8,2017Q2
3680,106,9,36.75,2017Q3
3680,106,12,39.05,2017Q4
3680,107,3,36.25,2018Q1
3680,107,6,33.7,2018Q2
3680,107,9,31.7,2018Q3
3680,107,12,31.8,2018Q4
3680,108,3,30.75,2019Q1
3680,108,6,39.3,2019Q2
3680,108,9,97.2,2019Q3
3680,108,12,174.5,2019Q4
3680,109,3,128.5,2020Q1
3680,109,6,247.0,2020Q2
3680,109,9,281.0,2020Q3
3680,109,12,273.0,2020Q4
3680,110,3,326.0,2021Q1
3680,110,6,270.0,2021Q2
3680,110,9,235.0,2021Q3
3680,110,12,324.0,2021Q4
3680,111,3,237.0,2022Q1
3680,111,6,214.0,2022Q2
3680,111,9,282.0,2022Q3
3680,111,12,265.0,2022Q4
3680,112,3,374.0,2023Q1
3680,112,6,428.5,2023Q2
3680,112,9,344.0,2023Q3
3680,112,12,370.5,2023Q4
3680,113,3,434.0,2024Q1
3680,113,6,446.5,2024Q2
3680,113,9,565.0,2024Q3
3680,113,12,487.0,2024Q4
3680,114,3,396.0,2025Q1
3684,105,3,57.6,2016Q1
3684,105,6,49.45,2016Q2
3684,105,9,40.8,2016Q3
3684,105,12,31.2,2016Q4
3684,106,3,35.8,2017Q1
3684,106,6,38.9,2017Q2
3684,106,9,40.45,2017Q3
3684,106,12,42.8,2017Q4
3684,107,3,42.45,2018Q1
3684,107,6,35.9,2018Q2
3684,107,9,31.1,2018Q3
3684,107,12,31.0,2018Q4
3684,108,3,30.6,2019Q1
3684,108,6,32.5,2019Q2
3684,108,9,32.7,2019Q3
3684,108,12,43.7,2019Q4
3684,109,3,32.1,2020Q1
3684,109,6,37.25,2020Q2
3684,109,9,36.0,2020Q3
3684,109,12,34.2,2020Q4
3684,110,3,36.8,2021Q1
3684,110,6,39.4,2021Q2
3684,110,9,37.15,2021Q3
3684,110,12,58.1,2021Q4
3684,111,3,57.3,2022Q1
3684,111,6,45.2,2022Q2
3684,111,9,51.8,2022Q3
3684,111,12,55.6,2022Q4
3684,112,3,66.5,2023Q1
3684,112,6,60.0,2023Q2
3684,112,9,45.1,2023Q3
3684,112,12,46.75,2023Q4
3684,113,3,45.05,2024Q1
3684,113,6,48.05,2024Q2
3684,113,9,45.8,2024Q3
3684,113,12,45.1,2024Q4
3684,114,3,45.0,2025Q1
3685,105,3,66.4,2016Q1
3685,105,6,60.4,2016Q2
3685,105,9,57.2,2016Q3
3685,105,12,52.8,2016Q4
3685,106,3,56.3,2017Q1
3685,106,6,60.2,2017Q2
3685,106,9,63.0,2017Q3
3685,106,12,58.7,2017Q4
3685,107,3,68.3,2018Q1
3685,107,6,58.8,2018Q2
3685,107,9,46.3,2018Q3
3685,107,12,43.3,2018Q4
3685,108,3,39.0,2019Q1
3685,108,6,30.95,2019Q2
3685,108,9,26.6,2019Q3
3685,108,12,25.3,2019Q4
3685,109,3,15.9,2020Q1
3685,109,6,20.8,2020Q2
3685,109,9,18.15,2020Q3
3685,109,12,19.2,2020Q4
3685,110,3,32.65,2021Q1
3685,110,6,27.3,2021Q2
3685,110,9,22.0,2021Q3
3685,110,12,37.4,2021Q4
3685,111,3,30.85,2022Q1
3685,111,6,24.35,2022Q2
3685,111,9,22.8,2022Q3
3685,111,12,19.9,2022Q4
3685,112,3,20.85,2023Q1
3685,112,6,23.25,2023Q2
3685,112,9,24.95,2023Q3
3685,112,12,22.0,2023Q4
3685,113,3,19.95,2024Q1
3685,113,6,18.55,2024Q2
3685,113,9,18.8,2024Q3
3685,113,12,16.35,2024Q4
3685,114,3,13.45,2025Q1
3687,105,3,63.2,2016Q1
3687,105,6,53.0,2016Q2
3687,105,9,49.55,2016Q3
3687,105,12,44.4,2016Q4
3687,106,3,42.0,2017Q1
3687,106,6,44.8,2017Q2
3687,106,9,40.0,2017Q3
3687,106,12,35.85,2017Q4
3687,107,3,34.15,2018Q1
3687,107,6,32.3,2018Q2
3687,107,9,27.4,2018Q3
3687,107,12,25.45,2018Q4
3687,108,3,25.0,2019Q1
3687,108,6,24.4,2019Q2
3687,108,9,39.0,2019Q3
3687,108,12,43.5,2019Q4
3687,109,3,34.0,2020Q1
3687,109,6,63.0,2020Q2
3687,109,9,43.0,2020Q3
3687,109,12,51.0,2020Q4
3687,110,3,48.8,2021Q1
3687,110,6,139.5,2021Q2
3687,110,9,99.8,2021Q3
3687,110,12,197.5,2021Q4
3687,111,3,159.0,2022Q1
3687,111,6,112.0,2022Q2
3687,111,9,71.5,2022Q3
3687,111,12,94.5,2022Q4
3687,112,3,85.6,2023Q1
3687,112,6,111.0,2023Q2
3687,112,9,83.3,2023Q3
3687,112,12,95.9,2023Q4
3687,113,3,101.0,2024Q1
3687,113,6,109.0,2024Q2
3687,113,9,95.0,2024Q3
3687,113,12,90.6,2024Q4
3687,114,3,80.5,2025Q1
3689,105,3,32.7,2016Q1
3689,105,6,28.9,2016Q2
3689,105,9,26.1,2016Q3
3689,105,12,32.4,2016Q4
3689,106,3,36.8,2017Q1
3689,106,6,37.45,2017Q2
3689,106,9,54.1,2017Q3
3689,106,12,50.3,2017Q4
3689,107,3,40.7,2018Q1
3689,107,6,33.9,2018Q2
3689,107,9,27.85,2018Q3
3689,107,12,27.15,2018Q4
3689,108,3,27.65,2019Q1
3689,108,6,26.1,2019Q2
3689,108,9,26.6,2019Q3
3689,108,12,26.8,2019Q4
3689,109,3,17.7,2020Q1
3689,109,6,27.05,2020Q2
3689,109,9,30.45,2020Q3
3689,109,12,30.95,2020Q4
3689,110,3,32.7,2021Q1
3689,110,6,31.5,2021Q2
3689,110,9,44.35,2021Q3
3689,110,12,48.4,2021Q4
3689,111,3,46.05,2022Q1
3689,111,6,42.35,2022Q2
3689,111,9,30.5,2022Q3
3689,111,12,31.95,2022Q4
3689,112,3,37.65,2023Q1
3689,112,6,42.75,2023Q2
3689,112,9,58.8,2023Q3
3689,112,12,57.0,2023Q4
3689,113,3,76.2,2024Q1
3689,113,6,78.2,2024Q2
3689,113,9,90.8,2024Q3
3689,113,12,101.0,2024Q4
3689,114,3,86.5,2025Q1
3691,105,3,557.0,2016Q1
3691,105,6,495.5,2016Q2
3691,105,9,370.0,2016Q3
3691,105,12,383.0,2016Q4
3691,106,3,308.0,2017Q1
3691,106,6,275.5,2017Q2
3691,106,9,240.0,2017Q3
3691,106,12,251.0,2017Q4
3691,107,3,200.0,2018Q1
3691,107,6,160.5,2018Q2
3691,107,9,131.0,2018Q3
3691,107,12,86.6,2018Q4
3691,108,3,81.0,2019Q1
3691,108,6,106.5,2019Q2
3691,108,9,109.5,2019Q3
3691,108,12,132.5,2019Q4
3691,109,3,81.6,2020Q1
3691,109,6,90.0,2020Q2
3691,109,9,138.5,2020Q3
3691,109,12,204.0,2020Q4
3691,110,3,199.0,2021Q1
3691,110,6,186.0,2021Q2
3691,110,9,190.0,2021Q3
3691,110,12,209.0,2021Q4
3691,111,3,185.0,2022Q1
3691,111,6,154.5,2022Q2
3691,111,9,111.5,2022Q3
3691,111,12,99.5,2022Q4
3691,112,3,114.5,2023Q1
3691,112,6,96.9,2023Q2
3691,112,9,78.1,2023Q3
3691,112,12,90.5,2023Q4
3691,113,3,117.5,2024Q1
3691,113,6,145.5,2024Q2
3691,113,9,108.0,2024Q3
3691,113,12,77.0,2024Q4
3691,114,3,68.1,2025Q1
3693,105,3,88.9,2016Q1
3693,105,6,92.6,2016Q2
3693,105,9,69.7,2016Q3
3693,105,12,66.5,2016Q4
3693,106,3,71.2,2017Q1
3693,106,6,55.1,2017Q2
3693,106,9,51.7,2017Q3
3693,106,12,41.6,2017Q4
3693,107,3,34.9,2018Q1
3693,107,6,50.5,2018Q2
3693,107,9,38.35,2018Q3
3693,107,12,31.95,2018Q4
3693,108,3,52.7,2019Q1
3693,108,6,39.35,2019Q2
3693,108,9,41.1,2019Q3
3693,108,12,39.15,2019Q4
3693,109,3,27.15,2020Q1
3693,109,6,73.0,2020Q2
3693,109,9,51.2,2020Q3
3693,109,12,50.1,2020Q4
3693,110,3,56.1,2021Q1
3693,110,6,39.3,2021Q2
3693,110,9,43.3,2021Q3
3693,110,12,59.9,2021Q4
3693,111,3,54.4,2022Q1
3693,111,6,47.0,2022Q2
3693,111,9,66.9,2022Q3
3693,111,12,114.0,2022Q4
3693,112,3,128.5,2023Q1
3693,112,6,326.0,2023Q2
3693,112,9,545.0,2023Q3
3693,112,12,441.0,2023Q4
3693,113,3,375.0,2024Q1
3693,113,6,413.5,2024Q2
3693,113,9,344.0,2024Q3
3693,113,12,327.0,2024Q4
3693,114,3,303.0,2025Q1
3707,105,3,12.25,2016Q1
3707,105,6,12.2,2016Q2
3707,105,9,10.85,2016Q3
3707,105,12,10.1,2016Q4
3707,106,3,16.3,2017Q1
3707,106,6,13.25,2017Q2
3707,106,9,17.45,2017Q3
3707,106,12,22.45,2017Q4
3707,107,3,24.25,2018Q1
3707,107,6,35.2,2018Q2
3707,107,9,23.7,2018Q3
3707,107,12,20.15,2018Q4
3707,108,3,20.65,2019Q1
3707,108,6,19.95,2019Q2
3707,108,9,27.8,2019Q3
3707,108,12,27.9,2019Q4
3707,109,3,24.25,2020Q1
3707,109,6,25.65,2020Q2
3707,109,9,27.85,2020Q3
3707,109,12,40.6,2020Q4
3707,110,3,59.5,2021Q1
3707,110,6,78.3,2021Q2
3707,110,9,118.0,2021Q3
3707,110,12,143.0,2021Q4
3707,111,3,133.0,2022Q1
3707,111,6,112.0,2022Q2
3707,111,9,95.0,2022Q3
3707,111,12,84.6,2022Q4
3707,112,3,90.7,2023Q1
3707,112,6,83.8,2023Q2
3707,112,9,72.2,2023Q3
3707,112,12,72.1,2023Q4
3707,113,3,61.9,2024Q1
3707,113,6,60.4,2024Q2
3707,113,9,56.1,2024Q3
3707,113,12,49.65,2024Q4
3707,114,3,41.75,2025Q1
4102,105,3,24.4,2016Q1
4102,105,6,19.55,2016Q2
4102,105,9,19.1,2016Q3
4102,105,12,17.1,2016Q4
4102,106,3,17.45,2017Q1
4102,106,6,17.7,2017Q2
4102,106,9,16.7,2017Q3
4102,106,12,16.4,2017Q4
4102,107,3,17.05,2018Q1
4102,107,6,16.05,2018Q2
4102,107,9,15.4,2018Q3
4102,107,12,13.85,2018Q4
4102,108,3,15.45,2019Q1
4102,108,6,17.05,2019Q2
4102,108,9,17.15,2019Q3
4102,108,12,16.4,2019Q4
4102,109,3,20.7,2020Q1
4102,109,6,33.0,2020Q2
4102,109,9,27.0,2020Q3
4102,109,12,26.0,2020Q4
4102,110,3,23.95,2021Q1
4102,110,6,20.55,2021Q2
4102,110,9,18.55,2021Q3
4102,110,12,19.5,2021Q4
4102,111,3,19.9,2022Q1
4102,111,6,17.55,2022Q2
4102,111,9,24.75,2022Q3
4102,111,12,36.05,2022Q4
4102,112,3,28.6,2023Q1
4102,112,6,31.75,2023Q2
4102,112,9,38.55,2023Q3
4102,112,12,39.7,2023Q4
4102,113,3,39.85,2024Q1
4102,113,6,37.0,2024Q2
4102,113,9,38.85,2024Q3
4102,113,12,31.0,2024Q4
4102,114,3,25.15,2025Q1
4105,105,3,111.0,2016Q1
4105,105,6,113.5,2016Q2
4105,105,9,129.0,2016Q3
4105,105,12,102.5,2016Q4
4105,106,3,109.0,2017Q1
4105,106,6,101.0,2017Q2
4105,106,9,88.6,2017Q3
4105,106,12,102.5,2017Q4
4105,107,3,100.5,2018Q1
4105,107,6,97.5,2018Q2
4105,107,9,85.1,2018Q3
4105,107,12,76.5,2018Q4
4105,108,3,83.4,2019Q1
4105,108,6,84.6,2019Q2
4105,108,9,79.2,2019Q3
4105,108,12,82.4,2019Q4
4105,109,3,62.2,2020Q1
4105,109,6,76.1,2020Q2
4105,109,9,66.5,2020Q3
4105,109,12,68.6,2020Q4
4105,110,3,74.9,2021Q1
4105,110,6,87.2,2021Q2
4105,110,9,72.1,2021Q3
4105,110,12,68.8,2021Q4
4105,111,3,69.0,2022Q1
4105,111,6,71.8,2022Q2
4105,111,9,72.7,2022Q3
4105,111,12,83.4,2022Q4
4105,112,3,76.2,2023Q1
4105,112,6,78.4,2023Q2
4105,112,9,77.2,2023Q3
4105,112,12,80.4,2023Q4
4105,113,3,78.2,2024Q1
4105,113,6,76.1,2024Q2
4105,113,9,73.5,2024Q3
4105,113,12,72.8,2024Q4
4105,114,3,72.8,2025Q1
4107,105,3,143.5,2016Q1
4107,105,6,160.0,2016Q2
4107,105,9,158.5,2016Q3
4107,105,12,119.0,2016Q4
4107,106,3,111.5,2017Q1
4107,106,6,83.6,2017Q2
4107,106,9,82.2,2017Q3
4107,106,12,98.8,2017Q4
4107,107,3,101.0,2018Q1
4107,107,6,106.0,2018Q2
4107,107,9,97.0,2018Q3
4107,107,12,94.4,2018Q4
4107,108,3,120.0,2019Q1
4107,108,6,121.0,2019Q2
4107,108,9,127.0,2019Q3
4107,108,12,130.5,2019Q4
4107,109,3,95.0,2020Q1
4107,109,6,156.5,2020Q2
4107,109,9,137.5,2020Q3
4107,109,12,133.0,2020Q4
4107,110,3,129.0,2021Q1
4107,110,6,119.0,2021Q2
4107,110,9,110.5,2021Q3
4107,110,12,114.5,2021Q4
4107,111,3,108.5,2022Q1
4107,111,6,108.0,2022Q2
4107,111,9,117.0,2022Q3
4107,111,12,111.5,2022Q4
4107,112,3,112.5,2023Q1
4107,112,6,114.5,2023Q2
4107,112,9,106.0,2023Q3
4107,112,12,110.0,2023Q4
4107,113,3,126.0,2024Q1
4107,113,6,132.0,2024Q2
4107,113,9,130.0,2024Q3
4107,113,12,123.5,2024Q4
4107,114,3,121.5,2025Q1
4109,105,3,23.35,2016Q1
4109,105,6,22.8,2016Q2
4109,105,9,20.5,2016Q3
4109,105,12,20.15,2016Q4
4109,106,3,21.7,2017Q1
4109,106,6,17.8,2017Q2
4109,106,9,18.4,2017Q3
4109,106,12,18.05,2017Q4
4109,107,3,16.8,2018Q1
4109,107,6,14.7,2018Q2
4109,107,9,12.4,2018Q3
4109,107,12,11.9,2018Q4
4109,108,3,22.6,2019Q1
4109,108,6,23.4,2019Q2
4109,108,9,20.05,2019Q3
4109,108,12,20.2,2019Q4
4109,109,3,11.9,2020Q1
4109,109,6,17.55,2020Q2
4109,109,9,15.3,2020Q3
4109,109,12,17.75,2020Q4
4109,110,3,16.45,2021Q1
4109,110,6,13.95,2021Q2
4109,110,9,12.95,2021Q3
4109,110,12,13.4,2021Q4
4109,111,3,13.45,2022Q1
4109,111,6,14.35,2022Q2
4109,111,9,15.1,2022Q3
4109,111,12,14.7,2022Q4
4109,112,3,14.7,2023Q1
4109,112,6,14.1,2023Q2
4109,112,9,13.1,2023Q3
4109,112,12,17.2,2023Q4
4109,113,3,25.15,2024Q1
4109,113,6,25.5,2024Q2
4109,113,9,28.05,2024Q3
4109,113,12,22.3,2024Q4
4109,114,3,19.05,2025Q1
4111,105,3,25.4,2016Q1
4111,105,6,22.85,2016Q2
4111,105,9,23.35,2016Q3
4111,105,12,22.2,2016Q4
4111,106,3,23.35,2017Q1
4111,106,6,24.8,2017Q2
4111,106,9,24.4,2017Q3
4111,106,12,24.35,2017Q4
4111,107,3,25.45,2018Q1
4111,107,6,26.2,2018Q2
4111,107,9,23.8,2018Q3
4111,107,12,24.0,2018Q4
4111,108,3,26.0,2019Q1
4111,108,6,25.0,2019Q2
4111,108,9,25.85,2019Q3
4111,108,12,24.85,2019Q4
4111,109,3,24.1,2020Q1
4111,109,6,29.35,2020Q2
4111,109,9,23.9,2020Q3
4111,109,12,23.95,2020Q4
4111,110,3,23.3,2021Q1
4111,110,6,23.35,2021Q2
4111,110,9,22.3,2021Q3
4111,110,12,23.1,2021Q4
4111,111,3,23.45,2022Q1
4111,111,6,24.15,2022Q2
4111,111,9,23.35,2022Q3
4111,111,12,27.1,2022Q4
4111,112,3,28.6,2023Q1
4111,112,6,29.9,2023Q2
4111,112,9,25.8,2023Q3
4111,112,12,26.65,2023Q4
4111,113,3,26.25,2024Q1
4111,113,6,30.75,2024Q2
4111,113,9,26.45,2024Q3
4111,113,12,27.8,2024Q4
4111,114,3,29.5,2025Q1
4113,105,3,11.15,2016Q1
4113,105,6,10.25,2016Q2
4113,105,9,9.4,2016Q3
4113,105,12,9.18,2016Q4
4113,106,3,10.15,2017Q1
4113,106,6,9.8,2017Q2
4113,106,9,10.3,2017Q3
4113,106,12,11.0,2017Q4
4113,107,3,10.55,2018Q1
4113,107,6,10.55,2018Q2
4113,107,9,10.35,2018Q3
4113,107,12,11.65,2018Q4
4113,108,3,12.45,2019Q1
4113,108,6,10.95,2019Q2
4113,108,9,11.25,2019Q3
4113,108,12,16.7,2019Q4
4113,109,3,12.2,2020Q1
4113,109,6,14.5,2020Q2
4113,109,9,14.6,2020Q3
4113,109,12,12.9,2020Q4
4113,110,3,14.35,2021Q1
4113,110,6,13.65,2021Q2
4113,110,9,14.1,2021Q3
4113,110,12,14.45,2021Q4
4113,111,3,14.2,2022Q1
4113,111,6,12.65,2022Q2
4113,111,9,12.0,2022Q3
4113,111,12,11.75,2022Q4
4113,112,3,15.65,2023Q1
4113,112,6,17.35,2023Q2
4113,112,9,25.4,2023Q3
4113,112,12,30.45,2023Q4
4113,113,3,37.85,2024Q1
4113,113,6,49.8,2024Q2
4113,113,9,36.0,2024Q3
4113,113,12,29.15,2024Q4
4113,114,3,25.7,2025Q1
4114,105,3,34.6,2016Q1
4114,105,6,33.5,2016Q2
4114,105,9,31.2,2016Q3
4114,105,12,30.1,2016Q4
4114,106,3,33.35,2017Q1
4114,106,6,29.05,2017Q2
4114,106,9,26.7,2017Q3
4114,106,12,25.85,2017Q4
4114,107,3,30.05,2018Q1
4114,107,6,32.3,2018Q2
4114,107,9,27.6,2018Q3
4114,107,12,27.4,2018Q4
4114,108,3,28.9,2019Q1
4114,108,6,30.2,2019Q2
4114,108,9,25.55,2019Q3
4114,108,12,24.3,2019Q4
4114,109,3,18.7,2020Q1
4114,109,6,26.9,2020Q2
4114,109,9,25.15,2020Q3
4114,109,12,25.5,2020Q4
4114,110,3,26.35,2021Q1
4114,110,6,25.95,2021Q2
4114,110,9,23.8,2021Q3
4114,110,12,23.6,2021Q4
4114,111,3,25.1,2022Q1
4114,111,6,33.05,2022Q2
4114,111,9,35.65,2022Q3
4114,111,12,48.7,2022Q4
4114,112,3,45.75,2023Q1
4114,112,6,43.95,2023Q2
4114,112,9,37.95,2023Q3
4114,112,12,38.65,2023Q4
4114,113,3,39.25,2024Q1
4114,113,6,41.15,2024Q2
4114,113,9,37.5,2024Q3
4114,113,12,34.5,2024Q4
4114,114,3,33.35,2025Q1
4116,105,3,61.7,2016Q1
4116,105,6,53.5,2016Q2
4116,105,9,46.0,2016Q3
4116,105,12,37.95,2016Q4
4116,106,3,39.1,2017Q1
4116,106,6,39.2,2017Q2
4116,106,9,36.5,2017Q3
4116,106,12,36.45,2017Q4
4116,107,3,35.75,2018Q1
4116,107,6,33.9,2018Q2
4116,107,9,33.3,2018Q3
4116,107,12,27.85,2018Q4
4116,108,3,41.5,2019Q1
4116,108,6,38.55,2019Q2
4116,108,9,36.55,2019Q3
4116,108,12,37.2,2019Q4
4116,109,3,26.0,2020Q1
4116,109,6,37.85,2020Q2
4116,109,9,31.1,2020Q3
4116,109,12,36.45,2020Q4
4116,110,3,36.0,2021Q1
4116,110,6,31.95,2021Q2
4116,110,9,27.45,2021Q3
4116,110,12,33.2,2021Q4
4116,111,3,32.95,2022Q1
4116,111,6,74.5,2022Q2
4116,111,9,60.8,2022Q3
4116,111,12,64.0,2022Q4
4116,112,3,60.4,2023Q1
4116,112,6,60.1,2023Q2
4116,112,9,56.5,2023Q3
4116,112,12,64.0,2023Q4
4116,113,3,57.9,2024Q1
4116,113,6,56.0,2024Q2
4116,113,9,52.4,2024Q3
4116,113,12,47.2,2024Q4
4116,114,3,44.4,2025Q1
4120,105,3,53.6,2016Q1
4120,105,6,53.1,2016Q2
4120,105,9,60.5,2016Q3
4120,105,12,62.0,2016Q4
4120,106,3,73.6,2017Q1
4120,106,6,71.0,2017Q2
4120,106,9,69.8,2017Q3
4120,106,12,79.1,2017Q4
4120,107,3,77.0,2018Q1
4120,107,6,71.0,2018Q2
4120,107,9,54.8,2018Q3
4120,107,12,52.1,2018Q4
4120,108,3,58.2,2019Q1
4120,108,6,61.9,2019Q2
4120,108,9,56.8,2019Q3
4120,108,12,55.6,2019Q4
4120,109,3,39.2,2020Q1
4120,109,6,50.5,2020Q2
4120,109,9,51.0,2020Q3
4120,109,12,48.1,2020Q4
4120,110,3,46.3,2021Q1
4120,110,6,44.1,2021Q2
4120,110,9,39.25,2021Q3
4120,110,12,36.35,2021Q4
4120,111,3,37.0,2022Q1
4120,111,6,34.0,2022Q2
4120,111,9,37.95,2022Q3
4120,111,12,36.2,2022Q4
4120,112,3,36.85,2023Q1
4120,112,6,45.25,2023Q2
4120,112,9,42.7,2023Q3
4120,112,12,38.9,2023Q4
4120,113,3,43.5,2024Q1
4120,113,6,46.25,2024Q2
4120,113,9,50.6,2024Q3
4120,113,12,48.2,2024Q4
4120,114,3,48.4,2025Q1
4121,105,3,15.75,2016Q1
4121,105,6,13.85,2016Q2
4121,105,9,13.1,2016Q3
4121,105,12,11.95,2016Q4
4121,106,3,11.95,2017Q1
4121,106,6,11.2,2017Q2
4121,106,9,11.95,2017Q3
4121,106,12,12.85,2017Q4
4121,107,3,15.0,2018Q1
4121,107,6,13.55,2018Q2
4121,107,9,12.0,2018Q3
4121,107,12,10.4,2018Q4
4121,108,3,11.55,2019Q1
4121,108,6,10.55,2019Q2
4121,108,9,12.8,2019Q3
4121,108,12,11.9,2019Q4
4121,109,3,14.2,2020Q1
4121,109,6,21.45,2020Q2
4121,109,9,17.55,2020Q3
4121,109,12,21.05,2020Q4
4121,110,3,20.85,2021Q1
4121,110,6,26.8,2021Q2
4121,110,9,20.4,2021Q3
4121,110,12,21.1,2021Q4
4121,111,3,20.7,2022Q1
4121,111,6,20.05,2022Q2
4121,111,9,20.9,2022Q3
4121,111,12,24.45,2022Q4
4121,112,3,23.85,2023Q1
4121,112,6,30.7,2023Q2
4121,112,9,23.8,2023Q3
4121,112,12,25.0,2023Q4
4121,113,3,25.45,2024Q1
4121,113,6,22.65,2024Q2
4121,113,9,18.5,2024Q3
4121,113,12,17.6,2024Q4
4121,114,3,15.65,2025Q1
4123,105,3,70.1,2016Q1
4123,105,6,66.7,2016Q2
4123,105,9,68.3,2016Q3
4123,105,12,61.6,2016Q4
4123,106,3,60.5,2017Q1
4123,106,6,60.7,2017Q2
4123,106,9,47.0,2017Q3
4123,106,12,49.0,2017Q4
4123,107,3,61.5,2018Q1
4123,107,6,71.2,2018Q2
4123,107,9,72.0,2018Q3
4123,107,12,68.0,2018Q4
4123,108,3,83.2,2019Q1
4123,108,6,77.4,2019Q2
4123,108,9,59.6,2019Q3
4123,108,12,60.0,2019Q4
4123,109,3,39.75,2020Q1
4123,109,6,75.0,2020Q2
4123,109,9,68.2,2020Q3
4123,109,12,69.3,2020Q4
4123,110,3,68.4,2021Q1
4123,110,6,69.8,2021Q2
4123,110,9,60.9,2021Q3
4123,110,12,60.5,2021Q4
4123,111,3,62.6,2022Q1
4123,111,6,60.2,2022Q2
4123,111,9,46.0,2022Q3
4123,111,12,47.3,2022Q4
4123,112,3,46.15,2023Q1
4123,112,6,55.4,2023Q2
4123,112,9,45.85,2023Q3
4123,112,12,44.3,2023Q4
4123,113,3,43.25,2024Q1
4123,113,6,54.4,2024Q2
4123,113,9,48.05,2024Q3
4123,113,12,43.85,2024Q4
4123,114,3,36.5,2025Q1
4126,105,3,81.4,2016Q1
4126,105,6,115.5,2016Q2
4126,105,9,99.9,2016Q3
4126,105,12,84.2,2016Q4
4126,106,3,80.9,2017Q1
4126,106,6,78.8,2017Q2
4126,106,9,71.6,2017Q3
4126,106,12,82.9,2017Q4
4126,107,3,75.6,2018Q1
4126,107,6,71.4,2018Q2
4126,107,9,70.2,2018Q3
4126,107,12,69.0,2018Q4
4126,108,3,75.0,2019Q1
4126,108,6,77.2,2019Q2
4126,108,9,86.3,2019Q3
4126,108,12,74.3,2019Q4
4126,109,3,75.8,2020Q1
4126,109,6,88.3,2020Q2
4126,109,9,70.3,2020Q3
4126,109,12,70.0,2020Q4
4126,110,3,73.8,2021Q1
4126,110,6,71.7,2021Q2
4126,110,9,73.5,2021Q3
4126,110,12,75.1,2021Q4
4126,111,3,71.8,2022Q1
4126,111,6,70.7,2022Q2
4126,111,9,67.8,2022Q3
4126,111,12,75.5,2022Q4
4126,112,3,84.4,2023Q1
4126,112,6,87.9,2023Q2
4126,112,9,83.1,2023Q3
4126,112,12,86.4,2023Q4
4126,113,3,89.6,2024Q1
4126,113,6,91.9,2024Q2
4126,113,9,88.9,2024Q3
4126,113,12,97.6,2024Q4
4126,114,3,92.5,2025Q1
4127,105,3,22.25,2016Q1
4127,105,6,19.0,2016Q2
4127,105,9,18.45,2016Q3
4127,105,12,17.75,2016Q4
4127,106,3,20.7,2017Q1
4127,106,6,13.5,2017Q2
4127,106,9,12.95,2017Q3
4127,106,12,11.65,2017Q4
4127,107,3,13.3,2018Q1
4127,107,6,12.0,2018Q2
4127,107,9,12.0,2018Q3
4127,107,12,10.4,2018Q4
4127,108,3,11.5,2019Q1
4127,108,6,8.75,2019Q2
4127,108,9,8.8,2019Q3
4127,108,12,9.43,2019Q4
4127,109,3,9.19,2020Q1
4127,109,6,15.75,2020Q2
4127,109,9,10.8,2020Q3
4127,109,12,11.2,2020Q4
4127,110,3,10.2,2021Q1
4127,110,6,10.5,2021Q2
4127,110,9,11.6,2021Q3
4127,110,12,14.8,2021Q4
4127,111,3,14.2,2022Q1
4127,111,6,16.4,2022Q2
4127,111,9,14.3,2022Q3
4127,111,12,15.45,2022Q4
4127,112,3,16.2,2023Q1
4127,112,6,15.45,2023Q2
4127,112,9,13.45,2023Q3
4127,112,12,14.5,2023Q4
4127,113,3,29.5,2024Q1
4127,113,6,39.9,2024Q2
4127,113,9,34.8,2024Q3
4127,113,12,41.5,2024Q4
4127,114,3,37.7,2025Q1
4128,105,3,27.3,2016Q1
4128,105,6,24.0,2016Q2
4128,105,9,23.75,2016Q3
4128,105,12,23.05,2016Q4
4128,106,3,22.0,2017Q1
4128,106,6,23.9,2017Q2
4128,106,9,21.05,2017Q3
4128,106,12,22.2,2017Q4
4128,107,3,21.45,2018Q1
4128,107,6,20.25,2018Q2
4128,107,9,17.8,2018Q3
4128,107,12,12.6,2018Q4
4128,108,3,15.3,2019Q1
4128,108,6,13.35,2019Q2
4128,108,9,13.9,2019Q3
4128,108,12,14.2,2019Q4
4128,109,3,12.5,2020Q1
4128,109,6,75.0,2020Q2
4128,109,9,84.5,2020Q3
4128,109,12,68.0,2020Q4
4128,110,3,68.6,2021Q1
4128,110,6,61.5,2021Q2
4128,110,9,53.5,2021Q3
4128,110,12,69.3,2021Q4
4128,111,3,61.1,2022Q1
4128,111,6,56.2,2022Q2
4128,111,9,66.3,2022Q3
4128,111,12,62.2,2022Q4
4128,112,3,66.6,2023Q1
4128,112,6,57.8,2023Q2
4128,112,9,48.3,2023Q3
4128,112,12,50.5,2023Q4
4128,113,3,44.7,2024Q1
4128,113,6,41.45,2024Q2
4128,113,9,41.05,2024Q3
4128,113,12,33.0,2024Q4
4128,114,3,26.0,2025Q1
4129,105,3,67.1,2016Q1
4129,105,6,89.4,2016Q2
4129,105,9,74.7,2016Q3
4129,105,12,60.3,2016Q4
4129,106,3,65.0,2017Q1
4129,106,6,70.9,2017Q2
4129,106,9,70.2,2017Q3
4129,106,12,64.2,2017Q4
4129,107,3,68.1,2018Q1
4129,107,6,60.0,2018Q2
4129,107,9,42.0,2018Q3
4129,107,12,44.9,2018Q4
4129,108,3,51.9,2019Q1
4129,108,6,46.8,2019Q2
4129,108,9,45.7,2019Q3
4129,108,12,44.4,2019Q4
4129,109,3,29.65,2020Q1
4129,109,6,37.5,2020Q2
4129,109,9,33.3,2020Q3
4129,109,12,37.0,2020Q4
4129,110,3,33.0,2021Q1
4129,110,6,32.95,2021Q2
4129,110,9,31.0,2021Q3
4129,110,12,31.5,2021Q4
4129,111,3,29.4,2022Q1
4129,111,6,28.45,2022Q2
4129,111,9,30.45,2022Q3
4129,111,12,47.8,2022Q4
4129,112,3,54.0,2023Q1
4129,112,6,73.6,2023Q2
4129,112,9,66.1,2023Q3
4129,112,12,85.1,2023Q4
4129,113,3,98.7,2024Q1
4129,113,6,113.0,2024Q2
4129,113,9,94.6,2024Q3
4129,113,12,92.4,2024Q4
4129,114,3,86.6,2025Q1
4130,105,3,58.1,2016Q1
4130,105,6,45.2,2016Q2
4130,105,9,44.15,2016Q3
4130,105,12,40.2,2016Q4
4130,106,3,40.55,2017Q1
4130,106,6,38.1,2017Q2
4130,106,9,33.85,2017Q3
4130,106,12,34.05,2017Q4
4130,107,3,37.9,2018Q1
4130,107,6,32.85,2018Q2
4130,107,9,34.85,2018Q3
4130,107,12,28.35,2018Q4
4130,108,3,28.9,2019Q1
4130,108,6,28.85,2019Q2
4130,108,9,26.0,2019Q3
4130,108,12,25.05,2019Q4
4130,109,3,28.6,2020Q1
4130,109,6,35.7,2020Q2
4130,109,9,31.4,2020Q3
4130,109,12,29.8,2020Q4
4130,110,3,28.15,2021Q1
4130,110,6,25.5,2021Q2
4130,110,9,23.55,2021Q3
4130,110,12,24.8,2021Q4
4130,111,3,24.95,2022Q1
4130,111,6,26.4,2022Q2
4130,111,9,23.95,2022Q3
4130,111,12,32.5,2022Q4
4130,112,3,26.1,2023Q1
4130,112,6,30.3,2023Q2
4130,112,9,26.4,2023Q3
4130,112,12,26.6,2023Q4
4130,113,3,25.0,2024Q1
4130,113,6,24.8,2024Q2
4130,113,9,23.25,2024Q3
4130,113,12,20.8,2024Q4
4130,114,3,21.2,2025Q1
4131,105,3,9.0,2016Q1
4131,105,6,9.19,2016Q2
4131,105,9,6.25,2016Q3
4131,105,12,5.45,2016Q4
4131,106,3,7.11,2017Q1
4131,106,6,9.7,2017Q2
4131,106,9,10.7,2017Q3
4131,106,12,8.19,2017Q4
4131,107,3,8.11,2018Q1
4131,107,6,8.41,2018Q2
4131,107,9,8.07,2018Q3
4131,108,6,5.79,2019Q2
4131,108,9,5.3,2019Q3
4131,108,12,4.58,2019Q4
4131,109,3,4.77,2020Q1
4131,109,6,7.79,2020Q2
4131,109,9,8.3,2020Q3
4131,109,12,6.39,2020Q4
4131,110,3,6.22,2021Q1
4131,110,6,6.22,2021Q2
4131,110,9,6.1,2021Q3
4131,110,12,6.5,2021Q4
4131,111,3,15.25,2022Q1
4131,111,6,18.0,2022Q2
4131,111,9,24.05,2022Q3
4131,112,3,25.05,2023Q1
4131,112,6,28.1,2023Q2
4131,112,9,22.5,2023Q3
4131,112,12,22.0,2023Q4
4131,113,3,31.3,2024Q1
4131,113,6,31.3,2024Q2
4131,113,9,30.5,2024Q3
4131,113,12,32.0,2024Q4
4131,114,3,34.2,2025Q1
4138,105,3,64.3,2016Q1
4138,105,6,63.4,2016Q2
4138,105,9,57.8,2016Q3
4138,105,12,53.5,2016Q4
4138,106,3,58.4,2017Q1
4138,106,6,57.1,2017Q2
4138,106,9,50.6,2017Q3
4138,106,12,50.7,2017Q4
4138,107,3,57.5,2018Q1
4138,107,6,55.1,2018Q2
4138,107,9,50.9,2018Q3
4138,107,12,46.6,2018Q4
4138,108,3,50.1,2019Q1
4138,108,6,50.1,2019Q2
4138,108,9,47.6,2019Q3
4138,108,12,50.0,2019Q4
4138,109,3,44.0,2020Q1
4138,109,6,52.3,2020Q2
4138,109,9,47.35,2020Q3
4138,109,12,49.1,2020Q4
4138,110,3,53.3,2021Q1
4138,110,6,54.8,2021Q2
4138,110,9,50.2,2021Q3
4138,110,12,53.3,2021Q4
4138,111,3,56.9,2022Q1
4138,111,6,57.8,2022Q2
4138,111,9,56.2,2022Q3
4138,111,12,63.8,2022Q4
4138,112,3,74.1,2023Q1
4138,112,6,134.0,2023Q2
4138,112,9,110.0,2023Q3
4138,112,12,110.0,2023Q4
4138,113,3,135.0,2024Q1
4138,113,6,109.5,2024Q2
4138,113,9,93.4,2024Q3
4138,113,12,92.3,2024Q4
4138,114,3,90.8,2025Q1
4139,105,3,60.0,2016Q1
4139,105,6,49.6,2016Q2
4139,105,9,37.0,2016Q3
4139,105,12,31.05,2016Q4
4139,106,3,41.0,2017Q1
4139,106,6,59.5,2017Q2
4139,106,9,53.7,2017Q3
4139,106,12,57.4,2017Q4
4139,107,3,69.8,2018Q1
4139,107,6,68.6,2018Q2
4139,107,9,51.7,2018Q3
4139,107,12,49.55,2018Q4
4139,108,3,41.2,2019Q1
4139,108,6,40.85,2019Q2
4139,108,9,39.25,2019Q3
4139,108,12,39.6,2019Q4
4139,109,3,36.5,2020Q1
4139,109,6,55.2,2020Q2
4139,109,9,54.1,2020Q3
4139,109,12,59.1,2020Q4
4139,110,3,54.9,2021Q1
4139,110,6,53.2,2021Q2
4139,110,9,49.25,2021Q3
4139,110,12,43.4,2021Q4
4139,111,3,46.45,2022Q1
4139,111,6,44.15,2022Q2
4139,111,9,50.4,2022Q3
4139,111,12,42.3,2022Q4
4139,112,3,37.45,2023Q1
4139,112,6,35.9,2023Q2
4139,112,9,40.1,2023Q3
4139,112,12,34.8,2023Q4
4139,113,3,29.95,2024Q1
4139,113,6,29.95,2024Q2
4139,113,9,32.5,2024Q3
4139,113,12,32.3,2024Q4
4139,114,3,28.25,2025Q1
4147,105,3,217.0,2016Q1
4147,105,6,215.5,2016Q2
4147,105,9,218.0,2016Q3
4147,105,12,166.5,2016Q4
4147,106,3,178.0,2017Q1
4147,106,6,184.5,2017Q2
4147,106,9,200.0,2017Q3
4147,106,12,185.0,2017Q4
4147,107,3,249.0,2018Q1
4147,107,6,312.0,2018Q2
4147,107,9,188.5,2018Q3
4147,107,12,165.5,2018Q4
4147,108,3,168.0,2019Q1
4147,108,6,159.0,2019Q2
4147,108,9,149.0,2019Q3
4147,108,12,99.1,2019Q4
4147,109,3,67.6,2020Q1
4147,109,6,89.8,2020Q2
4147,109,9,92.0,2020Q3
4147,109,12,84.1,2020Q4
4147,110,3,77.7,2021Q1
4147,110,6,66.3,2021Q2
4147,110,9,79.4,2021Q3
4147,110,12,70.6,2021Q4
4147,111,3,63.1,2022Q1
4147,111,6,62.0,2022Q2
4147,111,9,63.9,2022Q3
4147,111,12,70.7,2022Q4
4147,112,3,92.1,2023Q1
4147,112,6,106.0,2023Q2
4147,112,9,88.3,2023Q3
4147,112,12,82.0,2023Q4
4147,113,3,87.5,2024Q1
4147,113,6,89.3,2024Q2
4147,113,9,79.7,2024Q3
4147,113,12,86.0,2024Q4
4147,114,3,88.0,2025Q1
4153,105,3,74.0,2016Q1
4153,105,6,61.0,2016Q2
4153,105,9,43.85,2016Q3
4153,105,12,35.5,2016Q4
4153,106,3,37.1,2017Q1
4153,106,6,34.25,2017Q2
4153,106,9,27.75,2017Q3
4153,106,12,31.95,2017Q4
4153,107,3,41.0,2018Q1
4153,107,6,34.75,2018Q2
4153,107,9,32.55,2018Q3
4153,107,12,31.2,2018Q4
4153,108,3,38.2,2019Q1
4153,108,6,36.55,2019Q2
4153,108,9,32.5,2019Q3
4153,108,12,29.55,2019Q4
4153,109,3,23.5,2020Q1
4153,109,6,31.5,2020Q2
4153,109,9,26.1,2020Q3
4153,109,12,24.8,2020Q4
4153,110,3,24.75,2021Q1
4153,110,6,23.3,2021Q2
4153,110,9,29.0,2021Q3
4153,110,12,26.8,2021Q4
4153,111,3,24.65,2022Q1
4153,111,6,27.7,2022Q2
4153,111,9,29.5,2022Q3
4153,111,12,40.55,2022Q4
4153,112,3,46.55,2023Q1
4153,112,6,42.0,2023Q2
4153,112,9,33.5,2023Q3
4153,112,12,36.8,2023Q4
4153,113,3,39.25,2024Q1
4153,113,6,48.65,2024Q2
4153,113,9,49.1,2024Q3
4153,113,12,38.25,2024Q4
4153,114,3,38.15,2025Q1
4154,105,3,21.35,2016Q1
4154,105,6,26.3,2016Q2
4154,105,9,20.8,2016Q3
4154,105,12,19.95,2016Q4
4154,106,3,20.1,2017Q1
4154,106,6,28.1,2017Q2
4154,106,9,28.6,2017Q3
4154,106,12,22.55,2017Q4
4154,107,3,24.1,2018Q1
4154,107,6,22.45,2018Q2
4154,107,9,23.35,2018Q3
4154,108,3,23.95,2019Q1
4154,108,6,22.3,2019Q2
4154,108,9,31.3,2019Q3
4154,108,12,29.15,2019Q4
4154,109,3,26.3,2020Q1
4154,109,6,33.9,2020Q2
4154,109,9,32.35,2020Q3
4154,109,12,26.6,2020Q4
4154,110,3,28.65,2021Q1
4154,110,6,26.25,2021Q2
4154,110,9,49.5,2021Q3
4154,110,12,53.5,2021Q4
4154,111,3,40.7,2022Q1
4154,111,6,45.4,2022Q2
4154,111,9,45.8,2022Q3
4154,111,12,40.0,2022Q4
4154,112,3,34.1,2023Q1
4154,112,6,25.4,2023Q2
4154,112,9,14.7,2023Q3
4154,112,12,15.25,2023Q4
4154,113,3,13.5,2024Q1
4154,113,6,14.05,2024Q2
4154,113,9,19.95,2024Q3
4154,113,12,14.85,2024Q4
4154,114,3,19.2,2025Q1
4157,105,3,27.85,2016Q1
4157,105,6,28.5,2016Q2
4157,105,9,29.15,2016Q3
4157,105,12,27.2,2016Q4
4157,106,3,26.3,2017Q1
4157,106,6,23.45,2017Q2
4157,106,9,20.95,2017Q3
4157,106,12,21.7,2017Q4
4157,107,3,23.75,2018Q1
4157,107,6,21.35,2018Q2
4157,107,9,20.45,2018Q3
4157,107,12,17.0,2018Q4
4157,108,3,17.55,2019Q1
4157,108,6,17.15,2019Q2
4157,108,9,17.3,2019Q3
4157,108,12,18.4,2019Q4
4157,109,3,11.35,2020Q1
4157,109,6,24.95,2020Q2
4157,109,9,21.85,2020Q3
4157,109,12,22.85,2020Q4
4157,110,3,25.3,2021Q1
4157,110,6,18.95,2021Q2
4157,110,9,17.3,2021Q3
4157,110,12,15.4,2021Q4
4157,111,3,17.0,2022Q1
4157,111,6,17.0,2022Q2
4157,111,9,15.25,2022Q3
4157,111,12,16.05,2022Q4
4157,112,3,15.0,2023Q1
4157,112,6,17.85,2023Q2
4157,112,9,14.45,2023Q3
4157,112,12,15.2,2023Q4
4157,113,3,15.45,2024Q1
4157,113,6,15.15,2024Q2
4157,113,9,14.95,2024Q3
4157,113,12,11.45,2024Q4
4157,114,3,10.6,2025Q1
4160,105,3,28.3,2016Q1
4160,105,6,27.8,2016Q2
4160,105,9,29.8,2016Q3
4160,105,12,28.5,2016Q4
4160,106,3,26.2,2017Q1
4160,106,6,27.4,2017Q2
4160,106,9,28.1,2017Q3
4160,106,12,28.7,2017Q4
4160,107,3,27.55,2018Q1
4160,107,6,30.75,2018Q2
4160,107,9,28.25,2018Q3
4160,107,12,27.6,2018Q4
4160,108,3,27.5,2019Q1
4160,108,6,27.0,2019Q2
4160,108,9,30.8,2019Q3
4160,108,12,28.25,2019Q4
4160,109,3,22.5,2020Q1
4160,109,6,30.15,2020Q2
4160,109,9,25.05,2020Q3
4160,109,12,24.7,2020Q4
4160,110,3,24.4,2021Q1
4160,110,6,24.9,2021Q2
4160,110,9,24.5,2021Q3
4160,110,12,24.8,2021Q4
4160,111,3,24.4,2022Q1
4160,111,6,24.2,2022Q2
4160,111,9,24.05,2022Q3
4160,111,12,27.4,2022Q4
4160,112,3,28.9,2023Q1
4160,112,6,39.65,2023Q2
4160,112,9,40.2,2023Q3
4160,112,12,38.9,2023Q4
4160,113,3,42.3,2024Q1
4160,113,6,120.0,2024Q2
4160,113,9,91.9,2024Q3
4160,113,12,68.6,2024Q4
4160,114,3,64.5,2025Q1
4161,105,3,63.5,2016Q1
4161,105,6,61.2,2016Q2
4161,105,9,60.4,2016Q3
4161,105,12,59.0,2016Q4
4161,106,3,56.5,2017Q1
4161,106,6,55.0,2017Q2
4161,106,9,49.05,2017Q3
4161,106,12,45.8,2017Q4
4161,107,3,41.4,2018Q1
4161,107,6,41.45,2018Q2
4161,107,9,35.2,2018Q3
4161,107,12,32.3,2018Q4
4161,108,3,29.9,2019Q1
4161,108,6,27.3,2019Q2
4161,108,9,29.9,2019Q3
4161,108,12,34.2,2019Q4
4161,109,3,28.3,2020Q1
4161,109,6,32.4,2020Q2
4161,109,9,25.4,2020Q3
4161,109,12,26.45,2020Q4
4161,110,3,25.9,2021Q1
4161,110,6,26.25,2021Q2
4161,110,9,25.9,2021Q3
4161,110,12,27.9,2021Q4
4161,111,3,25.4,2022Q1
4161,111,6,24.25,2022Q2
4161,111,9,25.05,2022Q3
4161,111,12,28.2,2022Q4
4161,112,3,29.35,2023Q1
4161,112,6,40.5,2023Q2
4161,112,9,29.85,2023Q3
4161,112,12,32.15,2023Q4
4161,113,3,35.9,2024Q1
4161,113,6,35.25,2024Q2
4161,113,9,36.85,2024Q3
4161,113,12,30.75,2024Q4
4161,114,3,34.1,2025Q1
4162,105,3,248.0,2016Q1
4162,105,6,220.5,2016Q2
4162,105,9,239.5,2016Q3
4162,105,12,181.5,2016Q4
4162,106,3,203.0,2017Q1
4162,106,6,199.5,2017Q2
4162,106,9,163.0,2017Q3
4162,106,12,152.5,2017Q4
4162,107,3,143.5,2018Q1
4162,107,6,143.5,2018Q2
4162,107,9,129.0,2018Q3
4162,107,12,113.0,2018Q4
4162,108,3,107.5,2019Q1
4162,108,6,89.8,2019Q2
4162,108,9,78.1,2019Q3
4162,108,12,68.5,2019Q4
4162,109,3,43.05,2020Q1
4162,109,6,80.0,2020Q2
4162,109,9,61.0,2020Q3
4162,109,12,57.9,2020Q4
4162,110,3,72.3,2021Q1
4162,110,6,65.0,2021Q2
4162,110,9,55.4,2021Q3
4162,110,12,72.6,2021Q4
4162,111,3,89.6,2022Q1
4162,111,6,88.1,2022Q2
4162,111,9,118.0,2022Q3
4162,111,12,125.0,2022Q4
4162,112,3,108.0,2023Q1
4162,112,6,97.5,2023Q2
4162,112,9,86.8,2023Q3
4162,112,12,105.5,2023Q4
4162,113,3,99.2,2024Q1
4162,113,6,97.5,2024Q2
4162,113,9,89.5,2024Q3
4162,113,12,90.3,2024Q4
4162,114,3,96.2,2025Q1
4163,105,3,166.5,2016Q1
4163,105,6,174.5,2016Q2
4163,105,9,162.5,2016Q3
4163,105,12,152.0,2016Q4
4163,106,3,139.5,2017Q1
4163,106,6,121.0,2017Q2
4163,106,9,96.6,2017Q3
4163,106,12,109.0,2017Q4
4163,107,3,102.5,2018Q1
4163,107,6,103.0,2018Q2
4163,107,9,92.8,2018Q3
4163,107,12,86.7,2018Q4
4163,108,3,108.0,2019Q1
4163,108,6,120.5,2019Q2
4163,108,9,140.5,2019Q3
4163,108,12,133.5,2019Q4
4163,109,3,109.5,2020Q1
4163,109,6,132.0,2020Q2
4163,109,9,96.9,2020Q3
4163,109,12,98.7,2020Q4
4163,110,3,91.7,2021Q1
4163,110,6,89.9,2021Q2
4163,110,9,86.6,2021Q3
4163,110,12,86.3,2021Q4
4163,111,3,81.0,2022Q1
4163,111,6,86.5,2022Q2
4163,111,9,94.0,2022Q3
4163,111,12,106.0,2022Q4
4163,112,3,126.0,2023Q1
4163,112,6,136.0,2023Q2
4163,112,9,122.5,2023Q3
4163,112,12,129.5,2023Q4
4163,113,3,123.5,2024Q1
4163,113,6,123.0,2024Q2
4163,113,9,112.0,2024Q3
4163,113,12,114.0,2024Q4
4163,114,3,106.5,2025Q1
4167,105,3,22.55,2016Q1
4167,105,6,27.4,2016Q2
4167,105,9,26.85,2016Q3
4167,105,12,27.5,2016Q4
4167,106,3,25.9,2017Q1
4167,106,6,23.9,2017Q2
4167,106,9,26.55,2017Q3
4167,106,12,28.0,2017Q4
4167,107,3,26.25,2018Q1
4167,107,6,25.1,2018Q2
4167,107,9,18.85,2018Q3
4167,107,12,16.7,2018Q4
4167,108,3,21.85,2019Q1
4167,108,6,19.05,2019Q2
4167,108,9,20.5,2019Q3
4167,108,12,21.95,2019Q4
4167,109,3,21.0,2020Q1
4167,109,6,41.65,2020Q2
4167,109,9,32.95,2020Q3
4167,109,12,34.65,2020Q4
4167,110,3,29.8,2021Q1
4167,110,6,27.0,2021Q2
4167,110,9,20.45,2021Q3
4167,110,12,19.1,2021Q4
4167,111,3,18.2,2022Q1
4167,111,6,17.6,2022Q2
4167,111,9,17.8,2022Q3
4167,111,12,24.8,2022Q4
4167,112,3,18.9,2023Q1
4167,112,6,18.5,2023Q2
4167,112,9,17.5,2023Q3
4167,112,12,22.45,2023Q4
4167,113,3,19.55,2024Q1
4167,113,6,25.5,2024Q2
4167,113,9,21.4,2024Q3
4167,113,12,20.4,2024Q4
4167,114,3,19.2,2025Q1
4168,105,3,45.3,2016Q1
4168,105,6,39.55,2016Q2
4168,105,9,37.75,2016Q3
4168,105,12,32.95,2016Q4
4168,106,3,29.3,2017Q1
4168,106,6,28.95,2017Q2
4168,106,9,24.35,2017Q3
4168,106,12,22.85,2017Q4
4168,107,3,38.35,2018Q1
4168,107,6,29.15,2018Q2
4168,107,9,28.2,2018Q3
4168,107,12,23.1,2018Q4
4168,108,3,23.1,2019Q1
4168,108,6,22.9,2019Q2
4168,108,9,20.75,2019Q3
4168,108,12,20.35,2019Q4
4168,109,3,11.55,2020Q1
4168,109,6,29.55,2020Q2
4168,109,9,26.0,2020Q3
4168,109,12,28.7,2020Q4
4168,110,3,30.8,2021Q1
4168,110,6,33.05,2021Q2
4168,110,9,25.45,2021Q3
4168,110,12,29.6,2021Q4
4168,111,3,29.75,2022Q1
4168,111,6,27.65,2022Q2
4168,111,9,34.45,2022Q3
4168,111,12,30.45,2022Q4
4168,112,3,31.15,2023Q1
4168,112,6,31.85,2023Q2
4168,112,9,27.7,2023Q3
4168,112,12,29.75,2023Q4
4168,113,3,25.0,2024Q1
4168,113,6,30.1,2024Q2
4168,113,9,25.5,2024Q3
4168,113,12,25.05,2024Q4
4168,114,3,20.75,2025Q1
4171,105,3,34.25,2016Q1
4171,105,6,30.5,2016Q2
4171,105,9,26.0,2016Q3
4171,105,12,20.0,2016Q4
4171,106,3,22.1,2017Q1
4171,106,6,23.75,2017Q2
4171,106,9,20.05,2017Q3
4171,106,12,19.6,2017Q4
4171,107,3,18.85,2018Q1
4171,107,6,19.35,2018Q2
4171,107,9,29.2,2018Q3
4171,107,12,38.6,2018Q4
4171,108,3,39.8,2019Q1
4171,108,6,38.75,2019Q2
4171,108,9,41.6,2019Q3
4171,108,12,67.5,2019Q4
4171,109,3,77.8,2020Q1
4171,109,6,388.0,2020Q2
4171,109,9,181.0,2020Q3
4171,109,12,129.5,2020Q4
4171,110,3,116.5,2021Q1
4171,110,6,134.5,2021Q2
4171,110,9,103.0,2021Q3
4171,110,12,90.8,2021Q4
4171,111,3,99.4,2022Q1
4171,111,6,87.4,2022Q2
4171,111,9,53.1,2022Q3
4171,111,12,66.0,2022Q4
4171,112,3,60.6,2023Q1
4171,112,6,53.4,2023Q2
4171,112,9,33.95,2023Q3
4171,112,12,39.45,2023Q4
4171,113,3,33.65,2024Q1
4171,113,6,36.65,2024Q2
4171,113,9,31.4,2024Q3
4171,113,12,28.65,2024Q4
4171,114,3,23.1,2025Q1
4173,105,3,24.2,2016Q1
4173,105,6,21.25,2016Q2
4173,105,9,20.0,2016Q3
4173,105,12,18.65,2016Q4
4173,106,3,20.45,2017Q1
4173,106,6,22.4,2017Q2
4173,106,9,19.2,2017Q3
4173,106,12,20.25,2017Q4
4173,107,3,19.45,2018Q1
4173,107,6,18.75,2018Q2
4173,107,9,18.65,2018Q3
4173,107,12,15.5,2018Q4
4173,108,3,16.85,2019Q1
4173,108,6,17.25,2019Q2
4173,108,9,20.2,2019Q3
4173,108,12,20.05,2019Q4
4173,109,3,17.55,2020Q1
4173,109,6,24.55,2020Q2
4173,109,9,22.7,2020Q3
4173,109,12,25.1,2020Q4
4173,110,3,22.8,2021Q1
4173,110,6,23.8,2021Q2
4173,110,9,18.9,2021Q3
4173,110,12,18.0,2021Q4
4173,111,3,17.5,2022Q1
4173,111,6,17.3,2022Q2
4173,111,9,17.9,2022Q3
4173,111,12,19.35,2022Q4
4173,112,3,19.4,2023Q1
4173,112,6,23.95,2023Q2
4173,112,9,23.1,2023Q3
4173,112,12,21.95,2023Q4
4173,113,3,22.85,2024Q1
4173,113,6,21.8,2024Q2
4173,113,9,21.25,2024Q3
4173,113,12,22.0,2024Q4
4173,114,3,24.65,2025Q1
4174,105,3,395.0,2016Q1
4174,105,6,510.0,2016Q2
4174,105,9,390.5,2016Q3
4174,105,12,285.0,2016Q4
4174,106,3,273.0,2017Q1
4174,106,6,241.0,2017Q2
4174,106,9,173.0,2017Q3
4174,106,12,150.5,2017Q4
4174,107,3,182.0,2018Q1
4174,107,6,156.0,2018Q2
4174,107,9,145.5,2018Q3
4174,107,12,156.5,2018Q4
4174,108,3,169.0,2019Q1
4174,108,6,165.0,2019Q2
4174,108,9,139.5,2019Q3
4174,108,12,132.0,2019Q4
4174,109,3,69.4,2020Q1
4174,109,6,116.0,2020Q2
4174,109,9,112.0,2020Q3
4174,109,12,139.0,2020Q4
4174,110,3,150.0,2021Q1
4174,110,6,113.5,2021Q2
4174,110,9,104.0,2021Q3
4174,110,12,114.0,2021Q4
4174,111,3,111.0,2022Q1
4174,111,6,97.5,2022Q2
4174,111,9,71.5,2022Q3
4174,111,12,69.1,2022Q4
4174,112,3,81.4,2023Q1
4174,112,6,97.2,2023Q2
4174,112,9,81.5,2023Q3
4174,112,12,69.4,2023Q4
4174,113,3,62.7,2024Q1
4174,113,6,60.8,2024Q2
4174,113,9,76.0,2024Q3
4174,113,12,58.5,2024Q4
4174,114,3,58.4,2025Q1
4175,105,3,90.5,2016Q1
4175,105,6,88.0,2016Q2
4175,105,9,83.7,2016Q3
4175,105,12,78.2,2016Q4
4175,106,3,76.0,2017Q1
4175,106,6,73.9,2017Q2
4175,106,9,65.5,2017Q3
4175,106,12,61.4,2017Q4
4175,107,3,65.5,2018Q1
4175,107,6,66.0,2018Q2
4175,107,9,57.9,2018Q3
4175,107,12,54.5,2018Q4
4175,108,3,65.0,2019Q1
4175,108,6,70.0,2019Q2
4175,108,9,72.6,2019Q3
4175,108,12,72.3,2019Q4
4175,109,3,63.8,2020Q1
4175,109,6,75.2,2020Q2
4175,109,9,69.0,2020Q3
4175,109,12,70.0,2020Q4
4175,110,3,71.6,2021Q1
4175,110,6,73.3,2021Q2
4175,110,9,84.0,2021Q3
4175,110,12,69.3,2021Q4
4175,111,3,67.9,2022Q1
4175,111,6,70.4,2022Q2
4175,111,9,70.0,2022Q3
4175,111,12,78.0,2022Q4
4175,112,3,93.9,2023Q1
4175,112,6,125.0,2023Q2
4175,112,9,89.0,2023Q3
4175,112,12,86.3,2023Q4
4175,113,3,79.3,2024Q1
4175,113,6,74.2,2024Q2
4175,113,9,70.8,2024Q3
4175,113,12,65.5,2024Q4
4175,114,3,62.8,2025Q1
4188,105,3,37.55,2016Q1
4188,105,6,33.1,2016Q2
4188,105,9,31.05,2016Q3
4188,105,12,30.6,2016Q4
4188,106,3,28.0,2017Q1
4188,106,6,30.35,2017Q2
4188,106,9,31.95,2017Q3
4188,106,12,28.0,2017Q4
4188,107,3,30.85,2018Q1
4188,107,6,31.8,2018Q2
4188,107,9,29.3,2018Q3
4188,107,12,27.4,2018Q4
4188,108,3,27.05,2019Q1
4188,108,6,24.85,2019Q2
4188,108,9,24.15,2019Q3
4188,108,12,24.2,2019Q4
4188,109,3,11.85,2020Q1
4188,109,6,29.5,2020Q2
4188,109,9,19.85,2020Q3
4188,109,12,19.3,2020Q4
4188,110,3,19.15,2021Q1
4188,110,6,17.2,2021Q2
4188,110,9,18.55,2021Q3
4188,110,12,19.35,2021Q4
4188,111,3,17.85,2022Q1
4188,111,6,16.0,2022Q2
4188,111,9,15.8,2022Q3
4188,111,12,15.95,2022Q4
4188,112,3,15.9,2023Q1
4188,112,6,18.35,2023Q2
4188,112,9,21.0,2023Q3
4188,112,12,26.7,2023Q4
4188,113,3,29.5,2024Q1
4188,113,6,27.6,2024Q2
4188,113,9,22.7,2024Q3
4188,113,12,22.35,2024Q4
4188,114,3,16.55,2025Q1
4192,105,3,42.65,2016Q1
4192,105,6,33.65,2016Q2
4192,105,9,30.1,2016Q3
4192,105,12,29.1,2016Q4
4192,106,3,26.65,2017Q1
4192,106,6,29.7,2017Q2
4192,106,9,26.75,2017Q3
4192,106,12,28.4,2017Q4
4192,107,3,30.9,2018Q1
4192,107,6,25.85,2018Q2
4192,107,9,25.6,2018Q3
4192,107,12,24.65,2018Q4
4192,108,3,28.35,2019Q1
4192,108,6,28.0,2019Q2
4192,108,9,30.9,2019Q3
4192,108,12,30.0,2019Q4
4192,109,3,21.2,2020Q1
4192,109,6,73.0,2020Q2
4192,109,9,59.6,2020Q3
4192,109,12,46.7,2020Q4
4192,110,3,55.4,2021Q1
4192,110,6,49.35,2021Q2
4192,110,9,132.0,2021Q3
4192,110,12,31.75,2021Q4
4192,111,3,37.8,2022Q1
4192,111,6,28.9,2022Q2
4192,111,9,27.9,2022Q3
4192,111,12,25.4,2022Q4
4192,112,3,19.75,2023Q1
4192,112,6,17.8,2023Q2
4192,112,9,45.0,2023Q3
4192,112,12,38.4,2023Q4
4192,113,3,38.4,2024Q1
4192,113,6,47.0,2024Q2
4192,113,9,38.7,2024Q3
4192,113,12,34.85,2024Q4
4192,114,3,32.8,2025Q1
4198,105,3,30.0,2016Q1
4198,105,6,25.4,2016Q2
4198,105,9,19.15,2016Q3
4198,105,12,28.1,2016Q4
4198,106,3,22.3,2017Q1
4198,106,6,20.5,2017Q2
4198,106,9,11.7,2017Q3
4198,106,12,9.49,2017Q4
4198,107,3,7.78,2018Q1
4198,107,6,6.17,2018Q2
4198,107,9,12.6,2018Q3
4198,107,12,7.24,2018Q4
4198,108,3,6.36,2019Q1
4198,108,6,4.8,2019Q2
4198,108,9,4.55,2019Q3
4198,108,12,3.7,2019Q4
4198,109,3,3.01,2020Q1
4198,109,6,4.88,2020Q2
4198,109,9,14.1,2020Q3
4198,109,12,8.42,2020Q4
4198,110,3,7.8,2021Q1
4198,110,6,5.9,2021Q2
4198,110,9,6.7,2021Q3
4198,110,12,6.24,2021Q4
4198,111,3,5.0,2022Q1
4198,111,6,4.75,2022Q2
4198,111,9,27.6,2022Q3
4198,111,12,26.5,2022Q4
4198,112,3,26.65,2023Q1
4198,112,6,23.55,2023Q2
4198,112,9,25.05,2023Q3
4198,112,12,25.55,2023Q4
4198,113,3,38.55,2024Q1
4198,113,6,47.6,2024Q2
4198,113,9,37.5,2024Q3
4198,113,12,32.0,2024Q4
4198,114,3,31.2,2025Q1
4205,105,3,40.75,2016Q1
4205,105,6,42.0,2016Q2
4205,105,9,44.5,2016Q3
4205,105,12,50.0,2016Q4
4205,106,3,59.5,2017Q1
4205,106,6,59.8,2017Q2
4205,106,9,64.5,2017Q3
4205,106,12,63.5,2017Q4
4205,107,3,66.1,2018Q1
4205,107,6,69.5,2018Q2
4205,107,9,68.4,2018Q3
4205,107,12,67.6,2018Q4
4205,108,3,70.0,2019Q1
4205,108,6,74.5,2019Q2
4205,108,9,80.3,2019Q3
4205,108,12,89.5,2019Q4
4205,109,3,78.6,2020Q1
4205,109,6,89.9,2020Q2
4205,109,9,89.1,2020Q3
4205,109,12,98.7,2020Q4
4205,110,3,110.0,2021Q1
4205,110,6,124.0,2021Q2
4205,110,9,137.0,2021Q3
4205,110,12,130.5,2021Q4
4205,111,3,123.0,2022Q1
4205,111,6,102.5,2022Q2
4205,111,9,100.0,2022Q3
4205,111,12,101.0,2022Q4
4205,112,3,106.0,2023Q1
4205,112,6,104.5,2023Q2
4205,112,9,100.0,2023Q3
4205,112,12,99.5,2023Q4
4205,113,3,97.2,2024Q1
4205,113,6,93.7,2024Q2
4205,113,9,90.1,2024Q3
4205,113,12,87.7,2024Q4
4205,114,3,90.8,2025Q1
4207,105,3,9.61,2016Q1
4207,105,6,11.8,2016Q2
4207,105,9,12.45,2016Q3
4207,105,12,11.05,2016Q4
4207,106,3,11.7,2017Q1
4207,106,6,11.65,2017Q2
4207,106,9,11.3,2017Q3
4207,106,12,12.7,2017Q4
4207,107,3,13.8,2018Q1
4207,107,6,13.3,2018Q2
4207,107,9,12.9,2018Q3
4207,107,12,11.95,2018Q4
4207,108,3,12.45,2019Q1
4207,108,6,12.1,2019Q2
4207,108,9,10.35,2019Q3
4207,108,12,9.99,2019Q4
4207,109,3,9.2,2020Q1
4207,109,6,10.95,2020Q2
4207,109,9,11.55,2020Q3
4207,109,12,11.95,2020Q4
4207,110,3,12.5,2021Q1
4207,110,6,13.35,2021Q2
4207,110,9,14.3,2021Q3
4207,110,12,13.8,2021Q4
4207,111,3,14.7,2022Q1
4207,111,6,14.15,2022Q2
4207,111,9,12.05,2022Q3
4207,111,12,13.0,2022Q4
4207,112,3,14.25,2023Q1
4207,112,6,16.95,2023Q2
4207,112,9,17.1,2023Q3
4207,112,12,17.05,2023Q4
4207,113,3,18.25,2024Q1
4207,113,6,17.7,2024Q2
4207,113,9,17.25,2024Q3
4207,113,12,16.1,2024Q4
4207,114,3,16.7,2025Q1
4303,105,3,13.3,2016Q1
4303,105,6,13.95,2016Q2
4303,105,9,14.2,2016Q3
4303,105,12,19.65,2016Q4
4303,106,3,29.55,2017Q1
4303,106,6,31.85,2017Q2
4303,106,9,37.3,2017Q3
4303,106,12,130.5,2017Q4
4303,107,3,193.5,2018Q1
4303,107,6,158.0,2018Q2
4303,107,9,26.55,2018Q3
4303,107,12,23.5,2018Q4
4303,108,3,22.85,2019Q1
4303,108,6,23.35,2019Q2
4303,108,9,21.95,2019Q3
4303,108,12,21.85,2019Q4
4303,109,3,18.85,2020Q1
4303,109,6,20.8,2020Q2
4303,109,9,25.35,2020Q3
4303,109,12,24.2,2020Q4
4303,110,3,20.7,2021Q1
4303,110,6,18.65,2021Q2
4303,110,9,16.6,2021Q3
4303,110,12,27.15,2021Q4
4303,111,3,24.1,2022Q1
4303,111,6,22.2,2022Q2
4303,111,9,17.5,2022Q3
4303,111,12,15.3,2022Q4
4303,112,3,17.7,2023Q1
4303,112,6,17.45,2023Q2
4303,112,9,19.1,2023Q3
4303,112,12,21.55,2023Q4
4303,113,3,53.0,2024Q1
4303,113,6,43.75,2024Q2
4303,113,9,44.9,2024Q3
4303,113,12,52.1,2024Q4
4303,114,3,81.0,2025Q1
4304,105,3,9.56,2016Q1
4304,105,6,9.48,2016Q2
4304,105,12,8.3,2016Q4
4304,106,3,8.0,2017Q1
4304,106,6,6.55,2017Q2
4304,106,9,6.03,2017Q3
4304,106,12,4.78,2017Q4
4304,107,3,7.55,2018Q1
4304,107,6,6.0,2018Q2
4304,107,9,6.95,2018Q3
4304,107,12,5.18,2018Q4
4304,108,3,6.48,2019Q1
4304,108,6,13.35,2019Q2
4304,108,9,12.3,2019Q3
4304,108,12,7.0,2019Q4
4304,109,3,4.72,2020Q1
4304,109,6,5.17,2020Q2
4304,109,9,4.67,2020Q3
4304,110,3,4.75,2021Q1
4304,110,6,6.2,2021Q2
4304,110,12,10.2,2021Q4
4304,111,3,15.0,2022Q1
4304,111,6,8.16,2022Q2
4304,111,9,10.25,2022Q3
4304,111,12,9.6,2022Q4
4304,112,3,9.9,2023Q1
4304,112,6,9.54,2023Q2
4304,112,9,8.7,2023Q3
4304,112,12,8.0,2023Q4
4304,113,3,7.87,2024Q1
4304,113,6,8.77,2024Q2
4304,113,9,11.75,2024Q3
4304,113,12,9.12,2024Q4
4304,114,3,8.2,2025Q1
4305,105,3,28.35,2016Q1
4305,105,6,31.0,2016Q2
4305,105,9,29.8,2016Q3
4305,105,12,29.6,2016Q4
4305,106,3,33.45,2017Q1
4305,106,6,32.85,2017Q2
4305,106,9,31.65,2017Q3
4305,106,12,30.9,2017Q4
4305,107,3,32.95,2018Q1
4305,107,6,34.4,2018Q2
4305,107,9,35.0,2018Q3
4305,107,12,33.2,2018Q4
4305,108,3,36.5,2019Q1
4305,108,6,38.4,2019Q2
4305,108,9,37.5,2019Q3
4305,108,12,37.0,2019Q4
4305,109,3,31.2,2020Q1
4305,109,6,34.0,2020Q2
4305,109,12,32.1,2020Q4
4305,110,3,33.15,2021Q1
4305,110,6,33.35,2021Q2
4305,110,9,32.0,2021Q3
4305,110,12,32.1,2021Q4
4305,111,3,32.0,2022Q1
4305,111,6,29.9,2022Q2
4305,111,9,29.6,2022Q3
4305,111,12,30.35,2022Q4
4305,112,3,31.5,2023Q1
4305,112,6,33.8,2023Q2
4305,112,9,33.3,2023Q3
4305,112,12,41.1,2023Q4
4305,113,3,39.95,2024Q1
4305,113,6,48.15,2024Q2
4305,113,9,47.15,2024Q3
4305,113,12,41.7,2024Q4
4305,114,3,44.75,2025Q1
4401,105,3,89.6,2016Q1
4401,105,6,90.0,2016Q2
4401,105,9,91.4,2016Q3
4401,105,12,83.5,2016Q4
4401,106,3,81.0,2017Q1
4401,106,6,95.0,2017Q2
4401,106,9,82.1,2017Q3
4401,106,12,71.8,2017Q4
4401,107,3,70.5,2018Q1
4401,107,6,50.0,2018Q2
4401,107,9,47.7,2018Q3
4401,107,12,38.4,2018Q4
4401,108,3,37.65,2019Q1
4401,108,6,50.5,2019Q2
4401,108,9,41.85,2019Q3
4401,108,12,40.7,2019Q4
4401,109,3,22.65,2020Q1
4401,109,6,27.55,2020Q2
4401,109,9,24.15,2020Q3
4401,109,12,28.9,2020Q4
4401,110,3,38.1,2021Q1
4401,110,6,42.05,2021Q2
4401,110,9,35.95,2021Q3
4401,110,12,35.8,2021Q4
4401,111,3,33.8,2022Q1
4401,111,6,28.5,2022Q2
4401,111,9,26.75,2022Q3
4401,111,12,26.2,2022Q4
4401,112,3,26.65,2023Q1
4401,112,6,26.05,2023Q2
4401,112,9,18.95,2023Q3
4401,112,12,24.6,2023Q4
4401,113,3,25.7,2024Q1
4401,113,6,24.95,2024Q2
4401,113,9,25.6,2024Q3
4401,113,12,20.15,2024Q4
4401,114,3,19.95,2025Q1
4402,105,3,4.21,2016Q1
4402,105,6,4.3,2016Q2
4402,105,9,5.7,2016Q3
4402,105,12,4.5,2016Q4
4402,106,3,4.46,2017Q1
4402,106,6,13.0,2017Q2
4402,106,9,18.0,2017Q3
4402,106,12,12.35,2017Q4
4402,107,3,13.15,2018Q1
4402,107,6,8.52,2018Q2
4402,107,12,4.31,2018Q4
4402,108,3,5.4,2019Q1
4402,108,6,7.64,2019Q2
4402,108,9,6.33,2019Q3
4402,108,12,5.73,2019Q4
4402,109,3,4.24,2020Q1
4402,109,6,5.81,2020Q2
4402,109,9,5.56,2020Q3
4402,109,12,5.4,2020Q4
4402,110,3,6.0,2021Q1
4402,110,6,8.75,2021Q2
4402,110,9,6.77,2021Q3
4402,110,12,6.73,2021Q4
4402,111,3,6.54,2022Q1
4402,111,6,12.55,2022Q2
4402,111,9,13.0,2022Q3
4402,111,12,10.8,2022Q4
4402,112,3,10.95,2023Q1
4402,112,6,7.51,2023Q2
4402,112,9,10.1,2023Q3
4402,112,12,12.55,2023Q4
4402,113,3,18.7,2024Q1
4402,113,6,36.05,2024Q2
4402,113,9,31.2,2024Q3
4402,113,12,23.3,2024Q4
4402,114,3,26.65,2025Q1
4406,105,3,11.6,2016Q1
4406,105,6,10.7,2016Q2
4406,105,9,10.5,2016Q3
4406,105,12,9.75,2016Q4
4406,106,3,9.61,2017Q1
4406,106,6,9.16,2017Q2
4406,106,9,9.85,2017Q3
4406,106,12,8.81,2017Q4
4406,107,3,9.51,2018Q1
4406,107,6,9.3,2018Q2
4406,107,9,9.01,2018Q3
4406,108,3,8.51,2019Q1
4406,108,6,8.3,2019Q2
4406,108,9,8.83,2019Q3
4406,108,12,9.08,2019Q4
4406,109,3,8.8,2020Q1
4406,109,6,8.82,2020Q2
4406,109,9,8.4,2020Q3
4406,109,12,7.75,2020Q4
4406,110,3,8.24,2021Q1
4406,110,6,10.45,2021Q2
4406,110,9,11.1,2021Q3
4406,110,12,11.8,2021Q4
4406,111,3,10.2,2022Q1
4406,111,6,9.9,2022Q2
4406,111,9,10.35,2022Q3
4406,111,12,10.15,2022Q4
4406,112,3,10.5,2023Q1
4406,112,6,10.55,2023Q2
4406,112,9,9.83,2023Q3
4406,112,12,10.1,2023Q4
4406,113,3,10.15,2024Q1
4406,113,6,11.05,2024Q2
4406,113,9,10.85,2024Q3
4406,113,12,10.6,2024Q4
4406,114,3,10.35,2025Q1
4413,106,3,7.4,2017Q1
4413,106,6,9.46,2017Q2
4413,106,9,10.0,2017Q3
4413,106,12,15.5,2017Q4
4413,107,12,12.0,2018Q4
4413,108,3,11.1,2019Q1
4413,108,6,12.45,2019Q2
4413,108,9,13.85,2019Q3
4413,108,12,12.65,2019Q4
4413,109,3,12.35,2020Q1
4413,109,6,12.25,2020Q2
4413,109,9,20.45,2020Q3
4413,109,12,15.1,2020Q4
4413,110,3,15.35,2021Q1
4413,110,6,13.0,2021Q2
4413,110,9,12.0,2021Q3
4413,110,12,11.65,2021Q4
4413,111,3,11.4,2022Q1
4413,111,6,15.05,2022Q2
4413,111,9,17.7,2022Q3
4413,111,12,16.2,2022Q4
4413,112,3,15.75,2023Q1
4413,112,6,16.4,2023Q2
4413,112,9,15.1,2023Q3
4413,112,12,27.0,2023Q4
4413,113,3,18.35,2024Q1
4413,113,6,18.25,2024Q2
4413,113,9,18.7,2024Q3
4413,113,12,17.55,2024Q4
4413,114,3,17.95,2025Q1
4416,105,3,80.0,2016Q1
4416,105,6,80.0,2016Q2
4416,105,9,76.0,2016Q3
4416,105,12,73.0,2016Q4
4416,106,3,89.8,2017Q1
4416,106,6,79.2,2017Q2
4416,106,9,80.4,2017Q3
4416,106,12,80.0,2017Q4
4416,107,6,83.0,2018Q2
4416,107,9,79.3,2018Q3
4416,107,12,74.9,2018Q4
4416,108,3,70.0,2019Q1
4416,108,9,72.9,2019Q3
4416,108,12,83.0,2019Q4
4416,109,3,74.5,2020Q1
4416,109,6,81.1,2020Q2
4416,109,9,78.6,2020Q3
4416,109,12,83.6,2020Q4
4416,110,3,98.5,2021Q1
4416,110,6,100.0,2021Q2
4416,110,9,107.0,2021Q3
4416,110,12,115.0,2021Q4
4416,111,3,101.0,2022Q1
4416,111,6,86.9,2022Q2
4416,111,9,80.4,2022Q3
4416,111,12,79.1,2022Q4
4416,112,3,87.9,2023Q1
4416,112,6,88.2,2023Q2
4416,112,9,78.7,2023Q3
4416,112,12,90.8,2023Q4
4416,113,3,102.0,2024Q1
4416,113,6,98.7,2024Q2
4416,113,9,95.6,2024Q3
4416,113,12,75.6,2024Q4
4416,114,3,72.9,2025Q1
4417,105,3,32.2,2016Q1
4417,105,6,35.2,2016Q2
4417,105,9,36.2,2016Q3
4417,105,12,42.4,2016Q4
4417,106,3,39.4,2017Q1
4417,106,6,37.8,2017Q2
4417,106,9,33.85,2017Q3
4417,106,12,31.7,2017Q4
4417,107,3,33.5,2018Q1
4417,107,6,34.5,2018Q2
4417,107,9,37.05,2018Q3
4417,107,12,37.4,2018Q4
4417,108,3,38.55,2019Q1
4417,108,6,37.0,2019Q2
4417,108,9,34.4,2019Q3
4417,108,12,34.55,2019Q4
4417,109,3,29.0,2020Q1
4417,109,6,31.8,2020Q2
4417,109,9,30.55,2020Q3
4417,109,12,32.75,2020Q4
4417,110,3,36.45,2021Q1
4417,110,6,38.15,2021Q2
4417,110,9,34.9,2021Q3
4417,110,12,34.7,2021Q4
4417,111,3,34.85,2022Q1
4417,111,6,34.1,2022Q2
4417,111,9,35.2,2022Q3
4417,111,12,38.5,2022Q4
4417,112,3,40.6,2023Q1
4417,112,6,43.05,2023Q2
4417,112,9,39.75,2023Q3
4417,112,12,38.95,2023Q4
4417,113,3,39.15,2024Q1
4417,113,6,39.05,2024Q2
4417,113,9,40.35,2024Q3
4417,113,12,40.85,2024Q4
4417,114,3,44.1,2025Q1
4419,105,3,5.8,2016Q1
4419,105,6,5.05,2016Q2
4419,105,9,4.5,2016Q3
4419,105,12,3.66,2016Q4
4419,106,3,7.3,2017Q1
4419,106,6,9.5,2017Q2
4419,106,9,10.2,2017Q3
4419,106,12,7.9,2017Q4
4419,107,3,8.21,2018Q1
4419,107,6,10.3,2018Q2
4419,107,12,8.12,2018Q4
4419,109,3,6.0,2020Q1
4419,109,6,6.62,2020Q2
4419,109,9,7.0,2020Q3
4419,110,3,15.0,2021Q1
4419,110,6,10.75,2021Q2
4419,110,9,12.05,2021Q3
4419,111,3,11.5,2022Q1
4419,111,6,9.2,2022Q2
4419,112,3,21.5,2023Q1
4419,112,6,28.45,2023Q2
4419,112,9,25.15,2023Q3
4419,112,12,33.8,2023Q4
4419,113,3,43.95,2024Q1
4419,113,6,60.0,2024Q2
4419,113,9,59.0,2024Q3
4419,113,12,54.0,2024Q4
4419,114,3,53.8,2025Q1
4420,105,3,41.8,2016Q1
4420,105,6,34.0,2016Q2
4420,105,9,29.1,2016Q3
4420,105,12,27.15,2016Q4
4420,106,3,26.45,2017Q1
4420,106,6,28.5,2017Q2
4420,106,9,27.2,2017Q3
4420,106,12,25.8,2017Q4
4420,107,3,24.25,2018Q1
4420,107,6,23.35,2018Q2
4420,107,9,22.5,2018Q3
4420,107,12,34.45,2018Q4
4420,108,3,36.8,2019Q1
4420,108,6,32.9,2019Q2
4420,108,9,33.3,2019Q3
4420,108,12,32.55,2019Q4
4420,109,3,21.1,2020Q1
4420,109,6,23.95,2020Q2
4420,109,9,23.9,2020Q3
4420,109,12,25.1,2020Q4
4420,110,3,29.5,2021Q1
4420,110,6,28.15,2021Q2
4420,110,9,31.1,2021Q3
4420,110,12,33.45,2021Q4
4420,111,3,33.6,2022Q1
4420,111,6,30.3,2022Q2
4420,111,9,29.05,2022Q3
4420,111,12,30.15,2022Q4
4420,112,3,29.55,2023Q1
4420,112,6,30.25,2023Q2
4420,112,9,30.0,2023Q3
4420,112,12,44.4,2023Q4
4420,113,3,47.7,2024Q1
4420,113,6,58.0,2024Q2
4420,113,9,53.5,2024Q3
4420,113,12,53.9,2024Q4
4420,114,3,51.1,2025Q1
4430,105,3,28.4,2016Q1
4430,105,6,27.45,2016Q2
4430,105,9,25.0,2016Q3
4430,105,12,24.0,2016Q4
4430,106,3,25.2,2017Q1
4430,106,6,24.0,2017Q2
4430,106,9,23.5,2017Q3
4430,106,12,24.85,2017Q4
4430,107,3,24.5,2018Q1
4430,107,6,27.0,2018Q2
4430,107,9,27.5,2018Q3
4430,107,12,27.5,2018Q4
4430,108,3,31.2,2019Q1
4430,108,6,31.5,2019Q2
4430,108,9,32.95,2019Q3
4430,108,12,32.65,2019Q4
4430,109,3,21.95,2020Q1
4430,109,6,26.4,2020Q2
4430,109,9,24.05,2020Q3
4430,109,12,23.6,2020Q4
4430,110,3,26.8,2021Q1
4430,110,6,25.6,2021Q2
4430,110,9,23.65,2021Q3
4430,110,12,24.6,2021Q4
4430,111,3,23.65,2022Q1
4430,111,6,22.75,2022Q2
4430,111,9,22.55,2022Q3
4430,111,12,21.8,2022Q4
4430,112,3,23.0,2023Q1
4430,112,6,23.15,2023Q2
4430,112,9,21.7,2023Q3
4430,112,12,21.4,2023Q4
4430,113,3,21.4,2024Q1
4430,113,6,22.0,2024Q2
4430,113,9,21.5,2024Q3
4430,113,12,23.0,2024Q4
4430,114,3,21.65,2025Q1
4432,105,3,82.0,2016Q1
4432,105,6,68.8,2016Q2
4432,105,9,59.6,2016Q3
4432,105,12,45.55,2016Q4
4432,106,3,44.5,2017Q1
4432,106,6,42.0,2017Q2
4432,106,9,37.7,2017Q3
4432,106,12,32.45,2017Q4
4432,107,3,31.55,2018Q1
4432,107,6,29.4,2018Q2
4432,107,9,39.3,2018Q3
4432,107,12,28.25,2018Q4
4432,108,3,29.15,2019Q1
4432,108,6,27.75,2019Q2
4432,108,9,24.0,2019Q3
4432,108,12,19.8,2019Q4
4432,109,3,9.98,2020Q1
4432,109,6,13.45,2020Q2
4432,109,9,16.85,2020Q3
4432,109,12,15.8,2020Q4
4432,110,3,16.25,2021Q1
4432,110,6,15.4,2021Q2
4432,110,9,16.5,2021Q3
4432,110,12,14.8,2021Q4
4432,111,3,15.35,2022Q1
4432,111,6,15.9,2022Q2
4432,111,9,25.1,2022Q3
4432,111,12,27.5,2022Q4
4432,112,3,23.1,2023Q1
4432,112,6,24.85,2023Q2
4432,112,9,24.8,2023Q3
4432,112,12,24.55,2023Q4
4432,113,3,24.8,2024Q1
4432,113,6,23.25,2024Q2
4432,113,9,23.8,2024Q3
4432,113,12,22.65,2024Q4
4432,114,3,23.5,2025Q1
4433,105,3,34.7,2016Q1
4433,105,6,31.4,2016Q2
4433,105,9,30.1,2016Q3
4433,105,12,24.2,2016Q4
4433,106,3,27.3,2017Q1
4433,106,6,24.9,2017Q2
4433,106,9,22.0,2017Q3
4433,106,12,20.45,2017Q4
4433,107,3,19.65,2018Q1
4433,107,6,18.25,2018Q2
4433,107,9,25.8,2018Q3
4433,107,12,28.05,2018Q4
4433,108,3,36.2,2019Q1
4433,108,6,33.25,2019Q2
4433,108,9,38.75,2019Q3
4433,108,12,36.5,2019Q4
4433,109,3,24.3,2020Q1
4433,109,6,33.6,2020Q2
4433,109,9,44.2,2020Q3
4433,109,12,42.5,2020Q4
4433,110,3,40.35,2021Q1
4433,110,6,39.1,2021Q2
4433,110,9,33.0,2021Q3
4433,110,12,30.95,2021Q4
4433,111,3,30.3,2022Q1
4433,111,6,28.65,2022Q2
4433,111,9,30.3,2022Q3
4433,111,12,30.35,2022Q4
4433,112,3,32.95,2023Q1
4433,112,6,33.35,2023Q2
4433,112,9,31.2,2023Q3
4433,112,12,31.75,2023Q4
4433,113,3,29.2,2024Q1
4433,113,6,29.25,2024Q2
4433,113,9,29.0,2024Q3
4433,113,12,27.15,2024Q4
4433,114,3,27.85,2025Q1
4502,105,3,30.95,2016Q1
4502,105,6,51.0,2016Q2
4502,105,9,47.5,2016Q3
4502,105,12,39.85,2016Q4
4502,106,3,49.3,2017Q1
4502,106,6,77.8,2017Q2
4502,106,9,107.5,2017Q3
4502,106,12,80.8,2017Q4
4502,107,3,89.5,2018Q1
4502,107,6,68.6,2018Q2
4502,107,9,64.0,2018Q3
4502,107,12,52.7,2018Q4
4502,108,3,50.5,2019Q1
4502,108,6,47.3,2019Q2
4502,108,9,44.3,2019Q3
4502,108,12,60.5,2019Q4
4502,109,3,40.95,2020Q1
4502,109,6,51.6,2020Q2
4502,109,9,50.9,2020Q3
4502,109,12,46.6,2020Q4
4502,110,3,43.3,2021Q1
4502,110,6,40.9,2021Q2
4502,110,9,39.2,2021Q3
4502,110,12,40.0,2021Q4
4502,111,3,37.15,2022Q1
4502,111,6,37.95,2022Q2
4502,111,9,38.7,2022Q3
4502,111,12,37.25,2022Q4
4502,112,3,37.0,2023Q1
4502,112,6,37.0,2023Q2
4502,112,9,36.8,2023Q3
4502,112,12,37.1,2023Q4
4502,113,3,36.45,2024Q1
4502,113,6,30.9,2024Q2
4502,113,9,26.2,2024Q3
4502,113,12,19.5,2024Q4
4502,114,3,18.0,2025Q1
4503,105,3,15.0,2016Q1
4503,105,6,14.75,2016Q2
4503,105,9,24.5,2016Q3
4503,105,12,22.0,2016Q4
4503,106,3,38.1,2017Q1
4503,106,6,54.3,2017Q2
4503,106,9,39.45,2017Q3
4503,106,12,49.1,2017Q4
4503,107,3,32.5,2018Q1
4503,107,6,35.5,2018Q2
4503,107,9,27.0,2018Q3
4503,107,12,20.5,2018Q4
4503,108,3,26.5,2019Q1
4503,108,6,25.7,2019Q2
4503,108,9,26.05,2019Q3
4503,108,12,24.2,2019Q4
4503,109,3,13.85,2020Q1
4503,109,6,23.45,2020Q2
4503,109,9,16.9,2020Q3
4503,109,12,17.75,2020Q4
4503,110,3,18.25,2021Q1
4503,110,6,17.15,2021Q2
4503,110,9,30.45,2021Q3
4503,110,12,31.4,2021Q4
4503,111,3,27.15,2022Q1
4503,111,6,44.55,2022Q2
4503,111,9,37.15,2022Q3
4503,111,12,40.05,2022Q4
4503,112,3,48.65,2023Q1
4503,112,6,71.9,2023Q2
4503,112,9,49.9,2023Q3
4503,112,12,52.0,2023Q4
4503,113,3,63.0,2024Q1
4503,113,6,62.4,2024Q2
4503,113,9,51.4,2024Q3
4503,113,12,49.2,2024Q4
4503,114,3,49.85,2025Q1
4506,105,3,27.0,2016Q1
4506,105,6,29.4,2016Q2
4506,105,9,36.55,2016Q3
4506,105,12,35.0,2016Q4
4506,106,3,38.05,2017Q1
4506,106,6,44.7,2017Q2
4506,106,9,45.6,2017Q3
4506,106,12,55.5,2017Q4
4506,107,3,60.0,2018Q1
4506,107,6,58.0,2018Q2
4506,107,9,57.0,2018Q3
4506,107,12,56.8,2018Q4
4506,108,3,58.2,2019Q1
4506,108,6,58.5,2019Q2
4506,108,9,58.3,2019Q3
4506,108,12,61.4,2019Q4
4506,109,3,56.0,2020Q1
4506,109,6,58.8,2020Q2
4506,109,9,55.5,2020Q3
4506,109,12,57.2,2020Q4
4506,110,3,58.0,2021Q1
4506,110,6,59.0,2021Q2
4506,110,9,68.6,2021Q3
4506,110,12,65.9,2021Q4
4506,111,3,68.4,2022Q1
4506,111,6,72.1,2022Q2
4506,111,9,73.9,2022Q3
4506,111,12,70.1,2022Q4
4506,112,3,74.1,2023Q1
4506,112,6,80.5,2023Q2
4506,112,9,79.2,2023Q3
4506,112,12,80.9,2023Q4
4506,113,3,93.0,2024Q1
4506,113,6,112.5,2024Q2
4506,113,9,100.5,2024Q3
4506,113,12,103.0,2024Q4
4506,114,3,103.5,2025Q1
4510,105,3,17.1,2016Q1
4510,105,6,18.45,2016Q2
4510,105,9,18.05,2016Q3
4510,105,12,17.35,2016Q4
4510,106,3,17.65,2017Q1
4510,106,6,17.15,2017Q2
4510,106,9,20.0,2017Q3
4510,106,12,18.65,2017Q4
4510,107,3,17.4,2018Q1
4510,107,6,18.0,2018Q2
4510,107,9,17.1,2018Q3
4510,107,12,14.2,2018Q4
4510,108,3,14.8,2019Q1
4510,108,6,14.2,2019Q2
4510,108,9,12.35,2019Q3
4510,108,12,12.1,2019Q4
4510,109,3,8.18,2020Q1
4510,109,6,10.3,2020Q2
4510,109,9,11.2,2020Q3
4510,109,12,12.3,2020Q4
4510,110,3,11.85,2021Q1
4510,110,6,12.0,2021Q2
4510,110,9,11.0,2021Q3
4510,110,12,12.0,2021Q4
4510,111,3,11.35,2022Q1
4510,111,6,10.95,2022Q2
4510,111,9,10.15,2022Q3
4510,111,12,10.3,2022Q4
4510,112,3,11.45,2023Q1
4510,112,6,17.8,2023Q2
4510,112,9,15.75,2023Q3
4510,112,12,15.95,2023Q4
4510,113,3,17.35,2024Q1
4510,113,6,16.5,2024Q2
4510,113,9,46.0,2024Q3
4510,113,12,48.85,2024Q4
4510,114,3,46.0,2025Q1
4513,105,3,10.3,2016Q1
4513,105,6,9.03,2016Q2
4513,105,9,9.63,2016Q3
4513,105,12,9.5,2016Q4
4513,106,3,9.26,2017Q1
4513,106,6,8.77,2017Q2
4513,106,9,9.24,2017Q3
4513,106,12,9.27,2017Q4
4513,107,3,9.68,2018Q1
4513,107,6,17.4,2018Q2
4513,107,9,15.65,2018Q3
4513,107,12,10.7,2018Q4
4513,108,3,12.7,2019Q1
4513,108,6,11.2,2019Q2
4513,108,9,9.97,2019Q3
4513,108,12,9.88,2019Q4
4513,109,3,6.23,2020Q1
4513,109,6,7.5,2020Q2
4513,109,9,10.05,2020Q3
4513,109,12,9.44,2020Q4
4513,110,3,9.01,2021Q1
4513,110,6,10.25,2021Q2
4513,110,9,12.15,2021Q3
4513,110,12,17.2,2021Q4
4513,111,3,20.2,2022Q1
4513,111,6,19.0,2022Q2
4513,111,9,26.7,2022Q3
4513,111,12,22.8,2022Q4
4513,112,3,18.7,2023Q1
4513,112,6,19.4,2023Q2
4513,112,9,19.45,2023Q3
4513,112,12,19.05,2023Q4
4513,113,3,27.95,2024Q1
4513,113,6,39.85,2024Q2
4513,113,9,54.7,2024Q3
4513,113,12,33.35,2024Q4
4513,114,3,27.3,2025Q1
4523,105,3,25.7,2016Q1
4523,105,6,19.6,2016Q2
4523,105,9,19.85,2016Q3
4523,105,12,18.4,2016Q4
4523,106,3,19.3,2017Q1
4523,106,6,18.0,2017Q2
4523,106,9,17.0,2017Q3
4523,106,12,16.15,2017Q4
4523,107,3,16.15,2018Q1
4523,107,6,14.8,2018Q2
4523,107,9,11.95,2018Q3
4523,107,12,11.45,2018Q4
4523,108,3,13.55,2019Q1
4523,108,6,14.1,2019Q2
4523,108,9,18.9,2019Q3
4523,108,12,30.65,2019Q4
4523,109,3,17.85,2020Q1
4523,109,6,21.55,2020Q2
4523,109,9,37.4,2020Q3
4523,109,12,28.3,2020Q4
4523,110,3,28.8,2021Q1
4523,110,6,27.8,2021Q2
4523,110,9,27.35,2021Q3
4523,110,12,28.45,2021Q4
4523,111,3,26.5,2022Q1
4523,111,6,28.85,2022Q2
4523,111,9,28.8,2022Q3
4523,111,12,40.6,2022Q4
4523,112,3,40.4,2023Q1
4523,112,6,46.0,2023Q2
4523,112,9,44.95,2023Q3
4523,112,12,42.2,2023Q4
4523,113,3,64.4,2024Q1
4523,113,6,49.55,2024Q2
4523,113,9,41.9,2024Q3
4523,113,12,37.55,2024Q4
4523,114,3,33.4,2025Q1
4527,105,3,26.1,2016Q1
4527,105,6,24.4,2016Q2
4527,105,9,26.05,2016Q3
4527,105,12,28.45,2016Q4
4527,106,3,31.85,2017Q1
4527,106,6,32.4,2017Q2
4527,106,9,33.0,2017Q3
4527,106,12,30.7,2017Q4
4527,107,3,32.4,2018Q1
4527,107,6,30.55,2018Q2
4527,107,9,31.5,2018Q3
4527,107,12,30.6,2018Q4
4527,108,3,30.25,2019Q1
4527,108,6,28.05,2019Q2
4527,108,9,24.5,2019Q3
4527,108,12,24.3,2019Q4
4527,109,3,22.25,2020Q1
4527,109,6,24.9,2020Q2
4527,109,9,28.0,2020Q3
4527,109,12,27.65,2020Q4
4527,110,3,30.4,2021Q1
4527,110,6,29.35,2021Q2
4527,110,9,27.5,2021Q3
4527,110,12,27.4,2021Q4
4527,111,3,27.65,2022Q1
4527,111,6,26.2,2022Q2
4527,111,9,26.2,2022Q3
4527,111,12,28.55,2022Q4
4527,112,3,30.9,2023Q1
4527,112,6,32.9,2023Q2
4527,112,9,35.4,2023Q3
4527,112,12,36.15,2023Q4
4527,113,3,40.85,2024Q1
4527,113,6,45.55,2024Q2
4527,113,9,60.6,2024Q3
4527,113,12,45.35,2024Q4
4527,114,3,48.3,2025Q1
4528,105,3,53.4,2016Q1
4528,105,6,52.0,2016Q2
4528,105,9,43.1,2016Q3
4528,105,12,45.1,2016Q4
4528,106,3,55.2,2017Q1
4528,106,6,61.5,2017Q2
4528,106,9,75.0,2017Q3
4528,106,12,80.4,2017Q4
4528,107,3,61.9,2018Q1
4528,107,6,70.2,2018Q2
4528,107,9,53.3,2018Q3
4528,107,12,48.8,2018Q4
4528,108,3,52.8,2019Q1
4528,108,6,47.05,2019Q2
4528,108,9,53.3,2019Q3
4528,108,12,49.0,2019Q4
4528,109,3,31.7,2020Q1
4528,109,6,41.15,2020Q2
4528,109,9,40.9,2020Q3
4528,109,12,51.5,2020Q4
4528,110,3,53.7,2021Q1
4528,110,6,45.8,2021Q2
4528,110,9,41.25,2021Q3
4528,110,12,42.4,2021Q4
4528,111,3,39.9,2022Q1
4528,111,6,36.2,2022Q2
4528,111,9,33.1,2022Q3
4528,111,12,31.9,2022Q4
4528,112,3,33.45,2023Q1
4528,112,6,34.8,2023Q2
4528,112,9,31.75,2023Q3
4528,112,12,30.85,2023Q4
4528,113,3,30.4,2024Q1
4528,113,6,29.3,2024Q2
4528,113,9,29.75,2024Q3
4528,113,12,23.65,2024Q4
4528,114,3,21.65,2025Q1
4529,105,3,45.5,2016Q1
4529,105,6,40.35,2016Q2
4529,105,9,35.6,2016Q3
4529,105,12,36.65,2016Q4
4529,106,3,38.4,2017Q1
4529,106,6,24.8,2017Q2
4529,106,9,39.05,2017Q3
4529,106,12,32.25,2017Q4
4529,107,3,30.0,2018Q1
4529,107,6,28.3,2018Q2
4529,107,9,24.7,2018Q3
4529,107,12,24.45,2018Q4
4529,108,3,23.0,2019Q1
4529,108,6,18.6,2019Q2
4529,108,9,19.55,2019Q3
4529,108,12,16.65,2019Q4
4529,109,3,7.5,2020Q1
4529,109,6,9.97,2020Q2
4529,109,9,9.08,2020Q3
4529,109,12,11.25,2020Q4
4529,110,3,8.1,2021Q1
4529,110,6,9.74,2021Q2
4529,110,9,10.0,2021Q3
4529,110,12,12.75,2021Q4
4529,111,3,13.65,2022Q1
4529,111,6,11.6,2022Q2
4529,111,9,9.68,2022Q3
4529,111,12,8.99,2022Q4
4529,112,3,10.05,2023Q1
4529,112,6,9.75,2023Q2
4529,112,9,9.88,2023Q3
4529,112,12,9.3,2023Q4
4529,113,3,13.8,2024Q1
4529,113,6,12.7,2024Q2
4529,113,9,8.88,2024Q3
4529,113,12,6.45,2024Q4
4529,114,3,5.81,2025Q1
4530,105,3,4.5,2016Q1
4530,105,6,4.58,2016Q2
4530,105,9,3.7,2016Q3
4530,105,12,6.1,2016Q4
4530,106,3,10.9,2017Q1
4530,106,6,9.68,2017Q2
4530,106,9,9.15,2017Q3
4530,106,12,7.74,2017Q4
4530,107,3,7.56,2018Q1
4530,107,6,6.94,2018Q2
4530,107,9,6.2,2018Q3
4530,107,12,5.07,2018Q4
4530,108,3,5.38,2019Q1
4530,108,6,7.0,2019Q2
4530,108,9,7.96,2019Q3
4530,108,12,9.0,2019Q4
4530,109,3,10.95,2020Q1
4530,109,6,11.2,2020Q2
4530,109,9,11.3,2020Q3
4530,109,12,18.9,2020Q4
4530,110,3,12.9,2021Q1
4530,110,6,9.94,2021Q2
4530,110,9,7.82,2021Q3
4530,110,12,10.0,2021Q4
4530,111,3,9.0,2022Q1
4530,111,6,7.7,2022Q2
4530,111,9,6.64,2022Q3
4530,111,12,6.73,2022Q4
4530,112,3,6.68,2023Q1
4530,112,6,6.91,2023Q2
4530,112,9,7.0,2023Q3
4530,112,12,6.26,2023Q4
4530,113,3,7.65,2024Q1
4530,113,6,7.98,2024Q2
4530,113,9,12.1,2024Q3
4530,113,12,12.95,2024Q4
4530,114,3,11.45,2025Q1
4533,105,3,15.4,2016Q1
4533,105,6,14.15,2016Q2
4533,105,9,14.45,2016Q3
4533,105,12,13.8,2016Q4
4533,106,3,14.75,2017Q1
4533,106,6,12.7,2017Q2
4533,106,9,12.7,2017Q3
4533,106,12,13.05,2017Q4
4533,107,3,11.75,2018Q1
4533,107,6,13.3,2018Q2
4533,107,9,11.35,2018Q3
4533,107,12,10.85,2018Q4
4533,108,3,13.05,2019Q1
4533,108,6,11.6,2019Q2
4533,108,9,10.8,2019Q3
4533,108,12,11.7,2019Q4
4533,109,3,10.6,2020Q1
4533,109,6,11.45,2020Q2
4533,109,9,11.1,2020Q3
4533,109,12,11.7,2020Q4
4533,110,3,12.25,2021Q1
4533,110,6,11.9,2021Q2
4533,110,9,11.8,2021Q3
4533,110,12,12.5,2021Q4
4533,111,3,11.65,2022Q1
4533,111,6,10.75,2022Q2
4533,111,9,10.15,2022Q3
4533,111,12,10.5,2022Q4
4533,112,3,11.45,2023Q1
4533,112,6,31.0,2023Q2
4533,112,9,25.8,2023Q3
4533,112,12,27.0,2023Q4
4533,113,3,26.95,2024Q1
4533,113,6,47.55,2024Q2
4533,113,9,40.05,2024Q3
4533,113,12,37.25,2024Q4
4533,114,3,33.2,2025Q1
4534,105,3,16.15,2016Q1
4534,105,6,35.25,2016Q2
4534,105,9,32.2,2016Q3
4534,105,12,28.8,2016Q4
4534,106,3,27.75,2017Q1
4534,106,6,27.35,2017Q2
4534,106,9,18.3,2017Q3
4534,106,12,18.15,2017Q4
4534,107,3,17.15,2018Q1
4534,107,6,15.8,2018Q2
4534,107,9,10.2,2018Q3
4534,107,12,9.75,2018Q4
4534,108,3,11.0,2019Q1
4534,108,6,9.17,2019Q2
4534,108,9,8.84,2019Q3
4534,108,12,8.39,2019Q4
4534,109,3,5.2,2020Q1
4534,109,6,7.53,2020Q2
4534,109,9,8.3,2020Q3
4534,109,12,9.22,2020Q4
4534,110,3,14.75,2021Q1
4534,110,6,15.75,2021Q2
4534,110,9,12.15,2021Q3
4534,110,12,14.4,2021Q4
4534,111,3,12.05,2022Q1
4534,111,6,9.42,2022Q2
4534,111,9,8.79,2022Q3
4534,111,12,8.95,2022Q4
4534,112,3,9.84,2023Q1
4534,112,6,10.55,2023Q2
4534,112,9,9.95,2023Q3
4534,112,12,10.15,2023Q4
4534,113,3,11.1,2024Q1
4534,113,6,19.2,2024Q2
4534,113,9,24.25,2024Q3
4534,113,12,23.2,2024Q4
4534,114,3,22.2,2025Q1
4535,105,3,45.0,2016Q1
4535,105,6,40.95,2016Q2
4535,105,9,44.35,2016Q3
4535,105,12,43.7,2016Q4
4535,106,3,45.0,2017Q1
4535,106,6,44.95,2017Q2
4535,106,9,41.35,2017Q3
4535,106,12,41.9,2017Q4
4535,107,3,41.8,2018Q1
4535,107,6,41.05,2018Q2
4535,107,9,38.0,2018Q3
4535,107,12,31.15,2018Q4
4535,108,3,33.55,2019Q1
4535,108,6,31.0,2019Q2
4535,108,9,29.6,2019Q3
4535,108,12,27.75,2019Q4
4535,109,3,22.15,2020Q1
4535,109,6,27.1,2020Q2
4535,109,9,24.6,2020Q3
4535,109,12,31.7,2020Q4
4535,110,3,32.2,2021Q1
4535,110,6,35.0,2021Q2
4535,110,9,33.6,2021Q3
4535,110,12,33.6,2021Q4
4535,111,3,35.6,2022Q1
4535,111,6,36.35,2022Q2
4535,111,9,39.95,2022Q3
4535,111,12,38.4,2022Q4
4535,112,3,38.5,2023Q1
4535,112,6,37.7,2023Q2
4535,112,9,36.7,2023Q3
4535,112,12,36.1,2023Q4
4535,113,3,33.35,2024Q1
4535,113,6,32.9,2024Q2
4535,113,9,35.8,2024Q3
4535,113,12,33.6,2024Q4
4535,114,3,33.2,2025Q1
4541,105,3,33.1,2016Q1
4541,105,6,32.6,2016Q2
4541,105,9,29.4,2016Q3
4541,105,12,26.7,2016Q4
4541,106,3,27.15,2017Q1
4541,106,6,24.4,2017Q2
4541,106,9,27.5,2017Q3
4541,106,12,28.85,2017Q4
4541,107,3,28.1,2018Q1
4541,107,6,31.9,2018Q2
4541,107,9,29.8,2018Q3
4541,107,12,26.4,2018Q4
4541,108,3,33.1,2019Q1
4541,108,6,30.0,2019Q2
4541,108,9,26.65,2019Q3
4541,108,12,26.8,2019Q4
4541,109,3,17.3,2020Q1
4541,109,6,20.3,2020Q2
4541,109,9,19.0,2020Q3
4541,109,12,19.05,2020Q4
4541,110,3,21.55,2021Q1
4541,110,6,22.7,2021Q2
4541,110,9,22.55,2021Q3
4541,110,12,24.0,2021Q4
4541,111,3,22.75,2022Q1
4541,111,6,25.9,2022Q2
4541,111,9,31.0,2022Q3
4541,111,12,30.15,2022Q4
4541,112,3,33.6,2023Q1
4541,112,6,44.2,2023Q2
4541,112,9,33.95,2023Q3
4541,112,12,31.55,2023Q4
4541,113,3,31.35,2024Q1
4541,113,6,29.2,2024Q2
4541,113,9,28.1,2024Q3
4541,113,12,34.6,2024Q4
4541,114,3,48.5,2025Q1
4542,105,3,18.3,2016Q1
4542,105,6,18.0,2016Q2
4542,105,9,15.9,2016Q3
4542,105,12,18.0,2016Q4
4542,106,3,26.5,2017Q1
4542,106,6,31.65,2017Q2
4542,106,9,33.0,2017Q3
4542,106,12,31.5,2017Q4
4542,107,3,28.8,2018Q1
4542,107,6,25.3,2018Q2
4542,107,12,24.5,2018Q4
4542,108,3,22.0,2019Q1
4542,108,6,21.45,2019Q2
4542,108,9,26.8,2019Q3
4542,108,12,27.35,2019Q4
4542,109,3,20.55,2020Q1
4542,109,6,23.7,2020Q2
4542,109,9,21.5,2020Q3
4542,109,12,22.35,2020Q4
4542,110,3,23.5,2021Q1
4542,110,6,25.55,2021Q2
4542,110,9,26.3,2021Q3
4542,110,12,28.0,2021Q4
4542,111,3,26.55,2022Q1
4542,111,6,25.2,2022Q2
4542,111,9,23.9,2022Q3
4542,111,12,25.0,2022Q4
4542,112,3,28.6,2023Q1
4542,112,6,26.6,2023Q2
4542,112,9,77.0,2023Q3
4542,112,12,52.8,2023Q4
4542,113,3,63.5,2024Q1
4542,113,6,75.2,2024Q2
4542,113,9,89.4,2024Q3
4542,113,12,91.5,2024Q4
4542,114,3,76.1,2025Q1
4543,105,3,28.8,2016Q1
4543,105,6,24.0,2016Q2
4543,105,9,23.45,2016Q3
4543,105,12,20.8,2016Q4
4543,106,3,21.6,2017Q1
4543,106,6,19.8,2017Q2
4543,106,9,20.3,2017Q3
4543,106,12,19.05,2017Q4
4543,107,3,18.95,2018Q1
4543,107,6,23.1,2018Q2
4543,107,9,25.25,2018Q3
4543,107,12,18.45,2018Q4
4543,108,3,20.5,2019Q1
4543,108,6,20.2,2019Q2
4543,108,9,19.8,2019Q3
4543,108,12,18.35,2019Q4
4543,109,3,13.35,2020Q1
4543,109,6,14.95,2020Q2
4543,109,9,16.2,2020Q3
4543,109,12,15.95,2020Q4
4543,110,3,15.85,2021Q1
4543,110,6,16.45,2021Q2
4543,110,9,18.8,2021Q3
4543,110,12,19.25,2021Q4
4543,111,3,18.2,2022Q1
4543,111,6,20.35,2022Q2
4543,111,9,25.0,2022Q3
4543,111,12,23.35,2022Q4
4543,112,3,28.55,2023Q1
4543,112,6,59.0,2023Q2
4543,112,9,39.7,2023Q3
4543,112,12,47.1,2023Q4
4543,113,3,50.4,2024Q1
4543,113,6,60.4,2024Q2
4543,113,9,51.7,2024Q3
4543,113,12,41.2,2024Q4
4543,114,3,30.2,2025Q1
4549,105,3,65.7,2016Q1
4549,105,6,74.4,2016Q2
4549,105,9,83.9,2016Q3
4549,105,12,90.3,2016Q4
4549,106,3,87.2,2017Q1
4549,106,6,85.2,2017Q2
4549,106,9,86.6,2017Q3
4549,106,12,95.0,2017Q4
4549,107,3,104.0,2018Q1
4549,107,6,89.2,2018Q2
4549,107,9,83.0,2018Q3
4549,107,12,76.8,2018Q4
4549,108,3,86.4,2019Q1
4549,108,6,83.8,2019Q2
4549,108,9,83.2,2019Q3
4549,108,12,87.9,2019Q4
4549,109,3,66.2,2020Q1
4549,109,6,69.8,2020Q2
4549,109,9,70.0,2020Q3
4549,109,12,75.7,2020Q4
4549,110,3,90.0,2021Q1
4549,110,6,89.0,2021Q2
4549,110,9,88.3,2021Q3
4549,110,12,88.6,2021Q4
4549,111,3,97.0,2022Q1
4549,111,6,83.2,2022Q2
4549,111,9,86.4,2022Q3
4549,111,12,84.7,2022Q4
4549,112,3,92.0,2023Q1
4549,112,6,115.0,2023Q2
4549,112,9,88.4,2023Q3
4549,112,12,92.8,2023Q4
4549,113,3,95.1,2024Q1
4549,113,6,141.5,2024Q2
4549,113,9,174.5,2024Q3
4549,113,12,222.0,2024Q4
4549,114,3,132.5,2025Q1
4550,105,3,21.15,2016Q1
4550,105,6,21.1,2016Q2
4550,105,9,21.5,2016Q3
4550,105,12,23.3,2016Q4
4550,106,3,23.2,2017Q1
4550,106,6,22.25,2017Q2
4550,106,9,19.55,2017Q3
4550,106,12,18.8,2017Q4
4550,107,3,19.8,2018Q1
4550,107,6,18.7,2018Q2
4550,107,9,17.0,2018Q3
4550,107,12,16.8,2018Q4
4550,108,3,17.15,2019Q1
4550,108,6,18.1,2019Q2
4550,108,9,22.8,2019Q3
4550,108,12,27.4,2019Q4
4550,109,3,22.9,2020Q1
4550,109,6,25.85,2020Q2
4550,109,9,21.8,2020Q3
4550,109,12,23.3,2020Q4
4550,110,3,26.7,2021Q1
4550,110,6,24.35,2021Q2
4550,110,9,22.9,2021Q3
4550,110,12,23.0,2021Q4
4550,111,3,22.8,2022Q1
4550,111,6,20.65,2022Q2
4550,111,9,22.25,2022Q3
4550,111,12,23.0,2022Q4
4550,112,3,31.8,2023Q1
4550,112,6,28.5,2023Q2
4550,112,9,29.2,2023Q3
4550,112,12,34.4,2023Q4
4550,113,3,38.1,2024Q1
4550,113,6,39.4,2024Q2
4550,113,9,28.0,2024Q3
4550,113,12,27.85,2024Q4
4550,114,3,29.5,2025Q1
4554,105,9,72.0,2016Q3
4554,105,12,48.6,2016Q4
4554,106,3,41.9,2017Q1
4554,106,6,35.05,2017Q2
4554,106,9,27.75,2017Q3
4554,106,12,29.9,2017Q4
4554,107,3,25.0,2018Q1
4554,107,6,23.0,2018Q2
4554,107,9,18.0,2018Q3
4554,107,12,15.9,2018Q4
4554,108,3,19.15,2019Q1
4554,108,6,15.3,2019Q2
4554,108,9,24.5,2019Q3
4554,108,12,24.35,2019Q4
4554,109,3,12.4,2020Q1
4554,109,6,20.85,2020Q2
4554,109,9,26.2,2020Q3
4554,109,12,25.7,2020Q4
4554,110,3,29.8,2021Q1
4554,110,6,26.25,2021Q2
4554,110,9,30.7,2021Q3
4554,110,12,37.1,2021Q4
4554,111,3,32.9,2022Q1
4554,111,6,31.4,2022Q2
4554,111,9,28.9,2022Q3
4554,111,12,24.1,2022Q4
4554,112,3,27.25,2023Q1
4554,112,6,28.25,2023Q2
4554,112,9,27.2,2023Q3
4554,112,12,30.0,2023Q4
4554,113,3,30.2,2024Q1
4554,113,6,31.0,2024Q2
4554,113,9,29.3,2024Q3
4554,113,12,29.0,2024Q4
4554,114,3,29.05,2025Q1
4556,105,3,35.1,2016Q1
4556,105,6,35.5,2016Q2
4556,105,9,33.5,2016Q3
4556,105,12,29.75,2016Q4
4556,106,3,30.6,2017Q1
4556,106,6,30.1,2017Q2
4556,106,9,29.5,2017Q3
4556,106,12,30.35,2017Q4
4556,107,3,30.5,2018Q1
4556,107,6,31.8,2018Q2
4556,107,9,34.65,2018Q3
4556,107,12,35.15,2018Q4
4556,108,3,33.15,2019Q1
4556,108,6,32.0,2019Q2
4556,108,9,32.5,2019Q3
4556,108,12,34.3,2019Q4
4556,109,3,30.2,2020Q1
4556,109,6,35.3,2020Q2
4556,109,9,36.8,2020Q3
4556,109,12,32.0,2020Q4
4556,110,3,37.55,2021Q1
4556,110,6,32.3,2021Q2
4556,110,9,31.9,2021Q3
4556,110,12,31.45,2021Q4
4556,111,3,29.85,2022Q1
4556,111,6,30.5,2022Q2
4556,111,9,31.15,2022Q3
4556,112,3,31.0,2023Q1
4556,112,6,30.1,2023Q2
4556,112,9,29.85,2023Q3
4556,112,12,28.5,2023Q4
4556,113,3,36.4,2024Q1
4556,113,6,33.55,2024Q2
4556,113,9,35.0,2024Q3
4556,113,12,31.8,2024Q4
4556,114,3,29.4,2025Q1
4609,105,3,8.08,2016Q1
4609,105,6,8.21,2016Q2
4609,105,9,10.15,2016Q3
4609,105,12,8.2,2016Q4
4609,106,3,9.99,2017Q1
4609,106,6,9.85,2017Q2
4609,106,9,9.65,2017Q3
4609,106,12,10.0,2017Q4
4609,107,3,10.2,2018Q1
4609,107,6,12.0,2018Q2
4609,107,9,12.7,2018Q3
4609,107,12,11.3,2018Q4
4609,108,3,11.7,2019Q1
4609,108,6,11.7,2019Q2
4609,108,9,11.8,2019Q3
4609,108,12,12.1,2019Q4
4609,109,3,8.1,2020Q1
4609,109,6,8.48,2020Q2
4609,109,9,8.14,2020Q3
4609,109,12,7.7,2020Q4
4609,110,3,8.34,2021Q1
4609,110,6,8.33,2021Q2
4609,110,9,7.7,2021Q3
4609,110,12,9.23,2021Q4
4609,111,3,8.6,2022Q1
4609,111,6,9.12,2022Q2
4609,111,9,8.46,2022Q3
4609,111,12,7.93,2022Q4
4609,112,3,7.8,2023Q1
4609,112,6,7.69,2023Q2
4609,112,9,7.28,2023Q3
4609,112,12,5.98,2023Q4
4609,113,3,6.51,2024Q1
4609,113,6,9.45,2024Q2
4609,113,9,8.9,2024Q3
4609,113,12,8.15,2024Q4
4609,114,3,7.99,2025Q1
4702,105,3,10.3,2016Q1
4702,105,6,8.89,2016Q2
4702,105,9,8.22,2016Q3
4702,105,12,8.0,2016Q4
4702,106,3,7.25,2017Q1
4702,106,6,5.7,2017Q2
4702,106,9,5.55,2017Q3
4702,106,12,5.65,2017Q4
4702,107,3,5.42,2018Q1
4702,107,6,5.31,2018Q2
4702,107,9,4.4,2018Q3
4702,107,12,3.05,2018Q4
4702,108,3,3.32,2019Q1
4702,108,6,3.04,2019Q2
4702,108,9,3.09,2019Q3
4702,108,12,13.75,2019Q4
4702,109,3,8.8,2020Q1
4702,109,6,9.75,2020Q2
4702,109,9,9.55,2020Q3
4702,109,12,11.55,2020Q4
4702,110,3,15.0,2021Q1
4702,110,6,13.7,2021Q2
4702,110,9,14.75,2021Q3
4702,110,12,14.3,2021Q4
4702,111,3,20.95,2022Q1
4702,111,6,13.55,2022Q2
4702,111,9,12.65,2022Q3
4702,111,12,12.2,2022Q4
4702,112,3,14.75,2023Q1
4702,112,6,14.3,2023Q2
4702,112,9,13.05,2023Q3
4702,112,12,13.55,2023Q4
4702,113,3,13.1,2024Q1
4702,113,6,13.35,2024Q2
4702,113,9,12.9,2024Q3
4702,113,12,13.35,2024Q4
4702,114,3,11.65,2025Q1
4706,105,3,18.05,2016Q1
4706,105,6,19.1,2016Q2
4706,105,9,22.35,2016Q3
4706,105,12,23.7,2016Q4
4706,106,3,22.9,2017Q1
4706,106,6,22.45,2017Q2
4706,106,9,20.9,2017Q3
4706,106,12,21.25,2017Q4
4706,107,3,20.9,2018Q1
4706,107,6,20.7,2018Q2
4706,107,9,19.9,2018Q3
4706,107,12,18.4,2018Q4
4706,108,3,19.75,2019Q1
4706,108,6,19.7,2019Q2
4706,108,9,18.75,2019Q3
4706,108,12,18.7,2019Q4
4706,109,3,14.7,2020Q1
4706,109,6,16.45,2020Q2
4706,109,9,16.1,2020Q3
4706,109,12,17.0,2020Q4
4706,110,3,17.7,2021Q1
4706,110,6,19.1,2021Q2
4706,110,9,18.8,2021Q3
4706,110,12,19.75,2021Q4
4706,111,3,18.8,2022Q1
4706,111,6,17.8,2022Q2
4706,111,9,17.1,2022Q3
4706,111,12,16.8,2022Q4
4706,112,3,17.2,2023Q1
4706,112,6,19.4,2023Q2
4706,112,9,29.0,2023Q3
4706,112,12,28.0,2023Q4
4706,113,3,28.05,2024Q1
4706,113,6,29.9,2024Q2
4706,113,9,30.6,2024Q3
4706,113,12,31.0,2024Q4
4706,114,3,30.8,2025Q1
4707,105,3,8.41,2016Q1
4707,105,6,8.39,2016Q2
4707,105,9,8.53,2016Q3
4707,105,12,9.41,2016Q4
4707,106,3,10.5,2017Q1
4707,106,6,9.63,2017Q2
4707,106,9,9.25,2017Q3
4707,106,12,9.57,2017Q4
4707,107,3,10.15,2018Q1
4707,107,6,11.2,2018Q2
4707,107,9,10.45,2018Q3
4707,107,12,10.0,2018Q4
4707,108,3,10.7,2019Q1
4707,108,6,10.25,2019Q2
4707,108,9,9.35,2019Q3
4707,108,12,9.75,2019Q4
4707,109,3,11.45,2020Q1
4707,109,6,11.1,2020Q2
4707,109,9,10.7,2020Q3
4707,109,12,12.25,2020Q4
4707,110,3,12.3,2021Q1
4707,110,6,13.3,2021Q2
4707,110,9,13.45,2021Q3
4707,110,12,12.7,2021Q4
4707,111,3,13.2,2022Q1
4707,111,6,12.8,2022Q2
4707,111,9,11.9,2022Q3
4707,111,12,11.95,2022Q4
4707,112,3,12.85,2023Q1
4707,112,6,13.1,2023Q2
4707,112,9,12.2,2023Q3
4707,112,12,12.7,2023Q4
4707,113,3,14.15,2024Q1
4707,113,6,15.5,2024Q2
4707,113,9,15.6,2024Q3
4707,113,12,13.85,2024Q4
4707,114,3,11.15,2025Q1
4711,105,3,12.75,2016Q1
4711,105,6,14.2,2016Q2
4711,105,9,25.0,2016Q3
4711,105,12,21.55,2016Q4
4711,106,3,21.15,2017Q1
4711,106,6,19.55,2017Q2
4711,106,9,18.0,2017Q3
4711,106,12,16.95,2017Q4
4711,107,3,17.45,2018Q1
4711,107,6,16.6,2018Q2
4711,107,9,16.1,2018Q3
4711,107,12,15.7,2018Q4
4711,108,3,15.5,2019Q1
4711,108,6,14.95,2019Q2
4711,108,9,13.95,2019Q3
4711,108,12,14.25,2019Q4
4711,109,3,13.2,2020Q1
4711,109,6,13.6,2020Q2
4711,109,9,13.2,2020Q3
4711,109,12,14.35,2020Q4
4711,110,3,16.2,2021Q1
4711,110,6,19.3,2021Q2
4711,110,9,19.55,2021Q3
4711,110,12,19.15,2021Q4
4711,111,3,18.6,2022Q1
4711,111,6,15.9,2022Q2
4711,111,9,14.45,2022Q3
4711,111,12,15.0,2022Q4
4711,112,3,15.05,2023Q1
4711,112,6,17.0,2023Q2
4711,112,9,15.9,2023Q3
4711,112,12,16.35,2023Q4
4711,113,3,16.85,2024Q1
4711,113,6,16.9,2024Q2
4711,113,9,18.55,2024Q3
4711,113,12,14.95,2024Q4
4711,114,3,14.7,2025Q1
4714,105,3,8.85,2016Q1
4714,105,6,9.15,2016Q2
4714,105,9,9.66,2016Q3
4714,105,12,15.35,2016Q4
4714,106,3,14.35,2017Q1
4714,106,6,13.7,2017Q2
4714,106,9,14.8,2017Q3
4714,106,12,16.0,2017Q4
4714,107,3,15.45,2018Q1
4714,107,6,15.25,2018Q2
4714,107,9,13.5,2018Q3
4714,107,12,12.8,2018Q4
4714,108,3,16.6,2019Q1
4714,108,6,16.05,2019Q2
4714,108,9,13.6,2019Q3
4714,108,12,14.8,2019Q4
4714,109,3,11.6,2020Q1
4714,109,6,14.5,2020Q2
4714,109,9,13.35,2020Q3
4714,109,12,12.8,2020Q4
4714,110,3,12.15,2021Q1
4714,110,6,15.15,2021Q2
4714,110,9,14.1,2021Q3
4714,110,12,14.85,2021Q4
4714,111,3,14.05,2022Q1
4714,111,6,12.95,2022Q2
4714,111,9,11.0,2022Q3
4714,111,12,10.5,2022Q4
4714,112,3,11.3,2023Q1
4714,112,6,12.2,2023Q2
4714,112,9,13.1,2023Q3
4714,112,12,13.55,2023Q4
4714,113,3,22.1,2024Q1
4714,113,6,21.35,2024Q2
4714,113,9,19.35,2024Q3
4714,113,12,16.55,2024Q4
4714,114,3,16.7,2025Q1
4716,105,3,10.3,2016Q1
4716,105,6,10.2,2016Q2
4716,105,9,12.75,2016Q3
4716,105,12,11.3,2016Q4
4716,106,3,24.0,2017Q1
4716,106,6,24.2,2017Q2
4716,106,9,25.5,2017Q3
4716,106,12,23.9,2017Q4
4716,107,3,23.65,2018Q1
4716,107,6,22.0,2018Q2
4716,107,9,20.4,2018Q3
4716,107,12,19.9,2018Q4
4716,108,3,13.75,2019Q1
4716,108,6,14.4,2019Q2
4716,108,9,14.2,2019Q3
4716,108,12,14.3,2019Q4
4716,109,3,14.05,2020Q1
4716,109,6,15.4,2020Q2
4716,109,9,14.15,2020Q3
4716,109,12,16.0,2020Q4
4716,110,3,14.65,2021Q1
4716,110,6,16.25,2021Q2
4716,110,9,14.5,2021Q3
4716,110,12,15.1,2021Q4
4716,111,3,17.0,2022Q1
4716,111,6,14.6,2022Q2
4716,111,9,12.6,2022Q3
4716,111,12,13.15,2022Q4
4716,112,3,12.8,2023Q1
4716,112,6,13.1,2023Q2
4716,112,9,12.55,2023Q3
4716,112,12,12.95,2023Q4
4716,113,3,13.55,2024Q1
4716,113,6,19.6,2024Q2
4716,113,9,29.4,2024Q3
4716,113,12,23.1,2024Q4
4716,114,3,19.8,2025Q1
4721,105,3,26.55,2016Q1
4721,105,6,39.6,2016Q2
4721,105,9,32.6,2016Q3
4721,105,12,30.8,2016Q4
4721,106,3,43.1,2017Q1
4721,106,6,43.4,2017Q2
4721,106,9,118.5,2017Q3
4721,106,12,109.5,2017Q4
4721,107,3,104.0,2018Q1
4721,107,6,99.8,2018Q2
4721,107,9,74.0,2018Q3
4721,107,12,77.1,2018Q4
4721,108,3,75.7,2019Q1
4721,108,6,68.4,2019Q2
4721,108,9,71.3,2019Q3
4721,108,12,69.7,2019Q4
4721,109,3,39.35,2020Q1
4721,109,6,56.9,2020Q2
4721,109,9,60.0,2020Q3
4721,109,12,67.1,2020Q4
4721,110,3,63.2,2021Q1
4721,110,6,73.0,2021Q2
4721,110,9,115.5,2021Q3
4721,110,12,157.5,2021Q4
4721,111,3,151.0,2022Q1
4721,111,6,124.5,2022Q2
4721,111,9,114.5,2022Q3
4721,111,12,97.8,2022Q4
4721,112,3,106.5,2023Q1
4721,112,6,96.9,2023Q2
4721,112,9,80.7,2023Q3
4721,112,12,87.1,2023Q4
4721,113,3,73.8,2024Q1
4721,113,6,79.2,2024Q2
4721,113,9,72.8,2024Q3
4721,113,12,66.8,2024Q4
4721,114,3,58.7,2025Q1
4726,105,3,56.9,2016Q1
4726,105,6,53.6,2016Q2
4726,105,9,41.8,2016Q3
4726,105,12,34.0,2016Q4
4726,106,3,35.95,2017Q1
4726,106,6,32.75,2017Q2
4726,106,9,28.7,2017Q3
4726,106,12,26.35,2017Q4
4726,107,3,26.75,2018Q1
4726,107,6,24.95,2018Q2
4726,107,9,22.2,2018Q3
4726,107,12,25.8,2018Q4
4726,108,3,25.6,2019Q1
4726,108,6,21.25,2019Q2
4726,108,9,20.8,2019Q3
4726,108,12,23.3,2019Q4
4726,109,3,14.95,2020Q1
4726,109,6,39.05,2020Q2
4726,109,9,45.8,2020Q3
4726,109,12,32.2,2020Q4
4726,110,3,34.5,2021Q1
4726,110,6,42.85,2021Q2
4726,110,9,38.6,2021Q3
4726,110,12,37.9,2021Q4
4726,111,3,40.5,2022Q1
4726,111,6,40.1,2022Q2
4726,111,9,37.9,2022Q3
4726,111,12,37.5,2022Q4
4726,112,3,39.2,2023Q1
4726,112,6,42.85,2023Q2
4726,112,9,38.0,2023Q3
4726,112,12,35.7,2023Q4
4726,113,3,38.55,2024Q1
4726,113,6,59.0,2024Q2
4726,113,9,49.6,2024Q3
4726,113,12,43.4,2024Q4
4726,114,3,36.35,2025Q1
4728,105,3,44.8,2016Q1
4728,105,6,52.5,2016Q2
4728,105,9,46.0,2016Q3
4728,105,12,42.2,2016Q4
4728,106,3,40.0,2017Q1
4728,106,6,38.1,2017Q2
4728,106,9,28.0,2017Q3
4728,106,12,27.75,2017Q4
4728,107,3,35.65,2018Q1
4728,107,6,36.2,2018Q2
4728,107,9,32.4,2018Q3
4728,107,12,47.4,2018Q4
4728,108,3,62.0,2019Q1
4728,108,6,76.7,2019Q2
4728,108,9,87.5,2019Q3
4728,108,12,80.2,2019Q4
4728,109,3,56.6,2020Q1
4728,109,6,81.3,2020Q2
4728,109,9,69.4,2020Q3
4728,109,12,80.5,2020Q4
4728,110,3,80.3,2021Q1
4728,110,6,68.6,2021Q2
4728,110,9,83.6,2021Q3
4728,110,12,82.6,2021Q4
4728,111,3,135.5,2022Q1
4728,111,6,118.0,2022Q2
4728,111,9,150.0,2022Q3
4728,111,12,136.0,2022Q4
4728,112,3,141.0,2023Q1
4728,112,6,230.5,2023Q2
4728,112,9,195.0,2023Q3
4728,112,12,204.0,2023Q4
4728,113,3,231.0,2024Q1
4728,113,6,331.5,2024Q2
4728,113,9,263.5,2024Q3
4728,113,12,280.0,2024Q4
4728,114,3,382.5,2025Q1
4729,105,3,13.0,2016Q1
4729,105,6,13.0,2016Q2
4729,105,9,15.1,2016Q3
4729,105,12,18.05,2016Q4
4729,106,3,17.35,2017Q1
4729,106,6,17.15,2017Q2
4729,106,9,20.05,2017Q3
4729,106,12,21.7,2017Q4
4729,107,3,19.9,2018Q1
4729,107,6,16.9,2018Q2
4729,107,9,12.95,2018Q3
4729,107,12,14.0,2018Q4
4729,108,3,14.5,2019Q1
4729,108,6,12.75,2019Q2
4729,108,9,12.25,2019Q3
4729,108,12,11.05,2019Q4
4729,109,3,9.41,2020Q1
4729,109,6,22.5,2020Q2
4729,109,9,15.1,2020Q3
4729,109,12,12.85,2020Q4
4729,110,3,11.8,2021Q1
4729,110,6,13.1,2021Q2
4729,110,9,12.05,2021Q3
4729,110,12,13.7,2021Q4
4729,111,3,12.1,2022Q1
4729,111,6,10.6,2022Q2
4729,111,9,14.25,2022Q3
4729,111,12,14.9,2022Q4
4729,112,3,16.6,2023Q1
4729,112,6,17.25,2023Q2
4729,112,9,15.5,2023Q3
4729,112,12,15.45,2023Q4
4729,113,3,18.65,2024Q1
4729,113,6,17.2,2024Q2
4729,113,9,29.05,2024Q3
4729,113,12,25.0,2024Q4
4729,114,3,21.2,2025Q1
4735,105,3,30.0,2016Q1
4735,105,6,32.1,2016Q2
4735,105,9,32.85,2016Q3
4735,105,12,35.6,2016Q4
4735,106,3,38.3,2017Q1
4735,106,6,54.2,2017Q2
4735,106,9,43.9,2017Q3
4735,106,12,50.5,2017Q4
4735,107,3,46.3,2018Q1
4735,107,6,43.45,2018Q2
4735,107,9,36.7,2018Q3
4735,107,12,38.9,2018Q4
4735,108,3,41.75,2019Q1
4735,108,6,41.7,2019Q2
4735,108,9,46.85,2019Q3
4735,108,12,47.0,2019Q4
4735,109,3,53.8,2020Q1
4735,109,6,94.7,2020Q2
4735,109,9,105.0,2020Q3
4735,109,12,102.0,2020Q4
4735,110,3,101.5,2021Q1
4735,110,6,75.4,2021Q2
4735,110,9,58.2,2021Q3
4735,110,12,58.9,2021Q4
4735,111,3,50.3,2022Q1
4735,111,6,33.25,2022Q2
4735,111,9,35.0,2022Q3
4735,111,12,39.3,2022Q4
4735,112,3,38.55,2023Q1
4735,112,6,38.2,2023Q2
4735,112,9,37.45,2023Q3
4735,112,12,36.75,2023Q4
4735,113,3,35.9,2024Q1
4735,113,6,36.95,2024Q2
4735,113,9,42.65,2024Q3
4735,113,12,39.55,2024Q4
4735,114,3,36.2,2025Q1
4743,105,3,36.0,2016Q1
4743,105,6,29.9,2016Q2
4743,105,9,38.0,2016Q3
4743,105,12,34.3,2016Q4
4743,106,3,30.1,2017Q1
4743,106,6,27.05,2017Q2
4743,106,9,24.45,2017Q3
4743,106,12,20.3,2017Q4
4743,107,3,27.3,2018Q1
4743,107,6,30.7,2018Q2
4743,107,9,28.25,2018Q3
4743,107,12,26.15,2018Q4
4743,108,3,29.4,2019Q1
4743,108,6,28.1,2019Q2
4743,108,9,29.05,2019Q3
4743,108,12,29.4,2019Q4
4743,109,3,24.85,2020Q1
4743,109,6,249.0,2020Q2
4743,109,9,342.0,2020Q3
4743,109,12,241.0,2020Q4
4743,110,3,264.5,2021Q1
4743,110,6,232.0,2021Q2
4743,110,9,185.0,2021Q3
4743,110,12,287.5,2021Q4
4743,111,3,214.5,2022Q1
4743,111,6,175.5,2022Q2
4743,111,9,252.5,2022Q3
4743,111,12,245.5,2022Q4
4743,112,3,267.0,2023Q1
4743,112,6,216.0,2023Q2
4743,112,9,174.5,2023Q3
4743,112,12,194.5,2023Q4
4743,113,3,175.5,2024Q1
4743,113,6,164.0,2024Q2
4743,113,9,143.0,2024Q3
4743,113,12,87.3,2024Q4
4743,114,3,64.7,2025Q1
4745,105,3,69.0,2016Q1
4745,105,6,71.5,2016Q2
4745,105,9,56.0,2016Q3
4745,105,12,49.75,2016Q4
4745,106,3,46.2,2017Q1
4745,106,6,44.4,2017Q2
4745,106,9,41.1,2017Q3
4745,106,12,39.0,2017Q4
4745,107,3,48.05,2018Q1
4745,107,6,41.7,2018Q2
4745,107,9,41.65,2018Q3
4745,107,12,40.2,2018Q4
4745,108,3,46.8,2019Q1
4745,108,6,47.8,2019Q2
4745,108,9,44.5,2019Q3
4745,108,12,41.6,2019Q4
4745,109,3,27.0,2020Q1
4745,109,6,34.3,2020Q2
4745,109,9,30.35,2020Q3
4745,109,12,31.75,2020Q4
4745,110,3,29.35,2021Q1
4745,110,6,27.3,2021Q2
4745,110,9,23.55,2021Q3
4745,110,12,26.6,2021Q4
4745,111,3,34.05,2022Q1
4745,111,6,24.85,2022Q2
4745,111,9,23.75,2022Q3
4745,111,12,24.85,2022Q4
4745,112,3,26.35,2023Q1
4745,112,6,29.4,2023Q2
4745,112,9,25.0,2023Q3
4745,112,12,25.8,2023Q4
4745,113,3,23.9,2024Q1
4745,113,6,23.35,2024Q2
4745,113,9,23.4,2024Q3
4745,113,12,20.45,2024Q4
4745,114,3,19.35,2025Q1
4747,105,3,44.45,2016Q1
4747,105,6,39.0,2016Q2
4747,105,9,38.65,2016Q3
4747,105,12,36.25,2016Q4
4747,106,3,37.5,2017Q1
4747,106,6,36.0,2017Q2
4747,106,9,37.25,2017Q3
4747,106,12,38.75,2017Q4
4747,107,3,44.8,2018Q1
4747,107,6,39.65,2018Q2
4747,107,9,39.45,2018Q3
4747,107,12,38.85,2018Q4
4747,108,3,42.55,2019Q1
4747,108,6,38.95,2019Q2
4747,108,9,38.95,2019Q3
4747,108,12,39.0,2019Q4
4747,109,3,49.2,2020Q1
4747,109,6,41.15,2020Q2
4747,109,9,36.95,2020Q3
4747,109,12,37.2,2020Q4
4747,110,3,38.3,2021Q1
4747,110,6,36.5,2021Q2
4747,110,9,36.0,2021Q3
4747,110,12,35.05,2021Q4
4747,111,3,33.75,2022Q1
4747,111,6,31.45,2022Q2
4747,111,9,32.0,2022Q3
4747,111,12,51.2,2022Q4
4747,112,3,51.9,2023Q1
4747,112,6,113.5,2023Q2
4747,112,9,95.2,2023Q3
4747,112,12,83.7,2023Q4
4747,113,3,72.1,2024Q1
4747,113,6,72.5,2024Q2
4747,113,9,67.7,2024Q3
4747,113,12,71.5,2024Q4
4747,114,3,72.8,2025Q1
4754,105,9,63.0,2016Q3
4754,105,12,53.2,2016Q4
4754,106,3,51.8,2017Q1
4754,106,6,44.6,2017Q2
4754,106,9,43.15,2017Q3
4754,106,12,40.15,2017Q4
4754,107,3,41.6,2018Q1
4754,107,6,43.1,2018Q2
4754,107,9,48.0,2018Q3
4754,107,12,49.0,2018Q4
4754,108,3,56.4,2019Q1
4754,108,6,60.3,2019Q2
4754,108,9,55.0,2019Q3
4754,108,12,52.6,2019Q4
4754,109,3,49.5,2020Q1
4754,109,6,54.1,2020Q2
4754,109,9,40.1,2020Q3
4754,109,12,43.5,2020Q4
4754,110,3,42.65,2021Q1
4754,110,6,39.1,2021Q2
4754,110,9,35.9,2021Q3
4754,110,12,37.55,2021Q4
4754,111,3,40.4,2022Q1
4754,111,6,38.3,2022Q2
4754,111,9,35.0,2022Q3
4754,111,12,34.85,2022Q4
4754,112,3,39.1,2023Q1
4754,112,6,44.8,2023Q2
4754,112,9,42.9,2023Q3
4754,112,12,43.1,2023Q4
4754,113,3,40.9,2024Q1
4754,113,6,44.05,2024Q2
4754,113,9,41.0,2024Q3
4754,113,12,41.55,2024Q4
4754,114,3,39.55,2025Q1
4804,105,3,140.0,2016Q1
4804,105,6,116.5,2016Q2
4804,105,9,112.5,2016Q3
4804,105,12,79.5,2016Q4
4804,106,3,76.6,2017Q1
4804,106,6,54.8,2017Q2
4804,106,9,47.0,2017Q3
4804,106,12,38.8,2017Q4
4804,107,3,27.65,2018Q1
4804,107,6,23.2,2018Q2
4804,107,9,18.75,2018Q3
4804,107,12,10.8,2018Q4
4804,108,3,18.75,2019Q1
4804,108,6,17.4,2019Q2
4804,108,9,14.35,2019Q3
4804,108,12,13.5,2019Q4
4804,109,3,7.36,2020Q1
4804,109,6,9.36,2020Q2
4804,109,9,12.8,2020Q3
4804,109,12,15.0,2020Q4
4804,110,3,14.05,2021Q1
4804,110,6,10.15,2021Q2
4804,110,9,9.14,2021Q3
4804,110,12,8.04,2021Q4
4804,111,3,15.7,2022Q1
4804,111,6,12.2,2022Q2
4804,111,9,9.31,2022Q3
4804,111,12,11.1,2022Q4
4804,112,3,10.1,2023Q1
4804,112,6,5.03,2023Q2
4804,112,9,4.85,2023Q3
4804,112,12,4.39,2023Q4
4804,113,3,4.25,2024Q1
4804,113,6,4.1,2024Q2
4804,114,3,3.9,2025Q1
4806,105,3,89.0,2016Q1
4806,105,6,78.1,2016Q2
4806,105,9,78.5,2016Q3
4806,105,12,67.0,2016Q4
4806,106,3,60.7,2017Q1
4806,106,6,58.0,2017Q2
4806,106,9,58.4,2017Q3
4806,106,12,45.5,2017Q4
4806,107,3,48.8,2018Q1
4806,107,6,15.0,2018Q2
4806,107,9,13.45,2018Q3
4806,107,12,13.15,2018Q4
4806,108,3,9.92,2019Q1
4806,108,6,12.8,2019Q2
4806,108,9,10.85,2019Q3
4806,108,12,10.1,2019Q4
4806,109,3,7.5,2020Q1
4806,109,6,10.25,2020Q2
4806,109,9,7.77,2020Q3
4806,109,12,12.0,2020Q4
4806,110,3,9.6,2021Q1
4806,110,6,11.5,2021Q2
4806,110,9,10.6,2021Q3
4806,110,12,10.4,2021Q4
4806,111,3,10.9,2022Q1
4806,111,6,9.73,2022Q2
4806,111,9,9.68,2022Q3
4806,111,12,6.79,2022Q4
4806,112,3,6.35,2023Q1
4806,112,12,13.2,2023Q4
4806,113,3,11.6,2024Q1
4806,113,6,11.95,2024Q2
4806,113,9,14.3,2024Q3
4806,113,12,10.4,2024Q4
4806,114,3,9.99,2025Q1
4903,105,3,14.15,2016Q1
4903,105,6,13.85,2016Q2
4903,105,9,36.0,2016Q3
4903,105,12,33.45,2016Q4
4903,106,3,56.6,2017Q1
4903,106,6,53.0,2017Q2
4903,106,9,31.05,2017Q3
4903,106,12,26.0,2017Q4
4903,107,3,19.5,2018Q1
4903,107,6,19.2,2018Q2
4903,107,9,13.25,2018Q3
4903,107,12,12.0,2018Q4
4903,108,3,15.8,2019Q1
4903,108,6,14.0,2019Q2
4903,108,9,11.8,2019Q3
4903,108,12,16.7,2019Q4
4903,109,3,10.5,2020Q1
4903,109,6,9.83,2020Q2
4903,109,9,8.41,2020Q3
4903,109,12,8.53,2020Q4
4903,110,3,7.6,2021Q1
4903,110,6,7.71,2021Q2
4903,110,9,12.85,2021Q3
4903,110,12,14.55,2021Q4
4903,111,3,11.1,2022Q1
4903,111,6,10.55,2022Q2
4903,111,9,10.0,2022Q3
4903,111,12,14.05,2022Q4
4903,112,3,21.65,2023Q1
4903,112,6,20.95,2023Q2
4903,112,9,15.1,2023Q3
4903,112,12,17.4,2023Q4
4903,113,3,16.9,2024Q1
4903,113,6,23.8,2024Q2
4903,113,9,37.6,2024Q3
4903,113,12,31.35,2024Q4
4903,114,3,28.55,2025Q1
4905,105,3,53.5,2016Q1
4905,105,6,48.7,2016Q2
4905,105,9,46.2,2016Q3
4905,105,12,44.7,2016Q4
4905,106,3,44.5,2017Q1
4905,106,6,45.0,2017Q2
4905,106,9,57.0,2017Q3
4905,106,12,70.6,2017Q4
4905,107,3,70.6,2018Q1
4905,107,6,67.5,2018Q2
4905,107,9,62.1,2018Q3
4905,107,12,61.3,2018Q4
4905,108,3,58.2,2019Q1
4905,108,6,63.4,2019Q2
4905,108,9,61.5,2019Q3
4905,108,12,58.5,2019Q4
4905,109,3,49.55,2020Q1
4905,109,6,48.7,2020Q2
4905,109,12,51.6,2020Q4
4905,110,3,51.5,2021Q1
4905,110,6,53.1,2021Q2
4905,110,9,50.9,2021Q3
4905,110,12,54.0,2021Q4
4905,111,3,53.3,2022Q1
4905,111,6,51.2,2022Q2
4905,111,9,50.9,2022Q3
4905,111,12,50.5,2022Q4
4905,112,3,51.0,2023Q1
4905,112,6,57.5,2023Q2
4905,112,9,69.2,2023Q3
4905,112,12,77.3,2023Q4
4905,113,3,84.1,2024Q1
4905,113,6,98.6,2024Q2
4905,113,9,91.9,2024Q3
4905,113,12,78.0,2024Q4
4905,114,3,73.0,2025Q1
4907,105,3,11.3,2016Q1
4907,105,6,9.43,2016Q2
4907,106,3,19.1,2017Q1
4907,106,6,18.75,2017Q2
4907,106,9,36.5,2017Q3
4907,106,12,38.15,2017Q4
4907,107,3,30.35,2018Q1
4907,107,6,21.65,2018Q2
4907,107,9,21.95,2018Q3
4907,107,12,22.65,2018Q4
4907,108,3,23.85,2019Q1
4907,108,6,22.3,2019Q2
4907,108,9,22.6,2019Q3
4907,108,12,27.8,2019Q4
4907,109,3,21.2,2020Q1
4907,109,6,26.9,2020Q2
4907,109,9,28.0,2020Q3
4907,109,12,27.5,2020Q4
4907,110,3,26.0,2021Q1
4907,110,6,23.8,2021Q2
4907,110,9,23.95,2021Q3
4907,110,12,24.6,2021Q4
4907,111,3,24.35,2022Q1
4907,111,6,24.6,2022Q2
4907,111,9,24.85,2022Q3
4907,111,12,25.85,2022Q4
4907,112,3,31.45,2023Q1
4907,112,6,33.9,2023Q2
4907,112,9,40.1,2023Q3
4907,112,12,40.0,2023Q4
4907,113,3,51.8,2024Q1
4907,113,6,71.7,2024Q2
4907,113,9,64.9,2024Q3
4907,113,12,69.4,2024Q4
4907,114,3,55.4,2025Q1
4908,105,3,20.1,2016Q1
4908,105,6,17.5,2016Q2
4908,105,9,17.6,2016Q3
4908,105,12,16.9,2016Q4
4908,106,3,17.75,2017Q1
4908,106,6,18.35,2017Q2
4908,106,9,19.85,2017Q3
4908,106,12,26.2,2017Q4
4908,107,3,20.95,2018Q1
4908,107,6,20.8,2018Q2
4908,107,9,19.75,2018Q3
4908,107,12,19.4,2018Q4
4908,108,3,25.0,2019Q1
4908,108,6,22.75,2019Q2
4908,108,9,25.75,2019Q3
4908,108,12,40.3,2019Q4
4908,109,3,27.1,2020Q1
4908,109,6,43.45,2020Q2
4908,109,9,30.0,2020Q3
4908,109,12,31.8,2020Q4
4908,110,3,33.35,2021Q1
4908,110,6,29.45,2021Q2
4908,110,9,27.9,2021Q3
4908,110,12,31.9,2021Q4
4908,111,3,33.85,2022Q1
4908,111,6,34.95,2022Q2
4908,111,9,33.9,2022Q3
4908,111,12,29.95,2022Q4
4908,112,3,32.45,2023Q1
4908,112,6,42.15,2023Q2
4908,112,9,69.9,2023Q3
4908,112,12,84.3,2023Q4
4908,113,3,108.5,2024Q1
4908,113,6,112.0,2024Q2
4908,113,9,94.6,2024Q3
4908,113,12,97.9,2024Q4
4908,114,3,76.9,2025Q1
4909,105,3,25.8,2016Q1
4909,105,6,24.35,2016Q2
4909,105,9,23.8,2016Q3
4909,105,12,21.5,2016Q4
4909,106,3,23.05,2017Q1
4909,106,6,21.6,2017Q2
4909,106,9,19.75,2017Q3
4909,106,12,18.95,2017Q4
4909,107,3,18.25,2018Q1
4909,107,6,17.9,2018Q2
4909,107,9,17.15,2018Q3
4909,107,12,19.2,2018Q4
4909,108,3,21.65,2019Q1
4909,108,6,20.1,2019Q2
4909,108,9,20.85,2019Q3
4909,108,12,19.35,2019Q4
4909,109,3,12.1,2020Q1
4909,109,6,17.7,2020Q2
4909,109,9,15.9,2020Q3
4909,109,12,21.0,2020Q4
4909,110,3,27.65,2021Q1
4909,110,6,25.1,2021Q2
4909,110,9,22.3,2021Q3
4909,110,12,23.35,2021Q4
4909,111,3,20.0,2022Q1
4909,111,6,16.8,2022Q2
4909,111,9,16.2,2022Q3
4909,111,12,15.8,2022Q4
4909,112,3,17.6,2023Q1
4909,112,6,20.45,2023Q2
4909,112,9,24.3,2023Q3
4909,112,12,31.85,2023Q4
4909,113,3,87.9,2024Q1
4909,113,6,116.5,2024Q2
4909,113,9,196.0,2024Q3
4909,113,12,113.0,2024Q4
4909,114,3,88.7,2025Q1
4911,105,3,132.0,2016Q1
4911,105,6,115.0,2016Q2
4911,105,9,93.1,2016Q3
4911,105,12,80.1,2016Q4
4911,106,3,68.9,2017Q1
4911,106,6,64.7,2017Q2
4911,106,9,47.7,2017Q3
4911,106,12,51.7,2017Q4
4911,107,3,55.3,2018Q1
4911,107,6,50.3,2018Q2
4911,107,9,39.05,2018Q3
4911,107,12,35.45,2018Q4
4911,108,3,46.85,2019Q1
4911,108,6,47.5,2019Q2
4911,108,9,44.0,2019Q3
4911,108,12,36.0,2019Q4
4911,109,3,23.0,2020Q1
4911,109,6,40.5,2020Q2
4911,109,9,39.3,2020Q3
4911,109,12,34.85,2020Q4
4911,110,3,30.25,2021Q1
4911,110,6,28.65,2021Q2
4911,110,9,25.35,2021Q3
4911,110,12,28.0,2021Q4
4911,111,3,27.05,2022Q1
4911,111,6,57.1,2022Q2
4911,111,9,64.9,2022Q3
4911,111,12,53.4,2022Q4
4911,112,3,63.5,2023Q1
4911,112,6,77.3,2023Q2
4911,112,9,59.3,2023Q3
4911,112,12,61.8,2023Q4
4911,113,3,59.5,2024Q1
4911,113,6,59.2,2024Q2
4911,113,9,54.1,2024Q3
4911,113,12,56.6,2024Q4
4911,114,3,54.2,2025Q1
4924,105,3,6.43,2016Q1
4924,105,6,5.95,2016Q2
4924,105,9,7.17,2016Q3
4924,105,12,10.0,2016Q4
4924,106,3,9.0,2017Q1
4924,106,6,9.89,2017Q2
4924,106,9,9.08,2017Q3
4924,106,12,9.48,2017Q4
4924,107,3,9.67,2018Q1
4924,107,6,9.06,2018Q2
4924,107,9,8.87,2018Q3
4924,107,12,8.8,2018Q4
4924,108,3,8.91,2019Q1
4924,108,6,9.27,2019Q2
4924,108,9,8.9,2019Q3
4924,108,12,9.0,2019Q4
4924,109,3,5.41,2020Q1
4924,109,6,6.6,2020Q2
4924,109,9,16.7,2020Q3
4924,109,12,13.2,2020Q4
4924,110,3,22.3,2021Q1
4924,110,6,14.7,2021Q2
4924,110,9,13.85,2021Q3
4924,110,12,16.15,2021Q4
4924,111,3,14.1,2022Q1
4924,111,6,13.8,2022Q2
4924,111,9,13.85,2022Q3
4924,111,12,14.15,2022Q4
4924,112,3,13.2,2023Q1
4924,112,6,13.3,2023Q2
4924,112,9,11.6,2023Q3
4924,112,12,14.75,2023Q4
4924,113,3,14.3,2024Q1
4924,113,6,28.4,2024Q2
4924,113,9,20.05,2024Q3
4924,113,12,17.65,2024Q4
4924,114,3,19.3,2025Q1
4933,105,3,26.25,2016Q1
4933,105,6,22.1,2016Q2
4933,105,9,22.65,2016Q3
4933,105,12,22.1,2016Q4
4933,106,3,27.85,2017Q1
4933,106,6,24.85,2017Q2
4933,106,9,23.3,2017Q3
4933,106,12,21.5,2017Q4
4933,107,3,20.35,2018Q1
4933,107,6,18.95,2018Q2
4933,107,9,20.65,2018Q3
4933,107,12,21.1,2018Q4
4933,108,3,36.5,2019Q1
4933,108,6,28.75,2019Q2
4933,108,9,27.15,2019Q3
4933,108,12,26.3,2019Q4
4933,109,3,18.3,2020Q1
4933,109,6,24.25,2020Q2
4933,109,9,28.4,2020Q3
4933,109,12,41.05,2020Q4
4933,110,3,44.35,2021Q1
4933,110,6,40.6,2021Q2
4933,110,9,30.9,2021Q3
4933,110,12,37.8,2021Q4
4933,111,3,39.05,2022Q1
4933,111,6,35.9,2022Q2
4933,111,9,31.3,2022Q3
4933,111,12,31.2,2022Q4
4933,112,3,35.0,2023Q1
4933,112,6,36.5,2023Q2
4933,112,9,50.3,2023Q3
4933,112,12,56.7,2023Q4
4933,113,3,57.7,2024Q1
4933,113,6,63.0,2024Q2
4933,113,9,70.3,2024Q3
4933,113,12,68.1,2024Q4
4933,114,3,79.0,2025Q1
4939,105,3,7.42,2016Q1
4939,105,6,6.35,2016Q2
4939,105,9,8.23,2016Q3
4939,105,12,8.64,2016Q4
4939,106,3,14.35,2017Q1
4939,106,6,14.05,2017Q2
4939,106,9,16.55,2017Q3
4939,106,12,20.35,2017Q4
4939,107,3,18.3,2018Q1
4939,107,6,26.95,2018Q2
4939,107,9,21.45,2018Q3
4939,107,12,18.4,2018Q4
4939,108,3,20.0,2019Q1
4939,108,6,17.2,2019Q2
4939,108,9,17.95,2019Q3
4939,108,12,17.75,2019Q4
4939,109,3,10.05,2020Q1
4939,109,6,13.6,2020Q2
4939,109,9,16.05,2020Q3
4939,109,12,21.75,2020Q4
4939,110,3,26.2,2021Q1
4939,110,6,23.9,2021Q2
4939,110,9,20.15,2021Q3
4939,110,12,23.25,2021Q4
4939,111,3,24.0,2022Q1
4939,111,6,18.05,2022Q2
4939,111,9,14.95,2022Q3
4939,111,12,14.75,2022Q4
4939,112,3,16.3,2023Q1
4939,112,6,16.45,2023Q2
4939,112,9,16.65,2023Q3
4939,112,12,21.45,2023Q4
4939,113,3,22.4,2024Q1
4939,113,6,21.45,2024Q2
4939,113,9,22.4,2024Q3
4939,113,12,20.5,2024Q4
4939,114,3,19.6,2025Q1
4946,105,3,36.0,2016Q1
4946,105,6,31.45,2016Q2
4946,105,9,31.7,2016Q3
4946,105,12,30.95,2016Q4
4946,106,3,29.0,2017Q1
4946,106,6,39.6,2017Q2
4946,106,9,44.1,2017Q3
4946,106,12,43.55,2017Q4
4946,107,3,40.2,2018Q1
4946,107,6,38.95,2018Q2
4946,107,9,39.8,2018Q3
4946,107,12,34.4,2018Q4
4946,108,3,34.4,2019Q1
4946,108,6,30.7,2019Q2
4946,108,9,28.65,2019Q3
4946,108,12,27.8,2019Q4
4946,109,3,15.5,2020Q1
4946,109,6,13.6,2020Q2
4946,109,9,19.8,2020Q3
4946,109,12,36.3,2020Q4
4946,110,3,40.5,2021Q1
4946,110,6,39.55,2021Q2
4946,110,9,34.9,2021Q3
4946,110,12,60.0,2021Q4
4946,111,3,84.6,2022Q1
4946,111,6,60.6,2022Q2
4946,111,9,47.8,2022Q3
4946,111,12,53.3,2022Q4
4946,112,3,42.75,2023Q1
4946,112,6,32.6,2023Q2
4946,112,9,29.3,2023Q3
4946,112,12,55.7,2023Q4
4946,113,3,49.5,2024Q1
4946,113,6,48.7,2024Q2
4946,113,9,46.4,2024Q3
4946,113,12,36.75,2024Q4
4946,114,3,74.7,2025Q1
4950,105,3,14.9,2016Q1
4950,105,6,15.5,2016Q2
4950,105,9,17.3,2016Q3
4950,105,12,18.8,2016Q4
4950,106,3,19.2,2017Q1
4950,106,6,19.3,2017Q2
4950,106,9,18.35,2017Q3
4950,106,12,18.05,2017Q4
4950,107,3,18.4,2018Q1
4950,107,6,17.0,2018Q2
4950,107,9,16.75,2018Q3
4950,107,12,14.65,2018Q4
4950,108,3,14.3,2019Q1
4950,108,6,10.65,2019Q2
4950,108,9,9.05,2019Q3
4950,108,12,9.18,2019Q4
4950,109,6,5.82,2020Q2
4950,109,9,9.55,2020Q3
4950,109,12,26.1,2020Q4
4950,110,3,23.95,2021Q1
4950,110,6,21.8,2021Q2
4950,110,9,18.0,2021Q3
4950,110,12,20.75,2021Q4
4950,111,3,28.1,2022Q1
4950,111,6,26.0,2022Q2
4950,111,9,22.1,2022Q3
4950,111,12,21.4,2022Q4
4950,112,3,18.4,2023Q1
4950,112,6,16.35,2023Q2
4950,112,9,10.9,2023Q3
4950,113,9,13.3,2024Q3
4950,113,12,13.8,2024Q4
4950,114,3,14.1,2025Q1
4953,105,3,20.3,2016Q1
4953,105,6,19.95,2016Q2
4953,105,9,22.35,2016Q3
4953,105,12,22.1,2016Q4
4953,106,3,24.2,2017Q1
4953,106,6,24.5,2017Q2
4953,106,9,26.0,2017Q3
4953,106,12,27.1,2017Q4
4953,107,3,34.55,2018Q1
4953,107,6,54.7,2018Q2
4953,107,9,63.6,2018Q3
4953,107,12,67.0,2018Q4
4953,108,3,118.0,2019Q1
4953,108,6,97.5,2019Q2
4953,108,9,110.0,2019Q3
4953,108,12,105.5,2019Q4
4953,109,3,65.8,2020Q1
4953,109,6,87.3,2020Q2
4953,109,9,85.5,2020Q3
4953,109,12,97.2,2020Q4
4953,110,3,108.0,2021Q1
4953,110,6,95.9,2021Q2
4953,110,9,84.9,2021Q3
4953,110,12,88.1,2021Q4
4953,111,3,96.2,2022Q1
4953,111,6,75.3,2022Q2
4953,111,9,79.9,2022Q3
4953,111,12,82.7,2022Q4
4953,112,3,117.0,2023Q1
4953,112,6,113.5,2023Q2
4953,112,9,117.5,2023Q3
4953,112,12,132.0,2023Q4
4953,113,3,143.5,2024Q1
4953,113,6,137.0,2024Q2
4953,113,9,114.0,2024Q3
4953,113,12,113.5,2024Q4
4953,114,3,95.5,2025Q1
4966,105,3,319.0,2016Q1
4966,105,6,306.5,2016Q2
4966,105,9,319.5,2016Q3
4966,105,12,318.0,2016Q4
4966,106,3,352.5,2017Q1
4966,106,6,374.0,2017Q2
4966,106,9,484.0,2017Q3
4966,106,12,589.0,2017Q4
4966,107,3,580.0,2018Q1
4966,107,6,512.0,2018Q2
4966,107,9,465.0,2018Q3
4966,107,12,430.0,2018Q4
4966,108,3,517.0,2019Q1
4966,108,6,528.0,2019Q2
4966,108,9,540.0,2019Q3
4966,108,12,615.0,2019Q4
4966,109,3,645.0,2020Q1
4966,109,6,982.0,2020Q2
4966,109,9,1050.0,2020Q3
4966,109,12,1110.0,2020Q4
4966,110,3,1225.0,2021Q1
4966,110,6,1385.0,2021Q2
4966,110,9,1655.0,2021Q3
4966,110,12,2115.0,2021Q4
4966,111,3,1810.0,2022Q1
4966,111,6,1150.0,2022Q2
4966,111,9,592.0,2022Q3
4966,111,12,773.0,2022Q4
4966,112,3,1050.0,2023Q1
4966,112,6,1075.0,2023Q2
4966,112,9,984.0,2023Q3
4966,112,12,1200.0,2023Q4
4966,113,3,934.0,2024Q1
4966,113,6,838.0,2024Q2
4966,113,9,761.0,2024Q3
4966,113,12,767.0,2024Q4
4966,114,3,565.0,2025Q1
4971,105,3,136.5,2016Q1
4971,105,6,103.0,2016Q2
4971,105,9,90.1,2016Q3
4971,105,12,82.0,2016Q4
4971,106,3,84.5,2017Q1
4971,106,6,88.3,2017Q2
4971,106,9,85.8,2017Q3
4971,106,12,109.5,2017Q4
4971,107,3,95.1,2018Q1
4971,107,6,81.3,2018Q2
4971,107,9,60.7,2018Q3
4971,107,12,54.9,2018Q4
4971,108,3,65.9,2019Q1
4971,108,6,58.2,2019Q2
4971,108,9,62.4,2019Q3
4971,108,12,64.1,2019Q4
4971,109,3,40.25,2020Q1
4971,109,6,55.3,2020Q2
4971,109,9,50.8,2020Q3
4971,109,12,52.4,2020Q4
4971,110,3,57.4,2021Q1
4971,110,6,53.3,2021Q2
4971,110,9,59.1,2021Q3
4971,110,12,71.4,2021Q4
4971,111,3,79.6,2022Q1
4971,111,6,69.8,2022Q2
4971,111,9,62.3,2022Q3
4971,111,12,52.4,2022Q4
4971,112,3,70.7,2023Q1
4971,112,6,60.6,2023Q2
4971,112,9,57.0,2023Q3
4971,112,12,63.7,2023Q4
4971,113,3,59.7,2024Q1
4971,113,6,61.8,2024Q2
4971,113,9,76.8,2024Q3
4971,113,12,89.6,2024Q4
4971,114,3,118.0,2025Q1
4972,105,3,42.3,2016Q1
4972,105,6,42.3,2016Q2
4972,105,9,36.85,2016Q3
4972,105,12,34.5,2016Q4
4972,106,3,35.4,2017Q1
4972,106,6,32.15,2017Q2
4972,106,9,29.5,2017Q3
4972,106,12,30.4,2017Q4
4972,107,3,43.2,2018Q1
4972,107,6,38.0,2018Q2
4972,107,9,35.1,2018Q3
4972,107,12,30.95,2018Q4
4972,108,3,33.85,2019Q1
4972,108,6,31.15,2019Q2
4972,108,9,30.55,2019Q3
4972,108,12,32.1,2019Q4
4972,109,3,28.0,2020Q1
4972,109,6,28.5,2020Q2
4972,109,9,27.5,2020Q3
4972,109,12,28.15,2020Q4
4972,110,3,35.25,2021Q1
4972,110,6,32.5,2021Q2
4972,110,9,30.45,2021Q3
4972,110,12,32.0,2021Q4
4972,111,3,32.85,2022Q1
4972,111,6,29.6,2022Q2
4972,111,9,30.5,2022Q3
4972,111,12,29.5,2022Q4
4972,112,3,29.6,2023Q1
4972,112,6,28.95,2023Q2
4972,112,9,28.05,2023Q3
4972,112,12,28.5,2023Q4
4972,113,3,28.1,2024Q1
4972,113,6,27.85,2024Q2
4972,113,9,26.8,2024Q3
4972,113,12,23.45,2024Q4
4972,114,3,21.85,2025Q1
4973,105,3,17.1,2016Q1
4973,105,6,23.8,2016Q2
4973,105,9,25.05,2016Q3
4973,105,12,20.3,2016Q4
4973,106,3,24.55,2017Q1
4973,106,6,21.55,2017Q2
4973,106,9,19.45,2017Q3
4973,106,12,19.15,2017Q4
4973,107,3,19.6,2018Q1
4973,107,6,16.45,2018Q2
4973,107,9,13.9,2018Q3
4973,107,12,15.0,2018Q4
4973,108,3,18.35,2019Q1
4973,108,6,17.4,2019Q2
4973,108,9,17.15,2019Q3
4973,108,12,25.75,2019Q4
4973,109,3,25.15,2020Q1
4973,109,6,26.4,2020Q2
4973,109,9,21.6,2020Q3
4973,109,12,25.95,2020Q4
4973,110,3,25.75,2021Q1
4973,110,6,28.3,2021Q2
4973,110,9,23.0,2021Q3
4973,110,12,25.25,2021Q4
4973,111,3,24.4,2022Q1
4973,111,6,19.8,2022Q2
4973,111,9,19.55,2022Q3
4973,111,12,21.85,2022Q4
4973,112,3,29.05,2023Q1
4973,112,6,31.55,2023Q2
4973,112,9,29.45,2023Q3
4973,112,12,36.9,2023Q4
4973,113,3,39.8,2024Q1
4973,113,6,44.6,2024Q2
4973,113,9,33.2,2024Q3
4973,113,12,31.4,2024Q4
4973,114,3,27.85,2025Q1
4974,105,3,35.15,2016Q1
4974,105,6,30.55,2016Q2
4974,105,9,33.0,2016Q3
4974,105,12,33.9,2016Q4
4974,106,3,45.05,2017Q1
4974,106,6,48.4,2017Q2
4974,106,9,51.4,2017Q3
4974,106,12,47.25,2017Q4
4974,107,3,49.2,2018Q1
4974,107,6,41.1,2018Q2
4974,107,9,41.85,2018Q3
4974,107,12,38.0,2018Q4
4974,108,3,47.5,2019Q1
4974,108,6,45.75,2019Q2
4974,108,9,46.0,2019Q3
4974,108,12,60.0,2019Q4
4974,109,3,44.4,2020Q1
4974,109,6,56.8,2020Q2
4974,109,9,51.0,2020Q3
4974,109,12,53.1,2020Q4
4974,110,3,57.8,2021Q1
4974,110,6,60.0,2021Q2
4974,110,9,57.1,2021Q3
4974,110,12,55.5,2021Q4
4974,111,3,55.9,2022Q1
4974,111,6,51.9,2022Q2
4974,111,9,52.6,2022Q3
4974,111,12,57.0,2022Q4
4974,112,3,70.7,2023Q1
4974,112,6,64.8,2023Q2
4974,112,9,67.1,2023Q3
4974,112,12,66.6,2023Q4
4974,113,3,68.8,2024Q1
4974,113,6,69.7,2024Q2
4974,113,9,105.5,2024Q3
4974,113,12,140.0,2024Q4
4974,114,3,96.2,2025Q1
4979,105,3,71.8,2016Q1
4979,105,6,49.85,2016Q2
4979,105,9,34.2,2016Q3
4979,105,12,35.1,2016Q4
4979,106,3,37.5,2017Q1
4979,106,6,30.15,2017Q2
4979,106,9,29.65,2017Q3
4979,106,12,35.4,2017Q4
4979,107,3,29.35,2018Q1
4979,107,6,28.2,2018Q2
4979,107,9,20.65,2018Q3
4979,107,12,21.75,2018Q4
4979,108,3,26.25,2019Q1
4979,108,6,20.85,2019Q2
4979,108,9,21.65,2019Q3
4979,108,12,25.55,2019Q4
4979,109,3,11.35,2020Q1
4979,109,6,24.25,2020Q2
4979,109,9,26.8,2020Q3
4979,109,12,26.95,2020Q4
4979,110,3,24.1,2021Q1
4979,110,6,18.85,2021Q2
4979,110,9,18.15,2021Q3
4979,110,12,20.1,2021Q4
4979,111,3,18.15,2022Q1
4979,111,6,22.6,2022Q2
4979,111,9,34.1,2022Q3
4979,111,12,39.8,2022Q4
4979,112,3,51.5,2023Q1
4979,112,6,104.5,2023Q2
4979,112,9,143.0,2023Q3
4979,112,12,144.0,2023Q4
4979,113,3,124.0,2024Q1
4979,113,6,126.5,2024Q2
4979,113,9,144.5,2024Q3
4979,113,12,188.0,2024Q4
4979,114,3,168.5,2025Q1
4987,105,3,68.0,2016Q1
4987,105,6,58.3,2016Q2
4987,105,9,48.55,2016Q3
4987,105,12,46.7,2016Q4
4987,106,3,50.0,2017Q1
4987,106,6,52.4,2017Q2
4987,106,9,65.6,2017Q3
4987,106,12,61.4,2017Q4
4987,107,3,63.7,2018Q1
4987,107,6,63.9,2018Q2
4987,107,9,61.0,2018Q3
4987,107,12,54.7,2018Q4
4987,108,3,61.1,2019Q1
4987,108,6,63.1,2019Q2
4987,108,9,57.9,2019Q3
4987,108,12,59.5,2019Q4
4987,109,3,48.1,2020Q1
4987,109,6,50.3,2020Q2
4987,109,9,47.2,2020Q3
4987,109,12,49.35,2020Q4
4987,110,3,54.8,2021Q1
4987,110,6,56.8,2021Q2
4987,110,9,51.6,2021Q3
4987,110,12,52.3,2021Q4
4987,111,3,59.2,2022Q1
4987,111,6,59.1,2022Q2
4987,111,9,54.3,2022Q3
4987,111,12,57.7,2022Q4
4987,112,3,60.3,2023Q1
4987,112,6,64.0,2023Q2
4987,112,9,58.4,2023Q3
4987,112,12,59.6,2023Q4
4987,113,3,61.6,2024Q1
4987,113,6,62.5,2024Q2
4987,113,9,71.9,2024Q3
4987,113,12,79.5,2024Q4
4987,114,3,79.2,2025Q1
4991,105,3,91.7,2016Q1
4991,105,6,90.3,2016Q2
4991,105,9,71.3,2016Q3
4991,105,12,63.9,2016Q4
4991,106,3,47.45,2017Q1
4991,106,6,67.4,2017Q2
4991,106,9,66.1,2017Q3
4991,106,12,84.8,2017Q4
4991,107,3,79.7,2018Q1
4991,107,6,70.0,2018Q2
4991,107,9,56.8,2018Q3
4991,107,12,52.6,2018Q4
4991,108,3,62.0,2019Q1
4991,108,6,55.5,2019Q2
4991,108,9,60.3,2019Q3
4991,108,12,68.9,2019Q4
4991,109,3,44.7,2020Q1
4991,109,6,53.1,2020Q2
4991,109,9,48.5,2020Q3
4991,109,12,50.2,2020Q4
4991,110,3,53.3,2021Q1
4991,110,6,44.8,2021Q2
4991,110,9,47.85,2021Q3
4991,110,12,49.1,2021Q4
4991,111,3,40.9,2022Q1
4991,111,6,33.5,2022Q2
4991,111,9,37.0,2022Q3
4991,111,12,39.0,2022Q4
4991,112,3,35.65,2023Q1
4991,112,6,32.85,2023Q2
4991,112,9,32.5,2023Q3
4991,112,12,32.0,2023Q4
4991,113,3,30.35,2024Q1
4991,113,6,46.4,2024Q2
4991,113,9,42.05,2024Q3
4991,113,12,136.0,2024Q4
4991,114,3,115.0,2025Q1
4995,105,3,40.45,2016Q1
4995,105,6,35.2,2016Q2
4995,105,9,31.05,2016Q3
4995,105,12,30.75,2016Q4
4995,106,3,36.5,2017Q1
4995,106,6,39.4,2017Q2
4995,106,9,41.5,2017Q3
4995,106,12,38.05,2017Q4
4995,107,3,45.6,2018Q1
4995,107,6,35.0,2018Q2
4995,107,9,33.8,2018Q3
4995,107,12,32.85,2018Q4
4995,108,3,40.1,2019Q1
4995,108,6,41.65,2019Q2
4995,108,9,52.5,2019Q3
4995,108,12,48.7,2019Q4
4995,109,3,40.5,2020Q1
4995,109,6,46.9,2020Q2
4995,109,9,39.5,2020Q3
4995,109,12,38.1,2020Q4
4995,110,3,36.65,2021Q1
4995,110,6,34.0,2021Q2
4995,110,9,33.85,2021Q3
4995,110,12,37.05,2021Q4
4995,111,3,39.55,2022Q1
4995,111,6,34.6,2022Q2
4995,111,9,35.7,2022Q3
4995,111,12,37.7,2022Q4
4995,112,3,53.4,2023Q1
4995,112,6,45.35,2023Q2
4995,112,9,46.5,2023Q3
4995,112,12,47.4,2023Q4
4995,113,3,50.3,2024Q1
4995,113,6,60.2,2024Q2
4995,113,9,79.0,2024Q3
4995,113,12,66.5,2024Q4
4995,114,3,67.0,2025Q1
5009,105,3,17.9,2016Q1
5009,105,6,16.5,2016Q2
5009,105,9,17.7,2016Q3
5009,105,12,18.8,2016Q4
5009,106,3,20.4,2017Q1
5009,106,6,20.15,2017Q2
5009,106,9,20.1,2017Q3
5009,106,12,19.85,2017Q4
5009,107,3,20.75,2018Q1
5009,107,6,18.95,2018Q2
5009,107,9,17.4,2018Q3
5009,107,12,16.6,2018Q4
5009,108,3,21.2,2019Q1
5009,108,6,19.3,2019Q2
5009,108,9,20.15,2019Q3
5009,108,12,18.65,2019Q4
5009,109,3,15.25,2020Q1
5009,109,6,15.8,2020Q2
5009,109,9,15.6,2020Q3
5009,109,12,17.2,2020Q4
5009,110,3,17.05,2021Q1
5009,110,6,27.5,2021Q2
5009,110,9,25.05,2021Q3
5009,110,12,21.95,2021Q4
5009,111,3,25.3,2022Q1
5009,111,6,25.1,2022Q2
5009,111,9,29.55,2022Q3
5009,111,12,37.15,2022Q4
5009,112,3,51.4,2023Q1
5009,112,6,57.6,2023Q2
5009,112,9,45.45,2023Q3
5009,112,12,48.85,2023Q4
5009,113,3,49.3,2024Q1
5009,113,6,48.4,2024Q2
5009,113,9,48.3,2024Q3
5009,113,12,46.5,2024Q4
5009,114,3,44.9,2025Q1
5011,105,3,25.9,2016Q1
5011,105,6,19.5,2016Q2
5011,105,9,18.9,2016Q3
5011,105,12,17.9,2016Q4
5011,106,3,16.3,2017Q1
5011,106,6,15.95,2017Q2
5011,106,9,15.1,2017Q3
5011,106,12,16.1,2017Q4
5011,107,3,15.9,2018Q1
5011,107,6,17.5,2018Q2
5011,107,9,17.0,2018Q3
5011,107,12,16.5,2018Q4
5011,108,3,18.2,2019Q1
5011,108,6,18.25,2019Q2
5011,108,9,15.7,2019Q3
5011,108,12,15.5,2019Q4
5011,109,3,13.55,2020Q1
5011,109,6,15.9,2020Q2
5011,109,9,18.75,2020Q3
5011,109,12,39.2,2020Q4
5011,110,3,31.0,2021Q1
5011,110,6,31.15,2021Q2
5011,110,9,26.6,2021Q3
5011,110,12,37.0,2021Q4
5011,111,3,39.65,2022Q1
5011,111,6,27.1,2022Q2
5011,111,9,21.35,2022Q3
5011,111,12,24.75,2022Q4
5011,112,3,27.55,2023Q1
5011,112,6,26.85,2023Q2
5011,112,9,20.75,2023Q3
5011,112,12,25.9,2023Q4
5011,113,3,25.15,2024Q1
5011,113,6,23.95,2024Q2
5011,113,9,24.85,2024Q3
5011,113,12,20.45,2024Q4
5011,114,3,18.65,2025Q1
5013,105,3,17.45,2016Q1
5013,105,6,22.4,2016Q2
5013,105,9,27.5,2016Q3
5013,105,12,28.95,2016Q4
5013,106,3,32.2,2017Q1
5013,106,6,34.15,2017Q2
5013,106,9,28.5,2017Q3
5013,106,12,28.6,2017Q4
5013,107,3,28.8,2018Q1
5013,107,6,30.85,2018Q2
5013,107,9,31.25,2018Q3
5013,107,12,28.9,2018Q4
5013,108,3,26.8,2019Q1
5013,108,6,25.35,2019Q2
5013,108,9,25.5,2019Q3
5013,108,12,25.75,2019Q4
5013,109,3,22.45,2020Q1
5013,109,6,24.95,2020Q2
5013,109,9,27.15,2020Q3
5013,109,12,28.25,2020Q4
5013,110,3,27.2,2021Q1
5013,110,6,37.3,2021Q2
5013,110,9,42.75,2021Q3
5013,110,12,38.8,2021Q4
5013,111,3,37.85,2022Q1
5013,111,6,33.65,2022Q2
5013,111,9,32.25,2022Q3
5013,111,12,35.2,2022Q4
5013,112,3,35.9,2023Q1
5013,112,6,36.25,2023Q2
5013,112,9,33.4,2023Q3
5013,112,12,35.0,2023Q4
5013,113,3,34.3,2024Q1
5013,113,6,34.1,2024Q2
5013,113,9,33.2,2024Q3
5013,113,12,31.2,2024Q4
5013,114,3,28.6,2025Q1
5014,105,3,6.8,2016Q1
5014,105,6,6.91,2016Q2
5014,105,9,6.92,2016Q3
5014,105,12,9.54,2016Q4
5014,106,3,24.55,2017Q1
5014,106,6,17.05,2017Q2
5014,106,9,15.95,2017Q3
5014,106,12,17.65,2017Q4
5014,107,3,14.1,2018Q1
5014,107,6,12.6,2018Q2
5014,107,9,10.0,2018Q3
5014,107,12,9.1,2018Q4
5014,108,3,8.75,2019Q1
5014,108,6,7.54,2019Q2
5014,108,9,8.8,2019Q3
5014,108,12,9.33,2019Q4
5014,109,3,7.11,2020Q1
5014,109,6,8.39,2020Q2
5014,109,9,8.75,2020Q3
5014,109,12,15.45,2020Q4
5014,110,3,17.25,2021Q1
5014,110,6,25.7,2021Q2
5014,110,9,23.4,2021Q3
5014,110,12,21.25,2021Q4
5014,111,3,20.8,2022Q1
5014,111,6,16.8,2022Q2
5014,111,9,14.0,2022Q3
5014,111,12,18.55,2022Q4
5014,112,3,17.1,2023Q1
5014,112,6,15.4,2023Q2
5014,112,9,13.15,2023Q3
5014,112,12,14.85,2023Q4
5014,113,3,12.9,2024Q1
5014,113,6,16.95,2024Q2
5014,113,9,17.75,2024Q3
5014,113,12,13.75,2024Q4
5014,114,3,14.35,2025Q1
5015,105,3,22.2,2016Q1
5015,105,6,22.55,2016Q2
5015,105,9,25.55,2016Q3
5015,105,12,23.2,2016Q4
5015,106,3,27.05,2017Q1
5015,106,6,28.15,2017Q2
5015,106,9,27.55,2017Q3
5015,106,12,31.5,2017Q4
5015,107,3,38.2,2018Q1
5015,107,6,39.9,2018Q2
5015,107,9,40.1,2018Q3
5015,107,12,40.4,2018Q4
5015,108,3,46.4,2019Q1
5015,108,6,45.25,2019Q2
5015,108,9,39.9,2019Q3
5015,108,12,37.8,2019Q4
5015,109,3,30.7,2020Q1
5015,109,6,35.45,2020Q2
5015,109,9,31.55,2020Q3
5015,109,12,31.7,2020Q4
5015,110,3,33.7,2021Q1
5015,110,6,36.65,2021Q2
5015,110,9,33.85,2021Q3
5015,110,12,36.4,2021Q4
5015,111,3,44.9,2022Q1
5015,111,6,42.4,2022Q2
5015,111,9,57.4,2022Q3
5015,111,12,57.3,2022Q4
5015,112,3,57.3,2023Q1
5015,112,6,46.35,2023Q2
5015,112,9,43.5,2023Q3
5015,112,12,44.75,2023Q4
5015,113,3,44.9,2024Q1
5015,113,6,47.2,2024Q2
5015,113,9,41.55,2024Q3
5015,113,12,35.45,2024Q4
5015,114,3,38.7,2025Q1
5016,105,3,24.0,2016Q1
5016,105,6,23.7,2016Q2
5016,105,9,26.05,2016Q3
5016,105,12,33.5,2016Q4
5016,106,3,32.9,2017Q1
5016,106,6,32.0,2017Q2
5016,106,9,32.4,2017Q3
5016,106,12,34.8,2017Q4
5016,107,3,38.15,2018Q1
5016,107,6,34.4,2018Q2
5016,107,9,35.75,2018Q3
5016,107,12,35.6,2018Q4
5016,108,3,35.6,2019Q1
5016,108,6,32.8,2019Q2
5016,108,9,30.7,2019Q3
5016,108,12,28.8,2019Q4
5016,109,3,25.2,2020Q1
5016,109,6,29.0,2020Q2
5016,109,9,29.0,2020Q3
5016,109,12,32.3,2020Q4
5016,110,3,32.8,2021Q1
5016,110,6,44.2,2021Q2
5016,110,9,37.15,2021Q3
5016,110,12,38.05,2021Q4
5016,111,3,39.9,2022Q1
5016,111,6,31.65,2022Q2
5016,111,9,29.2,2022Q3
5016,111,12,29.3,2022Q4
5016,112,3,30.1,2023Q1
5016,112,6,29.2,2023Q2
5016,112,9,28.2,2023Q3
5016,112,12,28.9,2023Q4
5016,113,3,28.25,2024Q1
5016,113,6,28.35,2024Q2
5016,113,9,27.85,2024Q3
5016,113,12,27.65,2024Q4
5016,114,3,27.95,2025Q1
5201,105,3,13.25,2016Q1
5201,105,6,12.45,2016Q2
5201,105,9,17.85,2016Q3
5201,105,12,30.7,2016Q4
5201,106,3,19.05,2017Q1
5201,106,6,17.15,2017Q2
5201,106,9,17.5,2017Q3
5201,106,12,18.5,2017Q4
5201,107,3,38.5,2018Q1
5201,107,6,35.6,2018Q2
5201,107,9,33.5,2018Q3
5201,107,12,27.95,2018Q4
5201,108,3,27.35,2019Q1
5201,108,6,29.8,2019Q2
5201,108,9,28.0,2019Q3
5201,108,12,35.0,2019Q4
5201,109,3,25.2,2020Q1
5201,109,6,32.35,2020Q2
5201,109,9,34.0,2020Q3
5201,109,12,33.15,2020Q4
5201,110,3,37.55,2021Q1
5201,110,6,29.75,2021Q2
5201,110,9,26.5,2021Q3
5201,110,12,27.45,2021Q4
5201,111,3,30.75,2022Q1
5201,111,6,28.35,2022Q2
5201,111,9,29.7,2022Q3
5201,111,12,27.75,2022Q4
5201,112,3,27.25,2023Q1
5201,112,6,34.1,2023Q2
5201,112,9,30.9,2023Q3
5201,112,12,31.1,2023Q4
5201,113,3,37.35,2024Q1
5201,113,6,28.05,2024Q2
5201,113,9,28.35,2024Q3
5201,113,12,28.4,2024Q4
5201,114,3,36.5,2025Q1
5202,105,3,15.5,2016Q1
5202,105,6,16.2,2016Q2
5202,105,9,15.75,2016Q3
5202,105,12,24.65,2016Q4
5202,106,3,31.95,2017Q1
5202,106,6,24.65,2017Q2
5202,106,9,31.85,2017Q3
5202,106,12,26.7,2017Q4
5202,107,3,22.9,2018Q1
5202,107,6,20.5,2018Q2
5202,107,9,19.95,2018Q3
5202,107,12,20.0,2018Q4
5202,108,3,17.35,2019Q1
5202,108,6,16.9,2019Q2
5202,108,9,16.15,2019Q3
5202,108,12,16.5,2019Q4
5202,109,3,10.5,2020Q1
5202,109,6,15.4,2020Q2
5202,109,9,16.6,2020Q3
5202,109,12,23.25,2020Q4
5202,110,3,24.5,2021Q1
5202,110,6,20.5,2021Q2
5202,110,9,22.85,2021Q3
5202,110,12,18.95,2021Q4
5202,111,3,20.6,2022Q1
5202,111,6,19.35,2022Q2
5202,111,9,17.05,2022Q3
5202,111,12,17.15,2022Q4
5202,112,3,15.25,2023Q1
5202,112,6,16.1,2023Q2
5202,112,9,15.2,2023Q3
5202,112,12,16.5,2023Q4
5202,113,3,22.25,2024Q1
5202,113,6,20.0,2024Q2
5202,113,9,23.3,2024Q3
5202,113,12,23.6,2024Q4
5202,114,3,25.5,2025Q1
5205,105,3,10.0,2016Q1
5205,105,9,18.5,2016Q3
5205,106,3,13.0,2017Q1
5205,106,9,9.0,2017Q3
5205,106,12,9.0,2017Q4
5205,107,3,13.3,2018Q1
5205,107,6,14.65,2018Q2
5205,107,9,16.5,2018Q3
5205,107,12,12.2,2018Q4
5205,108,6,10.8,2019Q2
5205,109,9,9.8,2020Q3
5205,110,6,13.05,2021Q2
5205,110,12,10.85,2021Q4
5205,111,3,15.0,2022Q1
5205,111,6,24.0,2022Q2
5205,111,9,35.35,2022Q3
5205,111,12,44.6,2022Q4
5205,112,3,37.1,2023Q1
5205,112,6,37.45,2023Q2
5205,112,9,28.85,2023Q3
5205,112,12,26.25,2023Q4
5205,113,3,27.95,2024Q1
5205,113,6,34.55,2024Q2
5205,113,9,37.1,2024Q3
5205,113,12,27.5,2024Q4
5205,114,3,32.7,2025Q1
5206,105,3,10.9,2016Q1
5206,105,6,9.98,2016Q2
5206,105,9,9.48,2016Q3
5206,105,12,7.98,2016Q4
5206,106,3,9.6,2017Q1
5206,106,6,9.8,2017Q2
5206,106,9,9.59,2017Q3
5206,106,12,9.65,2017Q4
5206,107,3,11.7,2018Q1
5206,107,6,11.9,2018Q2
5206,107,9,13.05,2018Q3
5206,107,12,13.35,2018Q4
5206,108,3,16.15,2019Q1
5206,108,6,19.2,2019Q2
5206,108,9,17.25,2019Q3
5206,108,12,18.05,2019Q4
5206,109,3,13.85,2020Q1
5206,109,6,17.05,2020Q2
5206,109,9,16.95,2020Q3
5206,109,12,17.55,2020Q4
5206,110,3,19.85,2021Q1
5206,110,6,17.8,2021Q2
5206,110,9,16.7,2021Q3
5206,110,12,15.45,2021Q4
5206,111,3,15.3,2022Q1
5206,111,6,13.5,2022Q2
5206,111,9,14.05,2022Q3
5206,111,12,16.25,2022Q4
5206,112,3,17.75,2023Q1
5206,112,6,20.85,2023Q2
5206,112,9,23.45,2023Q3
5206,112,12,27.3,2023Q4
5206,113,3,33.5,2024Q1
5206,113,6,41.9,2024Q2
5206,113,9,40.15,2024Q3
5206,113,12,42.25,2024Q4
5206,114,3,41.55,2025Q1
5209,105,3,43.0,2016Q1
5209,105,6,39.35,2016Q2
5209,105,9,42.9,2016Q3
5209,106,3,41.9,2017Q1
5209,106,6,43.2,2017Q2
5209,106,12,46.5,2017Q4
5209,107,3,47.3,2018Q1
5209,107,6,47.2,2018Q2
5209,107,9,43.3,2018Q3
5209,107,12,41.5,2018Q4
5209,108,3,43.1,2019Q1
5209,108,6,43.95,2019Q2
5209,108,9,42.4,2019Q3
5209,108,12,47.75,2019Q4
5209,109,3,49.6,2020Q1
5209,109,6,63.0,2020Q2
5209,109,9,68.5,2020Q3
5209,109,12,65.4,2020Q4
5209,110,3,67.8,2021Q1
5209,110,6,68.4,2021Q2
5209,110,9,66.2,2021Q3
5209,110,12,69.1,2021Q4
5209,111,3,79.9,2022Q1
5209,111,6,72.4,2022Q2
5209,111,9,70.7,2022Q3
5209,111,12,78.6,2022Q4
5209,112,3,113.0,2023Q1
5209,112,6,196.0,2023Q2
5209,112,9,173.0,2023Q3
5209,112,12,169.0,2023Q4
5209,113,3,202.0,2024Q1
5209,113,6,190.5,2024Q2
5209,113,9,180.5,2024Q3
5209,113,12,173.5,2024Q4
5209,114,3,163.5,2025Q1
5210,105,3,6.16,2016Q1
5210,105,6,6.07,2016Q2
5210,105,9,6.45,2016Q3
5210,105,12,6.51,2016Q4
5210,106,3,6.87,2017Q1
5210,106,6,6.97,2017Q2
5210,106,9,6.94,2017Q3
5210,106,12,7.33,2017Q4
5210,107,3,7.44,2018Q1
5210,107,6,7.22,2018Q2
5210,107,9,7.0,2018Q3
5210,107,12,6.7,2018Q4
5210,108,3,10.15,2019Q1
5210,108,6,7.16,2019Q2
5210,108,9,8.02,2019Q3
5210,108,12,7.3,2019Q4
5210,109,3,5.37,2020Q1
5210,109,6,6.72,2020Q2
5210,109,9,8.74,2020Q3
5210,109,12,8.59,2020Q4
5210,110,3,7.97,2021Q1
5210,110,6,9.93,2021Q2
5210,110,9,23.25,2021Q3
5210,110,12,17.1,2021Q4
5210,111,3,20.35,2022Q1
5210,111,6,20.15,2022Q2
5210,111,9,18.05,2022Q3
5210,111,12,15.05,2022Q4
5210,112,3,17.65,2023Q1
5210,112,6,16.9,2023Q2
5210,112,9,23.95,2023Q3
5210,112,12,50.8,2023Q4
5210,113,3,40.45,2024Q1
5210,113,6,29.4,2024Q2
5210,113,9,29.75,2024Q3
5210,113,12,27.9,2024Q4
5210,114,3,22.6,2025Q1
5211,105,3,20.95,2016Q1
5211,105,6,20.15,2016Q2
5211,105,9,22.15,2016Q3
5211,105,12,19.85,2016Q4
5211,106,3,21.0,2017Q1
5211,106,6,20.5,2017Q2
5211,106,9,19.95,2017Q3
5211,106,12,20.7,2017Q4
5211,107,3,22.2,2018Q1
5211,107,6,20.05,2018Q2
5211,107,9,16.8,2018Q3
5211,107,12,15.5,2018Q4
5211,108,3,16.1,2019Q1
5211,108,6,14.3,2019Q2
5211,108,9,19.0,2019Q3
5211,108,12,16.15,2019Q4
5211,109,3,11.45,2020Q1
5211,109,6,15.6,2020Q2
5211,109,9,14.85,2020Q3
5211,109,12,16.05,2020Q4
5211,110,3,15.45,2021Q1
5211,110,6,16.6,2021Q2
5211,110,9,20.55,2021Q3
5211,110,12,21.0,2021Q4
5211,111,3,18.15,2022Q1
5211,111,6,16.75,2022Q2
5211,111,9,18.85,2022Q3
5211,111,12,19.1,2022Q4
5211,112,3,29.7,2023Q1
5211,112,6,26.1,2023Q2
5211,112,9,23.9,2023Q3
5211,112,12,22.35,2023Q4
5211,113,3,24.05,2024Q1
5211,113,6,30.1,2024Q2
5211,113,9,25.85,2024Q3
5211,113,12,26.6,2024Q4
5211,114,3,25.6,2025Q1
5212,105,3,20.55,2016Q1
5212,105,6,19.7,2016Q2
5212,105,9,17.75,2016Q3
5212,105,12,17.1,2016Q4
5212,106,3,23.5,2017Q1
5212,106,6,26.85,2017Q2
5212,106,9,24.85,2017Q3
5212,106,12,25.9,2017Q4
5212,107,3,24.2,2018Q1
5212,107,6,23.8,2018Q2
5212,107,9,23.7,2018Q3
5212,107,12,25.3,2018Q4
5212,108,3,31.85,2019Q1
5212,108,6,29.3,2019Q2
5212,108,9,38.1,2019Q3
5212,108,12,34.25,2019Q4
5212,109,3,58.9,2020Q1
5212,109,6,49.15,2020Q2
5212,109,9,42.9,2020Q3
5212,109,12,52.4,2020Q4
5212,110,3,68.4,2021Q1
5212,110,6,57.6,2021Q2
5212,110,12,46.5,2021Q4
5212,111,3,47.85,2022Q1
5212,111,6,45.6,2022Q2
5212,111,9,38.35,2022Q3
5212,111,12,36.9,2022Q4
5212,112,3,49.0,2023Q1
5212,112,6,47.5,2023Q2
5212,112,9,47.35,2023Q3
5212,112,12,52.2,2023Q4
5212,113,3,63.0,2024Q1
5212,113,6,59.6,2024Q2
5212,113,9,63.6,2024Q3
5212,113,12,59.1,2024Q4
5212,114,3,59.3,2025Q1
5213,105,3,15.25,2016Q1
5213,105,6,14.0,2016Q2
5213,105,9,13.3,2016Q3
5213,105,12,12.95,2016Q4
5213,106,3,14.05,2017Q1
5213,106,6,13.85,2017Q2
5213,106,9,15.3,2017Q3
5213,106,12,17.5,2017Q4
5213,107,3,17.45,2018Q1
5213,107,6,23.5,2018Q2
5213,107,9,18.55,2018Q3
5213,107,12,15.55,2018Q4
5213,108,3,20.05,2019Q1
5213,108,6,17.0,2019Q2
5213,108,9,17.15,2019Q3
5213,108,12,18.85,2019Q4
5213,109,3,13.7,2020Q1
5213,109,6,14.85,2020Q2
5213,109,9,14.95,2020Q3
5213,109,12,16.7,2020Q4
5213,110,3,24.2,2021Q1
5213,110,6,22.45,2021Q2
5213,110,9,21.0,2021Q3
5213,110,12,23.0,2021Q4
5213,111,3,24.55,2022Q1
5213,111,6,22.65,2022Q2
5213,111,9,21.65,2022Q3
5213,111,12,22.15,2022Q4
5213,112,3,26.9,2023Q1
5213,112,6,25.85,2023Q2
5213,112,9,25.9,2023Q3
5213,112,12,35.35,2023Q4
5213,113,3,39.2,2024Q1
5213,113,6,39.6,2024Q2
5213,113,9,35.1,2024Q3
5213,113,12,31.65,2024Q4
5213,114,3,34.45,2025Q1
5227,105,3,31.0,2016Q1
5227,105,6,37.0,2016Q2
5227,105,9,38.85,2016Q3
5227,105,12,31.4,2016Q4
5227,106,3,29.45,2017Q1
5227,106,6,21.35,2017Q2
5227,106,9,30.25,2017Q3
5227,106,12,25.35,2017Q4
5227,107,3,24.0,2018Q1
5227,107,6,20.35,2018Q2
5227,107,9,18.55,2018Q3
5227,107,12,18.95,2018Q4
5227,108,3,15.45,2019Q1
5227,108,6,18.25,2019Q2
5227,108,9,14.7,2019Q3
5227,108,12,15.45,2019Q4
5227,109,3,7.8,2020Q1
5227,109,6,16.65,2020Q2
5227,109,9,14.2,2020Q3
5227,109,12,16.1,2020Q4
5227,110,3,10.3,2021Q1
5227,110,6,17.85,2021Q2
5227,110,9,27.7,2021Q3
5227,110,12,98.0,2021Q4
5227,111,3,80.1,2022Q1
5227,111,6,69.5,2022Q2
5227,111,9,62.3,2022Q3
5227,111,12,66.2,2022Q4
5227,112,3,65.0,2023Q1
5227,112,6,68.5,2023Q2
5227,112,9,54.6,2023Q3
5227,112,12,47.45,2023Q4
5227,113,3,40.35,2024Q1
5227,113,6,37.55,2024Q2
5227,113,9,33.85,2024Q3
5227,113,12,43.4,2024Q4
5227,114,3,28.0,2025Q1
5230,105,3,46.5,2016Q1
5230,105,6,42.7,2016Q2
5230,105,9,38.85,2016Q3
5230,105,12,46.2,2016Q4
5230,106,3,42.9,2017Q1
5230,106,6,40.8,2017Q2
5230,106,9,48.55,2017Q3
5230,106,12,43.1,2017Q4
5230,107,3,43.25,2018Q1
5230,107,6,36.85,2018Q2
5230,107,9,32.6,2018Q3
5230,107,12,25.85,2018Q4
5230,108,3,29.9,2019Q1
5230,108,6,25.35,2019Q2
5230,108,9,23.5,2019Q3
5230,108,12,25.75,2019Q4
5230,109,3,20.25,2020Q1
5230,109,6,22.6,2020Q2
5230,109,9,24.0,2020Q3
5230,109,12,27.75,2020Q4
5230,110,3,27.9,2021Q1
5230,110,6,29.95,2021Q2
5230,110,9,29.95,2021Q3
5230,110,12,31.6,2021Q4
5230,111,3,28.7,2022Q1
5230,111,6,22.3,2022Q2
5230,111,9,23.15,2022Q3
5230,111,12,23.05,2022Q4
5230,112,3,22.8,2023Q1
5230,112,6,23.15,2023Q2
5230,112,9,21.4,2023Q3
5230,112,12,26.2,2023Q4
5230,113,3,25.1,2024Q1
5230,113,6,42.35,2024Q2
5230,113,9,32.75,2024Q3
5230,113,12,28.55,2024Q4
5230,114,3,21.9,2025Q1
5245,105,3,164.5,2016Q1
5245,105,6,149.0,2016Q2
5245,105,9,151.0,2016Q3
5245,105,12,121.0,2016Q4
5245,106,3,137.5,2017Q1
5245,106,6,115.0,2017Q2
5245,106,9,123.5,2017Q3
5245,106,12,98.8,2017Q4
5245,107,3,88.1,2018Q1
5245,107,6,76.3,2018Q2
5245,107,9,58.8,2018Q3
5245,107,12,46.0,2018Q4
5245,108,3,53.2,2019Q1
5245,108,6,40.6,2019Q2
5245,108,9,37.0,2019Q3
5245,108,12,30.25,2019Q4
5245,109,3,23.05,2020Q1
5245,109,6,42.65,2020Q2
5245,109,9,31.65,2020Q3
5245,109,12,41.05,2020Q4
5245,110,3,40.55,2021Q1
5245,110,6,40.8,2021Q2
5245,110,9,54.1,2021Q3
5245,110,12,83.9,2021Q4
5245,111,3,76.8,2022Q1
5245,111,6,63.2,2022Q2
5245,111,9,55.5,2022Q3
5245,111,12,51.2,2022Q4
5245,112,3,50.7,2023Q1
5245,112,6,47.1,2023Q2
5245,112,9,40.35,2023Q3
5245,112,12,39.7,2023Q4
5245,113,3,34.55,2024Q1
5245,113,6,35.35,2024Q2
5245,113,9,38.8,2024Q3
5245,113,12,33.25,2024Q4
5245,114,3,30.35,2025Q1
5251,105,3,29.85,2016Q1
5251,105,6,28.95,2016Q2
5251,105,9,29.05,2016Q3
5251,105,12,29.4,2016Q4
5251,106,3,27.55,2017Q1
5251,106,6,35.3,2017Q2
5251,106,9,26.0,2017Q3
5251,106,12,20.3,2017Q4
5251,107,3,20.85,2018Q1
5251,107,6,19.3,2018Q2
5251,107,9,18.05,2018Q3
5251,107,12,15.05,2018Q4
5251,108,3,14.85,2019Q1
5251,108,6,13.6,2019Q2
5251,108,9,14.2,2019Q3
5251,108,12,13.65,2019Q4
5251,109,3,8.22,2020Q1
5251,109,6,13.75,2020Q2
5251,109,9,12.6,2020Q3
5251,109,12,13.8,2020Q4
5251,110,3,14.65,2021Q1
5251,110,6,14.05,2021Q2
5251,110,9,13.95,2021Q3
5251,110,12,18.65,2021Q4
5251,111,3,17.15,2022Q1
5251,111,6,15.9,2022Q2
5251,111,9,25.0,2022Q3
5251,111,12,23.85,2022Q4
5251,112,3,23.9,2023Q1
5251,112,6,20.85,2023Q2
5251,112,9,17.9,2023Q3
5251,112,12,19.0,2023Q4
5251,113,3,22.85,2024Q1
5251,113,6,39.0,2024Q2
5251,113,9,29.75,2024Q3
5251,113,12,24.6,2024Q4
5251,114,3,26.05,2025Q1
5263,105,3,279.0,2016Q1
5263,105,6,227.0,2016Q2
5263,105,9,208.5,2016Q3
5263,105,12,209.5,2016Q4
5263,106,3,212.5,2017Q1
5263,106,6,257.0,2017Q2
5263,106,9,281.0,2017Q3
5263,106,12,263.5,2017Q4
5263,107,3,223.0,2018Q1
5263,107,6,198.0,2018Q2
5263,107,9,156.5,2018Q3
5263,107,12,186.5,2018Q4
5263,108,3,167.0,2019Q1
5263,108,6,177.0,2019Q2
5263,108,9,201.5,2019Q3
5263,108,12,174.5,2019Q4
5263,109,3,94.6,2020Q1
5263,109,6,108.0,2020Q2
5263,109,9,100.0,2020Q3
5263,109,12,113.0,2020Q4
5263,110,3,134.0,2021Q1
5263,110,6,136.0,2021Q2
5263,110,9,115.0,2021Q3
5263,110,12,123.0,2021Q4
5263,111,3,118.5,2022Q1
5263,111,6,107.0,2022Q2
5263,111,9,113.0,2022Q3
5263,111,12,128.5,2022Q4
5263,112,3,127.5,2023Q1
5263,112,6,128.0,2023Q2
5263,112,9,114.0,2023Q3
5263,112,12,114.0,2023Q4
5263,113,3,113.5,2024Q1
5263,113,6,162.0,2024Q2
5263,113,9,183.5,2024Q3
5263,113,12,146.0,2024Q4
5263,114,3,106.5,2025Q1
5272,105,3,37.7,2016Q1
5272,105,6,37.15,2016Q2
5272,105,9,42.3,2016Q3
5272,105,12,39.8,2016Q4
5272,106,3,43.2,2017Q1
5272,106,6,41.1,2017Q2
5272,106,9,40.45,2017Q3
5272,106,12,40.6,2017Q4
5272,107,3,36.35,2018Q1
5272,107,6,29.15,2018Q2
5272,107,9,21.8,2018Q3
5272,107,12,19.4,2018Q4
5272,108,3,20.85,2019Q1
5272,108,6,19.5,2019Q2
5272,108,9,29.5,2019Q3
5272,108,12,26.9,2019Q4
5272,109,3,14.65,2020Q1
5272,109,6,21.85,2020Q2
5272,109,9,17.8,2020Q3
5272,109,12,23.65,2020Q4
5272,110,3,42.65,2021Q1
5272,110,6,30.8,2021Q2
5272,110,9,39.05,2021Q3
5272,110,12,38.7,2021Q4
5272,111,3,37.9,2022Q1
5272,111,6,36.2,2022Q2
5272,111,9,27.3,2022Q3
5272,111,12,26.05,2022Q4
5272,112,3,31.8,2023Q1
5272,112,6,27.75,2023Q2
5272,112,9,28.1,2023Q3
5272,112,12,36.05,2023Q4
5272,113,3,34.35,2024Q1
5272,113,6,31.25,2024Q2
5272,113,9,33.9,2024Q3
5272,113,12,28.8,2024Q4
5272,114,3,21.85,2025Q1
5274,105,3,342.0,2016Q1
5274,105,6,298.0,2016Q2
5274,105,9,450.0,2016Q3
5274,105,12,473.0,2016Q4
5274,106,3,570.0,2017Q1
5274,106,6,676.0,2017Q2
5274,106,9,716.0,2017Q3
5274,106,12,718.0,2017Q4
5274,107,3,876.0,2018Q1
5274,107,6,799.0,2018Q2
5274,107,9,610.0,2018Q3
5274,107,12,588.0,2018Q4
5274,108,3,706.0,2019Q1
5274,108,6,592.0,2019Q2
5274,108,9,789.0,2019Q3
5274,108,12,959.0,2019Q4
5274,109,3,1040.0,2020Q1
5274,109,6,1240.0,2020Q2
5274,109,9,1135.0,2020Q3
5274,109,12,1715.0,2020Q4
5274,110,3,1725.0,2021Q1
5274,110,6,2010.0,2021Q2
5274,110,9,2325.0,2021Q3
5274,110,12,3565.0,2021Q4
5274,111,3,3260.0,2022Q1
5274,111,6,1900.0,2022Q2
5274,111,9,1780.0,2022Q3
5274,111,12,1685.0,2022Q4
5274,112,3,2635.0,2023Q1
5274,112,6,2850.0,2023Q2
5274,112,9,2765.0,2023Q3
5274,112,12,3120.0,2023Q4
5274,113,3,3330.0,2024Q1
5274,113,6,4840.0,2024Q2
5274,113,9,4305.0,2024Q3
5274,113,12,3325.0,2024Q4
5274,114,3,2990.0,2025Q1
5276,105,3,23.6,2016Q1
5276,105,6,27.6,2016Q2
5276,105,9,21.85,2016Q3
5276,105,12,23.15,2016Q4
5276,106,3,26.8,2017Q1
5276,106,6,25.2,2017Q2
5276,106,9,22.1,2017Q3
5276,106,12,20.45,2017Q4
5276,107,3,18.65,2018Q1
5276,107,6,16.8,2018Q2
5276,107,9,13.45,2018Q3
5276,107,12,10.55,2018Q4
5276,108,6,13.85,2019Q2
5276,108,9,12.6,2019Q3
5276,108,12,11.35,2019Q4
5276,109,3,8.95,2020Q1
5276,109,6,8.12,2020Q2
5276,109,9,12.1,2020Q3
5276,109,12,15.35,2020Q4
5276,110,3,18.8,2021Q1
5276,110,6,15.8,2021Q2
5276,110,12,15.45,2021Q4
5276,111,3,12.55,2022Q1
5276,111,6,14.95,2022Q2
5276,111,9,13.7,2022Q3
5276,111,12,14.55,2022Q4
5276,112,3,15.4,2023Q1
5276,112,6,17.5,2023Q2
5276,112,9,13.75,2023Q3
5276,112,12,13.8,2023Q4
5276,113,3,14.1,2024Q1
5276,113,6,18.05,2024Q2
5276,113,9,18.1,2024Q3
5276,113,12,19.8,2024Q4
5276,114,3,16.35,2025Q1
5278,105,3,25.7,2016Q1
5278,105,6,32.0,2016Q2
5278,105,9,32.4,2016Q3
5278,105,12,28.4,2016Q4
5278,106,3,29.6,2017Q1
5278,106,6,28.0,2017Q2
5278,106,9,47.9,2017Q3
5278,106,12,43.25,2017Q4
5278,107,3,68.0,2018Q1
5278,107,6,66.0,2018Q2
5278,107,9,118.5,2018Q3
5278,107,12,157.5,2018Q4
5278,108,3,238.5,2019Q1
5278,108,6,221.0,2019Q2
5278,108,9,147.0,2019Q3
5278,108,12,134.0,2019Q4
5278,109,3,101.5,2020Q1
5278,109,6,128.5,2020Q2
5278,109,9,110.5,2020Q3
5278,109,12,135.0,2020Q4
5278,110,3,172.5,2021Q1
5278,110,6,160.0,2021Q2
5278,110,9,178.0,2021Q3
5278,110,12,219.5,2021Q4
5278,111,3,272.0,2022Q1
5278,111,6,238.0,2022Q2
5278,111,9,171.0,2022Q3
5278,111,12,193.0,2022Q4
5278,112,3,178.0,2023Q1
5278,112,6,184.0,2023Q2
5278,112,9,180.0,2023Q3
5278,112,12,215.0,2023Q4
5278,113,3,257.0,2024Q1
5278,113,6,269.5,2024Q2
5278,113,9,237.5,2024Q3
5278,113,12,36.1,2024Q4
5278,114,3,32.25,2025Q1
5287,105,3,260.0,2016Q1
5287,105,6,235.5,2016Q2
5287,105,9,241.5,2016Q3
5287,105,12,201.5,2016Q4
5287,106,3,223.0,2017Q1
5287,106,6,271.0,2017Q2
5287,106,9,236.0,2017Q3
5287,106,12,239.0,2017Q4
5287,107,3,232.0,2018Q1
5287,107,6,275.0,2018Q2
5287,107,9,280.0,2018Q3
5287,107,12,239.5,2018Q4
5287,108,3,266.0,2019Q1
5287,108,6,276.0,2019Q2
5287,108,9,247.0,2019Q3
5287,108,12,240.5,2019Q4
5287,109,3,196.5,2020Q1
5287,109,6,231.5,2020Q2
5287,109,9,204.0,2020Q3
5287,109,12,213.0,2020Q4
5287,110,3,240.0,2021Q1
5287,110,6,232.0,2021Q2
5287,110,9,238.0,2021Q3
5287,110,12,266.5,2021Q4
5287,111,3,226.0,2022Q1
5287,111,6,194.0,2022Q2
5287,111,9,183.5,2022Q3
5287,111,12,190.0,2022Q4
5287,112,3,202.0,2023Q1
5287,112,6,203.0,2023Q2
5287,112,9,203.5,2023Q3
5287,112,12,199.0,2023Q4
5287,113,3,206.5,2024Q1
5287,113,6,200.5,2024Q2
5287,113,9,186.0,2024Q3
5287,113,12,184.5,2024Q4
5287,114,3,182.0,2025Q1
5289,105,3,114.0,2016Q1
5289,105,6,105.5,2016Q2
5289,105,9,91.5,2016Q3
5289,105,12,86.0,2016Q4
5289,106,3,96.5,2017Q1
5289,106,6,96.1,2017Q2
5289,106,9,107.0,2017Q3
5289,106,12,122.5,2017Q4
5289,107,3,129.0,2018Q1
5289,107,6,143.0,2018Q2
5289,107,9,118.5,2018Q3
5289,107,12,101.0,2018Q4
5289,108,3,125.5,2019Q1
5289,108,6,117.0,2019Q2
5289,108,9,143.0,2019Q3
5289,108,12,173.0,2019Q4
5289,109,3,154.0,2020Q1
5289,109,6,176.5,2020Q2
5289,109,9,158.5,2020Q3
5289,109,12,166.0,2020Q4
5289,110,3,170.0,2021Q1
5289,110,6,190.5,2021Q2
5289,110,9,182.0,2021Q3
5289,110,12,204.0,2021Q4
5289,111,3,215.0,2022Q1
5289,111,6,162.5,2022Q2
5289,111,9,161.5,2022Q3
5289,111,12,185.5,2022Q4
5289,112,3,314.0,2023Q1
5289,112,6,324.0,2023Q2
5289,112,9,296.5,2023Q3
5289,112,12,312.0,2023Q4
5289,113,3,305.5,2024Q1
5289,113,6,302.0,2024Q2
5289,113,9,282.0,2024Q3
5289,113,12,218.0,2024Q4
5289,114,3,250.5,2025Q1
5291,105,3,16.9,2016Q1
5291,105,6,13.05,2016Q2
5291,105,9,14.5,2016Q3
5291,105,12,14.1,2016Q4
5291,106,3,13.75,2017Q1
5291,106,6,16.7,2017Q2
5291,106,9,16.1,2017Q3
5291,106,12,15.0,2017Q4
5291,107,3,13.2,2018Q1
5291,107,6,14.4,2018Q2
5291,107,9,15.3,2018Q3
5291,107,12,15.95,2018Q4
5291,108,3,20.15,2019Q1
5291,108,6,19.0,2019Q2
5291,108,9,25.0,2019Q3
5291,108,12,32.0,2019Q4
5291,109,3,19.2,2020Q1
5291,109,6,22.6,2020Q2
5291,109,9,22.05,2020Q3
5291,109,12,23.6,2020Q4
5291,110,3,25.3,2021Q1
5291,110,6,43.0,2021Q2
5291,110,9,33.95,2021Q3
5291,110,12,36.75,2021Q4
5291,111,3,39.7,2022Q1
5291,111,6,36.65,2022Q2
5291,111,9,34.75,2022Q3
5291,111,12,31.75,2022Q4
5291,112,3,35.4,2023Q1
5291,112,6,33.75,2023Q2
5291,112,9,27.35,2023Q3
5291,112,12,27.55,2023Q4
5291,113,3,27.05,2024Q1
5291,113,6,28.95,2024Q2
5291,113,9,28.05,2024Q3
5291,113,12,23.5,2024Q4
5291,114,3,24.95,2025Q1
5301,105,3,33.7,2016Q1
5301,105,6,32.5,2016Q2
5301,105,9,27.5,2016Q3
5301,105,12,26.1,2016Q4
5301,106,3,25.45,2017Q1
5301,106,6,22.2,2017Q2
5301,106,9,20.05,2017Q3
5301,106,12,41.5,2017Q4
5301,107,3,34.3,2018Q1
5301,107,6,28.0,2018Q2
5301,107,9,25.2,2018Q3
5301,107,12,21.3,2018Q4
5301,108,3,23.65,2019Q1
5301,108,6,22.5,2019Q2
5301,108,9,15.15,2019Q3
5301,108,12,13.65,2019Q4
5301,109,3,8.65,2020Q1
5301,109,6,10.35,2020Q2
5301,109,9,15.5,2020Q3
5301,109,12,10.25,2020Q4
5301,110,3,10.35,2021Q1
5301,110,6,10.1,2021Q2
5301,110,9,9.08,2021Q3
5301,110,12,8.51,2021Q4
5301,111,3,14.4,2022Q1
5301,111,6,11.8,2022Q2
5301,111,9,9.42,2022Q3
5301,111,12,11.2,2022Q4
5301,112,3,12.8,2023Q1
5301,112,6,18.55,2023Q2
5301,112,9,12.9,2023Q3
5301,112,12,10.55,2023Q4
5301,113,3,8.59,2024Q1
5301,113,6,10.0,2024Q2
5301,113,9,8.77,2024Q3
5301,113,12,10.3,2024Q4
5301,114,3,8.52,2025Q1
5302,105,3,5.39,2016Q1
5302,105,6,4.83,2016Q2
5302,105,9,5.33,2016Q3
5302,105,12,6.04,2016Q4
5302,106,3,6.32,2017Q1
5302,106,6,6.98,2017Q2
5302,106,9,6.31,2017Q3
5302,106,12,6.17,2017Q4
5302,107,3,10.45,2018Q1
5302,107,6,13.85,2018Q2
5302,107,9,6.81,2018Q3
5302,107,12,5.47,2018Q4
5302,108,3,5.8,2019Q1
5302,108,6,5.18,2019Q2
5302,108,9,6.03,2019Q3
5302,108,12,6.0,2019Q4
5302,109,3,4.99,2020Q1
5302,109,6,6.02,2020Q2
5302,109,9,6.81,2020Q3
5302,109,12,7.86,2020Q4
5302,110,3,13.05,2021Q1
5302,110,6,14.3,2021Q2
5302,110,9,13.0,2021Q3
5302,110,12,13.05,2021Q4
5302,111,3,12.45,2022Q1
5302,111,6,9.52,2022Q2
5302,111,9,8.33,2022Q3
5302,111,12,8.32,2022Q4
5302,112,3,9.24,2023Q1
5302,112,6,11.1,2023Q2
5302,112,9,9.95,2023Q3
5302,112,12,11.7,2023Q4
5302,113,3,11.1,2024Q1
5302,113,6,13.1,2024Q2
5302,113,9,11.7,2024Q3
5302,113,12,9.44,2024Q4
5302,114,3,8.67,2025Q1
